:020000040000FA
:10000000C8F000203D6F0000D7790000296F000084
:10001000296F0000296F0000296F0000296F000080
:100020000000000000000000000000009D6F0000C4
:10003000296F000000000000296F0000296F0000F8
:100040009D0A00009D0A00009D0A00009D0A000014
:100050009D0A00009D0A00009D0A00009D0A000004
:100060009D0A00009D0A00009D0A00009D0A0000F4
:100070009D0A00009D0A00009D0A00009D0A0000E4
:100080009D0A00009D0A00009D0A00009D0A0000D4
:100090009D0A00009D0A00009D0A00009D0A0000C4
:1000A0009D0A00009D0A00009D0A00009D0A0000B4
:1000B0009D0A00009D0A00009D0A00009D0A0000A4
:1000C0009D0A00009D0A00009D0A00009D0A000094
:1000D0009D0A00009D0A00009D0A00009D0A000084
:1000E0009D0A00009D0A00009D0A00009D0A000074
:1000F0009D0A00009D0A00009D0A00009D0A000064
:100100009D0A00009D0A00009D0A00009D0A000053
:100110009D0A00009D0A00009D0A00009D0A000043
:100120009D0A00009D0A00009D0A00009D0A000033
:100130009D0A00009D0A00009D0A00009D0A000023
:100140009D0A00009D0A00009D0A00009D0A000013
:100150009D0A00009D0A00009D0A00009D0A000003
:100160009D0A00009D0A00009D0A00009D0A0000F3
:100170009D0A00009D0A00009D0A00009D0A0000E3
:100180009D0A00009D0A00009D0A00009D0A0000D3
:100190009D0A00009D0A00009D0A00009D0A0000C3
:1001A0009D0A00009D0A00009D0A00009D0A0000B3
:1001B0009D0A00009D0A00009D0A00009D0A0000A3
:1001C0009D0A00009D0A00009D0A00009D0A000093
:1001D0009D0A00009D0A00009D0A00009D0A000083
:1001E0009D0A00009D0A00009D0A00009D0A000073
:1001F0009D0A00009D0A00009D0A00009D0A000063
:100200009D0A00009D0A00009D0A00009D0A000052
:100210009D0A00009D0A00009D0A00009D0A000042
:100220009D0A00009D0A00009D0A00009D0A000032
:100230009D0A00009D0A00009D0A00009D0A000022
:100240009D0A00009D0A00009D0A00009D0A000012
:100250009D0A00009D0A00009D0A00009D0A000002
:100260009D0A00009D0A00009D0A00009D0A0000F2
:100270009D0A00009D0A00009D0A00009D0A0000E2
:100280009D0A00009D0A00009D0A00009D0A0000D2
:100290009D0A00009D0A00009D0A00009D0A0000C2
:1002A0009D0A00009D0A00009D0A00009D0A0000B2
:1002B0009D0A00009D0A00009D0A00009D0A0000A2
:1002C0009D0A00009D0A00009D0A00009D0A000092
:1002D0009D0A00009D0A00009D0A00009D0A000082
:1002E0009D0A00009D0A00009D0A00009D0A000072
:1002F0009D0A00009D0A00009D0A00009D0A000062
:100300009D0A00009D0A00009D0A00009D0A000051
:100310009D0A00009D0A00009D0A00009D0A000041
:100320009D0A00009D0A00009D0A00009D0A000031
:100330009D0A00009D0A00009D0A00009D0A000021
:100340009D0A00009D0A00009D0A00009D0A000011
:100350009D0A00009D0A00009D0A00009D0A000001
:100360009D0A00009D0A00009D0A00009D0A0000F1
:100370009D0A00009D0A00009D0A00009D0A0000E1
:100380009D0A00009D0A00009D0A00009D0A0000D1
:100390009D0A00009D0A00009D0A00009D0A0000C1
:1003A0009D0A00009D0A00009D0A00009D0A0000B1
:1003B0009D0A00009D0A00009D0A00009D0A0000A1
:1003C0009D0A00009D0A00009D0A00009D0A000091
:1003D0009D0A00009D0A00009D0A00009D0A000081
:1003E0009D0A00009D0A00009D0A00009D0A000071
:1003F0009D0A00009D0A00009D0A00009D0A000061
:100400009D0A00009D0A00009D0A00009D0A000050
:100410009D0A00009D0A00009D0A00009D0A000040
:100420009D0A00009D0A00009D0A00009D0A000030
:100430009D0A00009D0A00009D0A00009D0A000020
:100440009D0A00009D0A00009D0A00009D0A000010
:100450009D0A00009D0A00009D0A00009D0A000000
:100460009D0A00009D0A00009D0A00009D0A0000F0
:100470009D0A00009D0A00009D0A000053B94AB978
:10048000002908BF00281CBF4FF0FF314FF0FF309C
:1004900000F00CB8ADF1080C6DE904CE00F008F8DE
:1004A000DDF804E0DDE9022304B07047704700BFC7
:1004B0002DE9F04786468C460846089E1546744648
:1004C0001946002B40F0C1808542B2FA82F245D92C
:1004D0004AB1C2F1200300FA02FC954094402EFA82
:1004E00003F343EA0C0C4FEA154EA8B2230CBCFBF5
:1004F000FEF80EFB18CC08FB00F943EA0C439945C3
:1005000028D9EB1808F1FF3704D2994502D9A8F190
:1005100002072B44A3EB0903A4B2B3FBFEFC0EFBC2
:100520001C330CFB00F044EA0344A04214D92C19FC
:100530000CF1FF3304D2A04202D9ACF102032C44E7
:10054000241A43EA07401EB1D4400023346073608C
:10055000BDE8F0874746DDE76346F1E792BB431B02
:1005600001214FEA154EAFB2200CB3FBFEFC0EFB8F
:100570001C330CFB07F840EA0343984561D9EB189C
:100580000CF1FF3004D2984502D9ACF102002B44A3
:10059000A3EB0803A4B2B3FBFEFC0EFB1C330CFB65
:1005A00007F744EA0344A7424DD92C190CF1FF3355
:1005B00004D2A74202D9ACF102032C44E41B43EA63
:1005C0000040C0E7C2F120039540944020FA03F1B7
:1005D0002EFA03F34FEA154E9040AFB20343B1FB3E
:1005E000FEFC0EFB1C10190C0CFB07F841EA004145
:1005F000884522D969180CF1FF3004D2884502D908
:10060000ACF102002944A1EB08019BB2B1FBFEFC56
:100610000EFB1C110CFB07F743EA01439F420ED966
:10062000EB180CF1FF3104D29F4202D9ACF1020168
:100630002B44DB1B41EA004193E76046E3E7614658
:10064000F7E76046A4E76346B8E7834206D916B9E0
:10065000002108467CE7C6E900E0F9E7B3FA83F732
:100660008FB9834201D3724508D8BEEB020460EB18
:10067000030301209C461EB9002169E73846FAE7CA
:10068000C6E9004CF8E7C7F1200CBB400EFA07F5AD
:1006900022FA0CF42EFA0CF1BA401C4320FA0CF3A7
:1006A000B8404FEA144901431FFA84FEB3FBF9F83E
:1006B00009FB18300B0C08FB0EFA43EA00439A457D
:1006C00040D9E31808F1FF3004D29A4502D9A8F1C5
:1006D00002002344A3EB0A0389B2B3FBF9F809FB38
:1006E000183308FB0EFE41EA03418E452CD96118F0
:1006F00008F1FF3304D28E4502D9A8F10203214448
:1007000043EA0040A1EB0E01A0FB02984145CE4612
:10071000434602D306D14D4504D20138B9EB020E4F
:1007200068EB0403002EA7D0B5EB0E0261EB0301CA
:1007300001FA0CFC22FA07F3F9404CEA0303C6E97C
:10074000003199E74046C5E74346D9E70146F0B591
:1007500050B332B3164E306830BBD1F8C842D1F82E
:10076000D8329C4213DA134D05F5C0473B8803F598
:10077000005C45F8234001339BB2B3F5805F25F858
:100780001C203B8003D96FF01E003060F0BDD1F813
:10079000CC3222449A42A8BF6FF01D00C1F8C82293
:1007A000F4E76FF02100F1E76FF02000EEE700BF03
:1007B000C4710020C011002008B5134660B172B1A9
:1007C0000A46D0F8C0120748006806F07AFC0028F4
:1007D00018BF6FF01C0008BD6FF02000FBE76FF042
:1007E0002100F8E734740020014B1B68184700BF54
:1007F000000100202DE9F047058B044628079046AC
:1008000012D4022905F0070540F0CD80204606F0FD
:10081000AAFC80B10138218B042800F29F80DFE818
:1008200000F0C29D657D8D0001290CBF45F01005CB
:1008300045F02005258388F31188BFF36F8FBDE84D
:10084000F08701F007035A1F012A1CD8002221F06B
:100850000701062B276889B2C4E9002209D13B466B
:1008600003E0628B013262831B68002BF9D141F0F7
:1008700002012046218306F076FC002800F0A180CA
:1008800041F020019CE0042B0AD121F0070189B23C
:100890002046218306F067FC10B141F0200121833E
:1008A000218B01F0070AAA4575D00027B946A36835
:1008B000002B00F08E8041F00801218388F311881D
:1008C000BFF36F8FA168002900F08C800D680029AC
:1008D00000F08880334652462046D1F80480C04755
:1008E000002D48D02B6829461D46F0E7236921F0EA
:1008F000070141F00601062DD3F80090218335D180
:10090000B9F1000F47D041F00801218388F3118825
:10091000BFF36F8F20463D49C84731E021F0070102
:10092000236941F0040189B2042DD3F80490218396
:10093000E6D000274FF0040A3E46B8E721F0070151
:10094000236941F0050189B2052DD3F80890218370
:10095000D6D000274FF0050A3E46A8E701F0070A67
:10096000AA4518D00027B9463E46A0E700274FF019
:10097000060A3E469BE72B46B5E7B9F1000FC9D101
:10098000EFF31188202383F31288BFF36F8F238B3B
:1009900023F008032383258BEA062ED525F01003C8
:1009A000238305F007056669218B002EBFF649AF4A
:1009B00000232768C4E9003321F0070141F0010159
:1009C0002183218B4FF0000901F0070AAA457FF42B
:1009D0006EAF002F94D041F00801218388F3118875
:1009E000BFF36F8F002FC8D03D683946334652465B
:1009F000204606F0A6FB2F46F4E7AB067FF51BAFBB
:100A000025F02003238305F00705FFE69F71000012
:100A1000002318460649D1F89020C2F307229342DA
:100A200000DB7047C1F89830C1F8A0000133F6E749
:100A300000ED00E0002807DB01234109034A00F034
:100A40001F00834042F82130704700BF00E100E002
:100A500000280CDB01220649430900F01F008240F8
:100A6000203341F82320BFF34F8FBFF36F8F7047C0
:100A700000E100E00028ACBF00F16040064B4FEA07
:100A80004111C9B2ABBF00F5614000F00F0080F822
:100A900000131954704700BF14ED00E0EFF3058315
:100AA000034A103B02EBC301496852F83300084780
:100AB000E0A80000244B254A4FF47A611A60012215
:100AC000234B2448C3F80424D0F82436C3F3080287
:100AD000C3F309434B4382F480721F49883201FB00
:100AE00002334FF4FA215B00B3FBF1F201FB123346
:100AF0001A49B3F57A3F28BF0132C1F80429D0F86A
:100B000020364FF47A60C3F30802C3F3094343432A
:100B100042F21C5082F4807202F2172200FB023370
:100B20004FF47A701B0AB3FBF0F200FB1233B3F5FB
:100B3000FA7F4FF0010328BF0132C1F81C270020C3
:100B4000C1F80036704700BFFC0000200020A1075C
:100B5000002008E000C0FF00F82A008000001250CA
:100B6000084B70B5C31A0D4607499B1004465943FC
:100B70004022064806F033FB2B4601462046BDE8DE
:100B80007040184748110020B76DDBB65880000050
:100B9000402373B50B4C0093041B0B460D460A49CA
:100BA000A41061430646094A094806F043FB011EAA
:100BB00005DA30462B4602B0BDE87040184702B057
:100BC00070BD00BF48110020B76DDBB6A3720000F6
:100BD00058800000F8B50221054640F20510FFF7E5
:100BE00049FF174B1A7922BB164A1A6001221A7163
:100BF000154B1B6A9B0603D440F20510FFF71AFF42
:100C00000024124BC3F840442B69ABB11C2221468F
:100C1000184607F0E3F901261C220D4F0664076110
:100C20002D692146A81807F0D9F92046EF62EE6435
:100C3000F8BD6FF00400FBE76FF01500F8E700BFA8
:100C400040110020E574000000E100E000E01050D9
:100C50000C9700000A2810B5044603D10D21044862
:100C600000F02EF90248E1B200F02AF9204610BD4A
:100C7000D88000000048704704970000024B0B60CA
:100C800001231360704700BFFC960000024B034A2B
:100C90000020C3F80C25704700B00450800000808D
:100CA000036803F01F025F2B02604FEA53129ABFE2
:100CB000024B53F822000020704700BFF09600005E
:100CC0004209022A034670B503D0012A18D0CAB1DE
:100CD00070BD0E4E326951680029F9D0012503F02C
:100CE0001F030C689D400029F2D08A682A4002D078
:100CF00030464B6898473CB1236821461C46F2E7D2
:100D0000034EE7E7034EE5E72346F6E79880000049
:100D100078800000B88000002DE9F04F4368027A27
:100D200085B003EBC2029A4204D86FF0010005B00F
:100D3000BDE8F08F5C798C4200F0B1800833F2E7B7
:100D4000DAF80030C3F3C322082AC3F3080100F223
:100D5000A380414508BF4FF0FF31B3F1D05FBC5CC9
:100D60004FEA136210D2192A10D8DFE802F0121CE1
:100D700047614A51610F0F0F0F0F0F0F0F0F0F0F2A
:100D80000F0F0F0F64787B7E382A71D06FF08500CB
:100D9000CDE7C9F804164A1C57D10AF1040A554593
:100DA000CED10020C3E7C9F80C16481CF5D04FF08F
:100DB000000B5A46DAF80030039103F40040002893
:100DC00018BF002203A818BF4FF0010B0193009237
:100DD000FFF766FF0399019B00EB8100D0F88010BC
:100DE000C3F3412C009A230243EA8C03134331409E
:100DF0000B4343EA4B03C0F88030CEE7C9F8101626
:100E0000C9E74B1CC9F80016C7D04FF0000B05E02E
:100E1000481CC9F80416C0D04FF0010B03A8039179
:100E2000FFF73EFF0122039B02FA03F38360C1E751
:100E3000C9F80816B9E7C9F860154A1CDAF8003095
:100E4000ABD0C3F30043002BE6D003A80391FFF718
:100E500027FF0122039B02FA03F3436019E0C9F85C
:100E60006415EAE7C9F86815E7E7C9F86C15E4E71F
:100E700003A80391FFF714FF039B00EB8300D0F856
:100E8000803023F0E04343F08043C0F880304B1CB7
:100E900083D04FF0010B8CE76FF0150047E7D3F8D4
:100EA00000A01D7940F2FF18D0F80090024F034EC9
:100EB0000AEB850573E700BF9CA50000F0F0FCFF7E
:100EC0002DE9F84304460D46D0F80480EFF305837E
:100ED000B3B92A4B1B789BB1294E46F00106642713
:100EE000DFF8A09063681B68D3F8303193BB264BC2
:100EF000D9F80000B0FBF3F0B047013FF2D1EEE7C4
:100F00002021EFF311831A4681F31288BFF36F8F0C
:100F100060680068D0F8300120B983F31188BFF30E
:100F20006F8FEEE7D8F8243000201D706368D8F882
:100F300024101B68C3F83C170121C3F84017C3F8FD
:100F40003001D3F83001196582F31188BFF36F8F38
:100F5000BDE8F883EFF3118320211A4681F312884C
:100F6000BFF36F8F61680968D1F830110029D9D1BA
:100F700083F31188BFF36F8FB1E700BF3F8000207C
:100F800000820000FC00002040420F0038B50546FA
:100F90000221C620FFF76EFDC620FFF74BFD6C68EF
:100FA0000121E068FFF7B8FE6B6819686369C1F852
:100FB0002435E28BA38BA07E1343228C1343628CD7
:100FC0001343627E9BB20243207E02431343C1F867
:100FD0006C3569680B68D3F8002242F48022C3F8AC
:100FE00000220822C3F800254A6A0121C3F83C27E1
:100FF0000022C3F840271965D3F830110029FBD02F
:10100000C3F800252846BDE83840014906F059B923
:101010006134000070B5EFF31181202383F312884F
:10102000BFF36F8F4FF0FF346FF04040074DD5E9AD
:101030000023944270EB0306F9D381F31188BFF3C8
:101040006F8F1046C3F3130170BD00BF40270E50D1
:1010500038B5EFF31185202383F31288BFF36F8F28
:10106000124B1B6803BBFFF7D5FF114AD2E90032D0
:10107000C01A61EB0201400940EAC1630D4AD2E99E
:101080000004181844EBE37485F31188BFF36F8FE5
:101090004FF47A71A0FB010547F61222002301FBF1
:1010A0000451FFF7EBF938BD0023E7E7387400205F
:1010B0007801002080010020064BD3F840231C2A31
:1010C00005D1D3F84403431E5842584170470020CD
:1010D000704700BF00C0FF00054BD3F840031C2839
:1010E00004D0A0F12F0358425841704701207047A7
:1010F00000C0FF0003689A070CD50368DB070DD515
:101100000922074BC3F80C250F22C3F8042501223E
:101110001A60FEE7034B0360EF3B0360704700BFBC
:1011200000801050F000FA5010B50368CB40DB0788
:1011300010D401238B40026843EA0201D0E8EF4F4C
:10114000944204D1C0E8EC1FBCF1000FF6D1F2D1FB
:10115000014810BD0148FCE70000AD0B0400AD0BD9
:1011600001282DE9F341054615BF04207120142202
:101170000422304918BF4FF48473C1F808034FF0BC
:10118000010008BF4FF4807302F1A04202F58712FC
:101190001060002203F1A04303F587131A601B6857
:1011A000FFF79AFF044628B1012D21D1CD600DF142
:1011B000070401E0012DFAD0002342F210768DF8E9
:1011C00007301D4B1B4F43F00108012D20D0D7F8ED
:1011D0004C3403F480336CB93BB1184B1868184B8E
:1011E000B0FBF3F0C047013EEFD102B0BDE8F081A3
:1011F0001446E1E7D7F84C2402F003022270002BDA
:10120000F3D09DF80730002BE7D0012DEDD106E09B
:10121000D7F80C3403F480332CB9002BDDD1002235
:10122000084B5A71E1E7002B0CBF01230023237008
:10123000E7D1F4E700E0105000820000FC0000203D
:1012400040420F004011002010B5EFF3118420231D
:1012500083F31288BFF36F8F074A136823F00201EC
:10126000DB07116002D40120FFF77AFF84F31188B5
:10127000BFF36F8F10BD00BF98110020012838B553
:10128000304A0546304C40D0D2F84C14D2F84C3499
:10129000C80322D503F00303012B04D013B10020AF
:1012A000FFF75EFF2B46274A0420C2F84034102285
:1012B0004FF48473002103F1A04303F587131960F1
:1012C0001D68012502F1A04202F58712156022680F
:1012D0008AB31C4BC3F804030CE0D2F84834D90796
:1012E000E0D5D2F850349B07D9D423681BB104232E
:1012F000C2F8043338BDD2F80831002BFBD00023EC
:10130000C2F80831D2F80831F4E70023C2F81031EE
:10131000D2F81011C2F81831D2F81811C2F81431ED
:10132000D2F81431FFF7D8FE00B1956000224FF4D7
:1013300080737120BEE71A68002AFCD019601B6810
:10134000D8E700BF00E0105040110020034A4309D5
:10135000D35C00F01F001844C0B270478CA5000099
:1013600010B504460846FFF7F1FF3C22237902FB43
:101370000300034B083033F81000C0F3401010BDD9
:101380005010002010B504460846FFF7DFFF3C224E
:10139000237902FB0300034B083033F81000C0F33D
:1013A000400010BD5010002010B504460846FFF75D
:1013B000CDFF3C22237902FB0300034B083033F8B6
:1013C0001000400B10BD00BF5010002070B5054646
:1013D0000846FFF7BBFF3C212A79184B01FB0202AC
:1013E000083233F81200C10526D578240026C0F350
:1013F000432120F4F85023F812002A7904FB023428
:101400000E3434F8020F10F4807F03D0C0F3432071
:10141000814211D00136232EF3D10020C2EB0212FB
:101420000A4443F8320078202A79BDE8704000FB76
:1014300002306030FFF778BE70BD00BF5010002052
:1014400070B505461446FFF78BFF70B10846FFF7ED
:101450007DFF3C222B7902FB0300054B083033F85B
:10146000103004485B0B237070BD0348FCE700BFDD
:10147000501000200000AD0B0400AD0BF0B5064687
:10148000002487B0114F019117F8012B06AB03EB35
:10149000D20313F8143C02F00702D34013F0010307
:1014A00006D10134032CEFD10023184607B0F0BD5C
:1014B000074A03AD07CA85E8070055F824100A6AF1
:1014C00046F824200A62002AEBD0EEE789A5000046
:1014D000E0810000124B70B553F82050013053F8F2
:1014E0002060AE4200D870BD6C68B4B1237FDB07CA
:1014F00011D4636953B12046984738B10028B8BF6A
:101500004042FF28A8BFFF20E3681870E2685378C4
:1015100043F0010353700835E3E72B689847FAE777
:10152000C896000001680E4A0346914215D1C16970
:10153000A2F11022A2F1EF1291420ED18268012A8B
:101540000BD8C26812B101698A4206D0586928B125
:101550009B691B1A5842584170470120704700BFD1
:1015600055AA00FF70B50D4B9E68A6B13046FFF737
:10157000D9FF044678B9F3686BB935690DB92046CF
:1015800070BD2846FFF7CEFF28B9EB68B34202D101
:101590002E462D69F2E70124F1E700BF2810002054
:1015A0000022074BC3F81021C3F80C21C3F8002117
:1015B000C3F80421C3F80821C3F81421704700BF01
:1015C00000500450C36870B57BB9C36900F12802AC
:1015D0001A60C369454A9A604368C269DB6843F48C
:1015E0008063D360C3691033C361836A9B052FD4C2
:1015F0000368C268DD6800F1EC04302D34BF0826B2
:1016000010261D6901366B1E1340EB1AB34238BF1A
:101610005B191C44D50004F8015C03F1EB0452098A
:10162000044400F1ED05A5425CD1802280F8EC2055
:10163000426AC469C4322260C26993604468C26964
:10164000E468D460C2691032C26102691A4402615E
:101650000269C469D31C23F003039B1A54F8042CB9
:1016600042EA032244F8042CC26952F8084C23448D
:1016700043F0005342F8083C026A0368DB681160DB
:101680000168026AC96803339160026A23F00303A8
:1016900002F1100101620168C96899420BD0002172
:1016A00011610168026AC9685B1A43F08043936064
:1016B000036A10330362836A13F4806311D10268F2
:1016C0005169D26891420CD0026A13600268016AC3
:1016D0005369D2689B1A43F080438B60036A1033CE
:1016E000036270BD04F8012D120A9CE7040000207B
:1016F0001B4BD3F80021C2B1BFF35F8F4FF0A34162
:101700008A6ABFF35F8FBFF35F8F4FF0FF300863CC
:10171000BFF35F8F0021C3F80011D3F80031114BE4
:10172000196819680A431A607047D3F80831002B0A
:10173000FAD002220C490B689A600969096889038A
:1017400044BF03F58053DA610022054BC3F808213A
:10175000D3F80831054B1A681A6842F00102E2E733
:10176000008004508C010020C80100208801002066
:10177000244B0340B3F5806F2FD017DC402B2ED0C5
:1017800008DC102B2DD0202B2DD0181E18BF0120C7
:1017900040007047B3F5807F27D0B3F5007F26D097
:1017A000802B08BF0B2018BF02207047B3F5804F75
:1017B0001FD00ADCB3F5805F1DD0B3F5005F1CD0ED
:1017C000B3F5006F08BF0620EDE7B3F5004F16D064
:1017D000B3F5803F08BF0320E5E7112070470A20DA
:1017E00070470C2070470920704708207047072079
:1017F00070471420704705207047042070470F2061
:10180000704700BFF0FF01000C22104B014602FBA5
:101810000033002030B4D3E90E529863EFF3118007
:10182000202484F31288BFF36F8F1C6C04F0C00473
:1018300044F002041C6480F31188BFF36F8F1DB164
:101840002B4630BC0248184730BC70474811002076
:101850005880000010B4EFF31182202383F3128824
:10186000BFF36F8F1648016841F002040460C80797
:1018700007D482F31188BFF36F8F012010BCFFF7EC
:10188000FDBC1049D1F80C14C903F2D5EFF3118057
:1018900083F31288BFF36F8F0B490B6C03F0C00307
:1018A00043F002030B6480F31188BFF36F8F82F360
:1018B0001188BFF36F8F002010BCFFF7A5BF00BFDA
:1018C0009811002000E010504811002070B5204C05
:1018D000C2B0E36A0546802B1A4628BF80220192D7
:1018E0001BB92075002042B070BDD4F8583201AA4F
:1018F00002A904F1300098470028F4D1042D206992
:10190000019A0FD0019A236A206913442362E36A83
:1019100002A99B1AE362E36898470028E2D06FF0BF
:101920000900E0E7236822A998470028F7D1A36AB5
:10193000019D02AA2B44A36222AB8542E2D011781A
:1019400013F8016B0130314402F8011BF5E700BFC9
:10195000C8710020012337B50546254C0193636B00
:101960002BB1012B29D06FF0040003B030BDD4F8A7
:101970005832204801AA0DF1030198470028F4D1FC
:101980009DF80330C3F3801203F03F03A3630623E3
:10199000E363012384F8402063639DF90330002B47
:1019A000DDDB0023636394F8403013B1A36B5B422B
:1019B000A363A36B00202B60D7E7D4F858320D48FF
:1019C00001AA0DF1030198470028CED1E26B192A34
:1019D0000ADC9DF80330A16B03F07F0393400B43B7
:1019E0000732A363E263D8E76FF01800BDE700BFDA
:1019F000C8710020F8710020F7B5094C0546D4E9FC
:101A0000086701A8FFF7A6FF38B9019B1E44B7423B
:101A100032BF6FF008002575E36203B0F0BD00BF70
:101A2000C87100202DE9F041466807463369002B54
:101A30003AD0782096F81480234D00FB085393F891
:101A400074408CBB184646222146103006F0C6FA78
:101A5000317D1E4A336952F831C021468C4529D167
:101A60000024C3F84441D3F84421C3F30833581C7D
:101A7000FEF7E0FF7823012203FB085888F8742062
:101A8000C8F86020327D124903FB02529160327D1A
:101A9000022103FB0255DB20EC60FEF7EBFF022185
:101AA00040F20D10FEF7E6FF3846BDE8F041094967
:101AB00005F007BCCAB2920002F58070442A04BF48
:101AC0001C501A580131C9E750100020E096000060
:101AD000C10C00007D73000038B5142200211448A9
:101AE00006F07CFA134B144A144C1A60144B154A36
:101AF00000211A6014F003030FBF4FF4006503F2D6
:101B0000FC75C3F10403E4182A46204606F066FA81
:101B1000074B0D4AC3E900452260A2F11022203D87
:101B2000A2F1EF129C606560E261DC60002038BDCC
:101B300028100020DC000020292200003F7800202F
:101B4000D80000201523000055AA00FF2DE9F3411D
:101B500032480DF1060105F061FA304E10B16FF018
:101B6000110554E09DF80630A6F5177403F00F0236
:101B700013F0700FA26148D130460DF1070105F056
:101B80004DFA05460028EAD14FF006089DF8077087
:101B900007F03F079DF90730002B22DB2663002664
:101BA0004FF6FF734FF4007231461D48A4F84430DD
:101BB000666306F013FAB7420CBF07230123194AE4
:101BC000C4E91266C4F85422174AC4E90867A4F8A5
:101BD0004660A4F8506084F85260C4F85822237517
:101BE00015E030460DF1070105F018FA0028B6D1CE
:101BF000B8F11B0F0FD09DF8073003F07F0303FAF5
:101C000008F31F4308F10708C4E76FF002052846F0
:101C100002B0BDE8F0816FF01805F8E724740020E9
:101C20001B720020A3700000F974000037B5274C28
:101C3000237D082B43D8DFE803F00A0F1A1E222465
:101C4000264505006FF017000823237530E0FFF7E5
:101C50007DFF0028F8DB2BE001A8FFF77BFE0028C2
:101C6000F7D1019B002B25DD4FF0FF30ECE703207F
:101C7000FFF7C2FEEDE70420FFF728FEE9E70520A5
:101C8000F6E70620F8E701A8FFF764FE0028E0D198
:101C9000019D636829462069984768B9A36A2B4467
:101CA000A362D4E908239A4204D1072300202375B4
:101CB00003B030BD0223F9E76FF00900C4E76FF00D
:101CC0000400C1E76FF00A00BEE700BFC871002042
:101CD000B0F5FA2F70B5144624D2C0F5FA239A4213
:101CE00020D8CAB142F20103104DC5F80035A9B1A0
:101CF00006F069F9BFF35F8FD5F81834DB0706D417
:101D0000C4F308041CB10123AB60BFF35F8F4FF431
:101D10000052064BC3F80025002070BDFF2106F0DD
:101D20005DF9E7E76FF01500F7E700BF00B004507A
:101D30002DE9F7430F4615460446002855D0002AE2
:101D400050D0DFF8AC80D8F80060002E4DD1D0F82C
:101D5000C812D4F8D832DFF89C909942D9F8000024
:101D600039DA06236A46D4F8DC1205F0AAF988B9F4
:101D7000D4F8DC12BDF800300631AB42C4F8DC12F6
:101D800005D1DDF80220D4F8C8329A420CD01A48A6
:101D900005F030F96FF01D03C8F800306FF01D0634
:101DA000304603B0BDE8F0832B463A46D9F8000030
:101DB00005F087F90028EDD1D4F8DC322B44C4F8C3
:101DC000DC32D4F8C8321D44D4F8CC32C4F8C8523E
:101DD0009D42E5DBE2E713463A4605F072F900283A
:101DE000EFD0DBE76FF02106DAE76FF02006D7E7E8
:101DF000BC11002034740020DC97000038B5084B7B
:101E00005A78D20709D51C783CB9064D284605F00A
:101E1000DFF82046044B1D6038BD6FF01200FBE771
:101E200032010020550C0000000100202DE9F84F80
:101E300014461D46FFF7EEF8A042A941C0F0E58028
:101E4000744ED6E90012641A24F01F0365EB0205F4
:101E50005B1842EB0502C6E90032EFF31182202342
:101E600083F31288BFF36F8F6B4FDFF8B081386850
:101E70006409B84208BF002044EAC564684DC8F848
:101E800000409146D5E90021D8F80030A8B3D0E948
:101E9000044C4FEAE37EA3427EEB0C0A05DAE41A17
:101EA0006CEB0E0CC0E9044C27E0A21841EBE47186
:101EB0000023C5E900210022C0E90423D0E9003253
:101EC00013605A600023C0E9003389F31188BFF31F
:101ED0006F8F83689847EFF31189202383F312886B
:101EE000BFF36F8FD8F8003038681B1BB8424A46E2
:101EF000C8F80030C5D1D5E900219A1841EBE37349
:101F0000C5E900230023C8F800303B68BB427ED0FF
:101F1000002B7CD0D3E90443B4F1004F73F10002ED
:101F200075DA002BB8BF0024FFF774F8D6E9002754
:101F300020230125801A61EB0701C4FB030140281F
:101F400071F10004374C38BF184694F808E038BFE8
:101F5000002105FA0EFC28BF20F01F001CF0670FBF
:101F60004FD0314B5E68F64306F0670616EA0C0F59
:101F700047D04FF000082D4E101847EB010103EB3E
:101F80000E0206EB0E1792F85420C7F82C850C278A
:101F900007FB0232276882F814E0D7606768176190
:101FA0009A6842EA0C029A60EFF31187202282F3CA
:101FB0001288BFF36F8F94F808C01D4A4FEA8C0C4B
:101FC00042F80C80227AC1F31301120102F1A042FF
:101FD00002F56222C2F82005C2F8241587F31188A1
:101FE000BFF36F8F227A883305FA02F2D3E8EF0F3E
:101FF0001043C3E8E10F0029F8D1237A9D40C6F8C9
:10200000245389F31188BFF36F8FBDE8F88F6FF009
:10201000004489E778010020E000002038740020A7
:1020200080010020E80000204000002000200E5029
:1020300000210E5078232DE9F04F6F4C0E460C1BFB
:10204000B4FBF3F4D0F81413DFF8B0B1C9B28BB01D
:1020500041F400315BF83420009005F0BBF98103B6
:10206000054638D50023E7000BEBC404CDE9073360
:102070000993636807A819460193FFF7FFF93B1D11
:1020800003934FF0000A5E4B0DF11C090293029A74
:1020900012F8013B0292039A02EBD3021BF80220D2
:1020A00003F0070322FA03F3DA071AD40AF1010A4C
:1020B000BAF1030F09F10409E9D14FF4003100220C
:1020C000009805F087F9019907A8FFF7D7F90028CC
:1020D000D7D125F400350124002D76D10BB0BDE811
:1020E000F08F484B53440493D9F800100029DDD0F9
:1020F00091FAA1F1B1FA81F1049B1C7841EA4414F0
:102100002046FFF723F9083036F81080C8084FEA58
:1021100098030593012319F8002001F0070103FA41
:1021200001F122EA010209F8002006A80694FEF750
:10213000B7FD069A059B203250F82220C8F382078B
:102140005B07B846C2F3014223D53046D7B22146D9
:10215000424605F09CF906A80694FEF7A1FD069BF1
:10216000203350F82330C3F301439F4207D10021AD
:10217000204605F056F93946204605F052F906A8E2
:102180000694FEF78DFD0122069B02FA03F303621B
:10219000AAE7022A0DD10321204605F042F907F0F3
:1021A0000503012BEBD142462146304605F06FF97D
:1021B000E5E702212046059205F033F9032FF2D01E
:1021C000059A032ADBD1022FECE795FAA5F3B3FABF
:1021D00083F3009904FA03F225EA020503F5A272DB
:1021E00051F8222006EB43033046B3F86410C2F3E3
:1021F000014205F04CF96FE750100020E096000016
:1022000089A5000089A5000001490248FFF712BF17
:102210005010002000A00D5001490248FFF70ABFEE
:10222000C810002000C01050F8B5384E3468F3686C
:10223000D4B1B468C4B1002860D000295ED001FBDD
:1022400000F5B5FBF0F0884258D1291D56D8AA07F1
:102250000CD025F0030204321C4603E06168914271
:102260004ED2A469002CF9D12046F8BD2A46F3E7E6
:10227000891A232904F120071CD80123A360D4E97B
:102280000523AAB19361A3690BB162695A61002366
:10229000C4E905333369DB0703D5FFF763F9002889
:1022A00031D12A46002138463C4605F097FEDBE74F
:1022B000F360E8E702F1200C04EB0C032039C3E9DA
:1022C0000110DC6021691248196144F80C00A0F18A
:1022D0001020A0F1EF10D86101B1CB6061695961A4
:1022E000A069986141B18B61996901B14B6101218C
:1022F0002361C4E90121CAE7F360F5E70024B3E7ED
:10230000A0680028B4D0012004F05AFE2810002054
:1023100055AA00FF70B50546002840D03B4E3368F3
:10232000002B3CD0B268002A39D0834203D87268AF
:102330001344984202D3012004F042FEA0F120048D
:102340002046FFF7EFF80028F5D155F8183C012B8F
:10235000F1D155F8143C45F8180C0BB39A68FAB94A
:1023600055F81C2C02F120015A680A445A6055E9BC
:1023700005321A6155F8145C2B6903B1DD60202227
:102380000021204605F02AFE286908B183684BB376
:1023900033699B0703D5FFF7E5F80028CBD170BD63
:1023A00055F8100C00282AD0836843BB4268636844
:1023B00013442033636003692361D4E905239AB988
:1023C000CBB9436963618269A261B3B19C61A369BE
:1023D00003B15C61236903B1DC602022002105F0B8
:1023E000FDFDD5E72C46E1E79361A369002BE8D01A
:1023F00062695A61E5E7F360F7E7F460E7E7F368DD
:1024000045F8083C03B15C61F460C1E72810002086
:1024100030B50468ACB1B4FA84F30122C3F11F03F0
:10242000DBB29A4024EA0202D0E8EF5FA54204D171
:10243000C0E8EC2FBCF1000FF6D1EAD102480B70D6
:1024400030BD0248FCE700BF0000AD0B0200AD0B41
:102450002DE9F3410221E420FEF70CFBA94BAA4C25
:10246000D3F8182722F44032C3F818272278002A1C
:1024700040F01D81D3F8101521F00201C3F81015AA
:10248000D3F8101541F00101C3F810150521C3F868
:10249000A4160421C3F8AC160723672101F001003C
:1024A0000244013BD2B24FEA5101F7D1052A40F074
:1024B000FE8019464FF0010C934E00256720CFB2E5
:1024C00004E00CFA02F220EA0200013590FAA0F2D0
:1024D0005FFA85FEBE45B2FA82F2F2D3013132755F
:1024E0000529224482F8547006F10C06E5D1012139
:1024F000002586489A0801FA02F212F0670F18BF09
:102500001D500433302BF5D1E420FEF793FA7D4BB8
:102510000027D3F8102503F5C07322F00202C3F898
:10252000902340F6FF72C3F8A821794A1F60A3F5F3
:102530008071043393420F60F8D14FF00108714D60
:10254000744EC5F860803068734BB0FBF3F05D23C8
:102550005843724B43EA080398476368704903EA9B
:10256000080301A8019384F80080FFF751FF6D4B29
:10257000984240F0A3806C4B1F72636823F0010304
:102580006360A36843F00103A360D5F810359B078F
:1025900000F18D80D5F8103543F00203C5F81035F1
:1025A000D5F8482712F0010202BFD5F8483743F0AA
:1025B0000103C5F84837534BD3F84017D3F84417F5
:1025C0004F00F9D42AB9D3F8482722F00102C3F802
:1025D0004827514A3368B3FBF2F34A4A03EB4313EB
:1025E000002B64D0D2F84017D2F844174D0063D4C2
:1025F000FEF710FD01224D4B20F01F00C3E9000142
:102600004B49D1E8EF3FC1E8E02F0028F9D13BBBAF
:1026100048498A608A684B6002F00302012ACB6055
:102620001ED1CB608A68032A1AD8EFF311852022C5
:1026300082F31288BFF36F8F4FF6FF763E48848E89
:1026400004F00702C48EB44251D0022A3CD10134B6
:10265000C48685F31188BFF36F8F1C3004F071FDC1
:10266000EFF305821AB9354B1B78002B44D1EFF3F9
:102670001182202383F31288BFF36F8F012000257E
:10268000012420272E4B2F4ED3F84CC4D3F84C14E2
:102690001CF4803F5CD001F00301012958D10028CF
:1026A00077D082F31188BFF36F8F002001E04FF0E5
:1026B000FF3002B0BDE8F081013B91E7224B984228
:1026C000F5D16FF00B00F4E75124D440E4070ED5A8
:1026D0000B60036A43B9C0E9071142B92A460221D7
:1026E0001A48FEF787F8BBE719600162F5E785F342
:1026F0001188BFF36F8FB3E70421114B1046C3F865
:102700000813BCE700200E504000002000210E50AE
:10271000B0210E50FC00002040420F00F08100006C
:10272000540000200000AD0BE800002078010020DC
:102730004C1000203C100020481100203F80002059
:1027400000E0105000E100E00200AD0B6411002039
:1027500072B685F31188BFF36F8FBFF34F8F20BF21
:1027600082F31188BFF36F8F62B6D3F8401411F073
:10277000FF0189D1D3F808C1BCF1000F84D0C3F8A0
:102780000811D3F80811C3F84044C6F8A0711C61C1
:102790007AE70422C3F8042387E700BF2DE9F74F47
:1027A000904604460846FEF7D1FDD8F800900D4645
:1027B00007462679B9F1000F29D02046FEF7E2FD41
:1027C00038B12046FEF7CCFD18B1684803B0BDE82B
:1027D000F08F01A80195FEF763FA019B99F800209C
:1027E00000EB8300D0F88030614923F00F0343EA07
:1027F0008203C0F880303C2303FB0673083331F8B2
:10280000132022F0020242F0010221F81320D8F82E
:102810000430C3B12946204693F80090D3F804A0B1
:10282000FEF7B0FDA8B1BAF1000FCED13C2303FBF7
:1028300006764F4A083632F8163023F01C0343EA76
:10284000890322F81630D8F80830002B50D14948B7
:10285000BCE73C227243DFF818E102EB070C0CF1F5
:10286000080C3EF81C3023F02003DB04DB0C2EF8B0
:102870001C30BAF1000FD9D0B9F1030FA5D8D8F8A0
:1028800004102068496891F800A000EB8A00B9F1B3
:10289000000F04D1C0F81095C0F81095C6E7D0F825
:1028A00010B552442BF0030BC0F810B5206843EA72
:1028B0004A3300EB8A01D1F810050EEB420220F4F6
:1028C000473020F47C70C1F8100541F6F070D1F863
:1028D00010B500EA051040EA094040EA0B0043F059
:1028E0002003C1F81005A2F864502EF81C309DE7B3
:1028F0002946D3E900862046FEF768FDB8F1000FAF
:10290000A5D0782320791A4D4343EA18EB5898450F
:1029100004D153689E4201D100220CE0782303FBCE
:10292000005001A96030FFF773FD124B98427FF40D
:102930004DAF9DF804203C212379C3EB03131344CE
:1029400045F833802379C3EB0313134405EBC3032A
:102950005E60237901FB0373083335F8131041EAF5
:10296000422242F4807225F8132070E70400AD0B78
:10297000501000200000AD0B2DE9F04FD50640F2BD
:10298000063548BF4FF00308476802EA05053B7B60
:1029900058BFC2F3401887B001F01F06B5F5837F1A
:1029A000144646EA43168DF8028041D00DD8062D14
:1029B00040D005D8A5B1022D12D06FF0150034E03B
:1029C000B5F5807FF9D101250AE040F202239D424E
:1029D00032D0B5F5407F31D0B5F5007FEDD104257B
:1029E00020032DD501237A688B4053603B6973BB6C
:1029F00003A80396FEF754F9039B84F4803100EB9F
:102A00008300D0F88020C1F30041C4F3404343EA7F
:102A1000410322F4706243EA880322F00F0243EA82
:102A200005231343C0F88030002007B0BDE8F08FC5
:102A30000925D5E70825D3E70625D1E70525CFE702
:102A4000620341BF01237A688B409360CEE707F1B0
:102A50001008314640460DF10302FEF7F1FC14F474
:102A60004039824648D13046FEF770FC3C223B7D1F
:102A7000554D02FB0303083335F813300446DB07DA
:102A80002ED5404604F0E0FC31464046FEF768FC97
:102A900058B14046FEF788FCD7F810B000B20BEBF7
:102AA0008003C3F81095C3F8109540463146FEF7F1
:102AB0008DFC3C223B7D03A802FB03440023083429
:102AC00025F814300396FEF7EBF8039B00EB830028
:102AD000D0F880203D4B134043F00203C0F8803013
:102AE0003B4B9A45A0D1387D3A4B9DF8031003EB40
:102AF0008000FEF719FB97E7002301AACDE9042324
:102B0000404603AACDE901330393FFF747FE304B5C
:102B1000814698427FF451AF14F4003347D03046D9
:102B2000FEF714FC3146814640469DF802B004F49D
:102B30008034FEF727FC28B94046FEF711FC002838
:102B40007FF43BAF3C223B7D1F4902FB03930833DC
:102B500031F8133013F01C0F02D0002C3FF42DAFCE
:102B600003A80396FEF79CF8B4FA84F43C22039B76
:102B7000640900EB8300D0F8803023F4706323F005
:102B80000F0343EA8B0343EA440343EA052343F07C
:102B90000103C0F880303B7D02FB039909F108096D
:102BA00031F8193043F0030321F8193098E7CDE9E3
:102BB000043331460DF10203404603AA0393FFF7A5
:102BC000EDFD48458CD0F8E650100020F0F0FCFFF9
:102BD0000000AD0BF40000202DE9F041456801F044
:102BE0001F04287B88B044EA40142869002800F0BC
:102BF000BD80B2F5001F05F1100607D12146304611
:102C000004F022FC002008B0BDE8F0810027B2F5F6
:102C1000800F03A80397476054D1B3F1007F14BF1E
:102C2000052304238DF80C300023CDE9060305931A
:102C3000AB680DF10707CB4013F0010F5AD1B2F189
:102C4000A07F57D102A80294FEF72AF8029B2033F6
:102C500050F82330DA074DD43A4621463046FEF785
:102C6000EFFB454B984238D004972146304605AAE1
:102C7000FFF794FD414B98427BD121463046FEF749
:102C80006FFB2F69002846D03046FEF77BFB80465D
:102C9000002840D13046FEF787FB02B2920002F5D1
:102CA000807347F80380FB582B691344D3F8102531
:102CB00042F00102C3F8102501232A698340C2F8BB
:102CC00014339FE7B3F1C06F05D0B3F1007F14BF99
:102CD00001230223A6E70323A4E7294B287D3946D5
:102CE00003EB8000FFF794FB244B9842BCD06FF0BD
:102CF0000B0088E73A4621463046FEF7A1FB1F4B02
:102D00009842B2D1287D1E4B9DF8071003EB80003E
:102D1000FEF70AFAA9E7D7F8143320469B035CBFF5
:102D20004FF40033C7F81433FEF710FB3C222B7D21
:102D300002FB0300134B083033F81030C3F3820357
:102D4000042B0FD0052B0FD002A80294FDF7A8FF8B
:102D5000029BC168D94001F001010231204604F014
:102D600060FB4FE70321F9E70221F7E76FF08500E9
:102D700049E76FF0150046E70400AD0B0000AD0B0E
:102D8000F40000205010002070B500251E4C1F4E8E
:102D9000D4F80C3303B970BDB3FA83F3C3F11F0346
:102DA0009A0002F5807292B202F1A04202F58712F7
:102DB000156012680122D8B202FA03F3DBB2102BBD
:102DC000C4F8083311D0402B1BD0042B16D1D4F8F3
:102DD0004C14D4F84C14890710D1C4F84024C4F81A
:102DE00004332261D4F80C33D4E702237371C4F89E
:102DF0001451D4F814312023C4F8043333689847AD
:102E0000F0E77571FAE700BF00E0105040110020B4
:102E1000F7B5284B284CD3F82C6304F188070EB97A
:102E200003B0F0BD96FAA6F00123B0FA80F083401B
:102E3000DA43224926EA0306231893F85450830004
:102E400019440C2303FB0543DB6873B3D7E8EF3F5A
:102E500003EA020CC7E8EECFBEF1000FF6D1C34083
:102E6000DB0719D5020102F1A04202F56222D2F875
:102E70002435D2F82025D1F800C0BCF1000FCED007
:102E80004FF0000CC1F800C00C2101FB0545296979
:102E90000091E9688847C2E705F10C0304EBC30C15
:102EA00054F83320DCF80430E5E70A68002AB6D08D
:102EB0000B60B4E700200E504000002000210E50AF
:102EC0002DE9F04F82464FF000098DB01D46531E8C
:102ED00001910393039B58785C1C252819D100208D
:102EE0004FF0FF381E4644460346023602903178C2
:102EF0000396392955D81F2914D8002900F0EF81ED
:102F000001992520D04701993078D04709F102096D
:102F1000E0E7002800F0E3810199D04709F10109B9
:102F20000394D7E7A1F12002192AE9D801A757F89D
:102F300022F000BF9D2F0000012F0000012F000094
:102F40009D2F0000012F00001D300000012F000008
:102F5000012F0000012F0000012F00006930000048
:102F60009D2F0000012F00007D300000293000005F
:102F7000012F0000373000005730000057300000AC
:102F80005730000057300000573000005730000025
:102F90005730000057300000573000000846013617
:102FA000A5E7582900F0EB80A1F16302D7B2172FF3
:102FB000A6D8172AA4D801A757F822F02532000076
:102FC000A3300000012F0000012F0000012F00009E
:102FD00083300000A3300000012F0000012F00000B
:102FE00083300000012F0000012F0000012F00009E
:102FF00059310000012F0000012F0000F9310000BD
:10300000012F0000A3300000012F0000012F00005D
:1030100059310000012F0000833000002520019964
:10302000D04709F1010955E7029A4FF0000802F074
:10303000FE020292B3E7002C0DDAB8F1000F0DDAB0
:10304000029A002A00F043810A2224EAE47402FB77
:103050000414303CA3E7B8F1000FF5DB0A2202FBB1
:103060000812A2F130089AE7B8F1000F55F8042BC6
:1030700080F22F81002A80F22E8154420222029295
:103080008DE7682903D1682B06D1482387E76C298F
:1030900002D16C2B00F02181002B7FF431AF0B4665
:1030A0007DE77A2B06D1752955F8046B14D14FF0C2
:1030B000000B0CE06C2BF6D04C2BF4D1073525F02F
:1030C0000703752903F10805D3E9006B06D1202811
:1030D0003BD1854F013C09E04FEAE67BBBF1000F95
:1030E000F5DA7642814F6BEB4B0B013C0DF12D0372
:1030F000059300230493304659460A220023FDF726
:10310000BDF9059BB446303203F8012D5A460593AC
:10311000049BBCF10A0F8B4672F1000203F1FF31F0
:1031200006460491E7D2C3F1010B30330DEB0306E1
:10313000B8F1000FA6F104066DDA029BD9077DD421
:10314000A8EB0B03A4EB0B0413E02B280ABF684F7A
:10315000684F04F1FF34C9E770290FD155F8042BEB
:103160000023FAB96FF004034FF0050B614F624E74
:10317000053C029A920770D4A04666E078216C2B39
:1031800003D1002355F8042B08E04C2BF9D1073567
:1031900025F007031D465B6855F8082B232825D129
:1031A000880621D5554F023C002601F06001A1F1AF
:1031B000390B0DF12D0E02F00F01092988BF59447A
:1031C00030310EF8011D102A4FEA121141EA037145
:1031D0004FEA131C73F1000306F1FF3008D2C6F169
:1031E000010B06F13003A1E7454FDCE7414FDBE778
:1031F00006460A466346DEE755F8046B304604F09F
:10320000CBFEB8F1000F834602DB4045A8BFC346A2
:103210004FF00008374FA8EB0B03002B92DDA4EB17
:103220000804A6E755F8043B4FF0010B8DF8183061
:10323000304F4FF0FF33013C06AE9AE7A046EAE775
:10324000029320200199D047029BB8F10108F7D5DD
:1032500024EAE472013C9144A41AB84606E00493BF
:1032600002920199D047029A049B9046424612F876
:10327000010B0028F3D11A46013A15D5002BACBF3B
:10328000C7EB03077F425B46013B15D5BBF1000F3F
:10329000A8BF5F4426464F44013E14D5002CA8BF6A
:1032A0003F1907EB080915E60493029230200199B3
:1032B000D047049B029ADFE70293019916F8010BAD
:1032C000D047029BE0E701992020D047E4E70122A4
:1032D000D5E6904663E6144661E64C235FE6484631
:1032E0000DB0BDE8F08F00BFAB9D0000F797000068
:1032F000F9970000D0A5000001980000FB9700009E
:10330000FE9700000FB41FB5002106AB53F8042B45
:10331000044800910393FFF7D3FD05B05DF804EB7B
:1033200004B07047E907000005460C4607B5C9B16F
:103330008B682A480093D1E900234521FFF7E2FF7B
:10334000636945210093D4E903232548FFF7DAFF99
:103350004521E2692348FFF7D5FF4521A2692248AC
:10336000FFF7D0FF012D2DD1EFF3058245211F4836
:10337000103AFFF7C7FFEFF31183202383F312887E
:10338000BFF36F8F1A4B53F825301A4A4521127C30
:10339000194800922A46FFF7B5FF3CB1E369C3F331
:1033A00008031BB145211548FFF7ACFF4521144820
:1033B000FFF7A8FFEFF31183202383F31288BFF3F5
:1033C0006F8FFEE7EFF31183202383F31288BFF39F
:1033D0006F8F042DD6D90B4BD7E700BF159800008F
:1033E000499800007D98000091980000C498000062
:1033F000249700009C110020DC980000099900002F
:103400002F9900000798000038B5134CD4F890307D
:10341000C3F30723013B984207D9024645210F48D1
:10342000FFF770FF6FF0150038BD0D7A0B6805F0DF
:103430001F0223F01F031A43CB686D0923F01F03FB
:1034400043EA450343F00103C4F89800C4F89C2004
:10345000C4F8A030E8E700BF00ED00E043990000A9
:10346000012938B504462FD143680021D868FDF7FB
:1034700053FC64680021E0682568FDF74DFC0823D3
:10348000C5F8003594F82C3053B1E2685368127ACD
:1034900003EBC2029A4212D845210D48FFF732FFD2
:1034A000227A52B9A36AC5F804370123C5F8083750
:1034B000C5F84C21D5F84C21AB62002038BD5979B4
:1034C0000029EDD00833E5E76FF08500F6E700BF8F
:1034D0006E99000010B5244C45212448FFF712FFD7
:1034E000A36A99013ED522484521FFF70BFF1E2014
:1034F000A36ADA0104D51F484521FFF703FF1F2007
:10350000194CA36ADB0204D51B484521FFF7FAFEDC
:103510000220A36A1C0304D518484521FFF7F2FED8
:103520002120114CA36A590304D515484521FFF702
:10353000E9FE2220A36A9A0304D512484521FFF729
:10354000E1FE2320084CA36ADB0304D50E48452185
:10355000FFF7D8FE2420A36A6FEA03436FEA134300
:10356000A36210BD1D20C3E700ED00E08C990000B0
:10357000A9990000C1990000E09900000F9A00008D
:10358000329A00005C9A00007B9A000070B5284CCB
:1035900006460D4627484521FFF7B4FEA36AD90425
:1035A0003BD525484521FFF7ADFE1720A36A1A0534
:1035B00004D522484521FFF7A5FE18201C4CA36A1C
:1035C0009B0511D51E484521FFF79CFEA26BA36AFF
:1035D000180408D545211B48FFF794FE1EB1A36AC5
:1035E00023F40043A3621920114CA36A590504D5A2
:1035F00015484521FFF786FE1A20A36ADA050ED585
:1036000012484521FFF77EFE1B20094A936A43F4C6
:103610007F43936200232B7070BD1620C6E7A36A18
:103620009B04F2D50A484521FFF76CFE1C20ECE70D
:1036300000ED00E0AB9A0000C69A0000DC9A0000A2
:10364000F49A0000129B00002C9B00004C9B000091
:10365000699B000070B5294C06460D462848452157
:10366000FFF750FEA36AD80646D526484521FFF746
:1036700049FE1120A36A190704D523484521FFF705
:1036800041FE12201D4CA36A9A0711D545211F48FF
:10369000FFF738FE626BA36A1B0608D545211C485C
:1036A000FFF730FE1EB1A36A23F08003A36213204C
:1036B000124CA36ADE0704D516484521FFF722FE07
:1036C0001420A36A9C0604D513484521FFF71AFE6F
:1036D00015200A4B9A6AD10658BF9A6A9A6A9206CE
:1036E00042BF5A6A22F400525A629A6A42F0FF02BA
:1036F0009A6200232B7070BD1020BBE700ED00E044
:103700009D9B0000B89B0000DC9A0000F09B00002D
:103710000D9C0000289C0000699B00004FF0A53321
:1037200030B5ADF50B5D8BB00DF500540434D0F819
:10373000E052036001464FF43972204604F043FC26
:103740004FF40052264901A804F03DFC01AB03F5FB
:103750000850EAB223493D3004F035FC2249234D9C
:103760000B7D04F12C0084F83C32CB694FF40472D9
:1037700063600B6A4431A36051F81C3CE36051F86C
:10378000183C2361D1F82032A361D1F81C32636167
:1037900011F8043C84F8283051F8083C636251F871
:1037A000103CE36151F80C3C2362114C04F00BFC1B
:1037B0004FF440522968206803F08FFC42F2E42362
:1037C0002968206801AA03F082FC20B10948FFF7AC
:1037D00099FD6FF01E000DF50B5D0BB030BD00BF05
:1037E0004180002041A00020C871002030740020DA
:1037F000347400204C9C00004FF0A53370B5044693
:103800000D460A4E03604FF48052306803F065FCA9
:103810004FF4397322462946306803F058FC20B132
:103820000348FFF76FFD6FF01E0070BD3474002079
:103830005E9C000038B5244D0446D0F8D0124FF4F9
:103840000052286803F049FCC0BBD4F8D0122868A5
:1038500001F50053C4F8D8321C4A4FF4005303F06A
:1038600036FC054630B11A48FFF74CFD6FF01E05D7
:10387000284638BDD4F8D032D4F8D42203F500530A
:103880009342C4F8D0321CDAD4F8E0221149A2F5F0
:103890000052C4F8E022A1F5005004F094FBD4F8E3
:1038A000E0220C4904F23D2004F08DFB0A4B204637
:1038B000196801F54051FFF79FFFD9E76FF0220526
:1038C000D6E76FF01B05D3E7347400204180002059
:1038D000709C000041A000203074002038B51546CF
:1038E0000446002847D0B2F5805F05D9234803F08D
:1038F00081FB6FF01E0038BDD0F8E032204818443C
:1039000004F061FBD4F8E0321D44B5F5005FC4F863
:10391000E0522ED32046FFF701FF1A494FF40472FC
:103920000B7D04F12C0084F83C32CB694431636098
:1039300051F8243CA36051F81C3CE36051F8183C5A
:103940002361D1F82032A361D1F81C32636111F8F0
:10395000043C84F8283051F8083C636251F8103C6C
:10396000E36151F80C3C236204F02DFB2046FFF785
:1039700061FF0020BFE76FF02000BCE7829C0000E1
:1039800041800020C871002070B5374EADF50B5D49
:10399000364D8AB0044642F2E4233168286801AA11
:1039A00003F08FFB48B13248FFF7ACFC6FF01E0507
:1039B00028460DF50B5D0AB070BD316828684FF4DC
:1039C0003973224601F5405103F07BFB0546002880
:1039D000E9D1D4F8C032013318D0BAAB03F5E853BB
:1039E000D3F8E412D4F8C8221C33914205D1D3F89D
:1039F000DC22D4F8DC329A422ED0BAAB03F5E8537D
:103A0000D3F8EC22D4F8D0329A4225D1BAAB03F5E0
:103A1000E8514FF439721C31204604F0D4FA4FF4C7
:103A2000005201A9134804F0CEFA80220DF5095185
:103A30001148013104F0C7FA6369002BB8D0A269BC
:103A40009342B5D8D4F8C03203F50073C4F8C0323D
:103A50000023C4E90533ABE7D4F8E022802AEBD891
:103A6000044804F23D21E5E730740020347400205E
:103A70008E9C00004180002041A0002000232DE901
:103A8000F04F7D4DA7B0C5E99833FEF7CFF8002879
:103A9000FBD02C69002C00F0EB80D4F8DC32002B3A
:103AA00040F0AB800A221E46DFF8D0917448B9F886
:103AB000001003929AB2914267D8DFF8C88132466B
:103AC0007148FFF71FFCD8F8003003F580433344FA
:103AD000B3F5DA2F5FD8360B06F1010A01266B4FDA
:103AE000D4F8C4124FF48052A1EB06310136386885
:103AF000B6B203F0F2FA5645F2D9D4F8C432013E18
:103B0000A3EB06339A460026DFF880B10093B9F89C
:103B10000020B3B29A4244D85D4B4FF4A8221B78E0
:103B2000D8F800100F331B03C4F8C83203F58A23FA
:103B3000C4F8CC324FF47043C4E9B432C4F8D8327C
:103B40004FF4DA23534A01F54051C4E9B02300236E
:103B5000C4F8E032A9F80030009B2046C4F8DC32FB
:103B6000FFF74AFE4FF44052D8F80010386803F0CF
:103B7000B4FA04234FF4AB21386803AA03F0A7FA80
:103B8000002865D06FF0240425E030F8022F0133BF
:103B9000063216448EE74048FFF7B4FB6FF01E0470
:103BA00019E03E48B2B202F5005330F81330991DC7
:103BB000019150F82210DBF800000DF11602ADF86B
:103BC0001030CDF8121003F07CFA40B13448FFF702
:103BD00099FB6FF01D04204627B0BDE8F08F5146D9
:103BE000019BDBF8000004AA03F071FA013608B16A
:103BF0002C48D1E7019B9A4489E70223234E049382
:103C00004FF40052D4F8D012306803F066FAE0B9ED
:103C1000D4F8D012D4F8E032234A306803F057FACF
:103C2000014618B12148FFF76DFBB7E7D4F8E02251
:103C3000D4F8D032C4F8E0021344C4F8D0324FF4C0
:103C4000AB210423306804AA98E76FF02204C2E78E
:103C5000D5F854326E6A2BB934462146144803F025
:103C6000C9F9B8E71348984704460028F5D1F3E7A7
:103C70006FF02004AFE700BFC8710020C0710020C2
:103C8000BE510020307400209F9C0000347400203E
:103C90000801002028580500C49C0000C011002025
:103CA000ED9C0000FD9C0000418000200E9D000066
:103CB000259D0000F87100202DE9F04380469146D3
:103CC0000D46ADF5017D29B12A4BDA69D3F86012B2
:103CD000521ADA610024A8450AD8002C3FD0FFF719
:103CE000CDFE3FE0002C26DBFDF7A0FF04461BE0E5
:103CF000002CF4D1A8EB0507B7F5007F28BF4FF4DF
:103D0000007769463A464846FCF756FD78BB194E9F
:103D1000F369C6F85CD23B44F361D6E998239A4232
:103D200008BFC6E998740024D6E998239A42D9D1ED
:103D3000012C08BF0024D9F8C0323D443B44C9F8E7
:103D4000C0320D4B1B78022BC5D164236B43424616
:103D5000B3FBF8F32946094803F04CF9BBE7FFF73A
:103D60008DFE044620460DF5017DBDE8F0836FF021
:103D70000904B4E7C87100203E780020429D00008D
:103D8000002210B50C4B1C7884420FD001320B2A54
:103D900003F11003F7D16FF0010010BDD268507825
:103DA000C00706D5107820B90B60F6E7DA68002A5C
:103DB000F4D16FF01200F0E7D08200002C232DE93F
:103DC000F3411E4D0F4603FB0055EB682E89D5F8D5
:103DD00020801E440423314640460DEB030203F0CD
:103DE00000FD044620B10124204602B0BDE8F08168
:103DF00046F60813BDF804206D899A421AD1BDF821
:103E000006309D4201D00324EEE7042340460DEB2B
:103E10000302A91903F0E5FC0028E4D146F60713D4
:103E2000BDF804209A42EED1BDF806302B4433444D
:103E30003B60D9E7002DF1D0E5E700BFC40F0020BB
:103E40002DE9F0415C4B05465F6800268AB0C7F358
:103E5000080486F31188BFF36F8F02F07F43B3F13C
:103E60007F4F07D102F00C03082B14D14521534892
:103E7000FFF748FA002635464FF00008E31E8DF89C
:103E80000780092B00F28380DFE803F00A767A725C
:103E900081818181817E10074CBF0D460126EBE7B1
:103EA00045214748444CFFF72DFA8DF80780E36A17
:103EB0009A0705D545214348FFF724FA002432E04C
:103EC000E36A002B02DA45213F48F5E7E36A5B002D
:103ED000F4D545213D48FFF715FA6369AA6943F413
:103EE00080736361BFF34F8FBFF36F8F636932F8E5
:103EF000022C23F480736361BFF34F8FBFF36F8F86
:103F00004DF602739A4208D0A36ADBB213B30120C4
:103F10000DF10701FFF79EFB2CE045212A682C4894
:103F2000FFF7F0F92C689DF80730002B41D12022D3
:103F3000294602A804F047F8099BAEB3C3F3080270
:103F400022B96FEA53236FEA43230993204602A95B
:103F5000FFF7EAF9A36A13F47F4F05D001200DF1B2
:103F60000701FFF713FB05E0A36AB3F5803FA5D374
:103F7000FFF7B0FA0446D6E700200DF10701C9E7C4
:103F800000200DF10701ECE74521124894E71249A2
:103F900017F4F87F114A124808BF0A46A4F110032B
:103FA0004521FFF7AFF989E723F4FF7323F00103FD
:103FB000CBE70AB0BDE8F08100ED00E0AD9D000068
:103FC000DD9D0000F99D00001F9E0000329E000054
:103FD000569E0000779E00007F9D0000949D00008B
:103FE000A09E000010B572B6002484F31388FCF77D
:103FF0000FFD23464FF0FF300C4A03F1200101333F
:10400000102B42F82100F8D100234FF0FF30074A6F
:1040100003F160010133102B42F82100F8D162B6A0
:10402000BFF34F8FBFF36F8F10BD00BF00E100E003
:104030008FB59D4A9D4B22F07F029A60BFF34F8F50
:10404000BFF36F8FD3F88820994822F47002C3F829
:104050008820984A0021121A03F0C0FF9648974A18
:104060009749121A03F0AFFF9648974A9749121AD8
:1040700003F0A9FF40F20F14002210B20121013217
:10408000FCF7F8FCA242F8D10020FDF723FA904B90
:1040900003F5006282F3088883F30A88E022834BE9
:1040A000DFF8308283F822200022DA771A765A76F7
:1040B0009A7683F82020596A41F4E021596283F806
:1040C0002320596941F010015961596941F4806117
:1040D0005961596921F008015961102119614FF0A6
:1040E000FF319962D962D3F89010090A11F0FE0FDE
:1040F0002AD0BFF35F8F7849C3F89420C3F8C0106B
:1041000002217648C3F89820C3F89C10C3F8A00099
:104110000120C3F8980000F10050C3F89C0000F59E
:10412000BF3000F5F170C3F8A00088F80010D3F894
:104130009000C0F30720814217DB0522C3F89420CA
:10414000BFF34F8FBFF36F8F654998F800404E68FB
:10415000002E00F085801F2E22D8002245216148C4
:10416000FFF7D0F86FF015047AE0C3F89810C3F8A1
:10417000A0200131DBE72046C3F89850D3F89C20FB
:1041800026F01F0602F01F021643C3F89C6003F0DE
:10419000C4FA61E04F45EED1E8B203F0BEFA5FE049
:1041A000F206DAD10A68D306D7D1104603F005F833
:1041B000164406F1FF390546484602F0FEFF8542E7
:1041C0006BD115F1160F6AD0A54268DA374BC3F8E8
:1041D0009850D3F89C00C3F89850D3F8A07020F002
:1041E0001F00824247F01F07D4D0013AC3F898500D
:1041F00022F01F00D3F8A0204F4502F01F0242EA30
:104200000002C3F8A0202046C1D003F086FA10F1C6
:10421000160FA7D0254B013FC3F89850D3F89C1038
:104220009DF80820013061F304028DF80820D3F8CE
:10423000A030009626F01F0637445B08D2B2A7EBE9
:10424000090763F3471227F01F076946C0B28DF8CC
:1042500008200397FFF7D8F810F1160F82D0441CFE
:10426000012088F80040FDF735F90220FDF732F90A
:10427000002383F30B881C4C1C4DA4F5A04686F349
:104280000B8884F3098800201A4988471846194684
:104290001A46A84718488047FEE76FF015052A46DA
:1042A000452113485CE700BF0000000000ED00E07E
:1042B00038010020C4A00020400000203801002068
:1042C00058B10000400000204000002058B100001C
:1042D000C8F0002040800020AAFF4400E1CF070082
:1042E00018970000B89E0000C8F00020E5490000C3
:1042F000E09E0000DB790000E979000030B50D4652
:10430000816887B0102302AA1039044603F069FAC5
:10431000002802DA012007B030BD1022204602A991
:1043200003F027FB00283FD11022204902A803F008
:104330003AFE00280CBF012302232B70A168012341
:10434000203921F00F0120460DF10702203903F03A
:1043500048FA0028DEDB9DF80730204603F00F0204
:104360001B096A702B7101220DF1070103F001FB9B
:1043700010B96B78042B03D901236B7000232B71C8
:10438000A2682046203A22F00F02103AA91C03F03E
:1043900001FB0028BED1A2682046203A22F00F027D
:1043A000E91C03F0F7FAB6E70323C6E7AC97000071
:1043B00030B5816885B0103921F00F04054603F04F
:1043C00093FA10220146684603F008FE1022684660
:1043D000064903F0F8FD10236A462146284603F0FB
:1043E00069FA003818BF012005B030BDAC97000055
:1043F0002DE9F04F0025DFF8F481ADF2145D04469D
:104400000E467B484921FEF77DFFD8F824305B68D3
:1044100007932B46079A2F4613449E4205F1010548
:10442000F8D8FCF715FE2A46009049217148079BF1
:10443000FEF768FF204603F05EF920B34FF4C07228
:10444000D8F85C30D8F82860534300225033013E3E
:1044500007990A449A4201D2013EF9E7AE4212D8C6
:1044600057216548FEF74EFF0799079BBA1C734317
:104470004A4362485721FEF745FF0123E3710DF2DD
:10448000145DBDE8F08FD8F820B05D4F5D4B8BAE6A
:104490003B603246202300215846D8F84C9003F068
:1044A000A0F900205A46314602F07CF92823324612
:1044B0004FF4AB21386802F004FE00287CD1336849
:1044C000514ADFF848A1934267D10A238AF80030A5
:1044D0000E234FF4AB210B93386804230BAA02F090
:1044E000F6FD002868D14A4802F084FD7168494B06
:1044F00001F5AB221960283201F5AD232833C2F350
:104500000B029A1A444BB1F5005F1A6068D201237E
:104510004248037000929AF80020414802F06AFD78
:104520006368404A03F0FF23934229D12368012B9B
:1045300026D131464846FFF7E1FE3278012A52D0B3
:10454000394B3A49032A08BF0B46F27849210292B7
:10455000B2783748019272780092364AFEF7D2FE5E
:104560003378032B0CD1484601F054FE484603F043
:1045700090FA4846A16803F07DFA4846FFF718FF15
:10458000FCF766FD492102462B48FEF7BBFE637926
:10459000012B40F097802F468EE00E2B03D10A238B
:1045A0008AF80030A2E70A2B01D10223F8E7022B98
:1045B00008BF8AF8000099E76FF024011F4802F055
:1045C00019FDD9F80820002A3FF459AFD9F8041092
:1045D000D9F80C000DF2145DBDE8F04F02F07DBD7E
:1045E000C1F3473394E7164BAFE700BFC40F002079
:1045F000179F0000409F0000779F0000A69F0000CB
:1046000034740020F88000004E4557503E7800205A
:10461000D79F0000BC01002030740020080100205A
:104620004AA0000000010004139F00000D9F00003D
:10463000A5A0000095A00000E6A000000EA00000CC
:10464000089F00002168C1F101032B44BB4232D313
:10465000B14AD8F82430127818683A44013A53F82D
:10466000322003EBC70353F8083C121A1B1A012926
:10467000099208930CD1E368022B06D0584601F04A
:10468000C9FD2146584601F02DFD484601F0C2FD06
:10469000079B594600935846DDE9082301F04EFD7B
:1046A000204601F079FD23680133236018B19B4A4D
:1046B000136801331360013F002FC3D1012323602E
:1046C000032363714FF439720021304603F086FCF6
:1046D0009AF800300A2B4BD18F4B4FF470411A7867
:1046E00000270F32120302F58A23C6F8CC324FF4AA
:1046F000A823C6E9B4138A4BDFF828E21F808A4B4F
:10470000DFF82882C3F800E0DFF824E2DF61C3F8B5
:1047100004E0D8F800E09F62C3F808E0DFF814E294
:104720001E61C3F80CE01F75C3F854724FF4DA2C05
:104730004FF4C8338048C6F8C822C6E9B00CC6F8A2
:10474000D812CDE90013CDE903C74FF48C234FF401
:1047500000610290794802F04DFC32463946D8F8A3
:104760000000FFF7A9FAB84273DD02238AF800308F
:10477000FCF76EFC492102467148FEF7C3FD714B00
:104780001B78022B40F085800DF50B784046FFF733
:10479000FBF800285DDB644E6B4A644B32601B689B
:1047A000634AC6F81080C6E901230023674AF36113
:1047B000F260B362D8F8C0223375C6F85432644B45
:1047C0009A425CDD63480DF12C0A4FF400735246A7
:1047D0005949006802F075FC00283AD14FF4007383
:1047E0003769C6E99830C6F85CA2FDF7AFF997F8CB
:1047F0003C32824633757B684FF40472F361BB68C8
:1048000007F12C013362FB6806F14400B3623B6997
:10481000F362FB6973637B6AF3633B6AB36397F884
:10482000283086F8403003F0CEFB7B69C6F8603252
:10483000BB69C6F86432D7F8E032B3F5005F03D342
:104840003846FEF7F7FF8246BAF1000F17DA082361
:104850003375042363716379042B7FF410AEDFF8A2
:10486000B8803D4898F8001002F0C4FB0126DFF83C
:10487000ACA0AE4215D9012323606371FFE5D8F8DF
:10488000C0122A4BA1F5AB21424618682839FFF720
:1048900013FAFCF7DDFB492102463048FEF732FDF2
:1048A000D9E72168B14234D82D4B98F800205B6AD3
:1048B0003244013A186853F8327003EBC60353F8D8
:1048C000083C0129A3EB0003A7EB000708930CD1D8
:1048D000E368022B06D0584601F09CFC214658465E
:1048E00001F000FC484601F095FC079B3A4659460A
:1048F00000935846089B01F021FC204601F04CFC37
:1049000023680133236020B1DAF800300133CAF89C
:1049100000300136ADE700BF08010020C0010020D3
:10492000C07100204D070000C8710020BC010020AC
:104930001D710000E97000002858050013A1000057
:10494000A5A100003E780020311D0000DD380000E8
:104950002758050034740020EFA10000CAA1000010
:10496000C40F0020002273B50446CDE9002202F0F6
:10497000C2FE28B3174E184D3368AB4203D1104620
:1049800001A9FFF71BFAF36AAB4203D16946012084
:10499000FFF714FADDE90032934288BF0193019BCF
:1049A000A36020460199FFF723FD0C4B1A68002AEB
:1049B00003DD57210A48FEF7A5FC002002B070BDB8
:1049C00001F0D6FD04F1080102F068FFA36801932D
:1049D000E7E700BFC40F00203DB8F396C0010020F8
:1049E0004EA2000001252DE98048B54B8FB0032071
:1049F0001D70FCF76FFD0420FCF76CFD4921B148E8
:104A0000FEF780FCB04C60220021204603F0E6FA5D
:104A1000AE4B0220636204F1200103F5806323653D
:104A2000FFF7AEF908BB052004F14C01FFF7A8F928
:104A300028BB80260220626A0AA90A9602F087FE35
:104A4000F8B132465721A248FEF75CFC012384F8F6
:104A500058308DF82F3094F85830FF2B40F0BB8140
:104A600045219C48FEF74EFCFEE700250222CDE9D9
:104A70000050002345219848FEF744FCFEE705223C
:104A8000F5E70A9B0520226D0AA9A3620A9602F0A7
:104A90005EFE78B1324657218D48FEF733FC84F82C
:104AA0005850002001F086FD804650B10022572169
:104AB0008A48C9E70A9B206A636502F00EFFE06539
:104AC000EFE701230A9303F10123CDE90B300D90A9
:104AD00006A9206AFFF712FC9DF81820012A00F0B1
:104AE000A6807F4B7F49032A08BF0B469DF81B20F9
:104AF000492102929DF81A207B4801929DF81920C5
:104B000000927A4AFEF7FEFBE06C08A9FFF7F6FB7D
:104B10009DF82020012A00F08C80714B7149032AF6
:104B200008BF0B469DF82320492102929DF82220C0
:104B30006D4801929DF8212000926D4AFEF7E2FB3C
:104B40009DF81830012B76D19DF81A30032B72D1C5
:104B50009DF82030012B6ED049216648FEF7D2FB2C
:104B60000223276A0D933B78022B40F09B80384646
:104B7000E56D02F0B2FE40F27F134FF4C079BE68DB
:104B80005FFA85FA503E03FB0A664FF0FF350123BA
:104B900009FB10669B4631460123384608AACDF82A
:104BA000109002F01EFE031E09F1FF3905937CDB15
:104BB0000122384608A902F0DCFE059B002878D0C7
:104BC0005B4501D008F10108A6EB0A06B9F1000F18
:104BD000E0D1B8F1010F03DD45214748FEF792FB14
:104BE0006A1C08D07F2D00F3918040F2011301353B
:104BF0000A95ADF82C30B9680123203921F00F0156
:104C0000384608AA203902F0ECFD00284DD10122D7
:104C1000384608A902F0ADFE10B101238DF820300E
:104C20009DF8203003F00F038DF82F3009E0334B4F
:104C30005CE7324B76E749213148FEF763FB0023FE
:104C40000D939DF82F309DF82D2000930A999DF823
:104C50002C302C4802F0CEF90AA802F04CFD0028B6
:104C600069D10AA8FFF77EFE9DF82F3084F85830EE
:104C7000033B012B05D803F076F910B1FF2384F82C
:104C800058309DF82F30023B022B4CD803F054F9DA
:104C9000002848D0FF2384F8583045210D48FEF7FE
:104CA00031FBFEE7052B3FF462AF00225721164887
:104CB000CAE6049AB5F1FF3F08BF154684E700BF76
:104CC0003F8000207DA20000C40F0020C407002008
:104CD000E3A2000021A4000096A2000025A300008A
:104CE000139F00000D9F0000A5A0000051A300002D
:104CF00095A000005FA3000095A30000089F00009E
:104D00007EA30000E2A30000B8A300000223803DC0
:104D10008DF82D306B1005F00105013301350A9334
:104D20008DF82C5067E794F85830FF2BB5D00AA8BF
:104D300001F040FC8AE69DF82F60012E30D101F091
:104D4000A5FC831E022B054611D830460AA902F0A5
:104D50007FF8B0B9E8B284F858008DF82F00012828
:104D600027D83FF478AEFF2384F8583073E6C0B2FA
:104D7000042884F858008DF82F00F0D9052807D0B2
:104D8000F1E7012807D0052384F858308DF82F303B
:104D900003F0E9F81CE084F858008DF82F005AE67B
:104DA00001200AA902F054F80028ECD19DF82F0048
:104DB000DEE70AA8FFF7D6FD94F85830023B022B35
:104DC0003FF649AE03F0CFF80028CCD103F0B4F899
:104DD0000028C8D13FE60020012B08900CD100210B
:104DE000084602F035F8054650B9089B0133089390
:104DF000089F012F0ED0FEE701F0DCFB0028EED06B
:104E0000102200210AA803F0E9F845216948FEF7BD
:104E100079FAFEE7236A014610220AA8D3F8048033
:104E200003F0DCF8492142466348FEF76BFAE38A57
:104E300049210093637D227D6048FEF763FA492192
:104E40005F48FEF75FFA228967234244DFF87481E6
:104E5000AA46D8F804405C4EE443DFF87091326013
:104E600004F06704C9F82833002C40F082804FF02A
:104E700001094FF0FF37E420FBF7EAFD534B544D97
:104E8000D3F84827C62022F00102C3F84827D3F8F8
:104E9000102522F00102C3F81025D3F8102522F0C6
:104EA0000202C3F81025C3F86490C3F8689088F82C
:104EB0000040C5F80873FBF7CBFDC5F82C90C5F88A
:104EC0005041D5F85031C5F84C41D5F84C31C5F8B2
:104ED0002441D5F82431C5F8004505F578354FF45F
:104EE0008270C5F80873FBF7B3FDC5F82C90C5F8C0
:104EF0005041D5F85031C5F84C41D5F84C31C5F882
:104F00002441D5F82431334BC5F80045C3F8087364
:104F1000BFF36F8F72B623462F4A03F1200101338E
:104F2000102B42F82170F8D14FF0FF3104F16003EB
:104F30000134102C42F82310F8D10024274BC3F879
:104F40000444FBF765FD84F30B8884F30A88336817
:104F50001B6883F3088884F31488BFF36F8FBFF353
:104F60006F8F33685B68984745211D48FEF7CAF983
:104F7000FEE7D8F80830E9B207FA01F202EA0300C6
:104F800010F0670F13D023EA0203C8F80830D8F8EE
:104F90000430DB4303F06703134208D009EB01132D
:104FA000C3F82CA5E30702D50E48FCF7BDF864084A
:104FB000013559E72DA4000050A400007FA4000093
:104FC0009DA40000400000202410002000200E506E
:104FD00000600C5000E0105000E100E0002008E00C
:104FE000C2A4000044000020012208B5444BC3F8CD
:104FF0000028FCF771F810B1424BC3F80C2442486A
:10500000FCF778F80830FCF775F80830FCF772F810
:105010000830FCF76FF800F5F470FCF76BF83B4ACA
:10502000D2F88C3043F44063C2F88C300022D300B5
:1050300003F57F0303F54043D3F8001401310AD090
:10504000D3F8001439B1D3F800140132D3F8043482
:10505000402A0B60EBD12A4BD3F840242AB3FCF74B
:105060002BF848B12A4BD3F834232A4B9A429EBFDF
:10507000234B294AC3F84026FCF71EF818B1274BEA
:10508000274AC3F8AC27224BD3E9D0231C2A10D1DE
:10509000012B10D134221A4BC3F82426D3F83C2616
:1050A00022F40022C3F83C2605E0C822C3F84024BD
:1050B000D5E72F2AECD0FCF70FF840B1194BD3F805
:1050C0000026D20744BF6FF00102C3F80026032375
:1050D0006FF0F801144AC2F81835144BC3F80815DC
:1050E0006FF0FF01C3F80C150849D1F88C3043F478
:1050F0004063C1F88C300023C2F8A03508BD00BF62
:10510000000012500030055000C50D5000ED00E0C9
:1051100000C0FF00001D0A1840E0A91E00A00850B2
:1051200078000A0400E0105000B0045000F00C5069
:1051300010B50A46044620B119B1054B00211B6881
:105140009847044B2046BDE810401B68184700BF35
:10515000D4000020D80000202DE9F04304460027A9
:1051600093B00DF11F05DFF8748025F01F051022A4
:1051700001231B4911F8010D013A03440B704FEA5A
:105180001323F7D1E81901F003F9A946064600BB3D
:10519000D8E90C321037013342F10002302FC8E950
:1051A0000C32E4D154B104F1300299F8003014F813
:1051B000011B4B40A24209F8013BF6D120222946AF
:1051C000064802F000FF1022064805F1200102F017
:1051D000FAFE304613B0BDE8F08300BF380100206E
:1051E0006801002058010020074A1368591C11600B
:1051F0004BB9064A4820D2F8003443F00703C2F8FE
:105200000034FBF717BC7047C40100200080045035
:1052100010B5124B1C68013C1C60ECB94820FBF730
:1052200017FC07220E4BC3F80823D3F8002422F002
:105230000702C3F80024C3F80041D3F80021C3F8E3
:105240000441D3F804214FF48072C3F80841D3F825
:105250000831044BC3F8882110BD00BFC4010020F1
:105260000080045000E100E010B51E4C4368B4EB30
:10527000132F4FEA132215D142691B4B9A420CD0CF
:1052800003F5FF437D331344012B03D80388B3F5A3
:10529000105F1DD06FF0860019E047F212130288EC
:1052A0009A42F6E7114B9A42F4D1028802F44F4336
:1052B000B3F5824F0ED1438844F212100733824275
:1052C0004FEAD30301D15B00013300200B6010BD16
:1052D0000223FAE7B2F5885FFAD143880733DB0887
:1052E000F3E700BF004E800001C0FF7F4B4E8000FF
:1052F00008B5FCF755F901230360104B0A6832B971
:10530000D3F80C211AB9D3F80821002AF6D00B687B
:105310007BB90B4B99420ED0A3F58473D3F80831B7
:10532000002B0CBF4FF0FF306FF00200FCF738F994
:1053300008BD0020FAE74FF0FF30F7E700500450B7
:105340000851045010B50446012001F007F9064B3E
:105350000649C3F800450648FFF7CAFF0446002087
:1053600001F0FCF8204610BD0050045008510450D4
:105370000850045038B5064D0C46C5F800050549DF
:105380000548FFF7B5FF10B9D5F80835236038BDDB
:1053900000500450105104500C50045040292DE985
:1053A000F04104460E462FD80378033303F003037D
:1053B000012B21D86FF0210002F0CBFB054640B94C
:1053C00013493246204602F0FEFD4021104802F00B
:1053D0001EFC2846BDE8F081637838462B44C8F8A7
:1053E0000035FFF785FF68B901352378C3F38203E1
:1053F0009D42F1D30020DFE70025DFF81880064941
:10540000064FF2E70220D7E76FF08905E1E700BF1A
:105410000000002000500450045104500450045077
:105420002DE9F7438846DDE90A791E46A849536805
:105430001446B1EB132F05464FEA132203D0A54BB8
:105440009A4240F04281A44BEB1868F10002032B12
:1054500072F1000249D2A14BEB1868F10002022B55
:1054600072F100029E4B1ED39E4A01A8C4E900239C
:105470009D4BE3604FF47053019302F03BFB019BA3
:105480000146A3602046FFF7EFFE48B9019B9F420B
:1054900002D26FF0890003E0C9F80030002070707C
:1054A00003B0BDE8F083914A01A8C4E900234FF09E
:1054B0000823E3604FF44043019302F01BFB019B80
:1054C0000146A3602046FFF7CFFE0028E8D1019BEC
:1054D0009F42DED3C9F80030854B804508BF9D420E
:1054E00014BF012302233370D8E76946284602F02F
:1054F000BEFB0028D4D1B5F1F80348F1FF38022BE8
:1055000078F10008C0F0D28002F08DFB0028C7D1EE
:105510009DF8001011F00F0240F0CB80BDF8023072
:10552000C3F3C113013BDBB2022B00F2C58071480B
:1055300001F03001C05C704B102943EA0003636046
:105540002CD16E4B2360204601A9FFF78DFE002869
:10555000A6D1019B9F429CD344F212122188914212
:1055600004BF042206F8012BC9F800309DF8003072
:105570003278C3F3011363F3010232709DF8022005
:1055800008BF07F1FF37C2F30212042A009B68D854
:10559000012A6AD870D06FF0980081E713469046D0
:1055A0009DF803105648490899B901A8CDF8048020
:1055B00002F0A0FA9DF80220019902F00F03033BCC
:1055C000A160072B7ED8DFE803F0307D0F7D7D1DC5
:1055D0002226CA0705D5062B71D850F8232048EAA1
:1055E000020849080133DFE74FF410534549C2F37D
:1055F0000212013A2380E160032A1CD8DFE802F09E
:10560000192A2C2E4FF410534FF00821EFE74FF4D6
:1056100010533D49EBE711F4A05F47F2421144F209
:10562000421318BF0B463949E1E74FF4105338498C
:10563000DDE7802262809DF8002012F0300F82D1D9
:10564000B3F5105F03D118F0030F3FF47CAF6FF098
:10565000960025E7C022EDE7FF22EBE74FF48072CA
:10566000E8E7052A97D1032206E044F212112288C6
:105670008A4214BF0222042203F03003202B00D1FF
:1056800002323378757062F384033370238803F435
:105690004F42B2F5824F04D139463046FFF77EFEC5
:1056A000FEE6B3F5885F7FF4FBAEF5E76FF08600AA
:1056B000F6E66FF08800F3E66FF09100F0E66FF029
:1056C0008300EDE66FF09200EAE66FF08B00E7E60C
:1056D000004E80004B4E8000FF3F0080FE3F008068
:1056E00003004E801271000109060006002400012B
:1056F00003C0FF7F86A50000004B4E800110800193
:1057000090830000004440040002C003000800062B
:1057100000025005BFF35F8F4FF0A3430022DA6110
:10572000BFF35F8FBFF35F8F4FF0FF321A63BFF39A
:105730005F8FBFF35F8F3422DA61BFF35F8F012287
:10574000014BC3F80423704700800450EF2938B59B
:10575000044624D903681D6815F0400522D1FFF7DF
:1057600043FD01212176FFF7D5FF104B28466360EA
:1057700023680F4A1B68C4E90355A36204F12C0394
:10578000236204F128036362E3671323C4E921233E
:1057900004F18C03E361074BA160636138BD6FF0D6
:1057A0002200FBE76FF00200F8E700BF80830000F3
:1057B00004000020C5150000014610B5164C0B6909
:1057C0001B68980302D4204601F082FE0B691A6818
:1057D0000B6812F4003216D003F58050406A10F4C2
:1057E000A02F14BF012000200028E8D132B103F51A
:1057F0008052526AD1070AD492070AD4BDE81040F9
:10580000D868FBF7B5BFD868C0F30040ECE70820C4
:1058100010BD0220FCE700BF8801002010B5154B29
:10582000186D28BB1A684FF0010C91690824C1F368
:105830000B02482A5A6528BF482211F4003F9A6596
:1058400008BF0022DA65CA0358BFC3E9150001F496
:105850007002B2F5700F08BF986D0029B8BF002222
:10586000C3E919C4B8BFC3E91922012298651A65B2
:10587000014810BDC8010020180200202DE9F04F9A
:10588000874DA1B06A780DF17709022A2B7829F0AB
:105890001F0901D1072B63D013F001044AD1DFF8AF
:1058A00004A2DFF804B2DAF800205A453FD0FFF72F
:1058B0009BFC7E4B01211C607D4B48201C607D4A77
:1058C000FBF7D8F87C4B7D4952F8040B43F8040BE6
:1058D0008B42F9D100237A4CE3667A4B236003F5BF
:1058E000C0436360FFF79AFFA8B1636DF820B3F57A
:1058F000007FCCBF4FF480634FF400730AA9A3600C
:10590000FFF738FD88BBF9200AA9FFF733FD60BB1C
:10591000FFF77EFC08E00E2002F01BF90446FFF7BB
:1059200077FC002C40F022812B78CAF800B043F0BD
:1059300001032B702B789E0706D40121624A43F0A5
:10594000020382F880152B706A782B781AB9DC076D
:1059500044BF02226A7058075CBF43F004032B70F7
:105960000024204621B0BDE8F08F584ED6E90C3215
:1059700013432BD0D6E90C32023342F10002B2F5C8
:10598000803F4CD220270DF12808102F39464FF0C8
:10599000100228BF102101234D4810F8014D013A93
:1059A000234403704FEA1323F7D14846019100F0D6
:1059B000EFFC044670BB0199002F48D1D6E90C32A8
:1059C000013342F10002C6E90C32DEE7B26B414B13
:1059D0009A42D7D000231A46F2540133402BFBD110
:1059E0000AA800F033FC80B90AA8FFF7B5FBA0B9FC
:1059F000034602460AA9CA540133302BFAD10023C8
:105A00000122C6E90C23334BB36302F0A2F804462B
:105A10000028AFD0FFF7FCFBA8E00E20F5E70AA8AE
:105A200000F014FC80B90AA8FFF796FB0446002892
:105A3000F0D103460AAA13550134302CFAD10022C2
:105A40000023C6E90C239DE76FF09204E2E74A4683
:105A500008EB010312F8010B08F8010B4345F9D1DB
:105A60009846D6E90C32013342F100027F1AC6E9AA
:105A70000C328AD13846FFF76FFB04460028C9D1A3
:105A80004FF4807303A8039302F034F8039E02F0EE
:105A9000CAF8044600B320210AA802F0B8F8B9E712
:105AA000BC070020D0000020117365008C0100208D
:105AB00088010020AC83000000C080511CD38051BD
:105AC000C801002000208051380200203801002049
:105AD00068010020B4A5B4A50422394602A802F04A
:105AE0007DFA9DF8083016F0030223F03F038DF88D
:105AF000083040F0F48039464FF0010C9DF80B302F
:105B00007B485B0850F8044B264206D00CFA07F19C
:105B10000B43012103F07F0322430137072FF1D10B
:105B200029B19DF80B1063F347018DF80B1036EA8D
:105B3000020440F0D780BDF80A30F82023F4F8734F
:105B400043F0C00303A9ADF80A30FFF713FC28B1F6
:105B5000F92003A9FFF70EFC002839D120210AA85B
:105B600002F055F86FF08A04FFF752FB2B785F07BD
:105B700000F1BB8043F0010399072B7019D55D4EEE
:105B80000027B0464FF0010A4FF003093046C6F82F
:105B900020A086F81C90013701F089FF202F06F124
:105BA0002C06F3D1002388F880352B7823F00203EC
:105BB0002B700021504B04221B6869704F48984796
:105BC0004F4B2B78DA0744BF23F001032B70C8E654
:105BD00018222146012703A802F000FA4FF602031B
:105BE0004FF0FA08DFF81C9138460993079700F048
:105BF000B5FC03ABC9F8008548464349C9F80435EC
:105C0000FFF776FB0646204600F0A8FC46B12021AF
:105C10000AA801F0FCFF6FF09204FFF7F9FAA5E77C
:105C20001C22314603A802F0D9F9384B042202A9FC
:105C300009A8089302F0C7F9BDF80A301022C3F38F
:105C4000C1130AA903A8079302F0BDF9384600F072
:105C500085FCF823C9F8003503AB48462A49C9F842
:105C60000435FFF745FB0446304600F077FC2CBBBB
:105C70001C2103A801F0CBFF4FF0FF33DFF890C0E9
:105C80001022CDE908C3BDF80A300EA9C3F3C11331
:105C900003A8079302F097F9384600F05FFCF92358
:105CA000C9F8003503AB48461749C9F80435FFF772
:105CB0001FFB0646204600F051FC16B101F0B3FF71
:105CC000A5E703A81C2101F0A2FF4046FFF73AFB1D
:105CD00000289CD120210AA801F099FF18E66FF056
:105CE0008604D8E66FF08504D5E623F0040341E787
:105CF0009083000038020020D4000020C00700205C
:105D0000BC07002000500450005104504000815155
:105D10005000815138B50E4D0446C5E90415FFF712
:105D200063FA04220B4B0C49C3F804232B68DA688E
:105D3000D20309D403F580535B6A13F4A02303D183
:105D4000C4E90053204638BD084601F0C1FBEDE729
:105D5000C801002000800450880100200422054B67
:105D600010B5C3F808230446FFF752FA0023236155
:105D7000A36410BD0080045037B56C46054600682A
:105D8000FFF7ECFF20460D49FFF7C4FF94E803003E
:105D900085E80300002100F04DFB0446686050B91F
:105DA000286801F0DDFF2868FFF706FD044610B9FA
:105DB0002868FFF7D3FF204603B030BD08820000FB
:105DC00008B5244B1B789BBBBFF35F8F4FF0A343F9
:105DD000986ABFF35F8FBFF35F8F4FF0A343DA6B17
:105DE000BFF35F8F10F0240F02F0230226D0BFF321
:105DF0005F8FDA69BFF35F8FBFF35F8F1021596345
:105E0000BFF35F8FBFF35F8F00215963BFF35F8FD5
:105E1000BFF35F8FD96BBFF35F8F4906F8D422B110
:105E2000BFF35F8FDA61BFF35F8F6FF01F0008BDB4
:105E3000094801F04DFB0028CDD1C5E74FF0FF30F8
:105E4000002AF4D1BFF35F8F1863BFF35F8F104652
:105E5000EDE700BF3F8000208C010020BFF35F8F83
:105E6000094A1368BFF35F8F43F48071BFF35F8FFC
:105E70001160BFF35F8F23F48073BFF35F8F1360F4
:105E8000BFF35F8F704700BF0010805102480B1AAC
:105E900058425841704700BF000800062DE9F04104
:105EA0001E465A4B0F460360F02104469046FFF70A
:105EB0004DFC054688B9237E57F8252058F8250063
:105EC000002B00F0A08048B3A368062B08D904F18A
:105ED000180001F0E7FE6FF044052846BDE8F081A8
:105EE000B0F1807F06D304F1180001F0DBFE6FF003
:105EF0003F05F2E7E3691A60E36998606268E36965
:105F0000D268DA60E3691033E361236903442361F3
:105F1000E3680344E360A3680133A3600135AE4244
:105F2000C9D1237E002B6ED0D4E903239A4204D03A
:105F30002268A36A52685340A362636906992046A7
:105F40009847E36904F17C02A3F11001914252D811
:105F5000012243F80C2C53F8042C42F0200243F8A1
:105F6000042C53F8082C42F0005243F8082C236A02
:105F700004F12C02A3F11001914240D8012243F810
:105F80000C2C53F8042C42F0200243F8042C53F854
:105F9000082C42F0005243F8082C636A03F15402C3
:105FA000BFF35F8F4FF0A3431A60BFF35F8F626A46
:105FB0000432BFF35F8F1A61BFF35F8FBFF35F8F50
:105FC00003225A63BFF35F8FBFF35F8F9A63BFF300
:105FD0005F8F4FF0FF3504F118066B1C7FF47DAF27
:105FE000237E83B1FFF7ECFE421C0546F8D0304615
:105FF00001F058FEF1E7103242F80C2CA6E71032FF
:1060000042F80C2CB8E76FF0200566E774970000A3
:106010002DE9F0431D46314BD9B0CDE90601CDE95C
:106020000435222120230DF13008CDE90813CDE9F4
:106030000A3207460323CDF8008009AA05A91CA847
:10604000FFF72CFF0446002843D1FE7FEB7FF609C3
:10605000DB0923494FEA467602A818BF46F080467E
:10606000FFF758FEDDE902949CBB314648461CAA66
:1060700001F0D8FE044660BB202241461C9801F086
:106080001FFE20221D9814A901F01AFE1E9C20223A
:106090002046394601F014FE2022FB7FA91803F0A8
:1060A0007F03E3771F9801F00BFE209C20222946F6
:1060B000204601F005FEEB7F484603F07F03E377BF
:1060C00001F04EFE4846FFF777FB04464846FFF7CF
:1060D00045FE204659B0BDE8F08300BF090100200D
:1060E0003897000030B50D46134B85B0044602A921
:1060F000D86CFEF703F9EB79012B0CD08DF8073043
:10610000A3682046203B23F00F010DF10702012375
:10611000203901F082FC9DF80B30012B02D1204682
:1061200001F0B7FCA968204601F0A4FC2046FEF768
:106130003FF9002005B030BDC40F00202DE9F84F15
:1061400006460F46904699460024DDF828A0DFF861
:1061500044B0A24501D800200FE0AAEB0405B5F534
:10616000806F28BF4FF4806530462B46094A04EB08
:10617000080101F036FB10B10120BDE8F88F2B4675
:106180005A46384604EB090101F094FB0028F3D18C
:106190002C44DEE73C740020F0B51D4F05463E6AF6
:1061A00085B0304601F099FB4FF4C0736A795843CB
:1061B000012AFB6D04BF00271946B4682A79A4F1AF
:1061C000500402F1FF3203FB02441CBF5900DF01FF
:1061D0002B68241A013B30463C4401FB034401F088
:1061E0007CFB0746304601F07FFB102201466846E3
:1061F00001F0F4FE2B796A468DF8003021463B46CB
:10620000304601F057FB003818BF012005B0F0BD43
:10621000C40F002038B50C4B0546DC6D01F05DFB6A
:10622000844203D2284601F058FB04464FF4C07262
:106230006243A96864425032224001232846891AE9
:1062400001F059FBC00F38BDC40F0020F8B505465A
:106250004B4C4C4EFEF7C8FFFFF700FEBFF35F8FBD
:10626000E368BFF35F8F9B08013BBFF35F8FA360C1
:10627000BFF35F8FBFF35F8F00232364BFF35F8F94
:10628000BFF35F8FF1226264BFF35F8FBFF35F8F55
:106290004FF400726263BFF35F8FBFF35F8F2660BE
:1062A000BFF35F8FBFF35F8F226BBFF35F8F510828
:1062B000C2F34202052A5AD011F0060FF2D02BBBCE
:1062C000BFF35F8F6268BFF35F8F032AEAD92E4B5B
:1062D0002B4F2E4ABFF35F8FD7F88010BFF35F8F2D
:1062E000BFF35F8F43F8041BBFF35F8F9342F1D17D
:1062F000FFF7B4FDBFF35F8F3B68BFF35F8F43F0E1
:106300000103BFF35F8F3B60BFF35F8FBFF35F8F0E
:10631000A368BFF35F8F01331B012F2B2AD9BFF373
:106320005F8F6368BFF35F8F9B002F2B25D9BFF36F
:106330005F8FD4F88030BFF35F8F3024104A291D5F
:1063400005F8013B8D424FEA132304F1FF3405D0D9
:10635000002CF5D1FEF75CFF2046F8BD002CF9D0EB
:10636000BFF35F8FD2F88030BFF35F8FE7E7FEF7B0
:106370004FFF6FE76FF03F04ECE7012392E700BFA8
:106380000010805101000400101080512010805135
:106390004FF4807310B592B0019301AB06931123B3
:1063A000204A2149CDE908230AAB079340F61102A0
:1063B0001E4BCDE90C120A9320330E9321230EAA13
:1063C0000B921B4A0290CDE910230123CDE9033241
:1063D0000F9320230593FEF707FFFFF79BF9BFF309
:1063E0005F8F4FF0A34306AA1A60BFF35F8FBFF31E
:1063F0005F8F02AA1A61BFF35F8FBFF35F8F032223
:106400005A63BFF35F8FBFF35F8F9A63BFF35F8FF2
:10641000FFF7D6FC431C0446FAD0FEF7F9FE2046EF
:1064200012B010BD04000020200000203801002020
:10643000100000202DE9F843036904469D681B689D
:106440004668B3F5003F0BD10023E364FFF7E6F99C
:106450000369002B48D12046FFF780FC122041E061
:10646000C76C002FF2D1DFF8DC90D9F84034012B53
:106470001CD0B723DFF8D08034493548C8F8003540
:10648000FEF736FF50BBB82330493148C8F8003515
:10649000FEF72EFF10BBB9232C492D48C8F8003554
:1064A000FEF726FFD0B90123C9F840340121294A5B
:1064B000136803F580539962002199625968C806F0
:1064C000FCD488060AD4D96A0121996019605968F8
:1064D00001F02300490727D40028F8D02046FFF711
:1064E0003DFC0120BDE8F8834168E36023691A6838
:1064F000236822F0FE02920503F58053920D1A6282
:1065000023691B68D80048BFE368284644BFCB1AFC
:10651000F61800230028E5D0C20742BF9A00166093
:1065200001330E444010F5E7DB6AC3F38123032BEC
:1065300001D00949CF561766022223689A600123C9
:1065400083E700BF00800450005004500451045001
:1065500004500450C8010020C4A80000034BC3F835
:106560000005D3F80024D207FBD5704700B00450D3
:106570001FB50D4B6A461C6A1023A16820461039CE
:1065800001F02FF9034640B1227845210748FCF776
:10659000B9FE0024204604B010BD1022684604490C
:1065A00001F001FDF6E700BFC40F0020A5A5000023
:1065B000AC9700002DE9F341DFF8C8800646474656
:1065C00040B10024304601F096F828B123461C461D
:1065D000002122E00346FAE7FFF7CAFF20B101A934
:1065E00001F05CF9054630B10120012C00D10020FA
:1065F00002B0BDE8F0817B6A019A596803460B44FA
:106600009A4205F10105FAD87379012B16D134BBF2
:1066100032682346AA4298BF21462C2202FB03750A
:1066200020234246286A01F0DCF80028DCD1D6B9E4
:10663000012CDCD0012308F12C08C8E7022BC5D1BE
:106640003368012B04D9AB42C0D884F00103BFE703
:10665000BCD134B13379023B18BF0123B8E72346DC
:10666000B6E72346D9E7D8F80020074B9A4205D170
:10667000012CBCD0012408F12C08A3E74FF0FF3017
:10668000B3E700BFC40F00203DB8F39630B585B026
:106690006946022001F0B0F9044610B1FF2005B0B0
:1066A00030BD052002A901F0A7F9012840D12246FA
:1066B00049213348FCF726FE324B8DF80C400293FB
:1066C00000229DF800109DF808002F4C2378042B21
:1066D00006D0052B2FD14B1E18BF0123002B39D01C
:1066E0006378042B05D0052B2CD1431E18BF012342
:1066F00083B3A378042B03D09DF803509D4229D186
:10670000E378042B03D09DF80B509D4222D12379CE
:10671000042B1BD16279022A28D11C4B1C48002271
:106720004921FCF7EFFD6079831E022BB7D9B5E74D
:106730000028C5D0B2E7A3EB010CDCF1000343EB6A
:106740000C03CBE71D1A6B426B41D1E79DF8025059
:106750009D42DFD00132032A04F10604B6D10D4870
:1067600000224921FCF7CEFD012098E7032A05D03D
:10677000094B0A49042A08BF0B46CFE7084BCDE76F
:10678000F4A5000003010303C7A80000D1A5000081
:106790003FA6000063A60000E2A50000DBA5000004
:1067A000D6A500002DE9F04FF9B002AF252304462D
:1067B00007F1E800C7E9082101F0E9FA0346A0B9AA
:1067C00007F1680207F1A80107F1E80001F01CF8E1
:1067D00058B9B7F86830012B07D1D7F8A810386A34
:1067E00007F1500200F0FDFF38B14FF0FF352846A9
:1067F00007F5EE77BD46BDE8F08F97F85030012BD6
:10680000F3D1D7E908214FF6FF7307F1500001F0EB
:10681000BEFA0028E9D1636AE16D5A684FF4C0738B
:1068200003FB012153424F311940A36A606D013BC4
:10683000534342435B1A521A934228BF13467A6E5F
:106840009A42D2D84FF0FF3507F1360307F13402F0
:1068500007F1380107F1500000F0D6FF0028C4DB33
:1068600040F0ED823A6DB96BFB8E6AB17A6D5AB128
:10687000FA6D914208D34FF6FF74934830F8022B1B
:10688000A242B2D09A42F9D1242BDDD1BB8E402B4B
:10689000ABD1386A07F1680200F0A3FF0028A4D149
:1068A0003B6A5B687B617B6A1B893B617B6ADB6857
:1068B000FB607B6A5B89BB60FEF7E0FF0546002852
:1068C00000F08C82024645218048FCF71BFD4FF00A
:1068D000FF35B9E72C2303FB0494204601F017F998
:1068E0008046002800F0C38010F18C0F06D199F883
:1068F0008035002B40F089826FF0880842464521A0
:106900007348FCF7FFFC013DE3E7204601F0FFF888
:10691000204601F0CCF880460028EFD1267F002EDB
:106920004CD101236B4A31462377626163601C229C
:1069300007F1E80001F052FBE220C7E90F6607F11A
:10694000A80101F094F98046002864D1B7F8AA3074
:10695000C3F3C113013BDBB2022B23D85E4A0021F3
:10696000D25C5E4B1343C7F8EC30DBB2002B62699C
:1069700008BF00220346C7F8FC20CDE9000007F15C
:10698000E802E220FEF74CFD10F18A0F804611D19B
:10699000D7F8EC3052491A0AB1EB132F11D0514BF2
:1069A0009A420ED0204601F082F86FF08608A5E7E3
:1069B0003446B3E778BB204601F079F86FF09608CB
:1069C0009CE707F13C0107F1E800FEF74DFC80462B
:1069D00008BB636AD7F83C8033BB434B41461B6816
:1069E000012098470346606220B307F14006C4F8CF
:1069F0002880E220CDE90086002107F1E802FEF7B9
:106A00000FFD8046C8B1606A10B1A16AFEF790FB25
:106A10000023C4E90933204601F049F818F18C0F2E
:106A200008BF6FF0870869E76FF08A08204601F019
:106A30003EF863E76FF08C08F8E7A446336807F187
:106A4000E806A3620FCEACE80F0096E807008CE8DA
:106A5000070004F1080001F04DF8237F012B1AD044
:106A6000204601F054F8804600287FF447AFA36821
:106A70002688190509D53046E168FFF707FA68B995
:106A800030462169FFF702FA40B9204601F04CF880
:106A90006FF0840832E702232377E1E76368104848
:106AA0004FEA132CB0EB132FD4E909121ED00D4B73
:106AB0009C451BD0BCF1000F18D0204601F034F8E3
:106AC0006FF085081AE700BFBC97000089A6000098
:106AD000A8A60000E230FF7F86A50000004B4E8094
:106AE000004E80004B4E8000DC00002006F44F4337
:106AF000B3F5824FE1D126F0FF00B0F5824FC7F821
:106B00001CD002D0B0F5E24FD7D1F6B2422E638846
:106B100046D1EE4603F10806F6080736F608AEEB56
:106B2000C606B546FF2B02AE40F09380A54BBB6175
:106B3000A54B9C4540F0AE80022A4ED14FF480799F
:106B40000B7807F1280A7B6007F1E80850469F4957
:106B5000FFF7E0F89AE8030088E80300D7F8EC3084
:106B6000002B3CD1D7F8E8B079685846FFF762FCB3
:106B70000346C7F8EC0090BB584601F0F1F85846C0
:106B8000FEF71AFE10F1020F834668D14046FFF768
:106B9000F3F8034618BBB9F10109D7D15B461EE0F3
:106BA000412E0DD1DE1DF6082FD0EE460736F60831
:106BB000AEEBC606B546FF2B02AE4AD1844BB6E714
:106BC000302E25D1B3F5A07F46D035D823F0200252
:106BD000C02A41D0B3F5807F3ED06FF086031846BF
:106BE00000F0B7FF10F1860F0646D7F81CD03FF42F
:106BF00064AF204600F098FF8046002E40F0DF8012
:106C000000287FF47BAE01257DE6D7F81CD054E741
:106C1000E3D8123EF6B2192EDFD801226D49B240F8
:106C20001140C9B9D207D8D5B3F5807F14D009D89F
:106C300023F02003C02BCFE7B3F5C07F0CD0B3F512
:106C4000007FC9E7B3F5C07F06D040F20922934226
:106C5000C2E7B3F5E07FBFE76FF08503BFE7002829
:106C600099D1D7F8E8A0504601F062F8DAF80CA004
:106C7000016881465246304601F0A5F95246D9F8DE
:106C80000410B01801F09FF94046FFF775F803466D
:106C900030B1A4E7B0F5824F0ED1304601F093F940
:106CA000BB695B68202B7ED02046D7F81CD000F053
:106CB0003BFF6FF0940821E64FF0200B07F1E80A44
:106CC00007F1A80839640123C7F844B05046CDF84D
:106CD000008007F1440207F14001FFF7DFF80346A7
:106CE00000287FF47CAF98F8002022F0070288F893
:106CF000002098F81F2002F07F0242F0400288F83E
:106D00001F20AAEB0B02BBF1010B1370F9D1324922
:106D100007F14800FEF7FEFFD7E91293002B7FF43E
:106D20005EAF52465946484601F07CF803460028BB
:106D30007FF455AF20224146D7F8E80000F0C0FFAD
:106D4000202207F1C801D7F8EC0000F0B9FF48464F
:106D500001F006F84846FEF72FFD7860484600F03F
:106D6000E7FFD0F800A04168202207F1C80001F039
:106D70002AF99AF8001098F83F20484642EAC112D2
:106D800088F83F20FEF7EAFF7B68002B7FF427AFEF
:106D900007F1C8012022304601F015F94021404694
:106DA00000F035FF7CE7BB683A69F9681A440A4489
:106DB0003046796907F16803FFF72AF910E7B04612
:106DC0009CE500BF94970000004E80006097000093
:106DD000A0970000200221024C970000DFF8689085
:106DE00099F88035002B3FF487AD4E464A462C4635
:106DF0001649137F022B03D153698B423FF46AADCE
:106E00000134202C02F12C02F3D100242346327FDE
:106E1000002A3FF4CDAD3CB9022A05D1326A1AB935
:106E20003279002A18BF34460133202B06F12C0694
:106E3000EDD1002C7FF469AD6FF08C085EE5002D7C
:106E40007FF4D3ACD3E400BF38020020E230FF7FF0
:106E50002DE9F0412C262C4F054606FB0076346ABE
:106E60008846204600F040FD731EF21C13F8011FF7
:106E7000814238D19342F9D1A5B12046FFF7CAF932
:106E800098F80730042B09D1386AFFF7C3F9024696
:106E900040B949211D48FCF735FA03E0FFF7F6FB3E
:106EA0000428F1D00120BDE8F081D06813891B18B7
:106EB00023D25289D21820D2A3689A421DD240F61A
:106EC0000C63194219D1104822463146FFF76AFC7B
:106ED00000B9E8E711E00023A2681946204600F057
:106EE0000AFD0B4A0CE02C236B43FA181169C80603
:106EF000C2D4F858074B9842D7D0002DEBD1064AA0
:106F000045210648C7E700BFC40F0020E8A60000DF
:106F1000DEA600003DB8F396D6A6000027A7000025
:106F200030BFFFF7FDBF00BFEFF30880EFF309812B
:106F300001B57246FCF784FF01BD00BF002080F35D
:106F40001488BFF36F8F002080F30A8880F30B88CA
:106F50000F4880F30888FEF747F800200D490860C5
:106F6000BFF34F8FFDF73EF8202080F311880A48C9
:106F70004FF40061401880F30988EFF31480022178
:106F8000084380F31488BFF36F8FFDF751F80000BA
:106F9000C8F0002094ED00E0C8F000201EF0040FBF
:106FA0000CBFEFF30880EFF30980816911F8021C30
:106FB0000229FFD001B5724600F008FD01BD00BFF7
:106FC00008B50248FCF79EF9FEE700BFD9A800000B
:106FD000014B1860704700BF0401002002390129ED
:106FE00002D8034B1B6818474FF0FF30704700BFB3
:106FF000040100200FB41FB5002106AB53F8042B89
:107000000548009102210393FBF75AFF05B05DF894
:1070100004EB04B0704700BFF57F0000D0E9012306
:107020009A421FBF0268D25C013383601ABF0020FE
:107030000A70012070470F290346F0B502D94FF6B8
:10704000FF70F0BD008820B3002210464FF0800C86
:107050008A42F6DA1E7B7EB91F88002FEFD05D884A
:107060006C1CA4B25C801D446D7BA742DD7204BF22
:107070005E801E8083F80CC01C7BDD7A40002C42B1
:1070800080B24FEA540418BF40F001001C73013273
:10709000DEE701221C7B4D1EAA409442CFDB024654
:1070A000D4E790F820302BB1013B042B02D96FF0CC
:1070B00008007047C38A002B14BF6FF0080000203F
:1070C000704710B484682468A44610BC604710B4AC
:1070D00084686468A44610BC604783689B6803B1F9
:1070E00018476FF057007047A8B1D0F8E0321A4443
:1070F000B2F5005FC0F8E0220BD3D0F8D032A2F591
:10710000005203F50053C0F8D832C0F8D032C0F8AE
:10711000E022002070476FF02000704760B1D0F887
:10712000C8321944D0F8CC32C0F8C8129942ACBF6A
:107130006FF01F00002070476FF0200070470020A4
:10714000704770B48D68002605F00305032DCB60F1
:1071500002D08E6070BC70474D688E60002DF9D0F3
:10716000AC4670BC6047038B13F0070305D103687E
:10717000002B0CBF002003207047022B05D1408B51
:10718000B0FA80F0400980007047012B05D10368F8
:10719000002B0CBF0020052070470020704710B462
:1071A000EFF31182202484F31288BFF36F8F4161C3
:1071B00010BC0121F9F71EBB704740E800F313F43F
:1071C000803FD8B208BF6FF0150070470C220369EA
:1071D000C9B201FB0233186C00F00700704770B5AC
:1071E000C9B20369EFF31185202484F31288BFF339
:1071F0006F8F0C2606FB0134246C14F0C00408D0F9
:10720000A24206D085F31188BFF36F8F4FF0FF3095
:1072100070BD012271430B441A6485F31188BFF3DA
:107220006F8F43680B445B6898470020F0E780222B
:10723000FFF7D5BFF8B5069F0469C9B2EFF3118611
:10724000202585F31288BFF36F8F0C2569430C440A
:10725000256C05F0070CBCF1010F0BD1276486F3F8
:107260001188BFF36F8FC4E90E2343685B589847BA
:107270000020F8BD05F0C005AF4286F31188BFF3CA
:107280006F8F0CBF6FF077004FF0FF30F1E713B551
:1072900080240094FFF7CEFF02B010BD6FF0850090
:1072A000704710B41C240069CBB203FB040000211A
:1072B00010BC10474FF4FA2200230020C1E900233C
:1072C000704738B50C4603210546A047002802DA6E
:1072D00010F1860F04D101212846A04700EAE07092
:1072E00038BD436800205B68DB680B60704743680B
:1072F00002EA01005B6821EA0201586000209960FF
:107300007047436800205B685960704743680020FD
:107310005B689960704743685A68136821EA030004
:107320000B40506000209360704710B503695868A7
:10733000F8B1884219D19C680868A142586000D110
:107340009860002008602AB15A680A609A685960FB
:1073500002B99960002010E0814206D108682060DF
:1073600098688142EDD19C60EBE7044600680028F4
:10737000F2D1002AE8D16FF0150010BD01298CBFB1
:107380006FF085000020704743681B68D3F83031E8
:10739000704743681B68D3F88004C3F880047047C3
:1073A00042681368D3F84C0150B10020926A1278F9
:1073B0000A70C3F84C01D3F84C2101229A6270473D
:1073C0004FF0FF30704700470020F9F7C9BE00209A
:1073D000F9F754BFF0B5044600200127054684465E
:1073E00095420AD1D4F8443133B10023C4F8443172
:1073F000D4F8443140F40030F0BDEBB29B0003F50B
:1074000080769B0807FA03F3194208D054F806E087
:10741000BEF1000F03D044F806C0A6591843013549
:10742000DEE707B5019001A8F9F73AFC019B00EBF4
:107430008300D0F8803023F4403343EA0141C0F8A0
:10744000801003B05DF804FB38B504460D46F9F72B
:1074500087FFB0B12046F9F795FF90B92046F9F7BC
:10746000A3FF012322688340C2F81833236800B2C7
:1074700003EB8003D3F8102522F00302C3F8102594
:1074800038BD2846BDE838400021FFF7CABF70B5B7
:10749000044608461646F9F759FF083034F810300C
:1074A0000D46DA0509D5C3F3432304EBC302314685
:1074B000284654F8333052689847A3682BB13146B8
:1074C0002846E268BDE87040184770BD002070474C
:1074D00003461A6822B118681A6800221A607047B9
:1074E00020BFF6E7022804D0042804D10020FAF7D0
:1074F0008BB90120FBE770472DE9F74F90F9143065
:107500000446013388469146176811D004F1160AE3
:1075100004F2231BB8F1000F25D0002594F8206059
:10752000062E20D8DFE806F0224F6A762F869400D8
:1075300000680DF10701FFF771FD18B1012003B0DC
:10754000BDE8F08F9DF807301A0903F00F030333ED
:10755000043222756375B4F91430B3F5E16FD5D0F8
:107560006FF01A00EBE76FF01400E8E701215046D6
:10757000FFF761FD4FF6FF73984222D008B903214F
:10758000A08384F8201094F82030B342C6D17E1B2B
:1075900000F08E8020680DF10701FFF73FFD002805
:1075A0007DD1E08AB0F5807F00F084802330012215
:1075B000204400F008FDE38A37460133A844E38203
:1075C000A8E73146DDE7AF4207D908215046FFF76B
:1075D00032FD4FF6FF73984201D133460BE0E38B47
:1075E000C0B25A1C54FA83F3E28383F823010023C8
:1075F00008F80500013584F82030C4E70021504622
:10760000FFF719FD4FF6FF739842E6D000020323FF
:10761000A083F0E708215046FFF70DFD4FF6FF73FA
:107620009842DAD0A38B1843002301306383A083F0
:107630000523E0E707215046FFF7FDFC4FF6FF73F7
:107640009842CAD0638B1843013006236083D2E787
:107650007B1BC2D0628B08EB05019A4228BF1A46F9
:10766000B4F81CC08818814209D1638B15449B1A59
:107670009BB2002B638314BF33460023BBE7E38B2D
:10768000A3EB0C03DBB21BF8033001F8013B94F8C9
:107690001EE00BF80E30E38B0133E383E3E7D9F808
:1076A0000030B3423FF44AAFDB1B2B44C9F8003033
:1076B000002044E76FF0130041E7084611461A46E0
:1076C00009B1FAF705BB6FF01500704708460021B5
:1076D000FAF7FEBAB1F5FA2F104610B51A4607D2DE
:1076E000C1F5FA24A34203D800F06DFC002010BDC0
:1076F0006FF01500FBE74379012B07D10368012BDD
:1077000004D10079431E5842584170470020704709
:107710000021012008B5FBF707FE30B50C684B6867
:1077200085B00A894D890094013B24F01F0423444D
:1077300002F01F0242EA451223F01F0369468DF84A
:1077400008200393FBF760FE05B030BD70472DE9BC
:10775000F04F85B00D46C0B201A91646FCF710FBEC
:1077600000283BDB019B002B38D0D3E90178D86897
:1077700002A9836803AA5B69D5F800909847DDE900
:10778000020A00231C4619460430B844514502D170
:1077900000202B6012E04FF0000CD0F800E050F811
:1077A000042C944502D301310830EFE7A74211D8E9
:1077B000A045EDD9994504D86FF00B0005B0BDE8A0
:1077C000F08F06EBC302A4EB070B46F833B0C2F808
:1077D00004E0013374440CF1010CE0E76FF0150094
:1077E000ECE7002930B40BDB84688C4208D9641ABA
:1077F000A34205D84468C068214430BCFFF761BC8F
:107800006FF0150030BC70472DE9F3411D46036849
:1078100004460E46174623B94FF0FF3002B0BDE8CC
:10782000F0814368002BF7D04FF6FF78D4E90423AA
:107830009A4216D223685B8923B1E368934204BF5E
:10784000043323610423216960680DEB0302FFF711
:10785000C8FF0028E0D1A37A2BB1D4E903329A42C1
:1078600001D30120DAE72389BDF80610434501F171
:10787000040203D0BDF804C09C450BD115B1BDF87E
:1078800004302B8023690433336039802369134427
:107890002361C3E7236913442361C7E710B48468F5
:1078A0000A46203C24F00F04A4F13001042310BC4C
:1078B000FFF797BF002930B40BDB84688C4208D9EE
:1078C000641AA34205D84468C068214430BCFFF75D
:1078D000FEBB6FF0150030BC704708B5C068836808
:1078E000DB689847006808BD08B5C0688368DB6836
:1078F0009847407908BD2DE9F04306460D461F46DE
:10790000144685B022B3836899422FD25B1A934202
:107910002CD3FFF7E2FF81463046FFF7E5FF102248
:107920000146684600F05AFB2C44C9F100089FB19B
:1079300008EA0508A4EB0905454509D04B466A4607
:1079400029463046FFF7B6FF18B95FB1454506D85E
:10795000002005B0BDE8F08308EA0408ECE7A5EBD9
:107960000905E9E74D44A845E6D8F1E74FF0FF30B7
:10797000EFE738B50C461546FFF7B6FF214625441C
:1079800011F8013B834203D1A942F9D1012038BD4E
:107990000020FCE738B50C46012311462246054677
:1079A000FFF71FFF00280FDB012221462846FFF7C3
:1079B000E0FF38B92378012B14BF022301230020F4
:1079C000237038BD0323FAE70120FAE708B5014622
:1079D0000068FBF7A9FCFFF7A3BA61B662B680F3B3
:1079E0001188BFF36F8F7047EFF31180202383F36B
:1079F0001288BFF36F8F704713B50C46C0B201A950
:107A0000FCF7BEF930B92146019802B0BDE810403C
:107A1000FCF774BC012002B010BD2DE9F0431D46F7
:107A200085B006460F469046FFF757FF6C1E04448C
:107A300040420440102C1AD83046FFF755FF8146CB
:107A40002A464146684600F0BEFA4946621B0DEBE5
:107A5000050000F0C3FA23466A4639463046FFF770
:107A600029FF003818BF012005B0BDE8F0834FF0B2
:107A7000FF30F9E7042307B5019181680DEB03029C
:107A8000203921F00F013039FFF7C7FF03B05DF84F
:107A900004FB012307B5816801AA203921F00F01F9
:107AA0008DF80430FFF7B9FF03B05DF804FB38B57B
:107AB0000446406A10B1A16AFDF73AFB0023C4E90D
:107AC0000933237F012B0FD0023B012B0FD8236AF0
:107AD000012B0CBF00256FF096052C2200212046BB
:107AE00000F07CFA284638BD236A002BF1E76FF0DE
:107AF0009605F2E70368D90444BF43F4806303604A
:107B000003689A0444BF43F4006303607047037F33
:107B1000022B06D1036A5A1C03D0013303620020F2
:107B200070476FF096007047034668B1017F8A1E68
:107B3000012A0BD80329026A03D1012A01D1FFF7D8
:107B4000B6BF1AB1013A1A62002070476FF0960072
:107B500070470A2840DCC31C22DA10F1400F47D0DE
:107B600010F13F0F2BDA10F1410F44D010F1550FF7
:107B700044D010F1490F08BF6FF0840018BF6FF0B8
:107B80008600704709282AD8DFE800F0052929086F
:107B900016293829292F6FF0980070470020704768
:107BA000C31C0D2B1BD8DFE803F0072F1A1C1A1A71
:107BB0001A1A1A1A1D1A1A1D6FF08500704710F153
:107BC000210F1ED00BDB10F1200F1DD010F1100F74
:107BD00008BF6FF09400D1E764380928D2D96FF05C
:107BE000860070476FF0940070476FF08C0070470C
:107BF0006FF0840070476FF0890070476FF093005A
:107C000070476FF0880070476FF092007047002354
:107C100013B51C4601901A460198013399428454C9
:107C2000F9D102B010BDF7B5FA206946FDF7A2FB05
:107C3000044610B1002003B0F0BD009D2F0AEDB244
:107C4000AC4205D1FA20FDF77DFB0028F2D009E017
:107C5000E6193046FDF776FB38B1304601A9FDF74D
:107C600089FB10B96FF09200E5E70134E8E713B53E
:107C70000C46FDF77FFBC31C0FD0013009D0042256
:107C80004FF0FF3321460DEB0200019300F08BF91A
:107C900030B96FF08B0002B010BD6FF08400FAE7CE
:107CA0000020F8E710B5044618B9BDE81040FDF70C
:107CB000AFBA03781BB1FDF7ABFA0023237010BDF8
:107CC0008B18991A12B110F00F0F01D100F07BB987
:107CD0000978013AC9B200F8011BF2E770B5002338
:107CE00004460D460DB162070CD125F00F06324651
:107CF0002046002100F072F90023A2192C44A24270
:107D000004D170BD04F8013B013DEBE702F8013BF3
:107D1000F5E708B5FDF7B2FD48B1002383F31188FC
:107D2000BFF36F8F0423184602DF6FF0040008BD15
:107D300030B50169D0E901344A680968C90042BF19
:107D4000C168611A5B1800210AB9183030BDD50727
:107D500042BF8D1D40F82530013123445210F3E716
:107D60000369DB682BB1026843F4202343F400630A
:107D70001360BFF35F8F032203691B6813F4003F96
:107D800003681ABF03F58053DA619A6070472DE9E2
:107D9000F7430446174699460E4629B94FF0FF3877
:107DA000404603B0BDE8F083002AF7D0CB680D89C8
:107DB00038461D44042329460DEB0302FFF711FD4D
:107DC00080460028EAD146F60812BDF804107389EF
:107DD000914224D1BDF806109942DFD104233846E0
:107DE0000DEB03022944FFF7FCFC0028D6D146F630
:107DF0000713BDF804209A42D0D10023C4E90067DC
:107E0000A4F80890A3727389BDF806202B44E360A0
:107E1000738913442B44043563612561C0E7002B4B
:107E2000E5D0BBE72DE9F74F0369D0F84C909D688A
:107E300043690446D0E9017B0E469246D3F86C8034
:107E4000B9F1000F06D0FDF789FF1025284603B0D1
:107E5000BDE8F08FFDF7E2FC43681F2B04DC2046F1
:107E6000FDF77CFF0D25F1E720232269E360B8F1DF
:107E7000000F01D013691E4313681E4346F4C00669
:107E8000236846F4F8565E6023691B68DA0003D560
:107E9000E368ABEB03031F447DBBB8F1000FD5D003
:107EA00023691B69002BD1D0D8F808304046984789
:107EB000D4E90167CDE900012369E2681B6806EB9C
:107EC000071613F0805F23D0C1F3076141F0010171
:107ED00000F03F0343F020038DF80710B2F10801D2
:107EE0008DF8003002D0B01AFFF7F8FE083E0822E5
:107EF00069463046FFF7E4FEA8E7EB0748BF4AF8BB
:107F000029704FEA650548BF09F101095F44C3E7DD
:107F1000C1F3056141F0200140F001038DF8071025
:107F2000B2F108018DF80030A6EB0706DFD006F1AC
:107F30000800FFF7D3FEDAE707B5022001A9FBF737
:107F40001FFF70B9012301986A4681688DF80030DF
:107F5000203921F00F011039FFF75FFD03B05DF804
:107F600004FB0120FAE71FB5022001A9FBF708FF77
:107F700010B1012004B010BD019C02A92046FCF7FD
:107F8000BDF90028F5D19DF80B30032BF2D1204626
:107F9000FFF77FFDEEE77047034600201A5C02B949
:107FA00070470130FAE710B55AB10139841810F85A
:107FB000012B11F8013FA04201D09A42F7D0D01A0C
:107FC00010BD1046FCE710B5431E0A44914200D193
:107FD00010BD11F8014B03F8014FF7E70346C9B292
:107FE0000244934200D1704703F8011BF9E74FF0B8
:107FF000FF307047FEF7F2BFB884FF7F010000003A
:10800000B50A0000000000000000000058800000D9
:10801000000000007880000000000000B880000030
:10802000000000009880000000000000D8800000E0
:10803000512400000000000000000000F880000053
:10804000137D000000000000D91A000000000000AD
:10805000FD1D0000000000002FA50000B8820000F8
:10806000548100003401002048110020D50B00008D
:10807000000000000000000002A500001C820000BB
:10808000308100002C01002090010020251A000002
:1080900000000000000000000DA500003482000078
:1080A000308100002E0100209C010020251A0000D4
:1080B000000000000000000018A500004C82000035
:1080C0003081000030010020A8010020251A0000A6
:1080D000000000000000000024A5000088820000CD
:1080E0007081000032010020B40100208D0F0000DB
:1080F0000000000000000000E9A4000000000000F3
:108100001881000036010020000000008D0C0000E6
:108110000000000000000000D5760000BB760000E3
:10812000CD760000750C0000B57200007D0C0000DB
:1081300079290000E3720000EF7200000373000071
:108140000D73000017730000D92B00002B73000083
:10815000000000009D7200002F7200008F7200006E
:1081600000000000CD7100000000000000000000D1
:10817000A1730000C10E00009373000082A70000ED
:108180000300000063A70000030000008DA70000AB
:1081900003000000BDA700000300000057A7000077
:1081A0000300000074A70000030000009BA700006C
:1081B000030000004FA70000030000007AA70000A2
:1081C00003000000BAA70000030000007EA7000023
:0C81D00003000000AAA70000030000004C
:1081E00000A0105000820D50000405500000000057
:1081F0000338FDD8704700000000000000000000B8
:108200000338FDD8704700000000020000000000A5
:10821000000000000000000000000000FFFF000060
:1082200000820D50000000000100000000A00D5071
:1082300000000000FF0700000004055000000000DF
:108240000200000000000000000000001F0000000D
:1082500000A01050000000000000000000C01050FE
:108260000100000024000000260000022506000195
:1082700027060003648200000400000000600C5028
:10828000748200000100000000600C50000000003B
:10829000000000007C82000000C201000000D60146
:1082A0000000000000000040000000003D780020B9
:1082B0003C78002001010000551800004912000020
:1082C000DDA40000CF730000C9730000E3A4000028
:1082D000000000000000000000F00000F880000036
:1082E0000100000000F0000000080000F88000001D
:1082F0000200000000F0000000600400F8800000B0
:108300000300000000F8000000580400F88000009E
:108310000400000000F8000000580400F88000008D
:10832000050000000050050000900100F8800000EA
:10833000060000000050050000080000F880000062
:10834000070000000058050000880100F8800000C8
:108350000800000000E0060000700000F880000047
:10836000090000000050070000700000F8800000C5
:108370000A00000000C0070000100000F8800000A4
:108380001300000063000000A300000003000000D1
:10839000000100000002000000140000002800009E
:1083A00000400000010000000200000000388A4088
:1083B0008F409440A140A640AC401548CB40AE4011
:1083C000A3400038003800380038CE40ED409D41D1
:1083D00049415641324137413C414141B941BE4199
:1083E000D7410E42FA418D411B42804162426A42AE
:1083F000774274436E4366437F432E4824460038D9
:10840000003800380038AF48D548F34863457D450B
:1084100085439D45A845BB45E345ED45CF45FC4516
:1084200015468C466E4695468E4600380038003814
:10843000284200380038003800380038003800384A
:108440000038003800380038003800381949194918
:10845000194919491949194919491949194919490C
:10846000003800380038003800380038003800384C
:10847000003800380038003800380038003800383C
:10848000003800380038003800380038003800382C
:10849000003800380038003800380038003800381C
:1084A0000038003800380038003800388C090038AF
:1084B000FFFFFF000000000010270081878A001ADC
:1084C0007B627AA678797A8D00307B627AA7787998
:1084D0007A8D003078207B6279217A220C108650C8
:1084E00082A2808182A28287828D001A003072204F
:1084F00095407AAC797B003078247B627AA88479C5
:108500007A8D00307224A7407B2479257A268562F3
:1085100086A87284868D11A68584116286A78586B9
:1085200084208621862286509A5086A6867286A846
:108530008685868D8462868D781086A67270001A74
:1085400000307ABB7879003000830030001C001CBA
:10855000001C001C001B7C22001D1310D040001AC0
:10856000001C001C001C001B7C22001D001B7C2228
:10857000001D1310DA40001A000C016A3427001A9B
:10858000006E1027001A7B62782479257A260C1059
:1085900086500E1022590E101A59848FC50811B832
:1085A00085850410295911A284871AA2111111205E
:1085B000071890A2801A9020001919A272871AA693
:1085C0001970001B7C201AA21A8013100B410E1088
:1085D0001D590410335986A21A72868D001A003074
:1085E000870811B8858211A284871AA2111111205F
:1085F000031890A2801A9020001915A281871AA250
:1086000015151520031890A2801A90200019074113
:108610008650052408250426F540865004240625A6
:108620000526F54086500C2406250B26F54086507D
:108630000B2408251A26F55000AB0C1A00300DA7A4
:1086400002720AAC060D0EA703720BAC060E026294
:108650000CA872030C8D00307DBB0203048F05A6AD
:10866000707003628650042072210E229A500070AE
:10867000108A0E240B250E26F35002728650042019
:1086800072210D229A5002721027108A0D240A2599
:108690000D26F35005A70D0E05200C2105229A503A
:1086A000007005BB030505A60E050030026286506A
:1086B000042072210D229A500070108A0D240A2580
:1086C0000D26F35000300DA70D0E05A67070027236
:1086D00086500C200D2105229A50007005BB030521
:1086E00005A60E05003002620DA7027203620EA7F6
:1086F000037201BB0D0E00BB02030D200E21802270
:1087000082AC8081812082213910A941006201A8B8
:108710000180018D012408250626B1500030032474
:10872000062508268650F340032405250A26865090
:10873000F350026286500A2072210A229A503810A1
:10874000003906200A210B229A500BA60B0C0BA80D
:108750000B050B8D38100039003002620A8E0A8F2B
:108760000B8E0B8F072787500EA8720B0C200E2143
:108770000D229A500A200E210E229A500062865035
:1087800003240D251A2608210E221A5102620081A7
:1087900007271A2072211A229A5000AB0A1A0030B9
:1087A00086500DBB08060DA6040D032406250E26D3
:1087B000F3500E2007210E229A500EA7050E0E8DA3
:1087C0000E240D250B26F34086500A2408250D267D
:1087D000F35002200D210E229A500E240C250B2658
:1087E000F340865007200A210D229A5003240C25BD
:1087F0000E26F35005A60D0E058D0030865001A7FC
:1088000000720AB9010006240A250426F55077A74C
:10881000047238100030011877A7040138100030B6
:108820000420042104229A5077A704723810003CD7
:10883000001977A704013910003C0030A0A2721083
:10884000685380A2811090A29110021096530810D4
:108850005B541410FB5439108134001A000C8650FC
:1088600033A2041002102D440810D74414105B45A5
:1088700058522620782148522621001C7A20CC42CA
:1088800058522620782148521D2079214A5226200C
:1088900026211D22001E7A20CC42585278247925A8
:1088A0007D527A20CC421120842148521120101090
:1088B0007A590E10364901218526006886AC86015A
:1088C0002EA67070C1522E2236102C2235A7868219
:1088D000006CC80811B83581EA5026201121001C0F
:1088E000262002101254112126220718B12002104E
:1088F00015540810C7541410515580210019E35223
:1089000026202621D0501122BC520068C152006C92
:108910002320361026201B220318001E8021001958
:108920002621001A001B0B102320001F001A2CBA4E
:1089300073742CBA2C2C2CA72C742DA7018677A726
:108940002D2C001AA122DC5202108D530810545411
:108950001410F65480A2807290A29072808D908D37
:10896000001A003082A2821082A2827282A8108233
:10897000001A2C2013211622071880A28182802140
:108980009020B22200193222DC5229A2322828A2D9
:10899000323131A2292525A2293030A2312222A24A
:1089A000312F2FA2301F1FA2302E2EA22F1C1CA24F
:1089B0002F2D2DA22E1919A22E2C2CA22D1616A267
:1089C0002D132FA6117030A6127031A6137013A6A6
:1089D0002C7011201121081802108D5308105454C6
:1089E0001410F654A020B121001926A62F7027A636
:1089F000307028A63170001A1120842148521D20A1
:108A0000822148528A0811B885831420112111222D
:108A1000001C05188024B1208421001E001920208C
:108A20001D211D22001C05188024B1208421001E58
:108A30000019E352262026211922001EDA501122A5
:108A4000BC5219222620BC5277A22872F81082103C
:108A500077A7850177108620CC4285A6850183A65D
:108A6000830183A6830113A272101DA619701EA68E
:108A70001A701FA613702C43585278210810E04436
:108A8000818F918F001A003077A701003810013ACA
:108A9000001A00305852042168530210395408104B
:108AA000F0543810053A001A003058522620782128
:108AB0004A52001A00305852151075536E53262032
:108AC00002214A5200302DA2A1A12EA2A12D80A2E6
:108AD000812D90A2912E001A2FA205102EA2808027
:108AE0002CA280332EA22E802DA290902EA62E2C6A
:108AF0002EA62F2E2CA72D2E2CA22C722C8D001AD8
:108B000030A691912CA681812DA230911A10E243BA
:108B100031A2A1A11810C5432EA2818131A2313109
:108B20002CA22C2D31A231332FBA2E742EA62F3128
:108B300031A62C2CD1432EA681312FA781312CA216
:108B40002C2D2EA22E2F31A62C2C2EBA2E742DA217
:108B50002D2D2FA22E2E2DA62D2D80A72F3131A702
:108B60002C80A0A230A12FA22E3190A72F2D001A69
:108B70002EA281812CA22C2DCD4331A67092ED43E3
:108B800031A77092ED4330A2A1A12FA231A131A251
:108B900030822FA22F3031A731812FA72F9130A201
:108BA0003131A0A231A12CA2813030A231302EA6C9
:108BB0002C2C31A22F2F2EA6302E80A7312E2CA7A1
:108BC0002C802EA2913031A22F2C90A7312E001A8A
:108BD000B0A2A0A0001A2EA670921B442EA77092DD
:108BE0001B442DA2A2B231A2A1A12CA281B22FA21C
:108BF000A13131A282312DA2912D2FA22E2F2EA292
:108C0000A1A22C21F543AAC3E7D3EAE32CA604745E
:108C100077A72C00381477A604707814001A2DA2B8
:108C200005102EA633332FA62D2D2EA22E2E2FA6C5
:108C30002F2D2EA22E332FA22F2F30A62F2F2EA670
:108C40002E2F2FA62E3077A22F72001A90A7709089
:108C5000908D001A2DA2A1A180A281A190A2912D98
:108C6000001A2FA205102EA280802CA280332EA2E3
:108C70002E802CA22C802DA2909030A280902EA627
:108C80002E2C2DA62D302EA62F2E2CA72D2E001AE1
:108C90002CA281A12DA281812EA62D912DA22D2D58
:108CA000A0A22C2C2CA22C2E2EA22E2E18108544E5
:108CB0002FA2A03387442FBAA0042EA62E2C80A664
:108CC0002E2F2CA6A02C2DA22DA02CA22C8090A65D
:108CD0002C2D001A702398448223984431A6839245
:108CE0002FA282A130A2A1A130A2313031A2818174
:108CF00032A22F2F29A6313231A63191A0A229A16B
:108D000031A22F312EA6812F32A630322FA69130DC
:108D100032A281322FA22F2E2CA2812F2DA2299197
:108D200080A632312CA62C2D32A62FA031A22C29C0
:108D300029A2328090A63129001A30A2A1A12DA229
:108D4000A2A22CA281A22FA282A12DA2912D30A29B
:108D500092302EA2A1A22C21A04472C494D496E4F5
:108D6000006877A772043714006C001A2DA272876E
:108D70002CA22D8177A7812C391081362CA22D9120
:108D800077A7912C39109136001A003077A605701C
:108D9000001A90A68090001A80A281A190A291A1B1
:108DA000001A31A272102CA280802DA290902EA6C3
:108DB0002C2D2FA22C2D2FA2332F2FA62F312EA7F3
:108DC0002E2F2E8D001A2CA6819130A281812DA2EA
:108DD00091912EA2A1A12CA22C2C2EA62E2E2FA634
:108DE000302D2DA7302D2CA72C2F2EA72F2E90A263
:108DF0002D2F80A22C2EA0A22E2F001A2EA670821C
:108E00002E452EA770822E452FA2A1922EA2A12E12
:108E100030A2819131A22E2F32A6912E2EA7812E23
:108E20002CA6812F2FA6912F32A22C322CA22E2FCE
:108E30002EA630312FA7303130A72C2F31A7322E5C
:108E400080A22E3090A22F31A0A23031001A2CA285
:108E5000A2812DA2A2912FA2A1922EA2A1822C21A9
:108E600032450DC528D52BE5001A80A77080808D6E
:108E7000001A5852022407257D522620CC52E65073
:108E80008750262072210A229A5038100039062075
:108E90000A210B229A500BA60C0B0BA80B070B8D6B
:108EA000381000390030E65087500A8E0A8F0B8E3A
:108EB0000B8F0DA8720B0C200D2135229A500A2021
:108EC0002B229A50EA50585208222B23022435258F
:108ED00026262653E6500081262072212C229A5005
:108EE00000AB0A2C0030E6502BA872062B8DEA50FE
:108EF000585202242B257D520820CC42000C0064DD
:108F000035A60A0CE65087503520722135229A503A
:108F10000BA7073506200B210B229A503810003979
:108F20000030000C006435A60A0CE65087500B8F09
:108F30003520722135229A50EA50585208220B23CC
:108F4000022435250D2626530030585226200B21A9
:108F500048521D2006214A52262026211D22001E8D
:108F60001D2008214A52262026211D22001E0D20E8
:108F7000CC42E65087500B200C210A229A5082A73F
:108F80000882828D0030585208220C2378240A254A
:108F90002626265300682620062100AB818000ABE0
:108FA0009190003058520620021050540810F3548B
:108FB00014105F5506240B257D521D2008214A52AE
:108FC000262026211D22001E1120CC5211240A2504
:108FD0007D520D20CC42E65087500A200D212B22D5
:108FE0009A50EA50CF550BA62B700D240B257D52BD
:108FF0000820CC428650000800B8797917A7017381
:10900000179E179E0BA2781017A217100C200E2285
:1090100080A60B7090A2721082A6907092A67070BB
:1090200068460E227AA882927A8D00300E210C2298
:1090300011A6819112A7819113A2111114A21212EB
:1090400015A6829216A7829215A2151216A21116C3
:1090500011A7131481A2131412A2171114A6151626
:1090600015A7151682A2141416A2151513A613120D
:1090700092A2160B91A2111312103B46001B0A106C
:1090800040460C210E22424606217A5608217C5683
:1090900036A2060B36A236870AA608360A8D00309D
:1090A000E650875091A2918736A2768736A29136F4
:1090B00081A2818781A6368181A28172818D91A64C
:1090C0007070001A02248F46062408217A56EA504E
:1090D0001410C447F34606217A560A8FEA5014103A
:1090E000C9471C4735A2811034A2911031A23535F1
:1090F00036A2343433A2041035A2313634A27210B1
:1091000033A2333531A7363136A6343331A7313661
:10911000318D39108134001A31A2911036A2041019
:1091200031A2313133A2721036A2363131A7313338
:1091300036A6363333A2363633A2333634A233332F
:1091400035A2343635A2353134A2313335A23572E9
:10915000358D33A7007333A73374339E339E339E0C
:10916000352433253526F55035A2351034A2343553
:1091700033A2343433A2333633A63331338D7220E5
:109180003810052081A23480818D7D1081A7008157
:10919000001A000C8650D00811B8080132A2041041
:1091A00032A6323284210C20A5570C212D2088575D
:1091B0001120AE57071880222D21C0205D57802135
:1091C000AE5700190C210C2088C75DD768E7D05036
:1091D000112217570A20B9570030001B0C200B1022
:1091E0002D206847000C86500821B6569C5632A2A6
:1091F000041032A63232920811B80A0602210C205D
:10920000A5570C212D2088571120AE570318802216
:109210002D21C0205D578021AE5700190821212043
:10922000A55721212D2088572120AE5703188022D1
:109230002D21C0205D578021AE5700190C2121221D
:109240000C205D5788C75DD768E7DA5011221757A1
:10925000212217570C20B95777A680703E1000398D
:1092600000AB0B90003031A6918136A7918131A2DD
:10927000318236A2369233A670B2734731A69181FD
:1092800036A7918131A2319236A2368233A770B2CD
:10929000734734A2A1A233A2B13335A6313631A728
:1092A000313636A7343333A6343380A2313690A218
:1092B0003533A0A23633B0A23531001A31A69181E0
:1092C00036A7918134A2313133A2313631A2A1B116
:1092D00036A2A1A131A6313136A6363636A73633AD
:1092E00034A7343180A23136A0A2363390A2333471
:1092F000B0A23134001A80A2811090A29110A0A2D5
:109300007210B0A28090001A31A6918190A791812D
:1093100080A63170A0A6A1A1B0A2B132001A35A2D8
:10932000721035A835A180A2813590A29135808D2B
:10933000908D001A082558527D520A20CC4258526E
:109340000821DB5708205F550822062302240A253E
:109350002626265377A626703E100B3900AB0B2726
:109360000030918F2CA291872DA272872CA22C2CD9
:109370002EA72C2D2CA22C332CA72C2D2DA22E2E3B
:109380002FA22E2C2DA22D2F2FA22F2F2FA22D2F2B
:109390002FA22F722F8D30A70074309E309E2F2465
:1093A00030252F26F5502FA22F872DA22F2D2FA24B
:1093B0002D2D2FA22F2C2FA72F2E2F8D391091342A
:1093C00081A22D72818D7C1081A7008177A78100F9
:1093D00037109134001A000C7B62865078231BA64C
:1093E0007D721B9E341043481B9E83241B257A26C6
:1093F000F5507A207A211B229A501BA71B831B8DC4
:109400003910003D001A00305852782078211C2273
:109410009A501CA61C041C209A501CA61C051C8DCE
:109420001C23195877A67A703D1000307AA7007A6D
:1094300000301DA77D721EA61D701E9E83241E2552
:109440007A26F550381000301EA77A723910003D88
:109450001FA283101DB91D0020A6757021A27210D5
:1094600022A6212122239E5824A6287025A67570A5
:10947000A85823A72821238D39106B4822A6222122
:109480005C481DA71D721D9E1F239E5826A21F28E3
:1094900027A2262828A72721288D381099482AA6F0
:1094A000727029A2272728A72921288D38108748DC
:1094B00029A229292AA62A727D481EA7202A28A681
:1094C000247025A61E70A8582BA6287024A22B2B2A
:1094D00020A62A7026A22B2627A2272474487AA227
:1094E00026727A8D001A003023A28372238D2324E2
:1094F0001D252326F55028A22310001A25A7257222
:109500003810001A28A22828A848061000385852F7
:10951000022407257D522620CC5200680AA60C8022
:109520000AAC0A01381000392AA67206E6502BA8A8
:10953000722A2AAC2B0187500A2006212B229A502E
:109540002BA7072B2BAC2B012A202B210B229A5067
:1095500038100039003006100038E65087500A8E67
:109560000A8F0B8E0B8F2AA60A0B2AAC2A01381001
:109570000039EA50585208222A2302240B252326B8
:109580002653E6502AA60C232AAC2A0100AB0A2A4D
:109590000030061000385852E65087502AAC0D0FA4
:1095A0002AA62A0F2A2007212A229A502AA6062A0A
:1095B0002AAC2A012BAC0A0F2BA62B0F2B202A2119
:1095C0002B229A502BBB2B0C2ABB2A0CEA50585248
:1095D00008222A230A242B250D2626530030003882
:1095E00085A9010F001A11BA010F85A78511001A6C
:1095F000007001A67070007001A77D72001A0070E3
:1096000009A67070007009BB7D0F7D210962008181
:10961000001A81620081001A0F210F260068868ED1
:10962000C15236108636006C021050590310875212
:1096300011A6267012A6277013A62870E65036A829
:10964000850F368D01213626EA508742900811B8E1
:10965000868615D418E4112012541D201121001CF7
:10966000125411211D220318C120001E1254802102
:10967000001926A6117027A6127028A6137026209E
:109680002621001C001C001C001B7C22001D262122
:1096900013106B491122BC522621E7D3EAE3001ACA
:1096A00000680F8E006C2CA20F108759021087598A
:1096B000A0A2A02C15108959001A80A2802C90A27B
:1096C000902C001AFA1ED65F008000000080000077
:1096D0003080000038800000588000005880000072
:1096E000080000000200000004000000010000006B
:1096F00000A0105000820D50000405507D000000B5
:10970000001000001000000001FF0000910B00009D
:10971000610B00000000000040000020000000007D
:10972000060001003CA500004AA500005EA500005F
:109730006DA5000079A500003D00000000000000BC
:10974000C00E000000000000000000003B00000010
:10975000000C0000000300000000000000000000FA
:1097600001000210000300000000000000000000E3
:1097700000000000200600000002000000040000BD
:109780004000000080000000400000009000000049
:109790004D5700000000600020000000C4A700003A
:1097A000000050002000000084A8000010002DE1FF
:1097B0005D29410B8D77679C110F1F8A0100020004
:1097C00010001100120020002100220023002400BC
:1097D00025003000310032003300FFFF6164647205
:1097E000657373206F722073697A65206D69736D7C
:1097F00061746368210D002D002B00307800305813
:1098000000286E696C2900556E6B6E6F776E20654F
:1098100072726F720025633A2072302F61313A20E4
:1098200020307825303878202072312F61323A206C
:1098300020307825303878202072322F61333A205A
:10984000203078253038780A0025633A2072332F8B
:1098500061343A2020307825303878207231322F28
:1098600069703A2020307825303878207231342FD2
:109870006C723A20203078253038780A0025633A17
:109880002020787073723A20203078253038780A9A
:109890000025633A204661756C74696E6720696EB5
:1098A000737472756374696F6E206164647265733A
:1098B0007320287231352F7063293A203078253093
:1098C00038780A0025633A20556E68616E646C65CD
:1098D00064204952516E3A2025640A0025633A20DB
:1098E0003E3E3E205A455048595220464154414C34
:1098F000204552524F522025643A202573206F6E26
:10990000204350552025640A0025633A204661759E
:109910006C7420647572696E6720696E746572720A
:109920007570742068616E646C696E670A0A002540
:10993000633A2048616C74696E672073797374654B
:109940006D0A0025633A204661696C656420746F76
:1099500020616C6C6F63617465206E6577204D507B
:109960005520726567696F6E2025750A0A002563A8
:109970003A20556E61626C6520746F207265616477
:109980002070696E2073746174650A0025633A2043
:109990002A2A2A2A2A205553414745204641554C18
:1099A00054202A2A2A2A2A0A0025633A2020204401
:1099B00069766973696F6E206279207A65726F0AC1
:1099C0000025633A202020556E616C69676E6564DE
:1099D000206D656D6F7279206163636573730A0032
:1099E00025633A202020537461636B206F76657283
:1099F000666C6F772028636F6E746578742061726F
:109A00006561206E6F742076616C6964290A002597
:109A1000633A2020204E6F20636F70726F6365730E
:109A2000736F7220696E737472756374696F6E738D
:109A30000A0025633A202020496C6C6567616C2020
:109A40006C6F6164206F66204558435F52455455E2
:109A5000524E20696E746F2050430A0025633A20ED
:109A60002020496C6C6567616C20757365206F669A
:109A70002074686520455053520A0025633A20201F
:109A800020417474656D707420746F20657865630F
:109A900075746520756E646566696E656420696EAF
:109AA000737472756374696F6E0A0025633A202AB5
:109AB0002A2A2A2A20425553204641554C54202A0E
:109AC0002A2A2A2A0A0025633A2020205374616337
:109AD0006B696E67206572726F720A0025633A20A7
:109AE0002020556E737461636B696E6720657272B6
:109AF0006F720A0025633A202020507265636973F3
:109B000065206461746120627573206572726F7282
:109B10000A0025633A2020204246415220416464D5
:109B2000726573733A20307825780A0025633A20ED
:109B30002020496D7072656369736520646174618A
:109B400020627573206572726F720A0025633A2075
:109B50002020496E737472756374696F6E2062752C
:109B600073206572726F720A0025633A20202046C6
:109B70006C6F6174696E672D706F696E74206C61B3
:109B80007A7920737461746520707265736572767A
:109B90006174696F6E206572726F720A0025633A94
:109BA000202A2A2A2A2A204D5055204641554C5415
:109BB000202A2A2A2A2A0A0025633A2020205374C0
:109BC00061636B696E67206572726F722028636FC4
:109BD0006E746578742061726561206D6967687460
:109BE000206265206E6F742076616C6964290A00BA
:109BF00025633A20202044617461204163636573CA
:109C0000732056696F6C6174696F6E0A0025633A40
:109C10002020204D4D46415220416464726573738B
:109C20003A20307825780A0025633A202020496EB2
:109C3000737472756374696F6E20416363657373C7
:109C40002056696F6C6174696F6E0A006D61676997
:109C50006332207772697465206572720D006D61E0
:109C600067696331207772697465206572720D00CF
:109C7000666C6173682077726974653220657272F0
:109C80000D006572726F722073697A650D006D61E7
:109C9000676963312072656164206572720D003DF1
:109CA0003D3D3D20746F74616C5F636F756E743DF4
:109CB00025640920746F7461745F73697A653D254A
:109CC000640D0A002323205468652064656C746168
:109CD0002066696C65206861732061206269672075
:109CE000766172696174696F6E210D0A00666C613C
:109CF00073682072656164206572720D00666C6124
:109D00007368207772697465206572720D00666CE5
:109D100061736820777269746520657272203D20D6
:109D200025640D0A004170706C792070617463685D
:109D30002066696C65207265736C74203D20256413
:109D40000A002D2D2D2D2D2D2D2D2D2D2D2D70611C
:109D50007463685F6F66667365743D25640920707F
:109D6000617463685F73697A653D25640920707268
:109D70006F6772657373203D20256425250A0052A4
:109D80006573657276656420457863657074696F84
:109D90006E20280053707572696F757320696E7438
:109DA0006572727570742028495251200025633AFB
:109DB00020535053454C20696E207468726561646D
:109DC000206D6F646520646F6573206E6F74206909
:109DD0006E646963617465205053500A0025633ACC
:109DE000202A2A2A2A2A2048415244204641554CFA
:109DF00054202A2A2A2A2A0A0025633A20202042AF
:109E00007573206661756C74206F6E20766563745F
:109E10006F72207461626C6520726561640A00254E
:109E2000633A2020204465627567206576656E740C
:109E30000A0025633A2020204661756C7420657302
:109E400063616C6174696F6E20287365652062655B
:109E50006C6F77290A0025633A20415243485F45D9
:109E60005843455054207769746820726561736F58
:109E70006E2025780A0A0025633A202A2A2A2A2AEF
:109E8000204465627567206D6F6E69746F7220651E
:109E90007863657074696F6E202A2A2A2A2A0A005C
:109EA00025633A202A2A2A2A2A2025732025642974
:109EB000202A2A2A2A2A0A0025633A20506172742D
:109EC0006974696F6E2025753A2073616E697479C3
:109ED00020636865636B206661696C65642E0A00A7
:109EE00025633A20496E76616C696420756E6465FD
:109EF000726C79696E6720726567696F6E20696E32
:109F00006465782025750A00676F6F6400756E734D
:109F10006574006261640025633A20537461727451
:109F2000696E672073776170207573696E67206D45
:109F30006F766520616C676F726974686D2E0A00B8
:109F400025633A206C6173745F6964783D25640908
:109F500020736563746F725F737A3D2564092053C3
:109F6000746172742044656C7461204446552061AC
:109F7000742025750A0A0025633A204E6F74206507
:109F80006E6F7567682066726565207370616365C2
:109F900020746F2072756E20737761702075706702
:109FA000726164650A0025633A2072657175697291
:109FB000656420256420627974657320627574205D
:109FC0006F6E6C792025642061726520617661690D
:109FD0006C61626C650A000D0A736F7572636520AF
:109FE00068617368206973206D6174636865642CAF
:109FF000206E6F772073746172742064656C746175
:10A0000020757067726164652121210D0A007265F7
:10A01000743D256409726561642070617463682011
:10A0200066696C65206572726F722C206578697440
:10A030002064656C74612075706461746520707251
:10A040006F636573732121210A0023237061746398
:10A05000685F73697A65203D20256409206F70462A
:10A060006C6167203D202530325809206D6F766580
:10A070005F75705F70616765733D25640920737457
:10A08000617475735F616464726573733D305825E4
:10A090006C580D0A005365636F6E646172792069B4
:10A0A0006D6167650025633A2025733A206D61670D
:10A0B00069633D25732C20737761705F74797065D7
:10A0C0003D307825782C20636F70795F646F6E6502
:10A0D0003D307825782C20696D6167655F6F6B3D39
:10A0E000307825780A0025633A203D3D3D3D3D3DD1
:10A0F0003D3D3D3D3D3D5374617274207365637415
:10A100006F72206D6F7665207570206174202575E3
:10A110000A0A000A54726176657273653A206D63AB
:10A1200075626F6F745F7061643D30582558092007
:10A1300066726F6D5F63757272656E743D3058251F
:10A140006C58092073697A653D3078255809207468
:10A150006F5F63757272656E743D3058256C580977
:10A160002073697A653D30782558092070617463E1
:10A17000685F63757272656E743D3058256C58095E
:10A180002070617463685F656E643D3058256C585B
:10A1900009206261636B75705F616464723D305861
:10A1A000256C580A0025633A203D3D3D3D3D3D3D2F
:10A1B0003D3D3D3D3D547261766572736520656E2F
:10A1C000642061742025750A0A0025633A203D3D0C
:10A1D0003D3D3D3D3D3D3D3D3D3D4170706C7969AE
:10A1E0006E6720656E642061742025750A0A00215F
:10A1F0002121546865726520697320736F6D6574E1
:10A2000068696E672077726F6E6720647572696E19
:10A2100067206170706C792C206C657427732072D4
:10A220006573746F726520746865206F6C64206953
:10A230006D6167652E206D6F76655F646F776E5F09
:10A2400070616765733D25642121210D0A00256336
:10A250003A20256420737461747573207772697471
:10A2600065206661696C7320706572666F726D69D6
:10A270006E672074686520737761700A0025633A01
:10A28000205374617274696E6720626F6F746C6FB3
:10A29000616465720A0025633A204661696C6564F1
:10A2A00020746F206F70656E20666C61736820612A
:10A2B0007265612049442025642028696D616765C5
:10A2C00020256420736C6F74202564293A2025644E
:10A2D0002C2063616E6E6F7420636F6E74696E758F
:10A2E000650A0025633A204661696C6564207265E1
:10A2F0006164696E6720736563746F72733B20429B
:10A300004F4F545F4D41585F494D475F534543544C
:10A310004F52533D2564202D20746F6F20736D6163
:10A320006C6C3F0A0025633A204661696C656420C5
:10A3300072656164696E6720696D61676520686533
:10A3400061646572733B20496D6167653D25750ADF
:10A35000005072696D61727920696D6167650025D1
:10A36000633A20426F6F7420736F757263653A2091
:10A370007072696D61727920736C6F740A00256365
:10A380003A20426F6F7420736F757263653A206E66
:10A390006F6E650A0025633A2044657465637465D1
:10A3A0006420696E636F6E73697374656E74207375
:10A3B0007461747573210A0025633A204661696CE3
:10A3C00065642072656164696E6720626F6F7420D6
:10A3D0007374617475733B20496D6167653D2575C4
:10A3E0000A0041667465723A62732D3E6964783D75
:10A3F0002564092062732D3E6F703D25640920207D
:10A4000062732D3E73746174653D25640920627327
:10A410002D3E737761705F747970653D25640D0A18
:10A420000025633A2070616E6963210A0025633A52
:10A4300020556E61626C6520746F2066696E6420C1
:10A44000626F6F7461626C6520696D6167650A0097
:10A4500025633A20426F6F746C6F6164657220638C
:10A460006861696E6C6F61642061646472657373A6
:10A47000206F66667365743A20307825780A002567
:10A48000633A20496D6167652076657273696F6E06
:10A490003A207625642E25642E25640A0025633A29
:10A4A000204A756D70696E6720746F20746865202E
:10A4B000666972737420696D61676520736C6F746F
:10A4C0000A0025633A204E657665722073686F75C1
:10A4D0006C642067657420686572650A006866634D
:10A4E0006C6B006C66636C6B007272616D2D636FD8
:10A4F0006E74726F6C6C657240353030346230301F
:10A5000030006770696F40643832303000677069BE
:10A510006F403530343030006770696F40313061E2
:10A520003030300075617274406336303030006313
:10A530006C6F636B403130653030300043505520D4
:10A54000657863657074696F6E00556E68616E64DE
:10A550006C656420696E74657272757074005374F2
:10A5600061636B206F766572666C6F77004B657206
:10A570006E656C206F6F7073004B65726E656C203A
:10A5800070616E6963000103020001020007182375
:10A59000232323232323232323232323000104050D
:10A5A000020608090F25633A204661696C6564203C
:10A5B000746F2072656164207374617475732066B2
:10A5C000726F6D2025642C206572722025640A0A42
:10A5D0000074657374007065726D007265766572E3
:10A5E00074004255473B2063616E27742068617098
:10A5F00070656E0025633A205365636F6E64617207
:10A600007920696D616765206F6620696D61676596
:10A610002070616972202825642E292069732075B5
:10A620006E726561636861626C652E20547265614B
:10A630007420697420617320656D7074790A002537
:10A64000633A20496D61676520696E6465783A20D8
:10A6500025642C205377617020747970653A202529
:10A66000730A0025633A20496D61676520696E644D
:10A6700065783A2025642C205377617020747970B6
:10A68000653A206E6F6E650A0025633A205053418B
:10A690002063727970746F20696E697420666169D5
:10A6A0006C65642025640A0025633A2045443235F0
:10A6B000353139207369676E61747572652076650E
:10A6C00072696669636174696F6E206661696C6541
:10A6D000642025640A007072696D61727900736587
:10A6E000636F6E646172790025633A20436C656123
:10A6F00072656420696D61676520256420707269E8
:10A700006D61727920736C6F7420747261696C650D
:10A71000722064756520746F20737475636B20728A
:10A7200065766572740A0025633A20496D61676534
:10A7300020696E2074686520257320736C6F742007
:10A740006973206E6F742076616C6964210A006DF4
:10A750006375626F6F7400656432353531395F70CF
:10A7600073610063627072696E74665F7061636BBF
:10A7700061676500666C617368006D707500736F6A
:10A78000630063616368655F6E72667800636C6F17
:10A79000636B5F636F6E74726F6C00666C6173687D
:10A7A0005F6E72665F7272616D00756172745F6E6A
:10A7B0007266785F7561727465006F7300637261B1
:10A7C00063656E00EDFFFFFFFFFFFFFFFFFFFFFF71
:10A7D000FFFFFFFFFFFFFFFFFFFFFFFFFFFFFFFF89
:10A7E000FFFFFF7FEDD3F55C1A631258D69CF7A2EA
:10A7F000DEF9DE1400000000000000000000000090
:10A80000000000101AD5258F602D56C9B2A72595D6
:10A8100060C72C695CDCD6FD31E2A4C0FE536ECD6E
:10A82000D3366921586666666666666666666666DB
:10A8300066666666666666666666666666666666B8
:10A8400066666666A3785913CA4DEB75ABD841416D
:10A850004D0A700098E879777940C78C73FE6F2BAA
:10A86000EE6C0352B0A00E4A271BEEC478E42FAD65
:10A870000618432FA7D7FB3D99004D2B0BDFC14F87
:10A880008024832BEDFFFFFFFFFFFFFFFFFFFFFF94
:10A89000FFFFFFFFFFFFFFFFFFFFFFFFFFFFFFFFC8
:10A8A000FFFFFF7F066D07000000000000000000B2
:10A8B0000000000000000000000000000000000098
:10A8C00000000000203042040104030402040104DB
:10A8D000010403010403040104657869740A00009B
:10A8E0000000000011770000000000001177000058
:10A8F0000000000011770000000000001177000048
:10A900000000000011770000000000001177000037
:10A910000000000011770000000000001177000027
:10A920000000000011770000000000001177000017
:10A930000000000011770000000000001177000007
:10A9400000000000117700000000000011770000F7
:10A9500000000000117700000000000011770000E7
:10A9600000000000117700000000000011770000D7
:10A9700000000000117700000000000011770000C7
:10A9800000000000117700000000000011770000B7
:10A9900000000000117700000000000011770000A7
:10A9A0000000000011770000000000001177000097
:10A9B0000000000011770000000000001177000087
:10A9C0000000000011770000000000001177000077
:10A9D0000000000011770000000000001177000067
:10A9E0000000000011770000000000001177000057
:10A9F0000000000011770000000000001177000047
:10AA00000000000011770000000000001177000036
:10AA10000000000011770000000000001177000026
:10AA20000000000011770000000000001177000016
:10AA30000000000011770000000000001177000006
:10AA400000000000117700000000000011770000F6
:10AA500000000000117700000000000011770000E6
:10AA600000000000117700000000000011770000D6
:10AA700000000000117700000000000011770000C6
:10AA800000000000117700000000000011770000B6
:10AA900000000000117700000000000011770000A6
:10AAA0000000000011770000000000001177000096
:10AAB0000000000011770000000000001177000086
:10AAC0000000000011770000000000001177000076
:10AAD0000000000011770000000000001177000066
:10AAE0000000000011770000000000001177000056
:10AAF0000000000011770000000000001177000046
:10AB00000000000011770000000000001177000035
:10AB10000000000011770000000000001177000025
:10AB200000000000F1160000000000001177000096
:10AB30000000000011770000000000001177000005
:10AB400000000000117700000000000011770000F5
:10AB500000000000117700000000000011770000E5
:10AB600000000000117700000000000011770000D5
:10AB700000000000117700000000000011770000C5
:10AB800000000000117700000000000011770000B5
:10AB900000000000117700000000000011770000A5
:10ABA0000000000011770000000000001177000095
:10ABB0000000000011770000000000001177000085
:10ABC0000000000011770000000000001177000075
:10ABD0000000000011770000000000001177000065
:10ABE0000000000011770000000000001177000055
:10ABF0000000000011770000000000001177000045
:10AC00000000000011770000000000001177000034
:10AC10000000000011770000000000001177000024
:10AC20000000000011770000000000001177000014
:10AC30000000000011770000000000001177000004
:10AC400000000000117700000000000011770000F4
:10AC500000000000117700000000000011770000E4
:10AC600000000000117700000000000011770000D4
:10AC700000000000117700000000000011770000C4
:10AC800000000000117700000000000011770000B4
:10AC900000000000117700000000000011770000A4
:10ACA0000000000011770000000000001177000094
:10ACB0000000000011770000000000001177000084
:10ACC0000000000011770000000000001177000074
:10ACD0000000000011770000000000001177000064
:10ACE0000000000011770000000000001177000054
:10ACF0000000000011770000000000001177000044
:10AD00000000000011770000000000001177000033
:10AD10000000000011770000000000001177000023
:10AD20000000000011770000000000001177000013
:10AD30000000000011770000000000001177000003
:10AD400000000000117700000000000011770000F3
:10AD500000000000117700000000000011770000E3
:10AD600000000000117700000000000011770000D3
:10AD700000000000117700000000000011770000C3
:10AD800000000000117700000000000011770000B3
:10AD900000000000117700000000000011770000A3
:10ADA0000000000011770000000000001177000093
:10ADB0000000000011770000000000001177000083
:10ADC0000000000011770000000000001177000073
:10ADD0000000000011770000000000001177000063
:10ADE0000000000011770000000000001177000053
:10ADF0000000000011770000000000001177000043
:10AE00000000000011770000000000001177000032
:10AE10000000000011770000000000001177000022
:10AE20000000000011770000000000001177000012
:10AE30000000000011770000000000001177000002
:10AE400000000000117700000000000011770000F2
:10AE500000000000117700000000000011770000E2
:10AE600000000000117700000000000011770000D2
:10AE700000000000117700000000000011770000C2
:10AE800000000000117700000000000011770000B2
:10AE900000000000117700000000000011770000A2
:10AEA0000000000011770000000000001177000092
:10AEB0000000000011770000000000001177000082
:10AEC0000000000011770000000000001177000072
:10AED0000000000011770000000000001177000062
:10AEE0000000000011770000000000001177000052
:10AEF0000000000011770000000000001177000042
:10AF00000000000011770000000000001177000031
:10AF1000D880000089730000000000001177000055
:10AF20000000000011770000000000001177000011
:10AF30000000000011770000000000001177000001
:10AF400000000000117700000000000011770000F1
:10AF500000000000117700000000000011770000E1
:10AF600000000000117700000000000011770000D1
:10AF700000000000117700000000000011770000C1
:10AF800000000000117700000000000011770000B1
:10AF900000000000117700000000000011770000A1
:10AFA0000000000011770000000000001177000091
:10AFB000000000001177000009220000C7730000A4
:10AFC0000000000011770000000000001177000071
:10AFD0000000000011770000000000001177000061
:10AFE0000000000011770000000000001177000051
:10AFF0000000000011770000000000001177000041
:10B00000112E0000C773000000000000117700003F
:10B010000000000011770000000000001177000020
:10B020000000000011770000000000001177000010
:10B030000000000011770000000000001177000000
:10B0400000000000117700000000000011770000F0
:10B0500000000000117700000000000011770000E0
:10B0600000000000117700000000000011770000D0
:10B0700000000000117700000000000011770000C0
:10B0800000000000117700000000000011770000B0
:10B0900000000000117700000000000011770000A0
:10B0A0000000000011770000000000001177000090
:10B0B0000000000011770000000000001177000080
:10B0C0000000000011770000000000001177000070
:10B0D0000000000011770000000000001177000060
:10B0E0000000000011770000000000001177000050
:10B0F0000000000011770000000000001177000040
:10B100000000000011770000892D0000C7730000C7
:10B11000000000001177000000000000117700001F
:10B12000000000001177000000000000117700000F
:10B1300000000000117700000000000011770000FF
:10B14000000000001177000019220000C773000002
:10B150000000000011770000000000006700000000
:10B1600000000000000000000000000000000000DF
:10B1700000000000000000000000000000000000CF
:10B1800000000000000000000000000000000000BF
:10B1900000000000000000000000000000000000AF
:10B1A000000000000000000000000000000000009F
:10B1B000000000000000000000000000000000008F
:10B1C000000000000000000000000000000000007F
:10B1D000000000000000000000000000000000006F
:10B1E000000000000000000067742000DD7F000008
:10B1F000B9710000CD740000E0000020E0000020E4
:10B200002D1E000000000000FF000000FF000000F5
:10B210000F0000000090D0033F710000EF7F00009E
:10B220000853696745643235353139206E6F2045E2
:10B2300064323535313920636F6C6C6973696F6EB8
:10B24000730100000000000000000000000000008A
:04B2500015E015E010
:10F000003DB8F3960000000000080000BC2A010093
:10F0100000000000000000000000000000000000F0
:10F02000FFFFFFFFFFFFFFFFFFFFFFFFFFFFFFFFF0
:10F03000FFFFFFFFFFFFFFFFFFFFFFFFFFFFFFFFE0
:10F04000FFFFFFFFFFFFFFFFFFFFFFFFFFFFFFFFD0
:10F05000FFFFFFFFFFFFFFFFFFFFFFFFFFFFFFFFC0
:10F06000FFFFFFFFFFFFFFFFFFFFFFFFFFFFFFFFB0
:10F07000FFFFFFFFFFFFFFFFFFFFFFFFFFFFFFFFA0
:10F08000FFFFFFFFFFFFFFFFFFFFFFFFFFFFFFFF90
:10F09000FFFFFFFFFFFFFFFFFFFFFFFFFFFFFFFF80
:10F0A000FFFFFFFFFFFFFFFFFFFFFFFFFFFFFFFF70
:10F0B000FFFFFFFFFFFFFFFFFFFFFFFFFFFFFFFF60
:10F0C000FFFFFFFFFFFFFFFFFFFFFFFFFFFFFFFF50
:10F0D000FFFFFFFFFFFFFFFFFFFFFFFFFFFFFFFF40
:10F0E000FFFFFFFFFFFFFFFFFFFFFFFFFFFFFFFF30
:10F0F000FFFFFFFFFFFFFFFFFFFFFFFFFFFFFFFF20
:10F10000FFFFFFFFFFFFFFFFFFFFFFFFFFFFFFFF0F
:10F11000FFFFFFFFFFFFFFFFFFFFFFFFFFFFFFFFFF
:10F12000FFFFFFFFFFFFFFFFFFFFFFFFFFFFFFFFEF
:10F13000FFFFFFFFFFFFFFFFFFFFFFFFFFFFFFFFDF
:10F14000FFFFFFFFFFFFFFFFFFFFFFFFFFFFFFFFCF
:10F15000FFFFFFFFFFFFFFFFFFFFFFFFFFFFFFFFBF
:10F16000FFFFFFFFFFFFFFFFFFFFFFFFFFFFFFFFAF
:10F17000FFFFFFFFFFFFFFFFFFFFFFFFFFFFFFFF9F
:10F18000FFFFFFFFFFFFFFFFFFFFFFFFFFFFFFFF8F
:10F19000FFFFFFFFFFFFFFFFFFFFFFFFFFFFFFFF7F
:10F1A000FFFFFFFFFFFFFFFFFFFFFFFFFFFFFFFF6F
:10F1B000FFFFFFFFFFFFFFFFFFFFFFFFFFFFFFFF5F
:10F1C000FFFFFFFFFFFFFFFFFFFFFFFFFFFFFFFF4F
:10F1D000FFFFFFFFFFFFFFFFFFFFFFFFFFFFFFFF3F
:10F1E000FFFFFFFFFFFFFFFFFFFFFFFFFFFFFFFF2F
:10F1F000FFFFFFFFFFFFFFFFFFFFFFFFFFFFFFFF1F
:10F20000FFFFFFFFFFFFFFFFFFFFFFFFFFFFFFFF0E
:10F21000FFFFFFFFFFFFFFFFFFFFFFFFFFFFFFFFFE
:10F22000FFFFFFFFFFFFFFFFFFFFFFFFFFFFFFFFEE
:10F23000FFFFFFFFFFFFFFFFFFFFFFFFFFFFFFFFDE
:10F24000FFFFFFFFFFFFFFFFFFFFFFFFFFFFFFFFCE
:10F25000FFFFFFFFFFFFFFFFFFFFFFFFFFFFFFFFBE
:10F26000FFFFFFFFFFFFFFFFFFFFFFFFFFFFFFFFAE
:10F27000FFFFFFFFFFFFFFFFFFFFFFFFFFFFFFFF9E
:10F28000FFFFFFFFFFFFFFFFFFFFFFFFFFFFFFFF8E
:10F29000FFFFFFFFFFFFFFFFFFFFFFFFFFFFFFFF7E
:10F2A000FFFFFFFFFFFFFFFFFFFFFFFFFFFFFFFF6E
:10F2B000FFFFFFFFFFFFFFFFFFFFFFFFFFFFFFFF5E
:10F2C000FFFFFFFFFFFFFFFFFFFFFFFFFFFFFFFF4E
:10F2D000FFFFFFFFFFFFFFFFFFFFFFFFFFFFFFFF3E
:10F2E000FFFFFFFFFFFFFFFFFFFFFFFFFFFFFFFF2E
:10F2F000FFFFFFFFFFFFFFFFFFFFFFFFFFFFFFFF1E
:10F30000FFFFFFFFFFFFFFFFFFFFFFFFFFFFFFFF0D
:10F31000FFFFFFFFFFFFFFFFFFFFFFFFFFFFFFFFFD
:10F32000FFFFFFFFFFFFFFFFFFFFFFFFFFFFFFFFED
:10F33000FFFFFFFFFFFFFFFFFFFFFFFFFFFFFFFFDD
:10F34000FFFFFFFFFFFFFFFFFFFFFFFFFFFFFFFFCD
:10F35000FFFFFFFFFFFFFFFFFFFFFFFFFFFFFFFFBD
:10F36000FFFFFFFFFFFFFFFFFFFFFFFFFFFFFFFFAD
:10F37000FFFFFFFFFFFFFFFFFFFFFFFFFFFFFFFF9D
:10F38000FFFFFFFFFFFFFFFFFFFFFFFFFFFFFFFF8D
:10F39000FFFFFFFFFFFFFFFFFFFFFFFFFFFFFFFF7D
:10F3A000FFFFFFFFFFFFFFFFFFFFFFFFFFFFFFFF6D
:10F3B000FFFFFFFFFFFFFFFFFFFFFFFFFFFFFFFF5D
:10F3C000FFFFFFFFFFFFFFFFFFFFFFFFFFFFFFFF4D
:10F3D000FFFFFFFFFFFFFFFFFFFFFFFFFFFFFFFF3D
:10F3E000FFFFFFFFFFFFFFFFFFFFFFFFFFFFFFFF2D
:10F3F000FFFFFFFFFFFFFFFFFFFFFFFFFFFFFFFF1D
:10F40000FFFFFFFFFFFFFFFFFFFFFFFFFFFFFFFF0C
:10F41000FFFFFFFFFFFFFFFFFFFFFFFFFFFFFFFFFC
:10F42000FFFFFFFFFFFFFFFFFFFFFFFFFFFFFFFFEC
:10F43000FFFFFFFFFFFFFFFFFFFFFFFFFFFFFFFFDC
:10F44000FFFFFFFFFFFFFFFFFFFFFFFFFFFFFFFFCC
:10F45000FFFFFFFFFFFFFFFFFFFFFFFFFFFFFFFFBC
:10F46000FFFFFFFFFFFFFFFFFFFFFFFFFFFFFFFFAC
:10F47000FFFFFFFFFFFFFFFFFFFFFFFFFFFFFFFF9C
:10F48000FFFFFFFFFFFFFFFFFFFFFFFFFFFFFFFF8C
:10F49000FFFFFFFFFFFFFFFFFFFFFFFFFFFFFFFF7C
:10F4A000FFFFFFFFFFFFFFFFFFFFFFFFFFFFFFFF6C
:10F4B000FFFFFFFFFFFFFFFFFFFFFFFFFFFFFFFF5C
:10F4C000FFFFFFFFFFFFFFFFFFFFFFFFFFFFFFFF4C
:10F4D000FFFFFFFFFFFFFFFFFFFFFFFFFFFFFFFF3C
:10F4E000FFFFFFFFFFFFFFFFFFFFFFFFFFFFFFFF2C
:10F4F000FFFFFFFFFFFFFFFFFFFFFFFFFFFFFFFF1C
:10F50000FFFFFFFFFFFFFFFFFFFFFFFFFFFFFFFF0B
:10F51000FFFFFFFFFFFFFFFFFFFFFFFFFFFFFFFFFB
:10F52000FFFFFFFFFFFFFFFFFFFFFFFFFFFFFFFFEB
:10F53000FFFFFFFFFFFFFFFFFFFFFFFFFFFFFFFFDB
:10F54000FFFFFFFFFFFFFFFFFFFFFFFFFFFFFFFFCB
:10F55000FFFFFFFFFFFFFFFFFFFFFFFFFFFFFFFFBB
:10F56000FFFFFFFFFFFFFFFFFFFFFFFFFFFFFFFFAB
:10F57000FFFFFFFFFFFFFFFFFFFFFFFFFFFFFFFF9B
:10F58000FFFFFFFFFFFFFFFFFFFFFFFFFFFFFFFF8B
:10F59000FFFFFFFFFFFFFFFFFFFFFFFFFFFFFFFF7B
:10F5A000FFFFFFFFFFFFFFFFFFFFFFFFFFFFFFFF6B
:10F5B000FFFFFFFFFFFFFFFFFFFFFFFFFFFFFFFF5B
:10F5C000FFFFFFFFFFFFFFFFFFFFFFFFFFFFFFFF4B
:10F5D000FFFFFFFFFFFFFFFFFFFFFFFFFFFFFFFF3B
:10F5E000FFFFFFFFFFFFFFFFFFFFFFFFFFFFFFFF2B
:10F5F000FFFFFFFFFFFFFFFFFFFFFFFFFFFFFFFF1B
:10F60000FFFFFFFFFFFFFFFFFFFFFFFFFFFFFFFF0A
:10F61000FFFFFFFFFFFFFFFFFFFFFFFFFFFFFFFFFA
:10F62000FFFFFFFFFFFFFFFFFFFFFFFFFFFFFFFFEA
:10F63000FFFFFFFFFFFFFFFFFFFFFFFFFFFFFFFFDA
:10F64000FFFFFFFFFFFFFFFFFFFFFFFFFFFFFFFFCA
:10F65000FFFFFFFFFFFFFFFFFFFFFFFFFFFFFFFFBA
:10F66000FFFFFFFFFFFFFFFFFFFFFFFFFFFFFFFFAA
:10F67000FFFFFFFFFFFFFFFFFFFFFFFFFFFFFFFF9A
:10F68000FFFFFFFFFFFFFFFFFFFFFFFFFFFFFFFF8A
:10F69000FFFFFFFFFFFFFFFFFFFFFFFFFFFFFFFF7A
:10F6A000FFFFFFFFFFFFFFFFFFFFFFFFFFFFFFFF6A
:10F6B000FFFFFFFFFFFFFFFFFFFFFFFFFFFFFFFF5A
:10F6C000FFFFFFFFFFFFFFFFFFFFFFFFFFFFFFFF4A
:10F6D000FFFFFFFFFFFFFFFFFFFFFFFFFFFFFFFF3A
:10F6E000FFFFFFFFFFFFFFFFFFFFFFFFFFFFFFFF2A
:10F6F000FFFFFFFFFFFFFFFFFFFFFFFFFFFFFFFF1A
:10F70000FFFFFFFFFFFFFFFFFFFFFFFFFFFFFFFF09
:10F71000FFFFFFFFFFFFFFFFFFFFFFFFFFFFFFFFF9
:10F72000FFFFFFFFFFFFFFFFFFFFFFFFFFFFFFFFE9
:10F73000FFFFFFFFFFFFFFFFFFFFFFFFFFFFFFFFD9
:10F74000FFFFFFFFFFFFFFFFFFFFFFFFFFFFFFFFC9
:10F75000FFFFFFFFFFFFFFFFFFFFFFFFFFFFFFFFB9
:10F76000FFFFFFFFFFFFFFFFFFFFFFFFFFFFFFFFA9
:10F77000FFFFFFFFFFFFFFFFFFFFFFFFFFFFFFFF99
:10F78000FFFFFFFFFFFFFFFFFFFFFFFFFFFFFFFF89
:10F79000FFFFFFFFFFFFFFFFFFFFFFFFFFFFFFFF79
:10F7A000FFFFFFFFFFFFFFFFFFFFFFFFFFFFFFFF69
:10F7B000FFFFFFFFFFFFFFFFFFFFFFFFFFFFFFFF59
:10F7C000FFFFFFFFFFFFFFFFFFFFFFFFFFFFFFFF49
:10F7D000FFFFFFFFFFFFFFFFFFFFFFFFFFFFFFFF39
:10F7E000FFFFFFFFFFFFFFFFFFFFFFFFFFFFFFFF29
:10F7F000FFFFFFFFFFFFFFFFFFFFFFFFFFFFFFFF19
:10F8000008560020ED300100DFCB0100D9300100A7
:10F81000D9300100D9300100D9300100D9300100C0
:10F820000000000000000000000000008132010024
:10F83000D930010000000000E9310100D930010099
:10F84000D5340100D5340100D5340100D534010090
:10F85000D5340100D5340100D5340100D534010080
:10F86000D5340100D5340100D5340100D534010070
:10F87000D5340100D5340100D5340100D534010060
:10F88000D5340100D5340100D5340100D534010050
:10F89000D5340100D5340100D5340100D534010040
:10F8A000D5340100D5340100D5340100D534010030
:10F8B000D5340100D5340100D5340100D534010020
:10F8C000D5340100D5340100D5340100D534010010
:10F8D000D5340100D5340100D5340100D534010000
:10F8E000D5340100D5340100D5340100D5340100F0
:10F8F000D5340100D5340100D5340100D5340100E0
:10F90000D5340100D5340100D5340100D5340100CF
:10F91000D5340100D5340100D5340100D5340100BF
:10F92000D5340100D5340100D5340100D5340100AF
:10F93000D5340100D5340100D5340100D53401009F
:10F94000D5340100D5340100D5340100D53401008F
:10F95000D5340100D5340100D5340100D53401007F
:10F96000D5340100D5340100D5340100D53401006F
:10F97000D5340100D5340100D5340100D53401005F
:10F98000D5340100D5340100D5340100D53401004F
:10F99000D5340100D5340100D5340100D53401003F
:10F9A000D5340100D5340100D5340100D53401002F
:10F9B000D5340100D5340100D5340100D53401001F
:10F9C000D5340100D5340100D5340100D53401000F
:10F9D000D5340100D5340100D5340100D5340100FF
:10F9E000D5340100D5340100D5340100D5340100EF
:10F9F000D5340100D5340100D5340100D5340100DF
:10FA0000D5340100D5340100D5340100D5340100CE
:10FA1000D5340100D5340100D5340100D5340100BE
:10FA2000D5340100D5340100D5340100D5340100AE
:10FA3000D5340100D5340100D5340100D53401009E
:10FA4000D5340100D5340100D5340100D53401008E
:10FA5000D5340100D5340100D5340100D53401007E
:10FA6000D5340100D5340100D5340100D53401006E
:10FA7000D5340100D5340100D5340100D53401005E
:10FA8000D5340100D5340100D5340100D53401004E
:10FA9000D5340100D5340100D5340100D53401003E
:10FAA000D5340100D5340100D5340100D53401002E
:10FAB000D5340100D5340100D5340100D53401001E
:10FAC000D5340100D5340100D5340100D53401000E
:10FAD000D5340100D5340100D5340100D5340100FE
:10FAE000D5340100D5340100D5340100D5340100EE
:10FAF000D5340100D5340100D5340100D5340100DE
:10FB0000D5340100D5340100D5340100D5340100CD
:10FB1000D5340100D5340100D5340100D5340100BD
:10FB2000D5340100D5340100D5340100D5340100AD
:10FB3000D5340100D5340100D5340100D53401009D
:10FB4000D5340100D5340100D5340100D53401008D
:10FB5000D5340100D5340100D5340100D53401007D
:10FB6000D5340100D5340100D5340100D53401006D
:10FB7000D5340100D5340100D5340100D53401005D
:10FB8000D5340100D5340100D5340100D53401004D
:10FB9000D5340100D5340100D5340100D53401003D
:10FBA000D5340100D5340100D5340100D53401002D
:10FBB000D5340100D5340100D5340100D53401001D
:10FBC000D5340100D5340100D5340100D53401000D
:10FBD000D5340100D5340100D5340100D5340100FD
:10FBE000D5340100D5340100D5340100D5340100ED
:10FBF000D5340100D5340100D5340100D5340100DD
:10FC0000D5340100D5340100D5340100D5340100CC
:10FC1000D5340100D5340100D5340100D5340100BC
:10FC2000D5340100D5340100D5340100D5340100AC
:10FC3000D5340100D5340100D5340100D53401009C
:10FC4000D5340100D5340100D5340100D53401008C
:10FC5000D5340100D5340100D5340100D53401007C
:10FC6000D5340100D5340100D5340100D53401006C
:10FC7000D5340100D5340100D5340100FFFFFFFF6A
:10FC800081F0004102E000BF83F0004330B54FEA4D
:10FC900041044FEA430594EA050F08BF90EA020FBA
:10FCA0001FBF54EA000C55EA020C7FEA645C7FEA4D
:10FCB000655C00F0E2804FEA5454D4EB5555B8BF70
:10FCC0006D420CDD2C4480EA020281EA030382EAE1
:10FCD000000083EA010180EA020281EA0303362D73
:10FCE00088BF30BD11F0004F4FEA01314FF4801C46
:10FCF0004CEA113102D0404261EB410113F0004F58
:10FD00004FEA03334CEA133302D0524263EB43030E
:10FD100094EA050F00F0A780A4F10104D5F1200EAC
:10FD20000DDB02FA0EFC22FA05F2801841F1000107
:10FD300003FA0EF2801843FA05F359410EE0A5F1DB
:10FD400020050EF1200E012A03FA0EFC28BF4CF00C
:10FD5000020C43FA05F3C01851EBE37101F00045C2
:10FD600007D54FF0000EDCF1000C7EEB00006EEBCF
:10FD70000101B1F5801F1BD3B1F5001F0CD3490859
:10FD80005FEA30004FEA3C0C04F101044FEA4452B0
:10FD900012F5800F80F09A80BCF1004F08BF5FEA37
:10FDA000500C50F1000041EB045141EA050130BD17
:10FDB0005FEA4C0C404141EB0101013C28BFB1F529
:10FDC000801FE9D291F0000F04BF01460020B1FA74
:10FDD00081F308BF2033A3F10B03B3F120020CDA47
:10FDE0000C3208DD02F1140CC2F10C0201FA0CF025
:10FDF00021FA02F10CE002F11402D8BFC2F1200C8A
:10FE000001FA02F120FA0CFCDCBF41EA0C0190403F
:10FE1000E41AA2BF01EB0451294330BD6FEA040488
:10FE20001F3C1CDA0C340EDC04F11404C4F1200273
:10FE300020FA04F001FA02F340EA030021FA04F385
:10FE400045EA030130BDC4F10C04C4F1200220FADC
:10FE500002F001FA04F340EA0300294630BD21FA1A
:10FE600004F0294630BD94F0000F83F4801306BFE0
:10FE700081F480110134013D4EE77FEA645C18BFD4
:10FE80007FEA655C29D094EA050F08BF90EA020F6B
:10FE900005D054EA000C04BF1946104630BD91EA63
:10FEA000030F1EBF0021002030BD5FEA545C05D166
:10FEB0004000494128BF41F0004130BD14F58004A5
:10FEC0003CBF01F5801130BD01F0004545F0FE4119
:10FED00041F470014FF0000030BD7FEA645C1ABF4E
:10FEE000194610467FEA655C1CBF0B46024650EA85
:10FEF000013406BF52EA033591EA030F41F40021B1
:10FF000030BD00BF90F0000F04BF0021704730B536
:10FF10004FF4806404F132044FF000054FF000010B
:10FF200050E700BF90F0000F04BF0021704730B5CC
:10FF30004FF4806404F1320410F0004548BF4042A1
:10FF40004FF000013EE700BF42004FEAE2014FEAF6
:10FF500031014FEA02701FBF12F07F4393F07F4FD1
:10FF600081F06051704732F07F4208BF704793F0D4
:10FF70007F4F04BF41F40021704730B54FF46074E7
:10FF800001F0004521F000411CE700BF50EA0102EA
:10FF900008BF704730B54FF000050AE050EA010293
:10FFA00008BF704730B511F0004502D5404261EB03
:10FFB00041014FF4806404F132045FEA915C3FF444
:10FFC000D8AE4FF003025FEADC0C18BF03325FEAE1
:10FFD000DC0C18BF033202EBDC02C2F1200300FA92
:10FFE00003FC20FA02F001FA03FE40EA0E0021FAB7
:10FFF00002F11444BDE600BF70B54FF0FF0C4CF4A5
:020000040001F9
:10000000E06C1CEA11541DBF1CEA135594EA0C0F56
:1000100095EA0C0F00F0DEF82C4481EA030621EA91
:100020004C5123EA4C5350EA013518BF52EA0335CC
:1000300041F4801143F4801338D0A0FB02CE4FF07E
:100040000005E1FB02E506F00042E0FB03E54FF0AE
:100050000006E1FB03569CF0000F18BF4EF0010EA6
:10006000A4F1FF04B6F5007F64F5407404D25FEAA2
:100070004E0E6D4146EB060642EAC62141EA555155
:100080004FEAC52040EA5E504FEACE2EB4F1FD0C97
:1000900088BFBCF5E06F1ED8BEF1004F08BF5FEA15
:1000A000500E50F1000041EB045170BD06F00046C7
:1000B00046EA010140EA020081EA0301B4EB5C0474
:1000C000C2BFD4EB0C0541EA045170BD41F480116C
:1000D0004FF0000E013C00F3AB8014F1360FDEBF91
:1000E000002001F0004170BDC4F10004203C35DA6D
:1000F0000C341BDC04F11404C4F1200500FA05F3F0
:1001000020FA04F001FA05F240EA020001F0004290
:1001100021F0004110EBD37021FA04F642EB060106
:100120005EEA430E08BF20EAD37070BDC4F10C0430
:10013000C4F1200500FA04F320FA05F001FA04F2F4
:1001400040EA020001F0004110EBD37041F10001E0
:100150005EEA430E08BF20EAD37070BDC4F12005EB
:1001600000FA05F24EEA020E20FA04F301FA05F253
:1001700043EA020321FA04F001F0004121FA04F2FB
:1001800020EA020000EBD3705EEA430E08BF20EACB
:10019000D37070BD94F0000F0FD101F00046400005
:1001A00041EB010111F4801F08BF013CF7D041EA87
:1001B000060195F0000F18BF704703F0004652008B
:1001C00043EB030313F4801F08BF013DF7D043EA5C
:1001D0000603704794EA0C0F0CEA135518BF95EA12
:1001E0000C0F0CD050EA410618BF52EA4306D1D199
:1001F00081EA030101F000414FF0000070BD50EAB8
:10020000410606BF1046194652EA430619D094EA41
:100210000C0F02D150EA013613D195EA0C0F05D12B
:1002200052EA03361CBF104619460AD181EA03017F
:1002300001F0004141F0FE4141F470014FF0000037
:1002400070BD41F0FE4141F4780170BD70B54FF0D2
:10025000FF0C4CF4E06C1CEA11541DBF1CEA135552
:1002600094EA0C0F95EA0C0F00F0A7F8A4EB050434
:1002700081EA030E52EA03354FEA013100F088802B
:100280004FEA03334FF0805545EA131343EA1263F4
:100290004FEA022245EA111545EA10654FEA0026A9
:1002A0000EF000419D4208BF964244F1FD0404F562
:1002B000407402D25B084FEA3202B61A65EB0305BE
:1002C0005B084FEA32024FF480104FF4002CB6EB7B
:1002D000020E75EB030E22BFB61A754640EA0C00FB
:1002E0005B084FEA3202B6EB020E75EB030E22BF3B
:1002F000B61A754640EA5C005B084FEA3202B6EB7C
:10030000020E75EB030E22BFB61A754640EA9C003A
:100310005B084FEA3202B6EB020E75EB030E22BF0A
:10032000B61A754640EADC0055EA060E18D04FEAC8
:10033000051545EA16754FEA06164FEAC30343EA68
:1003400052734FEAC2025FEA1C1CC0D111F4801F35
:100350000BD141EA00014FF000004FF0004CB6E72E
:1003600011F4801F04BF01430020B4F1FD0C88BFCD
:10037000BCF5E06F3FF6AFAEB5EB030C04BFB6EBD8
:10038000020C5FEA500C50F1000041EB045170BDCB
:100390000EF0004E4EEA113114EB5C04C2BFD4EBF8
:1003A0000C0541EA045170BD41F480114FF0000E7C
:1003B000013C90E645EA060E8DE60CEA135594EAF8
:1003C0000C0F08BF95EA0C0F3FF43BAF94EA0C0FFB
:1003D0000AD150EA01347FF434AF95EA0C0F7FF470
:1003E00025AF104619462CE795EA0C0F06D152EAC4
:1003F00003353FF4FDAE1046194622E750EA4106A8
:1004000018BF52EA43067FF4C5AE50EA41047FF4B8
:100410000DAF52EA43057FF4EBAE12E74FF0FF3C1D
:1004200006E000BF4FF0010C02E000BF4FF0010CEE
:100430004DF804CD4FEA410C7FEA6C5C4FEA430C67
:1004400018BF7FEA6C5C1BD001B050EA410C0CBFB6
:1004500052EA430C91EA030F02BF90EA020F002018
:10046000704710F1000F91EA030F58BF994208BF7F
:1004700090422CBFD8176FEAE37040F0010070473C
:100480004FEA410C7FEA6C5C02D150EA013C07D193
:100490004FEA430C7FEA6C5CD6D152EA033CD3D0DE
:1004A0005DF8040B704700BF8446104662468C46D8
:1004B0001946634600E000BF01B5FFF7B7FF00280B
:1004C00048BF10F1000F01BD4DF808EDFFF7F4FF34
:1004D0000CBF012000205DF808FB00BF4DF808EDBF
:1004E000FFF7EAFF34BF012000205DF808FB00BFE2
:1004F0004DF808EDFFF7E0FF94BF012000205DF804
:1005000008FB00BF4DF808EDFFF7CEFF94BF0120B8
:1005100000205DF808FB00BF4DF808EDFFF7C4FFB1
:1005200034BF012000205DF808FB00BF4FEA410CFA
:100530007FEA6C5C02D150EA013C0AD14FEA430CDD
:100540007FEA6C5C02D152EA033C02D14FF000001A
:1005500070474FF0010070474FEA410212F5001258
:1005600015D211D56FF47873B3EB625212D94FEAFA
:10057000C12343F0004343EA505311F0004F23FAE4
:1005800002F018BF404270474FF00000704750EA39
:10059000013005D111F0004008BF6FF000407047F6
:1005A0004FF00000704700BF53B94AB9002908BF97
:1005B00000281CBF4FF0FF314FF0FF3000F00CB8A7
:1005C000ADF1080C6DE904CE00F010F8DDF804E0A0
:1005D000DDE9022304B07047704700BF034613F8FB
:1005E000012B002AFBD1181A013870472DE9F0477A
:1005F00086468C460846089E154674461946002BCA
:1006000040F0C1808542B2FA82F245D94AB1C2F1C6
:10061000200300FA02FC954094402EFA03F343EACB
:100620000C0C4FEA154EA8B2230CBCFBFEF80EFBD7
:1006300018CC08FB00F943EA0C43994528D9EB187C
:1006400008F1FF3704D2994502D9A8F102072B44DB
:10065000A3EB0903A4B2B3FBFEFC0EFB1C330CFBA3
:1006600000F044EA0344A04214D92C190CF1FF33E2
:1006700004D2A04202D9ACF102032C44241A43EA6A
:1006800007401EB1D440002334607360BDE8F0879A
:100690004746DDE76346F1E792BB431B01214FEA82
:1006A000154EAFB2200CB3FBFEFC0EFB1C330CFB53
:1006B00007F840EA0343984561D9EB180CF1FF3085
:1006C00004D2984502D9ACF102002B44A3EB0803F5
:1006D000A4B2B3FBFEFC0EFB1C330CFB07F744EA91
:1006E0000344A7424DD92C190CF1FF3304D2A74281
:1006F00002D9ACF102032C44E41B43EA0040C0E7FA
:10070000C2F120039540944020FA03F12EFA03F33E
:100710004FEA154E9040AFB20343B1FBFEFC0EFB17
:100720001C10190C0CFB07F841EA0041884522D93E
:1007300069180CF1FF3004D2884502D9ACF10200EF
:100740002944A1EB08019BB2B1FBFEFC0EFB1C117E
:100750000CFB07F743EA01439F420ED9EB180CF15B
:10076000FF3104D29F4202D9ACF102012B44DB1BC2
:1007700041EA004193E76046E3E76146F7E76046F8
:10078000A4E76346B8E7834206D916B900210846B4
:100790007CE7C6E900E0F9E7B3FA83F78FB9834253
:1007A00001D3724508D8BEEB020460EB03030120BD
:1007B0009C461EB9002169E73846FAE7C6E9004CB5
:1007C000F8E7C7F1200CBB400EFA07F522FA0CF44B
:1007D0002EFA0CF1BA401C4320FA0CF3B8404FEA51
:1007E000144901431FFA84FEB3FBF9F809FB1830E2
:1007F0000B0C08FB0EFA43EA00439A4540D9E31874
:1008000008F1FF3004D29A4502D9A8F1020023442E
:10081000A3EB0A0389B2B3FBF9F809FB183308FB11
:100820000EFE41EA03418E452CD9611808F1FF33D1
:1008300004D28E4502D9A8F10203214443EA0040C4
:10084000A1EB0E01A0FB02984145CE46434602D3E0
:1008500006D14D4504D20138B9EB020E68EB040312
:10086000002EA7D0B5EB0E0261EB030101FA0CFCE0
:1008700022FA07F3F9404CEA0303C6E9003199E78D
:100880004046C5E74346D9E72DE9F04F8246174673
:100890001C4600259FB00391387810B9284600F017
:1008A000A9BD252809D00399D0470028C0F2A28508
:1008B0007B1C01350593059FEEE71822002110A847
:1008C0000DF009FC7B78252B00F0BC8000239846B6
:1008D0009E469C461846791C0E4611F8012B2B2A81
:1008E00000F0E38000F2DA80202A00F0E180232A81
:1008F00000F0E1802BB19DF8483043F040038DF8C3
:100900004830B8F1000F05D09DF8483043F020037F
:100910008DF84830BEF1000F05D09DF8483043F007
:1009200010038DF84830BCF1000F05D09DF8483019
:1009300043F008038DF8483028B19DF8483043F063
:1009400004038DF848309DF8483003F044014429F1
:1009500003D16FF386138DF848309DF848302A2A6A
:1009600043F080030E968DF8483040F0A9809DF842
:10097000493043F001038DF84930731C1A782E2A50
:100980000CBF012100219DF8492061F341028DF83F
:1009900049200CD15A1C0E925A782A2A40F0A08085
:1009A0009DF84920023342F004028DF849201A785C
:1009B0006C2A00F0C18000F2A380682A00F0A980B0
:1009C0006A2A00F0C2804C2A00F0C78013F8012B7D
:1009D000782A05938DF84B2000F209816D2A00F2E8
:1009E000C980692A00F20381572A00F2E280412A75
:1009F00004D0A2F14503022B00F2F98004219DF8F6
:100A00004A3002F0DF02A2F1410961F30203D9F199
:100A100000029DF8491042EB090262F3C7110A0671
:100A20008DF84A308DF84910CBB200F11F8103F0E8
:100A30007802182A40F009816FF3C6038DF8493017
:100A40000023F8E08DF84B30BB1C05939DF849302E
:100A50009DF84A20DE0702F0070040F1098154F8B2
:100A6000041B0029049108DA9DF8481041F00401A4
:100A70008DF84810049949420491590740F10081CA
:100A800054F8046B002E80F2FF809DF849306FF31C
:100A900041038DF849304FF0FF36F5E02D2A0DD097
:100AA000302A7FF427AF012316E74FF0010C13E73C
:100AB0004FF0010E10E74FF001080DE701200BE7A2
:100AC0000EA801F007FE0E9BB3423FF457AF9DF80E
:100AD00048201390C00F60F341028DF848204DE785
:100AE0000EA801F0F7FD9DF848301490C3F34002C2
:100AF00042EAD07262F341038DF848300E9B56E70C
:100B0000742A26D07A2A7FF461AF06219DF8492005
:100B10000CE05A78682A9DF8492006D1012161F33A
:100B2000C6028DF84920023350E7022161F3C60264
:100B30008DF84920013349E75A786C2A9DF84920FD
:100B400001D10421EBE70321F0E705219DF84920BD
:100B5000ECE707219DF84920E8E7BDF8482022F49A
:100B6000F04222F0020242F4804242F00202ADF86A
:100B70004820DFE76E3AD3B201229A4040F2824326
:100B80001A429DF8493039D112F0240F61D1D107B2
:100B90002DD503219DF84A2003F07803A3F14008E6
:100BA00061F30202D8F100038DF84A2043EB0803F9
:100BB00041E00120A2F15801C9B200FA01F111F49B
:100BC000624F7FF41BAF40F6010319429DF8493094
:100BD0001AD111F4043F0AD09DF84A2060F30202B2
:100BE00003F07803402B8DF84A207FF429AF9DF85D
:100BF000483043F001038DF8483021E702219DF889
:100C00004A2061F30202EBE702209DF84A1003F04C
:100C1000780360F30201402B8DF84A1002BF9DF863
:100C2000481041F001018DF84810632A7FF408AFA5
:100C3000003B18BF01239DF84820C2F340010B433D
:100C400063F341028DF8482000E713F0380FCED14E
:100C5000F6E603219DF84A2013F0780F61F30202B3
:100C600014BF012300238DF84A20E4E70123E2E7C3
:100C70009DF948100029ACBF4FF0FF311399FBE6F6
:100C80009E077FF508AF149E00230428CDE9133397
:100C90009DF8493007D1990705D49DF949100029DD
:100CA000ACBF06260D2602F00702012AC3F3C303D8
:100CB00032D1DA1E042A04D8DFE802F020454520AC
:100CC00020002268012B4FEAE271CDE910211BD1EF
:100CD0009DF94020D117CDE9102104349DF848201A
:100CE000069292074FD03A465046059B03990BF067
:100CF0007DFE0028C0F27E830544DCE554F8042B19
:100D0000D117CDE91021E9E7022BE6D111B242F368
:100D1000C032CDE91012E0E7022A24D1DA1E042AFB
:100D200004D8DFE802F0181010181800012B4FF05B
:100D3000000154F8042B14D0022BCDE91021CDD1A1
:100D400092B21092CAE7073424F00704F4E80201D3
:100D5000CDE91001C2E754F8042B10920022119241
:100D6000BCE7D2B2CDE7042A08D1073424F0070447
:100D7000D4E900010834CDE91001AFE7032AADD171
:100D800054F8042BDDE79DF84B80B8F1780F3FF65F
:100D900092ADB8F1570F5CD8B8F1250F00F0A480E0
:100DA000B8F1240F7FF687ADB8F1410F04D0A8F158
:100DB0004503022B3FF67FADDDE91023002BC0F287
:100DC0004D810699080700F14C81C1F300194FEAE3
:100DD0004919C3F30A51C3F31303002940F04481B6
:100DE00052EA030014BF4FF0010C4FF0000CD80280
:100DF00040EA5250D702CDE90C70B8F1460F47EAED
:100E0000010740EAE17008BF4FF06608384300F080
:100E1000B781BCF1000F10D01B0343EA1253170334
:100E20003A4618464FF0000C002880F25681BCF17B
:100E3000000F40F05981CDE90C730D9BA1F2FE3BF0
:100E400043F000430D930021DDE90C230F460520FC
:100E500060E1A8F15802202A3FF62DAD01A151F81A
:100E600022F000BF2F100100B7080100B7080100F1
:100E7000B7080100B7080100B7080100B708010072
:100E8000B7080100B7080100B90D0100B70801005B
:100E9000DB0F0100EF0F0100B90D0100B90D0100DA
:100EA000B90D0100B7080100EF0F0100B7080100FC
:100EB000B7080100B7080100B708010035100100AC
:100EC0002F1001007F0F0100B7080100B7080100D3
:100ED000F90E0100B70801002F100100B70801004A
:100EE000B70801002F10010040460399D0470028A1
:100EF000C0F280820135DEE4002E109F3BDB3146DC
:100F000038460DF06FFA002F3FF4D5AC4FF00009D2
:100F10003E18F31B9DF84A2012F01001069100F0D4
:100F20005E82023312F04002DDF84C80089218BF56
:100F3000149A434418BF9B18049ACDF81C80002AC9
:100F400040F36882D31A9DF8482004935007C2F3F7
:100F5000800B00F15F82510640F14F82B9F1000F22
:100F600007D048460399D0470028C0F24382D946AB
:100F70000135302242E23846FFF730FBC6E71098D1
:100F8000002800F027820DF175030093002117ABB4
:100F900012AA01F0B5FB4FF000090746BDF84A3030
:100FA00003F0EF0343F4F04343F01003ADF84A308D
:100FB000002E0CDB9DF848200DF17503DB1B6FF351
:100FC00086129E428DF8482001D9F31A1393002F00
:100FD0003FF471AC0DF175066DE0109B4FF0000908
:100FE0008DF85C300DF15D06012317AF92E7069B8B
:100FF0001F0754BFC3F300194FF02B09DDE910237D
:1010000058BF4FEA4919002B06DA4FF02D0952421A
:1010100063EB4303CDE91023DDE910010DF1750306
:10102000009312AA17AB01F06BFB0746C0E74FF025
:101030000009F1E7109A072B3FF63DACDFE803F01B
:101040000C04060C08080C0C157034E4158032E40E
:10105000EB17C2E900532EE415602CE44FF02D0984
:10106000B7E64FF02B09B4E640F2FF70814231D170
:10107000A34908F101085FFA88F811F80810134332
:1010800001F003011ED101290BBF492369234E2121
:101090006E210CBF462266228DF85C309DF84830E8
:1010A0008DF85D106FF386138DF85E208DF8483053
:1010B0000DF15F0617AFF31BB9F1000F3FF42AAF34
:1010C000013327E7012915BF6E234E2361214121FA
:1010D0001A46E1E74FF0000C89E692184FF0010C38
:1010E00001F1FF3140419FE6CDE90C20A5E6520811
:1010F00042EAC3725B08B3F1333F59460BF1010B6F
:10110000F5D201F1020B012100FB03FCA2FB00233D
:10111000013F63441BF1020FE9DB09B1CDE90C2368
:10112000DDE90C32BBF1000F2DDCCBF10401A1F1A4
:1011300020000BF11C0B02FA0BFB22FA00F0CA4054
:10114000CB40079208F0DF0243EA0B03472A43EA49
:1011500000037BD1F91C01DBBE422ADAA8F10208A8
:10116000002E5FFA88F87ADD9DF84820013E92064D
:1011700075D4B6F1000B18BF4FF0010B721C26E0BE
:101180004FF0000B5FE6023342F100020CA80BF1B6
:10119000FF3B0137CDE90C320BF0F9FBDDE90C32F6
:1011A000DB185241002A0BF1FF3BF9DACDE90C3292
:1011B000B6E79DF84820F61B90064DD4B6F1000B1B
:1011C00018BF4FF0010BF2194FF066084AD4102AED
:1011D000A8BF10229FED487B10208DED0E7B0B9059
:1011E000DDE90E01002A3FD1079A1B1842EB0101ED
:1011F000B1F1805F47D2CDE90C31069BB8F1660FA3
:1012000003F0200240F0C680002F47DC30238DF829
:101210005C30002A76D1002E40F3BD812E238DF85C
:101220005D3087B17B42B342A8BF3346002B139396
:10123000A6EB0306D4BF002301239DF84A2063F3E5
:1012400045128DF84A200DF15E0340E0B8F1660FBB
:101250004FF0000BB7D091E74FF0000BB3E74FF022
:10126000000B8BE70022B5E7400840EAC17049084F
:10127000CDE90E010EA8CDE908230BF088FB089AF2
:10128000099B013AACE75B0843EAC1730CA8490823
:10129000CDE90C3101370BF07AFBAEE717AB0B99B8
:1012A00000290BDD0BA90CA8CDE906320BF087FB5A
:1012B000069B013F079A03F8010BF0D11397AAB9D7
:1012C000002E40F366812E2103F8011B0027002E1B
:1012D00021DD0B9A002A1EDD0BA90CA806930BF04A
:1012E0006EFB069B013E03F8010BF0E72E2203F88C
:1012F000012BEBE7AFF300800000000000000008C6
:10130000331C02002E238DF85D30002F9BD0002E61
:1013100088DC0DF15E03BBF1000F4FD114961E4621
:1013200008F0DF03452B24D1002FBABF7F422D23C5
:101330002B23632FC8BF64227370C4BFB7FBF2F3C3
:1013400002FB13774FF00A02C8BF03F13001B7FB6D
:10135000F2F3C8BFB17003F1300102FB137386F8DA
:10136000008003F13003D4BF02360336317073704E
:101370000236139B002B2BDC149B002BD4BF0023C5
:1013800001239DF84A2063F3861200238DF84A203A
:1013900033708FE60BA90CA806920BF010FB069A8F
:1013A00030288DF85C0018BF07F1FF3712B9002E06
:1013B00040F3F1802E238DF85D3044E71E4616F889
:1013C000012C013B302AF9D02E2A08BF1E46A7E780
:1013D0000123D6E7714E81460523771F9AE5110751
:1013E00048BF01339EE5104609920399D047002873
:1013F000099A05DA1FB0BDE8F08F2022DDF810B0A1
:10140000594600290BF1FF3BEDDC049BCDF810B0F1
:101410002B445D1AB9F1000F05D048460399D04717
:101420000028E7DB0135089B002B77D09DF9493078
:10143000002B28DB3B46DFF8689118789B4619F8AB
:101440000020013352073FD49DF84A30EF1B980625
:101450005F4407D44246002A08F1FF383BDC079B73
:101460003B449F1A9BF800002E280AD10399D047CD
:101470000028BFDBB8F1000F07F1010731DC0BF1E9
:10148000010B5D4638E0B94699F80000C84670285F
:1014900009F1010913D1EF1B149D47443D44EB1B97
:1014A000002B33DC33464246504603990BF09EFA3C
:1014B00000289FDB3844049E0546064464E00399F7
:1014C000D0470028E0DA95E706930399D047002833
:1014D000069BB2DA8EE730200399D0470028B9DAAC
:1014E00088E730200399D04708F1FF38C0E7039917
:1014F000D0470028FFF67EAF2878A84619F80030BC
:1015000001355907F3D4A7EB0B07C5E73020039942
:10151000D0470028FFF66EAF0137C0E79DF84A308C
:10152000DA0601D41B0706D530200399D0470028DE
:10153000FFF660AF0135069B3BB103999DF84B0068
:10154000D0470028FFF656AF0135A84406E030200A
:101550000399D0470028FFF64DAF0135A8EB0503EE
:10156000002BF4DC33463A46504603990BF03EFA22
:101570000028FFF63FAF28449DE720200399D0477D
:101580000028FFF637AF0135731B002BF5DCFFF7A2
:1015900092B91746BFE60DF15D03BCE6CFFE010030
:1015A000341C0200000000002DE9F04F476A97B09C
:1015B0008346209E08910C92129355EC104B8DEDB2
:1015C000000B7FB9102009F05DFE0246CBF8240025
:1015D00020B9A74BEA21A74809F024FEC0E901770A
:1015E0000760C760DBF82430196859B15A680123D5
:1015F000584693404A608B600AF00CFEDBF82430BA
:1016000000221A602B1EB7BF23F0004300230122E3
:101610000193A8BF3360019F974BB8BF3260BB43B3
:1016200019D142F20F73129A1360C7F313032343C5
:1016300000F0DB85219B53B9904B21E0904B039345
:101640000833219A1360039817B0BDE8F08F8B4BD5
:1016500003930333F5E79DED007B0022002351EC5B
:10166000170B8DED0A7BFEF72FFF804650B101234B
:10167000129A1360219B13B1824B219A1360824B03
:101680000393E0E7C7F30A5614AA15A958469DED3F
:101690000A0B0BF047F80290002E76D00B9BA6F2B7
:1016A000FF36CDF84C80C3F3130343F07F53DDE9DD
:1016B0000A0143F4401319460022744BFEF7E4FA82
:1016C00065A3D3E90023FEF797FC65A3D3E90023C4
:1016D000FEF7DCFA04460D463046FEF723FC62A313
:1016E000D3E90023FEF788FC02460B462046294634
:1016F000FEF7CCFA04460D46FEF72EFF0022074601
:10170000002320462946FEF7E9FE40B13846FEF7A1
:1017100009FC22462B46FEF7D7FE00B9013F162FE3
:1017200052D85B4B03EBC703DDE90A01D3E9002381
:10173000FEF7D4FE002849D0013F00231193149BEB
:101740009B1B5A1E4CBFC3F101030023079245BFE8
:101750000693002306930793002F39DB079B10970E
:101760003B44079300230993089B092B66D8052B5C
:10177000C5BF043B002401240893089B023B032BB4
:1017800067D8DFE803F02D3A3859DDE914631E44C9
:1017900006F23243202BC9BFC3F14003C3F120033B
:1017A0009F4006F21243D8BF04FA03F006F1FF3659
:1017B000C4BF24FA03F347EA0300FEF7A3FB0122A8
:1017C000A1F1F873139276E70123B7E71190B6E71A
:1017D000069BDB1B06937B42099300231093C3E710
:1017E00000230D930C9B002B56DC012399461A46CF
:1017F00004930C920CE00123F3E700230D930C9B60
:10180000FB1803F1010904934B46012BB8BF0123D8
:10181000DBF824000021042202F114059D423FD987
:10182000416058460AF0B6FC039000283BD1194BA2
:1018300002464FF4D571CEE60123DFE701240023F1
:101840000D9408934FF0FF3300229946049312231E
:10185000CFE701230D93F5E761436F63A787D23F7D
:10186000B3C8608B288AC63FFB799F501344D33F8F
:10187000841D02009B1D02000000F07F801D0200FD
:10188000771D02009BFA01009AFA01000000F83F60
:1018900030F301000F1E02000C9B99460493B7E73A
:1018A00001315200B8E7DBF82430B9F10E0F039A8A
:1018B0001A606FD8002C6DD0002F36DD07F00F02B4
:1018C000A04BF8054FEA271403EBC20393ED007B0E
:1018D0008DED0E7B17D59C4B04F00F044FF00308E1
:1018E000D3E90823DDE90A01FEF7B0FCCDE90001E8
:1018F000954D5CB9DDE90E23DDE90001FEF7A6FC9C
:10190000CDE900012BE04FF00208F1E7E10709D52E
:1019100008F10108DDE90E01D5E90023FEF76CFBB3
:10192000CDE90E0164100835E3E700F007817C4241
:10193000844B854D4FF0020804F00F02241103EB95
:10194000C203DDE90A01D3E90023FEF755FB0023BA
:10195000CDE90001002C40F0E580002BD0D1119B97
:10196000DDE90045002B00F04C810022774B20463A
:101970002946FEF7B3FD002800F04381B9F1000FBE
:1019800000F03F81049B002B00F3E480DDE90A3482
:10199000CDE90034159B002B02DB0E2F40F3428271
:1019A0000D9A002A40F06782099C0025DDF8188016
:1019B000B8F1000F0DD0079B002B0ADD4345069AB6
:1019C000A8BF4346D21AA8EB03080692079AD31A77
:1019D0000793099B0BB30D9B002B00F0A682002CF4
:1019E00000F0A1822946224658460AF03DFD029A9F
:1019F0000146054658460AF08DFC029906465846AF
:101A00000AF008FC099B1B1B099300F09182099ABC
:101A1000314658460AF028FD0290012158460AF046
:101A200063FC109B0446002B00F084821A4601469A
:101A300058460AF019FD089B0446012B03DC009B65
:101A4000002B00F07C820026236904EB83031869D5
:101A50000CF05EFEC0F120001096079B184410F0B9
:101A60001F0000F09182C0F12003042B40F381821B
:101A7000C0F11C00069B034480440693079B03446B
:101A80000793069B002B05DD1A46029958460AF07B
:101A900045FD0290079B002B05DD21461A4658465E
:101AA0000AF03CFD0446119B002B00F07682214693
:101AB00002980CF07CFE002880F26F8200230A223C
:101AC000029958460AF0C8FB0D9B7E1E0290002B1F
:101AD00000F05C82002329460A2258460AF0BCFB2B
:101AE000049B0546002B03DC089B022B00F35E825F
:101AF000B8F1000F05DD2946424658460AF00EFDB2
:101B00000546109B002B00F0D082696858460AF009
:101B100041FB0746002840F07F820D4B024640F211
:101B2000EA2158E5E20706D508F10108D5E90023C6
:101B3000FEF762FA0123641008350BE74FF0020844
:101B40000DE700BF30F3010008F301000000F03F93
:101B50000F1E020020460022AC4B2946FEF74CFA2D
:101B60007E1E08F10108049CCDE900014046FEF705
:101B7000D9F9DDE90023FEF73FFAA54B0022FEF775
:101B800085F8A1F15073CDE90E010F93002C3BD1E4
:101B90000022A04BDDE90001FEF776F802460B4675
:101BA000CDE90023DDE90E23FEF7B6FC002840F066
:101BB0005781DDE90E2101F10043DDE90001FEF767
:101BC0008DFC00283FF4E2AE002425460C9BDDF896
:101BD0000CA0DE434FF00008214658460AF01AFBDD
:101BE000002D00F0A980B8F1000F05D0A84503D062
:101BF000414658460AF00EFB294658460AF00AFBB1
:101C00009AE03E464C46B1E7834B03EBC40353E9ED
:101C10000201039B1C440D9B002B4AD002460B463D
:101C200000207E49FEF712FBDDE90E23FEF72CF8BB
:101C3000DDF80CA0CDE90E01DDE90001FEF78CFC1A
:101C40000546FEF76FF9024630350B46DDE9000127
:101C5000FEF71AF80AF8015B02460B46CDE90001CF
:101C6000DDE90E01FEF758FC002865D100206C4923
:101C7000DDE90023FEF708F802460B46DDE90E0118
:101C8000FEF74AFC002840F00D81A24500F0EA80F2
:101C900000225E4BDDE90E01FEF7AEF900225B4B40
:101CA000CDE90E01DDE90001FEF7A6F9CDE900015D
:101CB000C2E7DDE90E23FEF79FF9A046DDF80CA090
:101CC000CDE90E01DDE90001FEF746FC0546FEF711
:101CD00029F9024630350B46DDE90001FDF7D4FF56
:101CE0000AF8015B02460B46A245CDE900234FF0FE
:101CF000000223D1494BDDE90E01FDF7C7FF024683
:101D00000B46DDE90001FEF707FC002840F0CA8021
:101D100000204249DDE90E23FDF7B6FF02460B46DF
:101D2000DDE90001FEF7DAFB70B1C24608F1FF38C9
:101D30001AF8013C302BF8D0374655E0334BFEF70C
:101D40005BF9CDE90001BDE7DDE90A34CDE90034F6
:101D5000159B002BFFF628AE0E2F3FF725AE2E4B1E
:101D600003EBC70393ED007B0C9B002B8DED047BF5
:101D700002DAB9F1000F64D0DDF80CA0DDE900450E
:101D8000DDE9042320462946FEF760FAFEF7E4FB6E
:101D90000646FEF7C7F8DDE90423FEF72DF90246F3
:101DA000204606F130040B462946FDF76DFF0AF880
:101DB000014B039C02460B46AAEB0404A14540F0EC
:101DC0008280FDF763FF04460D46DDE90423FEF73C
:101DD000A3FB002865D120462946DDE90423FEF750
:101DE00073FB08B1F3075CD4029958460AF012FA63
:101DF000002301378AF80030129B1F60219B002BC3
:101E00003FF421ACC3F800A01DE400BF0000244053
:101E100000001C400000144030F301000000E03FCF
:101E20000000F03FA24B03EBC70393ED007B0C9B3C
:101E3000002B8DED047B9FDAB9F1000F9CDC7FF461
:101E4000C3AE00229B4BDDE90401FEF7D5F8DDE9C6
:101E50000023FEF757FB044600287FF4B5AE3E464C
:101E60002546B4E0DDE90A34CDE90034159B002BAA
:101E700001DB0E2FD6DD089A012A36DC139A82B3D5
:101E800003F23343099CDDF81880069A0121584675
:101E90001A440692079A1A4407920AF025FA054650
:101EA00086E53E4653469A4613F8012D392A06D157
:101EB000039A9A42F7D13022039901360A701A78B0
:101EC00001321A7038E700227B4BFEF795F80022AA
:101ED000002304460D46FEF7F7FA00283FF450AF02
:101EE00082E7149BC3F13603CCE709F1FF34099B69
:101EF000A34208DBB9F1000FA3EB04040EDBDDF80D
:101F000018804B46C1E7099B109AE31A0994DDF843
:101F1000188000241A444B461092B6E7069BA3EBA8
:101F200009080023B1E7029E71E5099A029970E55C
:101F3000029672E5089B012B17DC009BABB9019B55
:101F4000C3F313039BB9019B23F00046360D3605FE
:101F500036B1069B012601330693079B0133079395
:101F6000109B002B7FF470AD1096012075E50026C4
:101F7000F6E73FF486AD1C33069A1A44984406925D
:101F8000079A1A4407927CE50346F4E7049B002B6A
:101F90002BDC089B022B09DC27E0B9F1000F1DDCCC
:101FA000089B022B1ADD3E46CDF81090049B002BB7
:101FB0007FF40CAE2146052258460AF04DF9014641
:101FC000044602980CF0F3FB00287FF7FFADDDF824
:101FD0000CA0312301360AF8013BFBE50D9B3E4680
:101FE000CDF81090002B7FF483AD039F214602981B
:101FF0000CF004FA039B00F13009049A07F8019BE6
:10200000FB1A9A4240F3CB8000230A2202995846D9
:102010000AF022F90290E9E72A6905F10C010C3077
:10202000023292000CF04AF80122394658460AF072
:1020300075FA039BA846054603F1010ADDE903236F
:1020400013440793009B03F0010309930AF1FF3344
:102050002146029804930CF0D1F94146069000F114
:10206000300902980CF0A3FB2A4621460746584641
:102070000AF0C0FAC268014602B358460AF0CAF82C
:10208000002F3ADA0122029958460AF047FA21460F
:1020900002900CF08CFB002803DC29D119F0010F11
:1020A00026D0B9F1390F1DD132E02846C1E700BF73
:1020B00030F3010000001440000024400A90029810
:1020C0000CF075FB0A990C9058460AF0A3F80C9A8C
:1020D0005ABB089B53B9099B43B9B9F1390F17D0C3
:1020E000002F05DD069B03F1310901E0002F2ADAFC
:1020F000DDF810A00AF8019B6EE5089B3B4304D174
:10210000009B03F00103002BBCD0B9F1390F36D18D
:10211000049F392307F8013BBA46013F1AF8013CF6
:10212000392B5AD001333B7056E5002F06DB089B54
:102130003B4306D1009B03F0010313B9002AA1DC45
:10214000D6E7002AE1DC079B57460AF8019C534575
:102150002ED000230A22029958460AF07DF8A8459D
:1021600002904FF000034FF00A02414658460BD14F
:102170000AF072F8804605460AF1010A66E7DDF8C2
:1021800010A009F10109B5E70AF066F82946804672
:1021900000230A2258460AF05FF80546ECE7049B44
:1021A0004FF00008002BCCBF1F460127039B1F44A4
:1021B0000122029958460AF0B1F9214602900CF02A
:1021C000F6FA0028A8DC02D119F0010FA4D1BA4612
:1021D00017F8013D302BFAD0FEE4039BBB429BD1A4
:1021E0003123039A01361370F6E4219B002B7FF410
:1021F00025AA014BFFF744BA771D02002DE9F041F3
:1022000012F0FC6F1346D0E9014706690ED042492F
:1022100040F2DF33414A42480AF008FC41480AF0E4
:1022200005FC40F2DF313D480AF0F7FB02F03002D6
:10223000302A0CD13C4940F2E233384A38480AF09F
:10224000F5FB3A480AF0F2FB40F2E231EBE7384A9C
:10225000384D1A40AA420CD1374940F2E6332F4A92
:102260002F480AF0E3FB35480AF0E0FB40F2E63184
:10227000D9E703F00602042A09D1314940F2E933D3
:10228000264A27480AF0D2FB40F2E931CBE713F4A3
:10229000402216D09D030CD42A494FF47B731F4A69
:1022A0001F480AF0C3FB28480AF0C0FB4FF47B71BB
:1022B000B9E7B2F5402F18D0244A9A4301D183F4EC
:1022C0004023012524688D40254223F4801219D132
:1022D0001F494FF47F73114A11480AF0A7FB1D48AC
:1022E0000AF0A4FB4FF47F719DE71B494FF47C7308
:1022F0000A4A0B480AF09AFB18480AF097FB4FF479
:102300007C7190E73468DB074CBF2C43AC433460EE
:102310003B68BDE8F041184779F8010048F8010032
:10232000D6F80100F3F8010017F9010050F9010097
:1023300002000300020001008DF90100D4F9010040
:1023400023FA010056FA01009CFA01000100100076
:1023500044FB010082FB0100D7FA010018FB0100D9
:1023600070B50124184B1C700BF084FC4FF47A7587
:10237000A0FB0506002347F6122205FB0161FEF7CC
:1023800013F91249024612480AF0EAFA114B18688A
:102390001B7904FA03F143681B6819420ED10E49F8
:1023A00040F2B6630D4A0E480AF040FB0D480AF0B1
:1023B0003DFB40F2B66109480AF02FFB8368BDE897
:1023C00070405B69184700BFB010002094FB01000B
:1023D0009AFB0100D000002044FB010048F80100F6
:1023E000D6F8010082FB010070B54B4D28460BF07A
:1023F00092FB044628B9296848480AF0B1FA2046F9
:1024000070BD0D212846464AFFF7F8FE044630B15C
:102410000D2301462A6843480AF0A2FAEFE7D5E9FE
:102420000126B4692B692CB3126892040ED43E497C
:1024300040F293333D4A3E480AF0F8FA3D480AF02C
:10244000F5FA40F2933139480AF0E7FA1B684FF089
:10245000A07213F4005F14BF4FF000734FF080635D
:102460000D212846A047044638B10D2321462A688D
:102470003148D1E76FF05704F7E73049304B4B60F4
:102480004FF400538B60F36913B10122284698473B
:102490002C4C2D480D2229680AF062FA206850B1B0
:1024A0000BF039FB054630B9236801461A68274806
:1024B0000AF056FA2560206878B1E288217942F462
:1024C0000032FFF79BFE23790146E8B122682048DD
:1024D00012680AF045FA002323601E480AF040FA09
:1024E0001D4C1E4D2378002BFCD029461C480AF0B9
:1024F00037FA01200AF0E3FB014610B119480AF04F
:102500002FFA00232370EDE721681A460968164860
:102510000AF026FAE1E700BFE4E80100BBFB010096
:1025200011000100E1FB010044FB010048F801003B
:10253000D6F8010082FB01000AFC010028080020F7
:1025400061230100D000002040FC01005CFC010080
:102550008FFC0100DCFC0100B010002094FB0100A6
:10256000EEFC010043FD0100C3FC0100B2F5802F29
:102570002DE9F04110D2042A28D843494FF40773BB
:10258000424A43480AF052FA42480AF04FFA4FF4DE
:1025900007713E480AF041FA0823D21ACC1D1144B3
:1025A00024F0070421F00701091B17294FEAD1067F
:1025B0000ED8394940F22523344A35480AF036FA14
:1025C00034480AF033FA40F22521E2E70423E4E735
:1025D0000027046031463046A660E7600AF070F9D3
:1025E0000121421D804630460AF061F99200D51D56
:1025F000ED082844B0423AD8B8F1FF3F3946A2F17D
:10260000100204F11000B8BF3A460BF064FD2A46F0
:10261000394620460AF047F93B463A4639462046B5
:102620000AF018F9A6EB05082046394601220AF0FF
:1026300022F9424629460AF036F92B463A462946FF
:1026400020460AF007F9314620460AF02CF94346A5
:102650003A46314620460AF0FDF83146204601222E
:102660000AF009F92946BDE8F0410AF035B90B49ED
:1026700040F23A23054A06480AF0D8F905480AF01C
:10268000D5F940F23A2184E73CFE01006EFD0100DD
:10269000D6F801005DFE010076FE01009FFE0100FC
:1026A000014B1B68184700BFD8000020014B186081
:1026B000704700BFD800002007B50B460021024636
:1026C00000910348FEF7E0F803B05DF804FB00BF9B
:1026D000A1260100F0B5024601680A270020074E36
:1026E0000B461C780131355D6D0701D41360F0BDD8
:1026F00007FB0043A3F13000F2E700BF341C0200E7
:102700002DE9F84F15469A46D378234A6F2B12F8D5
:1027100003B081460F460BF0030B2BD026D8582B65
:102720000CBF10260A26DDF82880324600234846D2
:102730003946FDF739FF092A08F1FF38D4B21ED80F
:102740003034B145E4B277F1000788F8004001D396
:10275000D04511D82B789B0605D5082E15D1AB781E
:1027600043F00803AB704046BDE8F88F03F0F70371
:10277000702BD5E70826D6E781460F46D5E7BBF193
:10278000010F0CBF37345734DBE7102EEBD1AB7899
:1027900043F01003E6E700BF341C02002DE9F84FB8
:1027A0000446A38B08461907154612D4022803F0E5
:1027B000070165D120460AF046F988B1013804289E
:1027C00000F23781DFE810F05C0035018200D400B0
:1027D000040101280CBF43F0100143F02001A18344
:1027E0001434204607F02CFA002840F09D819A49C5
:1027F00040F23113994A9A480AF018F92146B1E09B
:1028000003F00702501F01281ED80020062A27685F
:10281000C4E9000014D13A4603E0E08B0130E083C4
:102820001268002AF9D123F0070343F00202204680
:10283000A2830AF008F990B342F02002A2832EE0AE
:1028400023F007039AB2F2E7042A33D123F00703F7
:102850009AB22046A2830AF0F6F810B142F02002A4
:10286000A283A38B03F00709894540F0EC80A18B7C
:10287000CA0640F1508121F01003A38301F0070143
:10288000D4F81880A38BB8F1000FB9DA00222768BA
:1028900023F00703C4E9002243F00103A383A38BC1
:1028A00003F00709894540F0CF80002FDFD00026D4
:1028B000B24644E06B4940F21B136B4A68480AF089
:1028C000B5F840F21B1168480AF0A7F849B167490A
:1028D0004FF4AB73644A62480AF0A8F84FF4AB7146
:1028E000F1E723684BB9624940F257135E4A5C48EE
:1028F0000AF09CF840F25711E5E723691E684EB9CB
:102900005C494FF4AD73584A55480AF08FF84FF4BC
:10291000AD71D8E70F4688464FF00609A38B23F028
:10292000070343F006039BB2A383A268002A40F08A
:102930008D80002F40F08D80002E98D0BA4643F055
:10294000080304F1140B5846A38307F079F9002813
:1029500040F09A80404940F23113404A40480AF022
:1029600065F8594644480AF061F840F23111ADE08B
:10297000022909D0414940F25D133B4A38480AF028
:1029800055F840F25D119EE7E78B4FB13C494FF49B
:10299000AF73354A32480AF049F84FF4AF7192E705
:1029A00023695E684EB9334940F261132E4A2C48C0
:1029B0000AF03CF840F2611185E7A38BB84623F09A
:1029C000070343F004039BB24FF00409A383ACE771
:1029D000012909D02B494FF4B273234A20480AF049
:1029E00025F84FF4B2716EE723684BB9204940F2E5
:1029F00065131D4A1A480AF019F840F2651162E79A
:102A000023699E684EB91B494FF4B473164A1448A3
:102A10000AF00CF84FF4B47155E70027A38BB846C1
:102A200023F0070343F005039BB24FF00509A3838E
:102A30007BE70C4940F26B130B4A094809F0F6FF9B
:102A400040F26B113FE7002700266EE74FF0010AC6
:102A500075E7924673E700BFA3FF010076FF010010
:102A6000D6F801009AFA0100D0FE0100F5FE01003F
:102A700001FF010024FF0100BAFF01003BFF01003C
:102A800051FF010060FF010085F31188BFF36F8FD4
:102A9000BAF1000F1CD177BB16B120462549B047CB
:102AA000EFF31185202383F31288BFF36F8F58460D
:102AB00007F0B8F838BB88231F4A2049204809F09E
:102AC000B5FF59461F4809F0B1FF88211A48FBE6B7
:102AD000A1680029DFD00D680029DCD043464A46B2
:102AE0002046D1F804A0D0471DB12B6829461D46C9
:102AF000F2E72B46FAE7394643464A4620463F6806
:102B000009F0CDFFC7E7584607F0B0F8A38B23F0D4
:102B10000803A383ABE68B067FF562AE21F02003AA
:102B2000A38301F0070145E685F31188BFF36F8F9A
:102B3000BDE8F88F492B010076FF0100CFFF0100AF
:102B4000D6F80100E4FF0100F8B504460D4600F197
:102B50001406EFF31187202383F31288BFF36F8FDE
:102B6000304607F05FF868B988230C4A0C490D48D5
:102B700009F05CFF31460C4809F058FF88210748EE
:102B800009F04BFF304607F071F8A5613A46204640
:102B9000BDE8F8400121FFF701BE00BF76FF01004C
:102BA000CFFF0100D6F80100E4FF01002DE9F04756
:102BB00004460F4609F063FF051E68DB04F11409A3
:102BC000EFF3118A202383F31288BFF36F8F4846F7
:102BD00007F028F8804660B98823384A38493948D0
:102BE00009F024FF4946384809F020FF882133487E
:102BF00042E0484607F03AF84FF6FF72E38BA68BA7
:102C0000934206F0070645D0022E15D13546013312
:102C1000E383484607F014F8002841D140F231130D
:102C2000264A2A49274809F001FF4946284809F061
:102C3000FDFE40F23111DAE7062E13D8DFE806F088
:102C4000092D1212090409006FF085054FF00008E4
:102C5000DFE700233B60636883B9C4E9007786B18E
:102C60003546F3E71B4917484FF4E4731A4A09F055
:102C7000DDFE4FF4E471184809F0CFFE1F60676075
:102C8000EDE7524602212046FFF788FD35462846EB
:102C9000BDE8F0876FF00A05D8E76FF00405D5E7C7
:102CA0008AF31188BFF36F8FB8F1000FEFD00023C4
:102CB00032463946204609F0F2FEE8E776FF010089
:102CC000CFFF0100D6F80100E4FF0100A3FF0100DF
:102CD000BAFF010060FF0100D0FE010008B54268A4
:102CE000034602F00302032A816002D02AB10020C9
:102CF00000E0006800225A6008BD054905484523E8
:102D0000054A09F093FE4521034809F086FE00BFFD
:102D10009AFA0100D6F80100FAFF0100014B0360A6
:102D200000207047F8F3010070B5104B0D461C6889
:102D3000B4B10F4B196800238B4202DB6FF0010026
:102D400070BD224612F8106B864202D01446013341
:102D5000F2E7E0680AF0DFFE28B100202C60EFE720
:102D60006FF00C00ECE76FF01200E9E7DC000020E8
:102D7000F8F3010008B5044809F0F2FDBDE8084089
:102D8000024809F0EDBD00BF20000200550002001E
:102D900030BFFFF7FDBF00BF054B9A699B689A42A1
:102DA0001FBF044A536843F080535360704700BF0D
:102DB000500A002000ED00E0154B9A6A12F0007FE7
:102DC0009A6A14BF1E201D2012F0807F9A6A18BFD5
:102DD0001F2012F4801F9A6A18BF022012F4002FDD
:102DE0009A6A18BF212012F4802F9A6A18BF2220F5
:102DF00012F4003F9A6A18BF232012F4803F9A6AA7
:102E000018BF24206FEA02426FEA12429A627047AA
:102E100000ED00E010B5194B0246986A9C6A10F468
:102E2000805F14BF1720162014F4006F9C6A18BF2F
:102E30001820A40509D5986B986A000404D51AB126
:102E40009A6A22F400429A6219200C4B9A6A12F490
:102E5000806F9A6A18BF1A20D2050CD49B6A13F4AB
:102E6000005F18BF1C20054A936A43F47F439362B6
:102E700000230B7010BD1B20F5E700BF00ED00E044
:102E800010B5264B0246986A9C6A10F0100F14BFCA
:102E90001120102014F0080F9C6A18BF1220A407FC
:102EA00009D5586B986A000604D51AB19A6A22F0BF
:102EB00080029A621320194B9A6A12F0010F9A6AE3
:102EC00018BF142012F0200F9A6A18BF1520D206DE
:102ED00002D49B6A9B0712D5104B9B6ADC060ED569
:102EE0000F494FF495730F4A0F4809F09FFD0F48A3
:102EF00009F09CFD4FF495710A4809F08EFD074BCF
:102F00009A6A920642BF5A6A22F400525A629A6A38
:102F100042F0FF029A6200230B7010BD00ED00E04A
:102F2000B500020083000200D6F80100FF00020095
:102F300070B5594B05465B6800269CB0C3F3080387
:102F400086F31188BFF36F8F02F07F40B0F17F4F9F
:102F500008D102F00C00082804D012074CBF0D461F
:102F6000012675B94D4940F211434D4A4D4809F0CB
:102F70005DFD4D4809F05AFD40F21141484809F005
:102F80004CFD0022033B8DF80720032B7CD8DFE8A3
:102F900003F002737756404AD46A14F0020473D1E6
:102FA000D36A002B1ADBD36A5B0058D55369A96931
:102FB00043F480735361BFF34F8FBFF36F8F536937
:102FC00031F8021C23F480735361BFF34F8FBFF3BA
:102FD0006F8F4DF60273994219D12C689DF8073016
:102FE0009BB96822294602A80BF068F8099B002EBD
:102FF0004CD0C3F3080222B96FEA53236FEA43238C
:103000000993204602A909F0E0FD1CB070BD936A47
:10301000DBB233B101200DF10701FFF731FF0446A8
:10302000DCE7936A13F47F4F05D001200DF107010F
:10303000FFF7F0FEF3E7936AB3F5803F02D3FFF7A3
:10304000BBFEECE7194940F2EA23154A154809F09E
:10305000EDFC174809F0EAFC40F2EA218EE713493B
:1030600040F2ED230E4A0F4809F0E0FC114809F048
:10307000DDFC40F2ED2181E700200DF10701CCE7F6
:1030800000200DF10701D3E70024A7E723F4FF7325
:1030900023F00103B4E700BF00ED00E0630102008C
:1030A00083000200D6F80100760102009AFA0100BE
:1030B000B4010200D8010200064B5A6942F0100226
:1030C0005A615A6942F480625A615A6922F00802D0
:1030D0005A61704700ED00E0EFF30880EFF30981DB
:1030E00001B57246FFF724FF01BD00BF002080F349
:1030F0001488BFF36F8F002080F30A8880F30B8859
:103100000F4880F3088802F011FB00200D49086089
:10311000BFF34F8F00F02CF8202080F311880A486D
:103120004FF40061401880F30988EFF31480022106
:10313000084380F31488BFF36F8F00F023F9000079
:103140000856002094ED00E0C81000200023184627
:103150000649D1F89020C2F30722934200DB704762
:10316000C1F89830C1F8A0000133F6E700ED00E0A7
:1031700010B572B6002484F31388FFF7E7FF2346E7
:103180004FF0FF300C4A03F120010133102B42F8BD
:103190002100F8D100234FF0FF30074A03F160010E
:1031A0000133102B42F82100F8D162B6BFF34F8FE4
:1031B000BFF36F8F10BD00BF00E100E0084B9B68BC
:1031C00083420BD1EFF3058343B1064B5A6842F0BB
:1031D00080525A605A6A22F400425A6206F058BA83
:1031E000500A002000ED00E023498A6882F8CDE013
:1031F0004FF030001044EFF3098C80E8F01F1EF010
:10320000100F03D102F18C0080EC108A202080F393
:103210001288BFF36F8F194F4FF000668A698A607A
:103220003E6092F9CDE0D2F884000023C2F88430E9
:1032300080F311881EF0100F03D00023E1EE103A46
:1032400003E002F18C0090EC108AEFF3148323F07A
:10325000040383F31488BFF36F8F02F1300090E80A
:10326000F01F8CF3098802F1000004B509F0C2FCDC
:10327000BDE8044070470000500A002004ED00E063
:103280001EF0040F0CBFEFF30880EFF30980816993
:1032900011F8021C0229FFD001B5724609F09BFC0F
:1032A00001BD00BF00B2002807DB01234109034A2A
:1032B00000F01F00834042F82130704700E100E039
:1032C00000B200280CDB01220649430900F01F0070
:1032D0008240203341F82320BFF34F8FBFF36F8F1D
:1032E000704700BF00E100E0054B420953F822207F
:1032F000012300F01F0003FA00F01040704700BFE8
:1033000000E100E038B54B1C072B04460D460FD9F1
:103310006B23104A1049114809F088FB29461048D0
:103320000723224609F082FB6B210A4809F075FB4E
:1033300000B20028ACBF00F160400A4A4FEA4313D4
:10334000DBB2ABBF00F5614000F00F0080F8003346
:10335000135438BD080202003F020200D6F80100F3
:103360005A02020014ED00E0044B054A23F07F03EB
:103370009360BFF34F8FBFF36F8F704700F800006B
:1033800000ED00E008B5FFF7EFFF104BD3F8882001
:1033900022F47002C3F88820D3F8882042F4A002F7
:1033A000C3F888204FF04042C3F83422BFF34F8F58
:1033B000BFF36F8F0023E1EE103A04F0B7FC06F084
:1033C0005DFC00F077F804F0F1FC00BF00ED00E0D8
:1033D00042F8203C009B0D4942F81C3C019B21F027
:1033E000010142F8183C029B42F8081C42F8143CC8
:1033F0004FF0807342F8043C0023C0F884304FF44F
:103400007D43203A0265C0F8CC3070477BC901008B
:10341000104B9B6883421AD1EFF30580B8B9EFF3E4
:103420001181202282F31288BFF36F8F1A7B22F062
:1034300002021A73EFF3148323F0040383F3148856
:10344000BFF36F8F81F31188BFF36F8F70476FF0F9
:1034500015007047500A00200E461546002300B59F
:10346000E1EE103AEFF3148323F0040383F314889E
:10347000BFF36F8FBFF36F8F084B9860436F83F379
:103480000B882C4686F309880020054B9847204678
:10349000002100220023034C204700BF500A0020D7
:1034A000FDCB01007BC901001022014B1A6170475E
:1034B00000ED00E00023202040F20F1210B5044C74
:1034C000E1180133934281F80003F9D110BD00BF28
:1034D00000E100E008B5EFF30583064A103B02EB7C
:1034E000C30152F8330049688847BDE80840FFF738
:1034F00053BC00BFC4E901001FB5094C094A23466B
:103500000121094800F0FAF800230393074B012139
:10351000E41A01A80193029400F014F904B010BD5C
:103520000080012000000020ACF4010058040020BD
:1035300010B50C7A0B6804F01F0223F01F031A4326
:10354000CB68640923F01F03054943EA440343F0B1
:103550000103C1F89800C1F89C20C1F8A03010BD4B
:1035600000ED00E010B5074BD3F89030C3F307230C
:10357000013B984202D8FFF7DBFF10BD6FF015004A
:10358000FBE700BF00ED00E02DE9F04F0F461446C9
:1035900006464FF000084D4D85B0B84580F2928048
:1035A000D6F80490B9F1000F36D0B9F11F0F40F2F0
:1035B000878019F01F0F40F08380D6F800A01AF022
:1035C0001F0F7DD1504609F03CFB834609EB0A00F2
:1035D000013809F036FB834572D11BF1160F6FD00D
:1035E0005C456DDDC5F898B0D5F89C10C5F898B06D
:1035F000D5F8A03021F01F0143F01F0AD6E90032B0
:103600001A44994202F1FF391ED1CA4508D1314608
:103610005FFA8BF009F01EFB08F101080C36BCE7DD
:103620003146C5F898B0D5F89C3022F01F0203F05F
:103630001F031343C5F89C30E0B209F00BFB10F1F7
:10364000160F3DD0441CE7E7C5F898B0D5F8A02088
:10365000013B23F01F0302F01F021343CA4531460A
:10366000E0B2C5F8A030E8D009F0F4FA10F1160F76
:1036700026D0C5F898B0D5F89C209DF808300AF1FE
:10368000FF3A62F304038DF80830D5F8A0309DF8B6
:1036900008205B0863F347128DF80820D6E9003252
:1036A0001344009323F01F035344A3EB0903013099
:1036B00023F01F036946C0B20393FFF753FFBEE731
:1036C0006FF01504204605B0BDE8F08F00ED00E076
:1036D0000522044BC3F89420BFF34F8FBFF36F8FC5
:1036E000704700BF00ED00E0BFF35F8F0022024B88
:1036F000C3F89420704700BF00ED00E038B50C4DD2
:103700000C462A78FFF740FF287016300FD14FF48F
:10371000BB73084A0849094809F088F92146084856
:1037200009F084F94FF4BB71024809F076F938BD0D
:10373000B11000209A0202009AFA0100D6F80100A6
:10374000C90202002DE9F74F314E894605464FF078
:103750000008B3462F4FC84502DB03B0BDE8F08F29
:10376000D5F804A0BAF1000F4CD0296808460191A1
:1037700009F067FA019904460AEB0100013809F0E3
:1037800060FA84424FF01402234B15D002FB08F379
:103790006FF015024BF803204FF4C3731F4A204902
:1037A000204809F043F949461F4809F03FF94FF412
:1037B000C3711A4809F031F914F1160F3460EBD0D7
:1037C0001978A142E8DD02FB08B0C7F89840C7F8B5
:1037D0009840D7F89C4000F10801007B64F3040096
:1037E0000871D7F8A0000C79400860F347140C71F9
:1037F000D7F89C1021F01F017160D7F8A01021F0BC
:103800001F01316108F1010814360C35A3E700BF30
:103810003408002000ED00E0B11000209A02020000
:103820009AFA0100D6F80100F50202002DE9F041F4
:10383000574C584ED4F890303568C3F307239D4257
:1038400086B013D940F2AD13534A5449544809F095
:10385000EDF8D4F8902029465248C2F3072209F027
:10386000E5F840F2AD114C4809F0D7F80020FFF719
:103870003BFF4D4BC4F8C03085421AD14B4C01A8D8
:103880002570FFF74BFA002506464FF04108484FD8
:10389000AE4215D1002023783D49D1F89020C2F3E3
:1038A000072293426DDB0020FFF712FF06B0BDE850
:1038B000F081716801EB0011FFF73AFE0130DBE7A0
:1038C000019A290102EB0513D3F80CC00CEA07009A
:1038D000B0F5001F27D0B0F5800F40D0B0F5801FA5
:1038E0004DD1586852589B68CDE902022122013B14
:1038F00020F01F010B4423F01F038DF810200593C7
:10390000207802A9FFF72EFE002835DA234940F27D
:10391000D713214A224809F089F8264809F086F889
:1039200040F2D7119FE758689B685258013B20F03E
:103930001F010B4423F01F031CF0010FCDE902020D
:103940008DF810800593DBD01B497B23124A144865
:1039500009F06CF8194809F069F87B2183E7586889
:103960009B685258013B20F01F010B44CDE9020235
:1039700023F01F030222C0E72378013323700135AF
:1039800086E7C1F89830C1F8A000013385E700BF91
:1039900000ED00E0B8F401009A0202009AFA01007A
:1039A000D6F8010024030200AAFF4400B110002051
:1039B0000000F0FFAD030200580302007E03020086
:1039C00008B50B4BC3F1005303F5C033B3F5006FDB
:1039D0000CD208499223084A084809F027F80848F9
:1039E00009F024F89221044809F017F8002008BDD6
:1039F000086A002016040200E6030200D6F801005F
:103A00005E040200014B1860704700BFE400002014
:103A1000F8B506460D460024064FAC4208DA3B686E
:103A200098470A28305504F1010401D00D28F4D13B
:103A30002046F8BDE0000020F8B50D46094F461EAF
:103A4000C0F10104A3199D4201DC2846F8BD73783A
:103A50000A2B02D10D203B6898473B6816F8010FEE
:103A60009847EFE7E400002010B5074C2368C21820
:103A70000648C0F1005101F5C0318A4236BF2260CC
:103A80004FF0FF30C01810BD48080020086A002021
:103A900010B5044658B9114940F29713104A11481D
:103AA00008F0C4FF40F297110D4808F0B6FF14204B
:103AB00007F0E8FB206060B90B4940F29F13084A09
:103AC000084808F0B3FF094808F0B0FF40F29F1122
:103AD000EAE7BDE810400AF057B800BFE60402006C
:103AE000E6030200D6F80100E50402002105020009
:103AF00010B558B909490A4840F2C713094A08F0F5
:103B000095FF40F2C711074808F087FF4FF0FF32DA
:103B1000BDE810404FF0FF3304F0D4B9E6040200D2
:103B2000D6F80100E603020008B558B9074908486D
:103B300040F2E313074A08F079FF40F2E311054829
:103B400008F06BFFBDE8084004F08CBAE604020000
:103B5000D6F80100E603020008B5054808F000FFAA
:103B6000002383F31188BFF36F8F0423184602DF0D
:103B70004405020008B5234A234B1A6000F05EF8A2
:103B80004FF47A612148D0F82436C3F30802C3F316
:103B900009434B4382F480721D49883201FB023392
:103BA0004FF4FA215B00B3FBF1F201FB1233194928
:103BB000B3F57A3F28BF0132C1F80429D0F8203686
:103BC0004FF47A60C3F30802C3F30943434342F25C
:103BD0001C5082F4807202F2172200FB02334FF471
:103BE0007A701B0AB3FBF0F200FB1233B3F5FA7FD5
:103BF0004FF0010328BF0132C1F81C27C1F800367D
:103C0000002008BD0020A1075C01002000C0FF00CB
:103C1000F82A00800000125048B1054B054A1B6885
:103C2000B3FBF2F35843044B43F0010318477047CA
:103C30005C01002040420F00F0F201000122024B23
:103C4000C3F80424704700BF002008E037B54023C4
:103C50000C460A490093411A491105462346084A71
:103C6000084809F034F8011E05DA2846234603B057
:103C7000BDE83040184703B030BD00BF60080020E9
:103C800039CD0100A4E80100C9B2012908B509D95C
:103C9000084909487F23094A08F0C8FE7F210748E0
:103CA00008F0BBFE0C22036901FB0233986C00F0A4
:103CB000070008BD8A050200D6F801004D05020084
:103CC00070B5C9B2012903690BD91949194840F2E5
:103CD000D113194A08F0AAFE40F2D111164808F093
:103CE0009CFEEFF31185202484F31288BFF36F8FBD
:103CF0000C2606FB0134A46C14F0C00408D0A242C8
:103D000006D085F31188BFF36F8F4FF0FF3070BD81
:103D1000012206FB01339A6485F31188BFF36F8F8C
:103D2000436803EBC1035B6898470020EFE700BFDF
:103D30008A050200D6F801004D05020070B50D4657
:103D400006490446411A491140220548FFF7B8FFC9
:103D50002B4601462046BDE8704018476008002009
:103D6000A4E8010070B500220121044640F20510CC
:103D7000FFF7C8FA0F4801F061FE0F4B984215D1CA
:103D800001F06CFE26690D49304608F09EFE0028C1
:103D90000BDB0125B5642469084904F1200008F013
:103DA00094FE002801DB0020656570BD6FF0040003
:103DB000FBE700BF753E01000000AD0BE0F4010021
:103DC0001FB500220123CDE902236B46084ACDF836
:103DD00000D0CDF804D008F0A8FF002805DB43F69A
:103DE00009520023684604F0ABFA05B05DF804FB05
:103DF00051CD010010B5EFF31184202383F3128815
:103E0000BFF36F8F074A136823F00201DB071160CD
:103E100002D4012001F0DCFE84F31188BFF36F8F20
:103E200010BD00BFB80800200C22104B014602FB59
:103E30000033002030B4D3E910521864EFF311803E
:103E4000202484F31288BFF36F8F9C6C04F0C004AD
:103E500044F002049C6480F31188BFF36F8F1DB19E
:103E60002B4630BC0248184730BC70476008002021
:103E7000A4E8010008B5062818D8DFE800F02121E1
:103E8000090B042121000020BDE80840FFF7CCBF4A
:103E90000120F9E70B494FF43D730B4A0B4808F03A
:103EA000C5FD4FF43D71084808F0B7FD05494FF4D2
:103EB0004173054A054808F0B9FD4FF44171F2E736
:103EC00008BD00BF9AFA01004D050200D6F80100B6
:103ED00010B4EFF31182202383F31288BFF36F8FA6
:103EE0001748016841F002040460C80708D482F34F
:103EF0001188BFF36F8F01205DF8044B01F0D8BD2E
:103F00001049D1F80C14C903F1D5EFF3118083F3F4
:103F10001288BFF36F8F0C498B6C03F0C00343F022
:103F200002038B6480F31188BFF36F8F82F31188D3
:103F3000BFF36F8F00205DF8044BFFF775BF00BF24
:103F4000B808002000E01050600800202DE9F04182
:103F5000012206464049D1E8EF3FC1E8E02F0028A2
:103F6000F9D1A3B93D493E484B60CB608A60FEF76A
:103F70001DFE00280BDA3B494FF429733A4A3B48AF
:103F800008F054FD4FF42971374808F046FD5EB340
:103F9000731E012B56D8012E06D1354BD3F8503461
:103FA00003F00303012B1FD009F00CFE0546E8B90E
:103FB000304B1B78D3B1042207462D4BC3F808239E
:103FC0002B4CDFF8B880D4F84C24D4F84C34D2030E
:103FD00015D503F00303012B01D0012E0FD165B3DA
:103FE00087F31188BFF36F8FBDE8F081EFF311877E
:103FF000202383F31288BFF36F8F0125E0E7BDB163
:10400000384608F00FFED4F8403413F0FF03DAD13D
:10401000D4F80821002AD6D0C4F80831D4F80831E1
:1040200020220123C4F84034C8F8A0212361CAE744
:104030000021202005F086FAE5E704220C4BC3F8A6
:104040000423D1E70C4940F2B623074A074808F099
:10405000EDFC40F2B62197E75C0800204C080020F8
:1040600080080020AE0502004D050200D6F80100D0
:1040700000E01050C41000209AFA010000E100E0B6
:1040800008B5074809F047FD38B10648FFF7BAFC04
:104090000448FEF70BFB002008BD6FF01200FBE7A1
:1040A00024E90100A94001000A2838B50446074D5B
:1040B00004D1AB680D2128465B689847AB6803487C
:1040C0005B68E1B29847204638BD00BF24E9010093
:1040D00000487047FCF40100024B0B6001231360A1
:1040E000704700BF04F5010008B5012204481146DD
:1040F00009F051FD034B044A0020C3F80C2508BD0C
:10410000BC08002000B0045080000080B0F5FA2FF9
:10411000F8B505460E46144631D2C0F5FA239A4248
:104120002DD82AB34FF0FF324FF0FF33154804F07B
:1041300007F940F20113144F2246C7F80035CEB1FB
:104140003146284609F0BAFFBFF35F8FD7F818341D
:10415000DA0705D4230703D00123BB60BFF35F8FC9
:104160004FF48072084BC3F80025064804F06AF843
:104170000020F8BDFF21284609F0ADFFE4E76FF00D
:104180001500F6E7BC08002000B004500048704756
:1041900040F501002DE9F34743680F1E054616461A
:1041A000D3F818907DDBBB184B457AD847EA020458
:1041B000C4F30B04002C74D1006908F002FE214600
:1041C000284608F054FE4FF0FF3A0446002E45D131
:1041D0000121284608F04BFE002C08BF0446286940
:1041E00008F0EDFD204602B0BDE8F08780462E4B7A
:1041F0005A7882B10AFA02F137EA01010BD10121A2
:104200009140B14207D8B8F1000F1ED098F80110C4
:10421000914238BF98460134042C03F10203E7D1E0
:10422000B8F1000F13D00023812298F8001028461F
:10423000CDE900333B4608F0CAFD012398F8012080
:10424000044693401F44F61A21E09846E3E76FF0D6
:1042500015040121284608F00AFEC0E7002CF8D119
:104260002346CDE9004480220621284608F0AFFD10
:1042700004460028EDD14E45B8D10346CDE90000F3
:104280008022C721284608F0A2FD00260446002C03
:10429000DFD140F21B620023284608F016FE0446D8
:1042A00094E76FF015049DE7EA05020010B5036975
:1042B00061B920493F23204A204808F0B7FB204835
:1042C00008F0B4FB3F211C4808F0A7FB486850B930
:1042D0001C494023184A194808F0A8FB1A4808F05E
:1042E000A5FB4021EFE75868F8B1884219D19C68D6
:1042F0000868A142586000D19860002008602AB187
:104300005A680A609A68596002B99960002010E002
:10431000814206D10868206098688142EDD19C6096
:10432000EBE7044600680028F2D1002AE8D16FF0DC
:10433000150010BD2E060200F2050200D6F801009D
:1043400037060200460602005806020008B5036858
:104350005F2B4FEA531107D80C4A03F01F0352F8A2
:104360002120DA40D2070BD409490A4840F2CA3367
:10437000094A08F05BFB40F2CA31074808F04DFBE0
:104380000360064B53F8210008BD00BF54F501003F
:10439000A2060200D6F801006F06020048F50100EF
:1043A000F0B5406801F01F04057B87B044EA45146E
:1043B0000569002D77D0B2F5001F00F1100506D178
:1043C0002146284609F0B6FA002007B0F0BD0027C4
:1043D000B2F5800F01AE0197776033D1B3F1007F62
:1043E00014BF052304238DF804300023CDE90463B2
:1043F00003938368CB40D90739D4B2F1A07F36D17B
:1044000068460094FFF7A2FF009B203350F823304A
:10441000DB072CD46A462146284602F099F8254B42
:1044200098421AD0CDF808D02146284603AA01F0B8
:10443000FFFE214B984239D101222146284602F045
:104440001BF9C1E7B3F1C06F05D0B3F1007F14BF12
:1044500001230223C7E70323C5E76946284602F084
:1044600003F9154B9842DDD06FF00B00ADE76A46BB
:104470002146284602F06CF80F4B06469842D3D1ED
:1044800028469DF8001002F0E7F8B042CCD00B4966
:104490000B4840F2E1130B4A08F0C8FA40F2E11170
:1044A000084808F0BAFA6FF085008EE76FF0150043
:1044B0008BE700BF0400AD0B0000AD0BF10602005E
:1044C000D6F80100C50602002DE9F043466840F227
:1044D0000635337BD00601F01F0747EA431748BF74
:1044E000032302EA050558BFC2F3401387B0B5F5B0
:1044F000837F14468DF8033043D00FD8062D42D069
:1045000007D8B5B1022D14D06FF0150007B0BDE883
:10451000F083B5F5807FF7D101250AE040F2022251
:10452000954232D0B5F5407F31D0B5F5007FEBD163
:10453000042522032DD5012372688B405360336913
:1045400073BB03A80397FFF701FF039B00EB8300F6
:1045500084F48033C3F30043C4F34044D0F8802094
:1045600044EA43049DF8033022F4706244EA830471
:1045700022F00F0244EA05231343C0F880300020E4
:10458000C4E70925D5E70825D3E70625D1E70525A2
:10459000CFE7630341BF012372688B409360CEE78E
:1045A0001036394630460DF1020201F0D1FF14F405
:1045B000403F804617D13946304609F0B9F9254BBE
:1045C0009845DCD130469DF8021002F045F8404590
:1045D000D5D021492148DE23214A08F027FADE21DF
:1045E0001F4808F01AFA4FF0000901AB394630466F
:1045F00003AACDE90439CDE90199CDF80C9001F079
:1046000017FE144B98427FF47FAF14F4003315D09B
:104610009DF8033084F48034C4F300448DF80E30E8
:1046200039464B46304603AA8DF80C508DF80D40A4
:1046300001F0E6FE074B9842C1D065E7CDE90433AF
:1046400039460DF10303304603AA039301F0F0FD50
:10465000F0E700BF0000AD0BF1060200D6F8010044
:10466000C50602004209022A034670B503D0012A9A
:104670001FD002B370BD154E326951680029F9D0C0
:10468000012503F01F030C689D400029F2D08A68C1
:104690002A4014D04B6883B90D4964230D4A0E4853
:1046A00008F0C4F90D4808F0C1F96421094808F080
:1046B000B4F90B4EE0E70B4EDEE7304698471CB1ED
:1046C000236821461C46E0E72346FAE704E9010097
:1046D0002E120200F2050200D6F801005806020070
:1046E000E4E80100C4E8010038B545682B69E3B18E
:1046F0001035284601F0A2FF0446B0B9014628460D
:1047000001F056FF0B4B984211D1224628460A4928
:1047100001F010FF22460121DB20FEF7F3FD2246C7
:10472000012140F20D10FEF7EDFD002038BD6FF0C5
:104730000400FBE70000AD0B6546010008B5036807
:104740005F2B4FEA531107D80C4A03F01F0352F8AE
:104750002120DA40D2070BD409490A4840F2CA3373
:10476000094A08F063F940F2CA31074808F055F9E0
:104770000360064B53F8210008BD00BFB4F50100EB
:10478000A2060200D6F801006F060200A8F501009B
:104790002DE9F04F1546824640F2FF19DFF868B167
:1047A00085B000EB8108D04503D1002005B0BDE8FD
:1047B000F08FDAF80020C2F3C3210829C2F30804FD
:1047C00000F29D804F4B4C4508BF4FF0FF34B2F1D3
:1047D000D05F5F5C4FEA126110D2192910D8DFE870
:1047E00001F01219205B23295B0F0F0F0F0F0F0F22
:1047F0000F0F0F0F0F0F0F0F5E72757838296BD0E8
:104800006FF08500D2E7C5F80446631C51D10AF168
:10481000040AC8E7C5F80C46621CF8D000263146E9
:1048200016E0C5F81046F0E7661CC5F80046EED065
:10483000002604E0601CC5F80446E8D0012603A861
:104840000394FFF77BFF0121039A01FA02F28260D1
:10485000DAF80020039402F40040002818BF002179
:1048600003A818BF012601920091FFF767FF039C80
:10487000019A00EB8400D0F88040C2F3412C0099EB
:104880003A0242EA8C020A4304EA0B04224342EA57
:104890004602C0F88020BAE7C5F80846BCE7C5F86C
:1048A0006045611CDAF80020B1D0C2F30042002A52
:1048B000C4D0012603A80394FFF740FF039A06FA29
:1048C00002F24260ABE7C5F86445EAE7C5F868451F
:1048D000E7E7C5F86C45E4E703A80394FFF72EFF6C
:1048E000039A631C00EB8200D0F8802022F0E042A3
:1048F00042F08042C0F8802089D001268FE76FF017
:10490000150053E727070200F0F0FCFF032908B564
:104910000BD90849084840F23D33084A08F086F8A8
:1049200040F23D31054808F078F801F5AC7150F8D7
:10493000210008BD62070200D6F80100300702001E
:1049400008B503685F2B4FEA531107D80C4A03F0F0
:104950001F0352F82120DA40D2070BD409490A4834
:1049600040F2CA33094A08F061F840F2CA310748F8
:1049700008F053F80360064B53F8210008BD00BF50
:10498000CCF50100A2060200D6F801006F06020075
:10499000C0F50100F7B5044600220121D220FEF740
:1049A000B1FC60682369234A00F1080102F08CFB26
:1049B000214B98423AD166680021B56B01AA28467E
:1049C00008F0AFFC002805DB019B2A6819791868FC
:1049D000FFF7DEFE00273D463068E9B2FFF796FF9D
:1049E00000280DDB019001A8FFF7AAFF019A0368D8
:1049F000D34013F001031CBF0123AB403B43DFB2A4
:104A00000135042DE8D1002301206268916A00FA83
:104A100003F23A420CBF01220022D20321F81320F4
:104A20000133042BF1D1002003B0F0BD6FF00F0073
:104A3000FAE700BF49D301000000AD0BF7B505460A
:104A400000220121C620FEF75DFCC620FEF72AFCED
:104A50006C680121E06808F033FD6B6819686369D0
:104A6000C1F82435E28BA38BA07E1343228C134321
:104A7000628C1343627E9BB20243207E0243134347
:104A8000C1F86C3569680B68D3F8002242F48022C3
:104A9000C3F800220822C3F800254A6A0121C3F89E
:104AA0003C270022C3F840271965D3F830110029AC
:104AB000FBD0C3F800256B680021D86808F000FD22
:104AC0006C680021E068256808F0FAFC0823C5F846
:104AD000003594F82C3073B10021E06801AA08F089
:104AE00020FC002807DB002340F2FF16019908791B
:104AF000DAB290420FD8227A52B9A36AC5F80437C5
:104B00000123C5F80837C5F84C21D5F84C21AB6214
:104B1000002003B0F0BD0A6852F82320C2F3080257
:104B2000B24204D094F92D70B7EB521F01D101337A
:104B3000DEE7074940F26133064A074807F076FF8F
:104B4000064807F073FF40F26131024807F065FF45
:104B50009AFA010078070200D6F80100AC070200BB
:104B60002DE9F04104460D46476809F02BF8A0B93D
:104B7000274B1B788BB14FF02008642663681B68B5
:104B8000D3F830318BBB012008F0F8FD013EF5D1A0
:104B90000021202004F0D6FCEFE72021EFF3118361
:104BA0001A4681F31288BFF36F8F60680068D0F8EF
:104BB000300120B983F31188BFF36F8FEEE77B6A72
:104BC00000201D706368796A1B68C3F83C170121D7
:104BD000C3F84017C3F83001D3F83001196582F3E8
:104BE0001188BFF36F8FBDE8F081EFF311831A4690
:104BF00088F31288BFF36F8F61680968D1F83011AC
:104C00000029DCD183F31188BFF36F8FC0E700BFA9
:104C1000C410002008B503685F2B4FEA531107D872
:104C20000C4A03F01F0352F82120DA40D2070BD4BC
:104C300009490A4840F2CA33094A07F0F7FE40F230
:104C4000CA31074807F0E9FE0360064B53F821001C
:104C500008BD00BF90F60100A2060200D6F80100D0
:104C60006F06020084F60100012310B503FA01F17A
:104C7000436804691B6819420ED10E4940F28D63E6
:104C80000D4A0E4807F0D2FE0D4807F0CFFE40F265
:104C90008D61094807F0C1FE2368194218BF82F0F0
:104CA000010222B18368DB68BDE8104018478368C1
:104CB0001B69F9E744FB010048F80100D6F8010040
:104CC00082FB01002DE9F84344680669054600218E
:104CD000E06B08F01CFC002822DB216C481C16D17C
:104CE0000127636B9847B4680834D6E9023203EBB6
:104CF000C203A4F10802934214D8304608F049FCDC
:104D00006B680021D86B08F002FC002008E004F179
:104D1000440000F053FA10F1130F01D0411DDFD110
:104D2000BDE8F88354F8080C08F0F5FE002858D0C8
:104D300054F8080C14F8041C34F8023C03F0300258
:104D4000302AD0F81080D0E901C90ED1264940F2AE
:104D5000E233264A264807F069FE264807F066FE39
:104D600040F2E231214807F058FE03F00602042A1F
:104D700009D1214940F2E9331C4A1D4807F056FE8B
:104D800040F2E931EEE7DCF800C0DA0707FA01FE8D
:104D900054BF43F4B01383F4D0131EEA0C0F23F472
:104DA00080120CD115494FF47F73104A104807F058
:104DB0003DFE134807F03AFE4FF47F71D2E7D8F872
:104DC00000C0DB074CBF4EEA0C032CEA0E03C8F808
:104DD0000030D9F800309847002804F1080484DA3C
:104DE0009EE76FF012009BE717F9010048F80100F9
:104DF000D6F8010050F9010023FA010044FB01003C
:104E000082FB01002DE9FF4105690646AA6CD0F836
:104E100004802B6D002A35D1002B53D0B8F83840D0
:104E2000686C9C4228BF1C46EF6CEB6C53B12A6D3A
:104E300042B107F06042B2F1005F03D0082C28BFF6
:104E400008246F6E6A6CAC651AB1AA6C002A18BF90
:104E5000224601921BB12B6D002B18BF23460090F8
:104E60000022694640460393029702F0D1FC184B9A
:104E7000984229D06FF00401304604B0BDE8F041FB
:104E800008F0A9BB696CEF6C0846B8F83840ABB1C4
:104E9000934228BF13469C4228BF1C460029C4D019
:104EA00001F06043B3F1005FBFD0082C28BF082495
:104EB000286E224609F002F9286EB6E7944228BF10
:104EC0001446EBE71946D7E704B0BDE8F08100BF10
:104ED0000000AD0B2DE9F04F91B0019343680746F8
:104EE00002938B8804699804884691462DD44FF02C
:104EF000FF324FF0FF3304F1100003F021FAC4F841
:104F00000480D7F804B0D7F810A0DBF8083003937A
:104F10009AF85D3023B1DAF80030984500F08180CE
:104F2000B8F804C01CF4006F16D06FF08505236834
:104F30009B8813F4005304D1636004F1100003F064
:104F400081F9284611B0BDE8F08FA369002BCED1BE
:104F500063689942CBD1D4E71CF0090F02D06FF0FF
:104F60001505E4E7CCF34513082BF8D1D8F800E099
:104F70007A4B9E45F3D906AD0BF10C060FCE0FC54B
:104F80000FCE0FC5039B96E80300734594BF0B93A8
:104F9000CDF82CE01CF0020F85E803000CF00403B0
:104FA0002FD0002B14BF032302238DF83030CCF315
:104FB00000138DF83130DBF80030D3F80036591C7F
:104FC0000AD01CF0020F059305A81ED1FFF722FEA0
:104FD0000123059A934083609AF85D302BB15846BF
:104FE00002F0BAFB00238AF85D303B4658465C4A23
:104FF00006A902F06BFB5B4B98420DD06FF00405E5
:1050000095E7003B18BF0123CFE7FFF703FE01231D
:10501000059A93404360DFE70123CAF800808AF8CD
:105020005D30012384F85C30029B196C4A1C03D06C
:1050300003F1440000F0F2F8B9F1000F68D1C4F8B0
:1050400034900023A36304F1480204F1380104F111
:10505000340008F049FA019B6064002B60D1E363DF
:105060000023236404F1500204F1400104F13C00E8
:1050700008F03AFA002501212A46E064256320461B
:1050800008F066FA3846FFF7BDFE2A462B46A06BAD
:1050900083424DD100231946256CA9424FD19A4233
:1050A00038BF1A4626464FF4FA534FF0000803FB68
:1050B00002F556F8203B47F6122C1B684146B5FB1B
:1050C000F3F540F2E730C8354FF47A720023E5FB80
:1050D0000C01FBF769FA02460B46304603F030F943
:1050E000024618B9256B15F1740F2FD10298C4F838
:1050F000588002F031FB6FF07301384684F85D8010
:1051000008F069FA304603F095F96FF073050EE781
:10511000D9F800306363002B93D0D9F8043091E7BD
:10512000019B1B68E363002B9AD0019B5B6898E7A7
:10513000616B01EBC301496801330A44A8E7E06BE6
:1051400000EBC100406801310344A6E7002D3FF4A5
:10515000EEAE0146386908F0FBF9E8E647E80100E1
:10516000F9D501000000AD0B08B503685F2B4FEACD
:10517000531107D80C4A03F01F0352F82120DA40DC
:10518000D2070BD409490A4840F2CA33094A07F04A
:105190004DFC40F2CA31074807F03FFC0360064B64
:1051A00053F8210008BD00BF20F70100A20602004D
:1051B000D6F801006F06020014F701000123F0B5D4
:1051C00087B08DF80230022300248DF804306B4440
:1051D00003930F4601AB0DF10301049305460291C1
:1051E000059401F041FA0C4B064698420FD139461E
:1051F000284603AA01F01CF8B0420BD028469DF8BF
:10520000031001F029FA6FF0040007B0F0BD6FF051
:105210001200FAE72046F8E70000AD0BF7B50C46A0
:10522000054608F089FB002221460646284601F083
:1052300023FA01A80194FFF797FF019B00EB83027B
:10524000D2F88010154B0B4043F00C03C2F88030AD
:1052500000F08AF807462B689B59B3B10026214617
:10526000284608F067FB01A80194FFF77DFF019B2A
:1052700000EB8300D0F88020084B134043F0040378
:10528000C0F88030304603B0F0BD00F06DF8C01BB0
:10529000C728E0D96FF07306E1E700BFF0F0FCFF2C
:1052A00070B514461D4608F000FAA042A94113D378
:1052B0000A4AD2E90061A41B24F01F0365EB010038
:1052C0009B1941EB0001C2E90031640944EAC06066
:1052D000BDE8704004F05EBE70BD00BF60040020F9
:1052E00010B500220121E420FEF70CF8174A002037
:1052F000D2F8183723F44033C2F8183701F07EFB98
:10530000134B0446984208D10120124901F02AFCAF
:10531000A04205D0104B984214D04FF0FF3010BD82
:1053200008F0C3F967220D4B20F01F00C3E900010C
:105330000B4BC3E900010B4B02201A60FEF706FE7F
:105340000020ECE76FF00B00E9E700BF00200E50F3
:105350000000AD0B580100200200AD0B60040020DE
:10536000580400201809002038B5EFF311852023D8
:1053700083F31288BFF36F8F174804F053FC68B9AA
:105380008823164A1649174807F050FB1249164859
:1053900007F04CFB8821114807F03FFB0E4804F052
:1053A00065FC08F082F904460B4804F049FC68B932
:1053B00040F23113094A0D490A4807F037FB064904
:1053C0000B4807F033FB40F23111E4E785F3118815
:1053D000BFF36F8F204638BD1C09002076FF010007
:1053E000CFFF0100D6F80100E4FF0100A3FF010098
:1053F000BAFF010008B508F058F9054AD2E90032B1
:10540000C01A61EB0201400940EAC16008BD00BF5B
:105410006004002037B5431C0CBF6FF0004420EA45
:10542000E07408F042F90D4BD3E90025801A61EBD6
:1054300005032021C4FB0103402873F100042CBFA5
:1054400020F01F01002352184FF0010145EB030328
:105450000091034801F01AFC03B030BD6004002045
:1054600050010020F0B585B06E46816805461039C0
:1054700021F00F0407F0A2FB32460A4B03F1100C97
:10548000374618685968083303C763453E46F7D165
:1054900010232146284607F060FB003818BF012082
:1054A00005B0F0BD38F801002DE9F0431D4685B088
:1054B00006460F46904607F07AFB6C1E04444042B5
:1054C0000440102C06D94FF4B471104B104A114807
:1054D00005F0A8FE304607F071FB81462A4641469A
:1054E000684608F0EBFD4946621B0DEB050008F02D
:1054F000F2FD23466A463946304607F02EFB003857
:1055000018BF012005B0BDE8F08300BF9AFA010082
:10551000270A02009D09020030B50D46816887B058
:10552000102302AA1039044607F002FB002802DA11
:10553000012007B030BD1022204602A908F0D3F8A0
:1055400000283AD110221E4902A808F0A7FD002821
:105550000CBF012302232B70204608F0BEF8012364
:1055600001460DF10702204607F0E2FA0028DFDBD2
:105570009DF80730204603F00F021B096A702B715B
:1055800001220DF1070108F0AEF810B96B78042B79
:1055900003D901236B7000232B71A2682046203AA7
:1055A00022F00F02103AA91C08F0B0F80028BFD171
:1055B0002046E91C08F0D7F8BBE70323CBE700BF80
:1055C00038F801000E2A13B5044606D90C4B4FF4E7
:1055D000CF710C4A0C4805F025FE0E2901D90B4B62
:1055E000F5E741EA02118DF8071008F076F801237B
:1055F00001460DF107022046FFF756FF02B010BD2D
:10560000E0090200120A02009D090200F2090200EC
:10561000F7B50D1E69460CBF17462F460446FFF727
:105620007BFF78B99DF80060022E22D0032E0BD0AC
:10563000012E26D135B19DF80330032B02D120462F
:1056400008F08AF803B0F0BD002DFBD12046FFF72B
:1056500009FF0028F6D157B1204608F07DF8002850
:10566000F0D1002231462046FFF7ACFFEAE70226E0
:10567000F7E76DB90146A268204607F083FA0320D8
:10568000E0E740F24F21034B034A044805F0CAFD0E
:105690000420D7E79AFA0100040A02009D090200DB
:1056A00013B50C4B0C4603EBC00001A90079FDF7C4
:1056B0003BFB014660B9221E18BF01220198FFF78B
:1056C000A7FF0446019807F032FA204602B010BD49
:1056D0000124FAE72CF70100064BD3F840231C2ADB
:1056E00005D1D3F84403431E584258417047002067
:1056F000704700BF00C0FF0003689A070CD503681D
:10570000DB070DD50922074BC3F80C250F22C3F880
:10571000042501221A60FEE7034B0360EF3B0360A0
:10572000704700BF00801050F000FA5008B5012308
:105730004D4AC2F800384D4AD2F840231C2A01D005
:105740002F2A02D14A4AC2F80C344A48FFF7D4FF44
:105750000830FFF7D1FF0830FFF7CEFF0830FFF722
:10576000CBFF00F5F470FFF7C7FF434AD2F88C3047
:1057700043F44063C2F88C300022D30003F57F036A
:1057800003F54043D3F8001401310AD0D3F80014D4
:1057900039B1D3F800140132D3F80434402A0B6035
:1057A000EBD1314BD3F840242AB3FFF795FF48B132
:1057B0002E4BD3F83423314B9A429EBF2A4B304AAA
:1057C000C3F84026FFF788FF18B12E4B2E4AC3F8C6
:1057D000AC27264BD3E9D0231C2A10D1012B10D1A2
:1057E0003422214BC3F82426D3F83C2622F400228D
:1057F000C3F83C2605E0C822C3F84024D5E72F2A89
:10580000ECD01A4BD3F840331C2B01D02F2B08D1EE
:105810001E4BD3F80026D20744BF6FF00102C3F835
:10582000002603236FF0F8021949C1F81835194B07
:10583000C3F808256FF0FF02C3F80C250E4BD3F810
:105840008C2042F44062C3F88C20D3F8882042F4C4
:105850007002C3F88820BFF34F8FBFF36F8F002310
:10586000C1F8A03508BD00BF0000125000C0FF0005
:105870000030055000C50D5000ED00E0001D0A1875
:1058800040E0A91E00A0085078000A0400E0105073
:1058900000B0045000F00C5030B50468ACB1B4FA5C
:1058A00084F30122C3F11F03DBB29A4024EA02020F
:1058B000D0E8EF5FA54204D1C0E8EC2FBCF1000FA7
:1058C000F6D1EAD102480B7030BD0248FCE700BFB8
:1058D0000000AD0B0200AD0B10B50368CB40DB0739
:1058E00010D401238B40026843EA0201D0E8EF4F55
:1058F000944204D1C0E8EC1FBCF1000FF6D1F2D104
:10590000014810BD0148FCE70000AD0B0400AD0BE1
:10591000F7B5044668B101283FD0414941484FF4EA
:105920008673414A07F082F84FF486713E4807F0CB
:1059300074F814224FF4847304203C490025C1F804
:105940000803012002F1A04203F1A04303F58713ED
:1059500002F5871210601D601B68354BD3F8403389
:105960001C2B1FD02F2B1DD0844201D10DF1070518
:10597000002342F210762D4F8DF80730002C39D0DD
:10598000012C1BD02649274840F2EE43294A07F054
:105990004DF840F2EE412748C9E704224FF48073E6
:1059A0007120CAE7012C01D1CC60DFE70025DFE7D9
:1059B00083B1012007F0E2FE013E27D0D7F80C3476
:1059C00003F48033002DF3D0002B0CBF0123002300
:1059D0002B701DD10022184B5A7117E0012007F0DF
:1059E000CDFE013ECAD111E083B1012007F0C6FE11
:1059F000013E0BD0D7F84C3403F48033002DF3D0A4
:105A0000D7F84C2402F003022A700BB903B0F0BDA2
:105A10009DF80730002BE1D0012CF7D1DAE700BF69
:105A20009AFA0100D6F801003A0A020000E010508C
:105A300000C0FF00770A020020090020044B1A79F9
:105A400022B9012218601A71024870470248704753
:105A5000200900200000AD0B0C00AD0B08B50F4B6A
:105A60001A795AB90E490F484FF4B6730E4A06F028
:105A7000DDFF4FF4B6710C4806F0CFFF1B6843B151
:105A800040F20510FDF730FC18B940F20510FDF7A3
:105A900009FC0022054BC3F8402408BD2009002062
:105AA000AB0A0200D6F801003A0A020000E01050EA
:105AB00038B5404C23795BB93F4940F2C1133F4AA6
:105AC0003F4806F0B3FF40F2C1113C4806F0A5FF85
:105AD0003C4B58B101284BD03B4940F21D23374A7B
:105AE000374806F0A3FF40F21D21EEE7D3F84C142F
:105AF000D3F84C24C80323D502F00303012B04D0B0
:105B000013B10020FFF704FF00232E4A0420C2F83F
:105B1000403410224FF48473002103F1A04303F5B5
:105B2000871319601D68012502F1A04202F5871252
:105B300015602268002A37D0224BC3F804030CE01A
:105B4000D3F84824D107DFD5D3F850249207D8D40E
:105B500022681AB10422C3F8042338BDD3F80821FF
:105B6000002AFBD00022C3F80821D3F80831F4E75B
:105B70000022C3F81021D3F81011C3F81821D3F86C
:105B80001811C3F81421D3F81431104BD3F8403353
:105B90001C2B01D02F2B02D101220A4B9A6000222C
:105BA0004FF480737120B7E71A68002AFCD019609F
:105BB0001B68D2E720090020AB0A02003A0A020063
:105BC000D6F8010000E010509AFA010000C0FF0072
:105BD00008B5094B1B795BB90849094840F23723DE
:105BE000084A06F023FF40F23721064806F015FF69
:105BF000BDE80840FFF78CBE20090020AB0A020078
:105C0000D6F801003A0A020070B50025264C274E4E
:105C1000D4F80C3303B970BDB3FA83F3C3F11F0397
:105C20009A0002F5807292B202F1A04202F5871248
:105C3000156012680122D8B202FA03F3DBB2102B0E
:105C4000C4F8083324D00FD893422AD0042B11D0A3
:105C5000174918484FF46F73174A06F0E7FE4FF4E0
:105C60006F71154806F0D9FE202B1AD0402BEFD1CA
:105C7000757116E0D4F84C14D4F84C14890710D17F
:105C8000C4F84024C4F804332261D4F80C33C1E7CB
:105C900002237371C4F81451D4F814312023C4F8CA
:105CA000043333689847F0E700E0105020090020E3
:105CB0009AFA0100D6F801003A0A02005F2898BF5C
:105CC000074B4FEA50129FBF53F8223000F01F00DD
:105CD00023FA00F000F0010088BF0020704700BFE9
:105CE00040F70100034A4309D35C00F01F00184449
:105CF000C0B27047BB0B020070B505460846FFF7FF
:105D0000F1FF3C212A791E4B01FB0202083233F8D5
:105D10001200C10527D578240026C0F3432120F4C2
:105D2000F85023F812002A7904FB02340E3434F8B8
:105D3000020F10F4807F03D0C0F34320814212D0C1
:105D40000136232EF3D10020C2EB02120A4443F89D
:105D5000320078202A7900FB02306030FFF7BCFD6A
:105D6000084B984200D170BD0749084840F2EB1338
:105D7000074A06F05BFE40F2EB11054806F04DFEC7
:105D8000280900200000AD0BF1060200D6F8010042
:105D9000080B020010B5016804460846FFF78EFFA5
:105DA00058B9104940F2CA330F4A104806F03EFE77
:105DB00040F2CA310C4806F030FE01F01F035F29A3
:105DC00023604FEA511209D9094940F2D333064AF8
:105DD000064806F02BFE40F2D331EBE7054B53F8B3
:105DE000220010BDA20602006F060200D6F80100D4
:105DF0009AFA010034F70100072808B50BD90849C1
:105E0000084840F2D133084A06F010FE40F2D13182
:105E1000054806F002FE800000F5807008BD00BF56
:105E2000FE0A0200D6F80100C90A0200F0B50646D3
:105E3000002487B0114F019117F8012B06AB03EB3B
:105E4000D20313F8143C02F00702D34013F001030D
:105E500006D10134032CEFD10023184607B0F0BD62
:105E6000074A03AD07CA85E8070055F824100A6AF7
:105E700046F824200A62002AEBD0EEE7CB0B0200A2
:105E8000D0F2010010B504460846FFF72BFF3C2373
:105E900003FB0400024B083033F81000400B10BD28
:105EA0002809002010B504460846FFF71BFF3C23D5
:105EB00003FB0400034B083033F81000C0F340002C
:105EC00010BD00BF2809002010B504460846FFF7A2
:105ED00009FF3C2303FB0400044B083033F8100097
:105EE00010F01C0018BF012010BD00BF28090020C1
:105EF00010B504460846FFF7F5FE3C2303FB0400FB
:105F0000034B083033F81000C0F3401010BD00BF41
:105F10002809002010B504460846FFF7CFFE58B9FF
:105F20001B4940F21E231B4A1B4806F07FFD40F22E
:105F30001E21184806F071FD24792046FFF7B2FFB4
:105F400048B1164940F21F23124A134806F06EFD6D
:105F500040F21F21EDE72046FFF7B6FF48B9104990
:105F60004FF408730B4A0C4806F060FD4FF40871BB
:105F7000DFE72046FFF7BCFF30B12046FFF782FF86
:105F8000BDE81040FFF738BF4FF4A27010BD00BF4E
:105F9000460B0200080B0200D6F80100670B020056
:105FA000850B020010B504460846FFF79BFE3C2314
:105FB00003FB0400034B083033F8100000F001002D
:105FC00010BD00BF2809002078232DE9F04F6F4C49
:105FD0000E460C1BB4FBF3F4D0F81413DFF8B8B181
:105FE000C9B28BB041F400315BF83420009007F067
:105FF0004EFC8103054638D50023E7000BEBC404B3
:10600000CDE907330993636807A819460193FFF7A1
:106010000DFF3B1D03934FF0000A5D4B0DF11C0972
:106020000293029A12F8013B0292039A02EBD30206
:106030001BF8022003F0070322FA03F3DA071AD44D
:106040000AF1010ABAF1030F09F10409E9D14FF489
:1060500000310022009807F01AFC019907A8FFF709
:10606000E5FE0028D7D125F400350124002D76D196
:106070000BB0BDE8F08F474B53440493D9F80010A0
:106080000029DDD091FAA1F1B1FA81F1049B1C78CD
:1060900041EA44142046FFF725FE083036F8108008
:1060A000C8084FEA98030593012319F8002001F06E
:1060B000070103FA01F122EA010209F8002006A80B
:1060C0000694FFF767FE069A059B203250F82220BF
:1060D000C8F382075B07B846C2F3014223D52146C5
:1060E0003046D7B2424607F04BFB06A80694FFF7AE
:1060F00051FE069B203350F82330C3F301439F42E7
:1061000007D10021204607F0A7FB3946204607F0BB
:10611000A3FB06A80694FFF73DFE0122069B02FAA8
:1061200003F30362AAE7022A0DD10321204607F0F8
:1061300093FB07F00503012BEBD142462146304685
:1061400007F01EFBE5E702212046059207F084FBDD
:10615000032FF2D0059A032ADBD1022FECE795FA40
:10616000A5F3B3FA83F3009904FA03F225EA0205D2
:1061700003F5A27251F8222006EB43033046B3F830
:106180006410C2F3014207F0FBFA6FE72809002010
:10619000CB0B0200CB0B02004CF70100F7B5044615
:1061A00000790D46FFF7FEFE002836D0204607F0A6
:1061B0009AFB277929463846FFF79AFE58B13846A8
:1061C000FFF760FE0022266800B206EB8003C3F8EA
:1061D0001025C3F8102529462046FFF78DFD2846D7
:1061E000FFF780FD3C222379019502FB030000228A
:1061F0000B4B083023F8102001A8FFF7CBFD019BC3
:1062000000EB8300D0F88020064B134043F00203DC
:10621000C0F88030044803B0F0BD0448FBE700BF7D
:1062200028090020F0F0FCFF0000AD0B0400AD0BCE
:106230002DE9F04F9046044685B00846FFF752FD21
:10624000D8F800900D4607462679B9F1000F1ED008
:10625000204607F010FB50BB4B46CDE900008DF8FF
:106260000E008DF80F000DF10F020DF10E01284602
:1062700007F0A5FA3C2303FB06735E49083331F8A7
:10628000132022F0020242F0010221F81320D8F874
:106290000430002B3FD02946207993F80090D3F8A2
:1062A00004A0FFF7FFFD20B1BAF1000F26D052483D
:1062B00035E03C227243DFF83CE102EB070C0CF1C5
:1062C000080C3EF81C3023F02003DB04DB0C2EF816
:1062D0001C30BAF1000F11D0B9F1030FE7D8D8F88C
:1062E00004102068496891F800A000EB8A00B9F119
:1062F000000F17D1C0F81095C0F810953C2303FB90
:1063000006763C4A083632F8163023F01C0343EA7E
:10631000890322F81630D8F8083063BB374805B037
:10632000BDE8F08FD0F810B552442BF0030BC0F845
:1063300010B5206843EA4A3300EB8A01D1F8100512
:106340000EEB420220F4473020F47C70C1F81005B7
:1063500041F6F070D1F810B500EA051040EA0940A6
:1063600040EA0B0043F02003C1F81005A2F8645086
:106370002EF81C30C2E72946D3E900862046FFF7F5
:10638000BBFCB8F1000FC9D078232079194D4343E5
:10639000EA18EB58984504D153689E4201D1002277
:1063A0000CE0782303FB00500DF10F016030FFF784
:1063B00073FA124B9842B2D19DF80F203C212379F9
:1063C000C3EB0313134445F833802379C3EB031362
:1063D000134405EBC3035E60237901FB03730833A9
:1063E00035F8131041EA422242F4807225F8132056
:1063F00094E700BF280900200400AD0B0000AD0B9E
:106400002DE9F043054685B0084690461F46FFF744
:1064100069FC0E460446B8F1000F2DD095F80490A3
:106420004846FFF73FFD18B94846FFF761FD50BBEE
:1064300031464846FFF748FD18B198F80130012B66
:1064400021D001238DF80F30002308F10102CDE99E
:1064500000830DF10F0108F10203304607F0AFF998
:106460003C222B792F4902FB0343083331F81320D8
:1064700042F0030221F81320002F50D03146287932
:10648000FFF710FD18B9284805B0BDE8F0830021DA
:106490004FF03C0E38782B68820003EB8003C3F882
:1064A0001015C3F810152B791E490EFB0343083352
:1064B00031F813C02CF4604C2CF0200C21F813C0E0
:1064C00097F801C0BCF1000F29D02B68BF781A449F
:1064D000D2F81085154B4FEA0C4C08EA0303C2F8BA
:1064E000103541F6F0730CF4403C03EA06133F0507
:1064F000D2F8108543EA0C0307F480173B4343EAC4
:106500000803C2F810352B790EFB0344083431F828
:10651000143043EA403343F0200321F81430044898
:10652000B2E700BF280900200400AD0B0FE0ECFF2C
:106530000000AD0B30B578250479044B05FB04341D
:10654000A160017905FB0133DA6030BD2809002024
:1065500070B514465AB91049104840F24D33104AEC
:1065600006F064FA40F24D310D4806F056FA06790D
:106570003046FFF7BDFC68B10846FFF7B3FB3C238C
:1065800003FB0600074B083033F8103006485B0B5E
:10659000237070BD0548FCE7A60B0200D6F8010089
:1065A000080B0200280900200000AD0B0400AD0B11
:1065B0002DE9F8438046077978201C4E00FB0763DD
:1065C00093F8744084BB1846A146462221461030F9
:1065D00007F081FD98F80420154BD8F8005053F8C7
:1065E0003280A04513D10023C5F30830C5F84431EB
:1065F0000130D5F84431FCF755FE782303FB0766DC
:1066000001230C4886F874303366BDE8F883E0B2A5
:10661000FFF7F2FBA0F580739B08112B04BF45F830
:1066200000902B580134DCE70348EEE728090020EE
:106630004CF701000000AD0B0C00AD0B7821027986
:10664000044B01FB023393F87400003818BF01209B
:10665000704700BF280900200079024B03EB80003F
:10666000FFF73AB9600100200079024B03EB80008C
:10667000FFF712B9600100202DE9F74390F804906C
:10668000044648460D461646FFF71EFC58B93549E4
:1066900040F25343344A354806F0C8F940F25341BA
:1066A000314806F0BAF94846FFF722FC276800B3E4
:1066B0004846FFF7F7FB8046D8B94846FFF7E2FBAC
:1066C0000546FFF799FB47F800803B5823682AB23C
:1066D00003EB8203D3F8102542F00102C3F8102522
:1066E00026B101232268AB40C2F8143303B0BDE8E1
:1066F000F083D7F814339B035CBF4FF40033C7F823
:1067000014334EB91A4940F26D43174A174806F040
:106710008DF940F26D41C3E72846FFF7E3FA3C22CA
:10672000237902FB0300134B083033F81030C3F316
:106730008203042B11D0052B11D001A80195FFF77E
:1067400029FB019BC168D94001F0010102312846B3
:1067500003B0BDE8F04307F07FB80321F7E702215B
:10676000F5E700BF850B0200080B0200D6F8010018
:10677000B00B02002809002001490248FFF724BCA1
:106780002809002000A00D5001490248FFF71CBC59
:10679000A009002000C0105008B5154B027AD3F8AC
:1067A000101521F001010A43C3F810250268B2F563
:1067B000803F0BD30F4940F2A4730F4A0F4806F0F5
:1067C00035F940F2A4710C4806F027F9C3F8A42665
:1067D0004268FF2A09D90A4940F2AF73064A0748BE
:1067E00006F024F940F2AF71EDE7C3F8AC2608BD1E
:1067F00000200E50010C0200CE0B0200D6F8010062
:10680000290C02000B2808B50BD90A490A4840F2A6
:1068100043730A4A06F00AF940F24371074806F04A
:10682000FCF80023000100F1A04000F56220C0F850
:106830002C3508BD4F0C0200D6F80100CE0B02002B
:1068400070B5044648B910491048CD23104A06F0E7
:10685000EDF8CD210E4806F0E0F80E4E007A331820
:1068600093F85450FFF7CEFF0C2303FB0563226817
:10687000DA6062681A610122217A1975B3688A4068
:106880001343B36070BD00BF9F0C0200D6F8010037
:10689000630C0200400000200B2808B50BD90B49FF
:1068A0000B4840F2EB430B4A06F0C0F840F2EB41D4
:1068B000084806F0B2F8000100F1A04000F562209F
:1068C000D0F82415D0F8200508BD00BF4F0C0200F9
:1068D000D6F80100CE0B02000B2808B50BD91149E0
:1068E00040F2DB43104A114806F0A0F840F2DB41C9
:1068F0000D4806F092F8B3F5801F09D30C4940F219
:10690000E143094A094806F091F840F2E141EFE716
:10691000000100F1A04000F56220C0F82025C0F879
:10692000243508BD4F0C0200CE0B0200D6F8010042
:10693000AB0C0200012303FA00F010F0670F0AD03D
:10694000064B5B68DB4303F067030342044B0548D7
:1069500018BF184670470448704700BF4000002029
:106960000000AD0B0400AD0B0800AD0B2DE9F048A5
:106970001B4B1B78012B0BD01A494FF48B731A4A0F
:106980001A4806F053F84FF48B71174806F045F893
:1069900048B9174940F21713134A144806F046F84D
:1069A00040F21711F1E7EFF31181202383F31288EE
:1069B000BFF36F8F4FF0FF356FF040440D4ED6E9B7
:1069C00000BC5D4574EB0C07F9D3CCF31303C0E9AD
:1069D00000B381F31188BFF36F8F0748BDE8F088DB
:1069E00040000020C80C0200630C0200D6F8010031
:1069F000F10C020040270E500000AD0BF0B54F4DDA
:106A000085B02C78002C40F095804D4A01AB07CA28
:106A100083E807004B491846D1F8102522F00202FE
:106A2000C1F81025FFF7B8FE0723672202F0010125
:106A30002144013BCCB24FEA5202F7D1052C7BD165
:106A400019464FF0010C3D4E00246720CFB204E000
:106A50000CFA02F220EA0200013490FAA0F25FFA86
:106A600084FEBE45B2FA82F2F2D3013132750529B5
:106A70002A4482F8547006F10C06E5D10121002465
:106A800031489A0801FA02F212F0670F18BF1C5041
:106A90000433302BF5D1E420FCF704FC294B01240E
:106AA000D3F810255D2022F00202C3F8102540F62D
:106AB000FF72C3F828230022C3F88021C3F8802086
:106AC000C3F88421C3F88420C3F88821C3F8882040
:106AD000C3F88C21C3F88C20C3F89021C3F8902010
:106AE000C3F89421C3F89420C3F89821C3F89820E0
:106AF000C3F89C21C3F89C20C3F8A021C3F8A020B0
:106B0000C3F8A421C3F8A420C3F8A821C3F8A8207F
:106B1000C3F8AC21C3F8AC201C660C4B0C4A1B68B4
:106B2000B3FBF2F358430B4B234398470A482C70AE
:106B300005B0F0BD0948FBE70948F9E7400000202F
:106B4000DCF2010000200E5000210E505C010020FC
:106B500040420F0000F301000000AD0B0C00AD0B34
:106B60000100AD0BF7B53D4C064623780D46012BD1
:106B70000BD03B4940F213233A4A3B4805F056FFFD
:106B800040F21321374805F048FF49B937494FF41F
:106B90000573344A344805F049FF4FF40571F1E7B5
:106BA000277D4FB1324940F215232E4A2E4805F079
:106BB0003DFF40F21521E5E7636804F1140103F09D
:106BC000010301A80193FEF767FE2A4B98423CD1CE
:106BD0002F70636823F001036360A36843F001032F
:106BE000A360254BD3F81025950732D4D3F8102590
:106BF00042F00202C3F81025C6B1D3F8482712F0BC
:106C0000010202BFD3F8481741F00101C3F8481749
:106C1000194BD3F84017D3F844174C00F9D42AB9CC
:106C2000D3F8482722F00102C3F84827134B144A2F
:106C30001B68B3FBF2F3104A03EB43135BB1D2F8CA
:106C40004017D2F84417490001D403B0F0BD013B0E
:106C5000F4E70C48F9E70C48F7E700BF40000020D4
:106C6000C80C0200630C0200D6F80100FB0C020005
:106C70000D0D02000000AD0B00200E505C01002045
:106C800040420F000C00AD0B0700AD0B2DE9F047A3
:106C90002A4D1F462B78044690469DF820905BB9FC
:106CA000274940F2F623274A274805F0BFFE40F265
:106CB000F621244805F0B1FE48B9244940F2F723F3
:106CC000204A214805F0B2FE40F2F721F1E7007AB0
:106CD000FFF730FE1E4B064698422CD12046FFF7A8
:106CE000AFFDEFF3118A202383F31288BFF36F8F78
:106CF000227A184B9200134400221A60207A4246EE
:106D00003B46FFF7E9FD8AF31188BFF36F8FB9F1B6
:106D1000000F10D00123227A883503FA02F2D5E859
:106D2000EF1F1143C5E8E01F0028F8D1227A9340F5
:106D3000094AC2F824333046BDE8F08740000020FD
:106D40002F0D0200630C0200D6F801009F0C020018
:106D50000000AD0B00210E5000200E502DE9F7432E
:106D60002C4B2D4FD3F82C6307F1880916B903B0CB
:106D7000BDE8F08396FAA6F80123B8FA88F803FA7A
:106D800008F3D94326EA030607EB080393F85450A7
:106D90000C2303FB0573187D40450BD01F49204889
:106DA00040F2B7331F4A05F041FE40F2B7311D48AB
:106DB00005F033FE1C4CDB684FEA880214441BB319
:106DC000D9E8EF3F03EA0102C9E8EC2FBCF1000F5C
:106DD000F6D123FA08F3DB0711D5FFF75DFD024674
:106DE0000B4621680029C1D0002121600C2101FB44
:106DF0000575296940460091E9688847B6E707EBC1
:106E0000C503D3E91823ECE72268002AAED023603B
:106E1000ACE700BF00200E50400000205A0D0200D9
:106E2000D6F80100630C020000210E5010B55AB9CB
:106E30002D4940F251332D4A2D4805F0F7FD40F21F
:106E400051312A4805F0E9FD13684BB9294940F250
:106E50005E33264A264805F0E9FD40F25E31F0E750
:106E6000242404FB0104C4F8043793884BB9224955
:106E700040F26B331D4A1E4805F0D8FD40F26B31DD
:106E8000DFE75B00B3F5004F09D31C4940F26D33D7
:106E9000164A174805F0CAFD40F26D31D1E7C4F833
:106EA00008379368B3F1807F09D3154940F27A33EC
:106EB0000E4A0F4805F0BAFD40F27A31C1E700EB07
:106EC0004110C0F82835D368B3F1807F09D30D494C
:106ED00040F28333054A064805F0A8FD40F28331AD
:106EE000AFE7C0F82C3510BD7E0D02003007020060
:106EF000D6F80100930D0200AB0D0200B70D0200A1
:106F0000E80D0200090E020008B503685F2B4FEA86
:106F1000531107D80C4A03F01F0352F82120DA401E
:106F2000D2070BD409490A4840F2CA33094A05F08E
:106F30007DFD40F2CA31074805F06FFD0360064B46
:106F400053F8210008BD00BF68F70100A206020047
:106F5000D6F801006F0602005CF70100142370B53B
:106F600005790A4C6B43E618E35833B902210068EF
:106F700006F0F5FC08B101233372142303FB05442A
:106F8000207A023818BF012070BD00BF180A002007
:106F90002DE9F74F0B7F06460C461BB3677F218B0D
:106FA00094F815C0A57D94F81AE0E07E33685FB9C7
:106FB000D4E90198E7682268C3F86025C3F86495AE
:106FC000C3F86885C3F86C750A0440D53A493B4854
:106FD00040F246333A4A05F029FD40F2463138483E
:106FE00005F01BFD4FF00108DFF8D8A00D1F01F1DF
:106FF000100701F10C0955F804BFBBF1FF3F1AD08F
:107000003B78CDF804B001A8D3B1FFF77DFF019B19
:1070100008FA03F3436001A8CDF804B0FFF774FF4A
:10702000019B00EB8300D0F8803003EA0A0343F0B1
:107030000303C0F88030A94507F10107DBD1ADE7B4
:10704000FFF762FF019B08FA03F38360E3E7C3F8ED
:107050000CC5C3F8045500254EEA0022C3F80815F4
:10706000C3F8102530680F34C0F81051D0F8102143
:10707000C0F80851D0F80821C0F80C51D0F80C2104
:10708000C0F30830FCF70EF9012014F8011F336833
:1070900000FA05F251B1D3F818150A430135042D51
:1070A000C3F81825F1D103B0BDE8F08FD3F8181557
:1070B00021EA0202F2E700BF2C0E0200D6F801001E
:1070C00030070200F0F0FCFF2DE9F041142690F8A3
:1070D00004800D4C06FB08F6A71997F808C0BCF110
:1070E000000F0ED1A2517B6019B10B7F3B74FFF7EB
:1070F0004FFF142303FB0844012304482372BDE817
:10710000F0810348FBE700BF180A00200000AD0B28
:107110000C00AD0B2DE9F041154614221F460379F2
:1071200004462B4803EB830600EB860602FB0300B4
:10713000037A88465BB9274940F26713264A2748F5
:1071400005F074FC40F26711234805F066FC4DB968
:1071500023494FF4B473204A204805F067FC4FF4EC
:10716000B471F1E70B6803F06043B3F1005F09D03D
:107170001C4940F26913184A184805F057FC40F2C0
:107180006911E1E70A4620680021FFF74FFE4246F9
:1071900001212068FFF74AFE226805F0010303EB96
:1071A0005505C2F81455FA0710D417F0020203D09F
:1071B000002B14BF0822042221682046C1F80022B7
:1071C0003A463146BDE8F04106F0F3BB1022F3E742
:1071D000180A0020910E02004D0E0200D6F80100A0
:1071E000BD0E0200D00E0200142370B5164D0679B4
:1071F000044603FB06531B7A5BB91449144840F25A
:10720000BF13144A05F012FC40F2BF11114805F0FB
:1072100004FC00220368C3F80022012203685A60BC
:1072200069B12046FFF79AFE0028FAD000222368B1
:10723000C3F80025142303FB065501232B722046B7
:10724000BDE87040FFF78ABE180A0020910E0200C8
:10725000D6F801004D0E0200142108B50A4B027940
:1072600001FB02331B7A5BB90849094840F2DD1380
:10727000084A05F0DBFB40F2DD11064805F0CDFBC6
:10728000BDE80840FFF76ABE180A0020F90E0200A8
:10729000D6F801004D0E0200B22110B51A4806F0D2
:1072A0005EFBC106044608D5184BDA68520704D5C0
:1072B0001A6812B1012059689047A00608D5134BEF
:1072C000DA68110704D51A6812B10220596890478C
:1072D000220608D50D4BD86810F0100003D11A68AB
:1072E0000AB159689047A3070DD50022064BC3F891
:1072F00000250122054B1A721A6822B1BDE8104020
:1073000003205968104710BD00200D50180A0020B6
:10731000064C08B50649074840F2A923224605F065
:1073200085FB40F2A921204605F077FB3D0F0200C6
:10733000710F0200D6F80100202908B501D9FFF726
:10734000E7FF054B40EA0120C3F80005D3F800240D
:10735000D207FBD508BD00BF00B00450054BD3F8E1
:1073600040031C2804D0A0F12F0358425841704715
:107370000120704700C0FF0008B503685F2B4FEA8B
:10738000531107D80C4A03F01F0352F82120DA40AA
:10739000D2070BD409490A4840F2CA33094A05F01A
:1073A00045FB40F2CA31074805F037FB0360064B46
:1073B00053F8210008BD00BF80F70100A2060200BB
:1073C000D6F801006F06020074F7010073B5144689
:1073D000421C06460D4618D0012902D1BBB106F069
:1073E0007EFB01A80196FFF7C7FF019B094A00EB4E
:1073F0008300D0F88010A30043EA45032B430A40E2
:10740000134343F4A063C0F8803002B070BD06F0AF
:1074100072FBE6E7F0F0FCFF03460E4A10B50E489B
:107420000E4CA34218BF1046B0FBF1F201FB120054
:1074300082420DD912F001000AD17E2A07D8A34258
:1074400014BF022304239A4234BF0020012010BD40
:107450000020FCE70024F4000020A10700A0045055
:107460002DE9F74F91F8213006460C4690F804A01C
:10747000002B00F0A2804FF0010891F822907E4886
:1074800032687E4D7E496369824208BF0D46B5FB76
:10749000F3F5FFF763FF7B4FA0B1022D40F291801F
:1074A000237E13F0FD0F40F08C806B080133DBB2BC
:1074B000994538BF9946242303FB0A739A7F42F00B
:1074C00008029A77242202FB0A7394F82300997F1A
:1074D00060F3000199773379217C02FB03739A7F73
:1074E00061F341029A7794F823B0BBF1000F23D1E6
:1074F000237E5A46012B94BF0023012301212068DB
:10750000FFF764FF5B465A4601216068FFF75EFFA4
:107510005B465946A27EA068FFF758FF237C5A4677
:107520000121E06883F00103FFF750FF01235A4671
:107530001946E069FFF74AFF2423B8F1000F47D04E
:107540004FF0FF3203FB0A731A62637EA07C217E38
:10755000D4F80CC094F81080019394F824E094F8C7
:1075600020A03368BEF1000F12D1D4E900B2D4F8E4
:1075700008E0E469C3F800B6C3F80426C3F808E6D7
:10758000C3F80C46C3F810C6C3F8B885C3F8B09565
:10759000C3F8C005384883420CBF0420022085424E
:1075A00029D239494FF49C63384A394805F03EFAEC
:1075B0004FF49C61354805F030FA98464FF00209C7
:1075C0005DE7242303FB0A739A7F6FF3C30278E716
:1075D00003FB0A7AE2689AF81E30CAF82020227C5F
:1075E0004FF0FF3C62F341038AF81E30637EA07CBB
:1075F000217E0193B1E77E2D09D9264940F2E1436E
:10760000224A234805F012FA40F2E141D2E7EA07A4
:1076100009D5214940F2E2431C4A1D4805F006FA0B
:1076200040F2E241C6E7019AC3F82C55003A18BF70
:107630000122022916D0032917D0012901D142F0D5
:107640000202C3F854252422C3F8ACA5337953436E
:10765000FB586BB13068C0F3083003B0BDE8F04FA1
:10766000FBF720BE42F00402EBE742F00602E8E737
:1076700003B0BDE8F08F00BF00A004500024F40068
:107680000020A1072C0A0020CA0F0200970F020059
:10769000D6F801001610020064100200431C07B562
:1076A0000ED0019001A8FFF767FE019B00EB83005D
:1076B000D0F88020044B134043F00203C0F8803020
:1076C00003B05DF804FB00BFF0F0FCFF2DE9F84FBC
:1076D0000446914698460D4659B9184918484FF442
:1076E0001673184A05F0A2F94FF41671154805F003
:1076F00094F924230779DFF85CB05F430BEB0706AE
:1077000096F81CA0BAF1000F13D149690068FFF781
:1077100083FE80B1204629464BF80790C6F80480C6
:10772000FFF79EFE0123084886F81DA03377BDE8C9
:10773000F88F0648FBE70648F9E700BF880E02000D
:10774000D6F801007D1002000000AD0B0C00AD0B5F
:107750000400AD0B2C0A00202DE9F84324270679FC
:10776000264D7743EB191B7F04465BB92449254816
:1077700040F2B923244A05F059F940F2B9212248D0
:1077800005F04BF90068C0F30830FBF799FDEB59A1
:1077900053B123681D4A06EBC601C3F808232068CD
:1077A00005EB810106F082F9242707FB06572368C1
:1077B000D3F80006D3F80486D3F80896BB7FDB071E
:1077C00014D4FFF76BFF4846FFF768FF4046FFF70A
:1077D00065FF386AFFF762FF2368D3F80C06D3F819
:1077E0001046FFF75BFF2046FFF758FF242303FBFB
:1077F000065500232B77BDE8F88300BF2C0A002034
:10780000910E0200D6F801007D1002000700F81F5B
:107810002DE9FF4724230679954F824603FB067323
:107820001B7F0D4690465BB9924940F2AD33924AB8
:10783000924805F0FBF840F2AD318F4805F0EDF8C5
:107840000B685BB94B684BB18D4940F2AE338A4A45
:107850008A4805F0EBF840F2AE31EEE7D5E90223B5
:1078600052B95BB1874940F2AF33834A834805F090
:10787000DDF840F2AF31E0E71B0C01D1EB884BB1F2
:1078800081494FF46C737C4A7C4805F0CFF84FF483
:107890006C71D2E718F008090FD0242303FB06739C
:1078A0001B6A013309D0794940F2B333724A7348F5
:1078B00005F0BCF840F2B331BFE724237343FA1854
:1078C000517F002940F0BD80FB5823B118F0140F00
:1078D00004BF01235377242495E80F0004FB0674AA
:1078E00004F10C0C8CE80F00206A431C04D0A37F29
:1078F0009C071AD506F0F3F82B68DAF8004023B19C
:1079000003F06043B3F1005F06D1AB6883B103F0CD
:107910006043B3F1005F0BD02423002203FB067306
:107920005B485A7704B0BDE8F08706F0E4F8E3E777
:1079300018F0010318BF0123C4F84C3718F00203F4
:1079400018BF0123EA46C4F8143795E80F00002554
:107950008AE80F00039BC4F83C07C4F84017C4F83A
:107960000427C4F80837C4F80851D4F808310723AD
:10797000C4F80035FFF7F2FC00283ED024237343FF
:10798000FA18917F080738D58221C4F8841CF95869
:10799000002958D0C4F80051D4F800310123C4F8AC
:1079A0000433B9F1000F43D101232360242373432F
:1079B000FA58F918002A3BD1FFF7D0FC20B18B7F91
:1079C000190748BFC4F8842C242303FB0673186AE4
:1079D000431C07D0242303FB06739B7F9D0724D5FC
:1079E00006F089F8B9F1000F1DD106EBC606204656
:1079F00007EB860106F05AF815E0B9F1000FD5D172
:107A000024237343FB58002BCED101232360D4F8E9
:107A10000831002BFBD052460421204606F008F81E
:107A2000C4E706F05CF81B487CE706F058F8D9E795
:107A3000042318F0040F14BFC4F80833C4F8043347
:107A4000F1E715486EE7B9F1000FDED0FFF786FCCD
:107A50000346106A3BB9411CE5D0937F9A07E0D5F5
:107A600006F049F8DFE7431CC4F8841CB2D1DAE71A
:107A70002C0A0020910E02007D100200D6F80100B1
:107A8000B91002000011020047110200F6110200B5
:107A90000A00AD0B0000AD0B0B00AD0B70B5FFF78E
:107AA0005DFCA8B1234B9B7F180711D5224BD3F85F
:107AB0000423D1070CD5D3F800214AB10022C3F822
:107AC0000021D3F80011C3F8842C0122C3F8082345
:107AD0001A4D04212A46184805F0AAFF48B355F864
:107AE0000C3CA5F10C045BB91549164840F219434A
:107AF000154A04F09BFF40F21941134804F08DFF32
:107B0000206A421C04D0A37F9B070FD505F0F3FF2A
:107B1000637F1BB10749084805F0C8FF00232372A3
:107B20000A48D4E90031BDE87040184705F0D7FF96
:107B3000EEE770BD2C0A002000A00450380A002097
:107B40002C120200D6F801007D100200340A002039
:107B500008B50A4A0A4B93420ED90A4919230A4A20
:107B60000A4804F063FF0A4804F060FF1921064840
:107B700004F053FF2033EEE7FCD308BDC4E9010055
:107B8000A4E801005D1202003A120200D6F80100DA
:107B90007512020070B50446EFF31186202383F3BB
:107BA0001288BFF36F8F0E4B9D6805F0C7FF042C42
:107BB0000CD10C4987230C4A0C4804F037FF0C48C1
:107BC00004F034FF8721084804F027FF86F311886A
:107BD000BFF36F8F2846BDE87040FBF7EFBA00BFD8
:107BE000500A0020B612020094120200D6F80100DA
:107BF000D312020038B50A4B53F82040013053F835
:107C00002050A54200D838BD606830B1037FDB0743
:107C100001D405F096FF0834F3E723689847FAE7A4
:107C20008CF70100012270B5374B032086B01A7023
:107C3000FFF7E0FFFBF79EF80420FFF7DBFF334C74
:107C4000334DAC42264628D932494223324A334882
:107C500004F0ECFE324804F0E9FE42212E4804F024
:107C6000DCFE54F80C3C059354F8103C049354F893
:107C7000143C039354F8183C029354F81C3C0193B1
:107C800054F8203C009354E90A2354E90C0100F015
:107C9000C7FD54F8303C5E65D3E7AE4204F13004D2
:107CA000DFD301F02FFA194C1E4EAC421FD91949EF
:107CB0006623194A194804F0B9FE194804F0B6FEC3
:107CC0006621CBE7D4E90A23B3F1FF3F08BFB2F145
:107CD000FF3F05D052EA0301206803D101F07AFC8E
:107CE0003034E2E73146183002F012F8F8E7E9D311
:107CF00001F076FAFAF778FB0B4A137B23F00103C5
:107D0000137306B070BD00BFC41000203CF2010028
:107D10003CF201002913020008130200D6F801000A
:107D20007512020037DC01003805002008B5034851
:107D3000034A0021121A05F01BFF08BD5804002059
:107D4000C8100020D02370B5134E012203FB00663B
:107D5000002386B0CDE904230F220193CDE902323E
:107D600018234FF4A0720D4D0D4903FB0055044636
:107D700002FB00110B4B3046009500F051FD737B68
:107D80002C7423F004037373074B013403EBC423F7
:107D9000EE606B6006B070BD68040020500A0020E1
:107DA000C81800207D7E0100C8100020BFB500204B
:107DB000FFF720FF294B03F5006282F3088883F365
:107DC0000A880024E023264D264F85F82230EC77E0
:107DD0002C766C76AC7685F820406B6A43F4E02311
:107DE0006B6285F82340FBF767F9FBF75DFB4FF00B
:107DF000FF33AB62EB62FBF719FDFBF77DFB1A4823
:107E000000F0ACFDFFF7A4FE0120FFF7F3FE022017
:107E1000164DFFF7EFFE01F073FA154B15499D6102
:107E2000154B4FF47052059301232846CDE90343C7
:107E3000CDE901443B46009400F0F2FC06466A7B23
:107E4000284622F004026A7300F004FF2046FFF780
:107E500079FF3A4631462846FBF7FEFAC810002063
:107E600000ED00E0257C0100080600203805002018
:107E7000500A0020081A00205613020008B50D4BC6
:107E80009B6893F90E30002B09DB2024EFF311835C
:107E900084F31288BFF36F8F04F0B7FEF6E706494C
:107EA00006481C23064A04F0C1FD1C21044804F0C6
:107EB000B4FD00BF500A00207C130200D6F8010078
:107EC0005B1302002DE9F341044617461E46EFF30B
:107ED000058565B158496F23584A594804F0A6FDF5
:107EE000584804F0A3FD6F21544804F096FDEFF3C9
:107EF0001188202383F31288BFF36F8F524801F05B
:107F000091FE60B98823514A51494D4804F08EFDD5
:107F10004D49504804F08AFD88214C48E5E74A481D
:107F200001F0A4FEE3684C4A9BB1A06891688842C6
:107F300029D057EA06032ED1434801F081FEA0B1B3
:107F400088F31188BFF36F8F6FF00F0002B0BDE8A8
:107F5000F081916891F90E100133E36093683A481B
:107F60002161A36001F06CFE78B940F23113374A09
:107F70003A49334804F05AFD3349394804F056FD74
:107F800040F23111C9E72169E6E788F31188BFF3B0
:107F90006F8F0020DAE791F90E1090F90E306FF034
:107FA0007E029942A8BF19469142B8BF11468B4242
:107FB00002DD05F0E1FD054622464146CDE90076A9
:107FC000214800F0E9FE0028E3D0EFF311862023DA
:107FD00083F31288BFF36F8F1B4801F023FE002844
:107FE00090D0194801F042FEA068C0B12368216911
:107FF0009C420AD04BB193F90E309942A8BF194662
:108000006FF07E039942B8BF194605F0B5FD30B157
:1080100031460D4801F01CF86FF00A0096E7002D7C
:10802000F6D1094801F00CFE00289ED086F3118895
:10803000BFF36F8FF0E700BFC6130200A413020066
:10804000D6F80100D8130200740A002076FF010060
:10805000CFFF0100E4FF0100500A0020A3FF010050
:10806000BAFF0100F8B50546EFF3058363B1554942
:10807000D723554A554804F0D9FC554804F0D6FC9E
:10808000D721514804F0C9FC8368002B00F093808D
:10809000504A9268934240F09180C3683BB94E4980
:1080A000EF23494A494804F0C1FCEF21E9E7012BDD
:1080B00003D0013BC3600020F8BDEFF311872024FB
:1080C00084F31288BFF36F8F444801F0ABFD60B9B1
:1080D0008823434A43493D4804F0A8FC3F494248AD
:1080E00004F0A4FC88213E48CCE73C4801F0BEFDEA
:1080F0002969A86805F040FDEFF3118384F3128825
:10810000BFF36F8F83F31188BFF36F8F5BB937496C
:10811000B023374A2D4804F089FC364804F086FC29
:10812000B0213348AEE72C68A54215D100232B4877
:10813000C5E9023301F084FD002837D140F2311344
:10814000274A2D49214804F071FC24492B4804F0AA
:108150006DFC40F23111C6E7002CE7D0A3683BB9B3
:1081600027499923224A194804F060FC9921D8E74D
:108170000026D4E9003213605A60637BC4E90066CC
:1081800023F002036373A66004F1180001F0A4FE5B
:10819000AC6094F90E3020462B61C4F8886000F082
:1081A00059FD39460D4800F053FF84E787F31188E5
:1081B000BFF36F8F7FE76FF015007DE74FF0FF3063
:1081C0007AE700BFC6130200A4130200D6F801002C
:1081D000D8130200500A0020FD130200740A002088
:1081E00076FF0100CFFF0100E4FF01003F14020011
:1081F0001414020057140200A3FF0100BAFF01008B
:108200005A14020008B583684BB90B490B489923EF
:108210000B4A04F00BFC9921094804F0FEFBD0E95D
:10822000003213605A600023427BC0E9003322F021
:1082300002024273836008BD5A140200D6F801009E
:108240001414020070B50446EFF31186202585F35F
:108250001288BFF36F8F304801F0E4FC60B98823C7
:108260002E4A2F492F4804F0E1FB2B492E4804F0F9
:10827000DDFB8821294818E0274801F0F7FCEFF3DF
:10828000118385F31288BFF36F8F83F31188BFF3D7
:108290006F8F63B92549B023254A224804F0C6FBF5
:1082A000244804F0C3FBB021214804F0B6FB256844
:1082B000AC4213D095B12846FFF7A4FF05F1180092
:1082C00001F00AFE00232846C5F8883000F0C2FC01
:1082D0003146BDE87040104800F0BABED4E9023221
:1082E0009A4218BF01330C48A36001F0A9FC68B999
:1082F00040F23113094A10490A4804F097FB064935
:108300000E4804F093FB40F23111B3E786F3118875
:10831000BFF36F8F70BD00BF780A002076FF0100A9
:10832000CFFF0100D6F80100E4FF01003F14020076
:108330001414020057140200A3FF0100BAFF010049
:10834000F7B5044616461D46EFF305837BB152EAA6
:1083500005030CD02D4988232D4A2E4804F066FBD6
:108360002D4804F063FB8821294804F056FBEFF305
:108370001187202383F31288BFF36F8F274801F002
:1083800051FC60B98823264A2649224804F04EFB56
:108390002249254804F04AFB88212148E5E71F4887
:1083A00001F064FCA368D3B1013B1C48A36001F059
:1083B00047FC68B940F23113194A1C49154804F0CA
:1083C00035FB16491A4804F031FB40F23111E4E75D
:1083D00087F31188BFF36F8F002003B0F0BD56EA1A
:1083E00005030BD10D4801F02BFC0028E2D087F3E8
:1083F0001188BFF36F8F6FF00F00EEE7224639460A
:10840000CDE90065054800F0C7FCE6E791140200DD
:1084100071140200D6F8010057140200780A0020F7
:1084200076FF0100CFFF0100E4FF0100A3FF010080
:10843000BAFF01002DE9F8430546EFF31188202724
:1084400087F31288BFF36F8F314801F0EBFB0646CC
:1084500060B988232F4A3049304804F0E7FA2C49A4
:108460002F4804F0E3FA88212A481BE0284801F04D
:10847000FDFB6FF00A090023EFF3118287F31288E6
:10848000BFF36F8F82F31188BFF36F8F62B92549F5
:10849000B023254A214804F0C9FA244804F0C6FA5A
:1084A000B021214804F0B9FA2C68A5420ED06CB175
:1084B0002046FFF7A7FE04F1180001F00DFD20464D
:1084C000C4F8889000F0C6FB3346D5E70022AA60C6
:1084D0002BB14146BDE8F8430D4800F0B9BD0C484A
:1084E00001F0AEFB68B940F231130A4A10490B485B
:1084F00004F09CFA06490F4804F098FA40F2311152
:10850000B2E788F31188BFF36F8FBDE8F88300BF2F
:10851000780A002076FF0100CFFF0100D6F80100A5
:10852000E4FF01003F14020014140200571402007B
:10853000A3FF0100BAFF01002DE9F0430446764E87
:10854000764F85B0EFF31188202383F31288BFF3B1
:108550006F8F304601F066FB68B98823704A714915
:10856000714804F063FA6C49704804F05FFA88219E
:108570006B4804F052FA304601F078FBD4F8D4503E
:10858000F5B9022104F1EC0005F011FB002840D000
:1085900004F1E40500220121284601F0A1F9002898
:1085A000F8D100234FF0FF3202934FF0FF334146E2
:1085B000CDE90023304604F1DC0201F0EFF9C1E718
:1085C000D4F8D8202B68954208BFC4F8D830C4F836
:1085D000D430D4F8EC30304643F00203C4F8EC3029
:1085E000EB68D5F8049023F0040343F00103EB603B
:1085F00001F026FBF8B940F23113494A4C494A4888
:1086000004F014FA44494B4804F010FA40F23111D6
:10861000AEE7D4F8EC30DD06C3D5C4F8EC003E4834
:1086200001F00EFB0028E6D088F31188BFF36F8FAE
:1086300005B0BDE8F08388F31188BFF36F8FB9F1FF
:10864000000F0AD13C49384840F2AB233B4A04F0C2
:10865000EDF940F2AB2139488BE72846C847EFF3E4
:108660001188202383F31288BFF36F8F304601F007
:10867000D9FA00283FF471AF304601F0F7FAEB6801
:10868000D90623F0010231D4EA60EB689A0716D5C7
:10869000386823F00203EB6088B10021036870B1F1
:1086A0004268954230D1036841BB7A683B608242A0
:1086B00000D17B60002340F8083BFFF7C3FDD4F8EE
:1086C000EC30304623F00203C4F8EC30C3F300254D
:1086D00001F0B6FA00288ED088F31188BFF36F8FAF
:1086E000002D7FF42FAF00F013FE2BE723F01103D2
:1086F000EB6005F11000FFF7A5FDC6E70B607B6896
:10870000834208BF7960D5E723B11A68014618464D
:108710001346C4E71A46F9E7840A00207C0A0020C1
:1087200076FF0100CFFF0100D6F80100E4FF010051
:10873000A3FF0100BAFF010000150200DF140200D0
:10874000F0B589B004460E9D58B92F4940F2F12387
:108750002E4A2F4804F06AF940F2F1212B4804F028
:108760005CF949B92B4940F2F223284A284804F021
:108770005DF940F2F221F1E7D0F8EC0010F00100D1
:1087800009D0254940F2F323204A214804F04EF94C
:1087900040F2F321E2E7C4E9350004F1DC00C4E96A
:1087A000370004F1E400C4E9390055B32879002802
:1087B00040F2011008BF0120C4F8EC0000204FF087
:1087C000FF364FF0FF37CDE90330CDE90100CDE9A9
:1087D00006672046114B009400F07AF855B12968DD
:1087E00011B1204605F0F4F96B791BB1237B43F0FE
:1087F00001032373204600F0EDFEC4F8D04009B019
:10880000F0BD0120D8E700BF4B150200DF140200C5
:10881000D6F8010051150200171502003985010034
:108820007FB50B9E04460F2E2ED1234883422FD1B5
:1088300004F15800C4E916000C98002520730420A8
:10884000073222F00702C4E91D12A6738E180A9A95
:108850006073C4E90655A560E573E5670292099A5D
:1088600020460192089A00923246FAF7B1FD134B66
:1088700065659B6884F86C500BB1D3F88030304646
:10888000C4F8803004B070BD06F110001E28CFD9A6
:1088900040F205230A4A0B490B4804F0C7F8314659
:1088A0000A486FF00F030E2204F0C0F840F20521D1
:1088B000034804F0B2F800BF7D7E0100500A00209A
:1088C000571502007A150200D6F80100FA150200C9
:1088D000F0B587B00446DDE91276EFF3058575B192
:1088E000194940F29223194A194804F09FF819488F
:1088F00004F09CF840F29221144804F08EF805959B
:10890000109D04950F9D03950E9D02950D9D01955B
:108910000C9D0095FFF784FFB6F1FF3F08BFB7F14C
:10892000FF3F05D056EA070305D1204600F052FE6E
:10893000204607B0F0BD3A46334604F11800064918
:1089400001F0E6F9F4E700BFC61302005715020074
:10895000D6F801002B16020037DC010040F20113AB
:108960008381002310B50446C0E91D3301F004FCE7
:10897000014B9C6010BD00BF500A00206FF00A013F
:10898000094A9368C3F888100849C3F884004B6803
:1089900043F080534B60002383F31188BFF36F8F44
:1089A0009368D3F888007047500A002000ED00E07B
:1089B00038B590F90D200146002A437B11DA03F007
:1089C0007F0343731B4B984209D11B491B48562315
:1089D0001B4A04F02BF85621194804F01EF805F044
:1089E000FAF8184D2A4652F81C4FAB68944200D052
:1089F00004B9EC688B4214D05BB91349D523134AF0
:108A00000E4804F013F8124804F010F8D5210F486E
:108A1000E3E75A7BD20604D1DA897F2A01D9A26919
:108A20002AB1A34202D0204601F070F82346AB6180
:108A300038BD00BF6804002072160200D6F801009D
:108A400050160200500A0020BF16020093160200C2
:108A50005714020008B583684BB90949094899239E
:108A6000094A03F0E3FF9921074803F0D6FF05F018
:108A7000B2F8437B23F0020343730023836008BDF5
:108A80005A140200D6F801001414020070B590F9CF
:108A90000D20437B002A50DBD9064ED163F07F03C3
:108AA0004373274B984209D1264927484F23274A29
:108AB00003F0BCFF4F21254803F0AFFF244C2246B2
:108AC00052F81C3F216A934207D1C0E90021086097
:108AD000206211E09942F8D01B68002BF5D090F984
:108AE0000E5093F90E60B542F4D0AE42F2DD5968F3
:108AF000C0E9003108605860E569954200D005B9C9
:108B0000E568A3685BB91349D523134A0E4803F0FF
:108B10008DFF124803F08AFFD5210F48CCE75A7B1E
:108B2000D20604D1DA897F2A01D9AA6932B1AB42CF
:108B300002D0284600F0EAFFA56170BDA361FCE702
:108B40006804002072160200D6F8010050160200D8
:108B5000500A0020BF1602009316020057140200AC
:108B600070B590F90D200146002A437B314C10DA94
:108B700003F07F03A042437309D12F4956232F4AA4
:108B80002F4803F053FF56212C4803F046FF05F011
:108B900022F84B7BA14263F07F034B7307D1264938
:108BA0004F23264A264803F041FF4F21ECE7254C8E
:108BB000224652F81C3F206A934207D1C1E90020A7
:108BC0000160216211E09842F8D01B68002BF5D0BB
:108BD00091F90E5093F90E60B542F4D0AE42F2DD39
:108BE0005868C1E9003001605960E569A3689542A1
:108BF00000D005B9E5688B4214D05BB91249D52382
:108C0000124A0F4803F012FF114803F00FFFD5215D
:108C10000E48BAE75A7BD20604D1DA897F2A01D9F5
:108C2000AA692AB1AB4202D0284600F06FFF2B465A
:108C3000A36170BD68040020721602005016020085
:108C4000D6F80100500A0020BF1602009316020059
:108C50005714020038B50446EFF31185202383F33F
:108C60001288BFF36F8F174800F0DCFF68B98823C4
:108C7000154A1649164803F0D9FE1249154803F063
:108C8000D5FE8821104803F0C8FE0E4800F0EEFF24
:108C90002046FFF7FBFE0B4800F0D2FF68B940F218
:108CA0003113094A0C490A4803F0C0FE05490B4834
:108CB00003F0BCFE40F23111E4E785F31188BFF305
:108CC0006F8F38BD880A002076FF0100CFFF0100BA
:108CD000D6F80100E4FF0100A3FF0100BAFF010084
:108CE00070B504460D46EFF31186202383F31288F6
:108CF000BFF36F8F214800F095FF68B98823204AA1
:108D00002049214803F092FE1C49204803F08EFEC2
:108D100088211B4803F081FE184800F0A7FF0023BC
:108D200094F86C10627B84F86C3091B18DB113486B
:108D300000F086FFE8B940F23113114A1449124895
:108D400003F074FE0D49134803F070FE40F2311138
:108D5000DFE712F0280FEAD1A36813B12046FFF72E
:108D600079FE637B204623F004036373FFF78EFED6
:108D7000DDE786F31188BFF36F8F70BD880A00208E
:108D800076FF0100CFFF0100D6F80100E4FF0100EB
:108D9000A3FF0100BAFF01002DE9F047DFF800A1B1
:108DA000344D1746DDE90898DAF80820324BA8421E
:108DB00004460E461A600BD13049314840F2722306
:108DC000304A03F033FE40F272212E4803F025FEB4
:108DD000EFF31183202383F31288BFF36F8F2846AC
:108DE00000F020FF60B98823274A2849244803F06F
:108DF0001DFE2946264803F019FE88212248E5E792
:108E0000284600F033FFDAF808503946284604F0C7
:108E1000EAFEB8F1FF3F08BFB9F1FF3F06D04A466E
:108E200043461C4905F1180000F072FF204600F08F
:108E300007FF68B9184940F26B13134A104803F052
:108E4000F5FD2146154803F0F1FD40F26B11D5E721
:108E5000084800F0F5FE40B90F4940F26B130A4A8A
:108E6000074803F0E3FD0349ECE73046BDE8F0476F
:108E7000FFF784BD880A00208C0A0020E616020055
:108E8000D6F801005016020076FF0100CFFF010066
:108E9000E4FF010037DC0100A3FF0100BAFF01007D
:108EA000500A00202DE9F04104460D46EFF31187EA
:108EB000202383F31288BFF36F8F584800F0B2FE6F
:108EC00060B98823564A5749574803F0AFFD5349C4
:108ED000564803F0ABFD8821514818E04F4800F098
:108EE000C5FE637B03F01F02002A0CBF012600268B
:108EF0005DD103F07F0363734D4B9C4209D14D4913
:108F0000494856234C4A03F091FD56214A4803F044
:108F100084FDDFF83881204604F05DFE4246637B25
:108F20006DB263F07F03A573637352F81C3F9342E5
:108F30003AD1D8F82010C4E900210C60C8F82040CC
:108F40000FE09942F7D01B68002BF4D093F90E0084
:108F50008542F6D0A842F4DD5968C4E900310C60BE
:108F60005C60D8F81C40944200D00CB9D8F80C4092
:108F7000D8F808309C4202D0204600F0C7FDC8F85F
:108F80001840264800F05CFE00283FD140F2311323
:108F9000234A2A49244803F049FD2049284803F080
:108FA00045FD40F2311197E7D8F82010CCE79B0738
:108FB0002AD5A16841B923491B489923224A03F0C5
:108FC00035FD99212048A2E720466DB204F003FE4A
:108FD000A5730B68994209D14B68C4E900131C6062
:108FE0004C60CEE74A689342F6D01B68002BF3D062
:108FF00093F90E209542F5D0AA42F3DD5A68C4E9F0
:10900000003214605C60BCE7A573BAE787F311888F
:10901000BFF36F8F3046BDE8F08100BF880A0020A3
:1090200076FF0100CFFF0100D6F80100E4FF010048
:10903000680400207216020050160200A3FF01000F
:10904000BAFF01005A14020014140200500A002052
:1090500070B504460D46F9B9EFF30586E6B91A4B2B
:109060009A699B689A4217D000F0EAFD78B940F2FD
:109070006B13164A1649174803F0D8FC21461648C8
:1090800003F0D4FC40F26B11104803F0C6FC3046EC
:10909000BDE87040FFF772BC204600F0D1FD68B912
:1090A00040F23113094A0A490A4803F0BFFC21463D
:1090B000094803F0BBFC40F23111E5E785F3118864
:1090C000BFF36F8F70BD00BF500A002076FF010014
:1090D000A3FF0100D6F80100BAFF0100034648B91A
:1090E000EFF3058232B9064A91699268914201D044
:1090F000FFF744BC83F31188BFF36F8F704700BF45
:10910000500A002010B5EFF31184202383F3128856
:10911000BFF36F8F264800F085FD60B98823254A8C
:109120002549264803F082FC2149254803F07EFCAE
:109130008821204810E01E4800F098FDEFF30583D9
:1091400063B120498F23204A1C4803F06FFC1F485D
:1091500003F06CFC8F211C4803F05FFC1C4B9A68E9
:10916000D37B012B0AD11B499023174A134803F0E4
:109170005DFC164803F05AFC9021ECE7013BD373E9
:109180000B4800F05DFD68B940F23113094A1249FD
:109190000A4803F04BFC0649104803F047FC40F234
:1091A0003111C6E784F31188BFF36F8F10BD00BF84
:1091B000880A002076FF0100CFFF0100D6F80100E9
:1091C000E4FF0100C6130200141402005714020049
:1091D000500A00201F170200A3FF0100BAFF010080
:1091E00070B5EFF31186202383F31288BFF36F8FDE
:1091F000374800F017FD60B98823364A36493748AA
:1092000003F014FC3249364803F010FC8821314841
:1092100013E0344D2E4800F029FDAB68DA7B72B9BB
:10922000314940F20D33314A2C4803F0FFFB3048FE
:1092300003F0FCFB40F20D312C4803F0EEFBEFF3A2
:10924000058161B12B4940F20E33284A234803F0CF
:10925000EDFB274803F0EAFB40F20E31ECE7013268
:10926000DA732A4652F81C4F944200D004B9EC68D5
:109270005A7BD20604D1DA897F2A01D9A2692AB1A0
:10928000A34202D0204600F041FC23461048AB61C7
:1092900000F0D6FC68B940F231130E4A16490F4867
:1092A00003F0C4FB0A49154803F0C0FB40F231113A
:1092B000ADE786F31188BFF36F8FEFF311802023A2
:1092C00083F31288BFF36F8FBDE87040FFF706BFCE
:1092D000880A002076FF0100CFFF0100D6F80100C8
:1092E000E4FF0100500A002050170200501602004F
:1092F00057140200C6130200A3FF0100BAFF0100C9
:10930000024B03F11C02C3E907227047500A0020F8
:1093100070B5EFF3058373B1394940F22443394AFC
:10932000394803F083FB394803F080FB40F22441C5
:10933000344803F072FBEFF31186202383F3128885
:10934000BFF36F8F324800F06DFC60B98823314A5B
:1093500031492D4803F06AFB2D49304803F066FB84
:1093600088212C48E5E72E4C294800F07FFCA168B5
:10937000206A0B68814214BF1A46002249680B60BC
:109380005960A368216A2AB9264AC3E900210B6003
:1093900023620CE093F90E0092F90E50A84225D0FA
:1093A000854223DD5168C3E900210B605360E56904
:1093B0001C4B9D4200D005B9E568A3689D4202D0D0
:1093C000284600F0A3FB1248A56100F039FC88B9DB
:1093D00040F26B130F4A14490B4803F027FB0C496A
:1093E000124803F023FB40F26B11BAE78A42CBD05C
:1093F0001268C8E73046BDE87040FFF7BFBA00BF4B
:10940000C613020050160200D6F8010057140200DD
:10941000880A002076FF0100CFFF0100E4FF010071
:10942000500A00206C0A0020A3FF0100BAFF0100CF
:109430002DE9F04106460C46EFF3058777B1344934
:1094400040F23C43334A344803F0F0FA334803F027
:10945000EDFA40F23C412F4803F0DFFA50EA0103F5
:1094600004D1FFF755FF0020BDE8F081EFF311882C
:10947000202383F31288BFF36F8F294800F0D2FBBB
:1094800060B98823274A2849234803F0CFFA2449A2
:10949000264803F0CBFA88212248DDE7244D2048F6
:1094A00000F0E4FBA868234B1860FFF781FAA86876
:1094B000234632462049183000F02AFCAA680446A8
:1094C000537B174843F00403537300F0B9FB68B9AA
:1094D00040F26B13134A19490F4803F0A7FA1049D9
:1094E000174803F0A3FA40F26B11D5E74046FFF7A7
:1094F00045FAAB68D3E90A23B3F1004F08BFBA427B
:10950000B1D104F0B3FB201A20EAE070ACE700BF51
:10951000C613020050160200D6F8010057140200CC
:10952000880A002076FF0100CFFF0100E4FF010060
:10953000500A00208C0A002037DC0100A3FF010044
:10954000BAFF010070B504460E46EFF3058575B10C
:109550001B4940F266431B4A1B4803F067FA1B484D
:1095600003F064FA40F26641164803F056FAFFF73A
:109570005FFFB6F1FF3F08BFB4F1FF3F034620464F
:1095800017D04FF47A7247F611202946C3FB020127
:1095900047F61223984271F100030BD30C4B834220
:1095A00043F608538B4107D347F612220023F6F700
:1095B000FBFF70BD2846FCE76FF00040F9E700BFF5
:1095C000C613020050160200D6F80100571402001C
:1095D000ED85FFFF38B50446EFF31185202383F3B3
:1095E0001288BFF36F8F204800F01CFB68B98823F6
:1095F0001E4A1F491F4803F019FA1B491E4803F071
:1096000015FA8821194803F008FA174800F02EFBD4
:10961000637B5B0710D504F1180000F05DFC637BF1
:10962000204623F004036373FFF730FA2946BDE8B0
:1096300038400D48FFF70CBD0B4800F001FB68B93E
:1096400040F23113094A0D490A4803F0EFF906497F
:109650000B4803F0EBF940F23111D3E785F31188A1
:10966000BFF36F8F38BD00BF880A002076FF01006E
:10967000CFFF0100D6F80100E4FF0100A3FF0100C5
:10968000BAFF0100014B9868704700BF500A0020E4
:109690002DE9F8430446077BEFF31185202383F37C
:1096A0001288BFF36F8F7D4800F0BCFA68B9882339
:1096B0007B4A7C497C4803F0B9F978497B4803F040
:1096C000B5F98821764803F0A8F9744800F0CEFA7D
:1096D000637B190717D5714800F0B2FA68B940F2F8
:1096E00031136F4A7249704803F0A0F96B49714811
:1096F00003F09CF940F23111E4E785F31188BFF3E0
:109700006F8FBDE8F883D90943F0080240F08380E9
:109710006273A36813B12046FFF79CF904F11800A7
:1097200000F0DAFBA66D04F15808B04511D04FF0F7
:10973000000976B13046FFF78DF906F1180000F008
:10974000CBFB3046C6F88890FFF7A0F9A66DB04570
:10975000EFD1DFF88881D8F808309C4270D1EFF360
:109760000589B9F1000918BF4FF00109D8F81C604C
:10977000514A964200D00EB9D8F80C60B34202D0DC
:10978000304600F0C3F92046C8F81860F9F740FEEB
:10979000B9F1000F02D04948FFF7E0F8D8F80830D7
:1097A0009C4260D1EFF30586002E5CD1237BDA0763
:1097B0001FD53A4800F044FA002890D085F311886C
:1097C000BFF36F8F86F31188BFF36F8F04231846A2
:1097D00002DFEFF31185202383F31288BFF36F8F2D
:1097E0002E4800F01FFA00283FF461AF2B4800F02C
:1097F0003DFA2A4800F024FA28BB40F26B13284AAD
:109800002B49294803F012F924492A4803F00EF99C
:1098100040F26B1156E703F07F0343F008036373D4
:10982000274B9C4208D127495623274A1E4803F05C
:10983000FDF85621244846E7204604F0CCF968E7B5
:109840004FF0000992E72846FFF798F81F494FF4B8
:10985000DD731D4A144803F0E9F81D4803F0E6F8EB
:109860004FF4DD71E6E70D4800F0EAF900283FF417
:1098700036AF85F31188BFF36F8FFB077FF541AFDC
:1098800040F23D53104A1349074803F0CFF82146F0
:10989000114803F0CBF840F23D51CBE7880A002095
:1098A00076FF0100CFFF0100D6F80100E4FF0100C0
:1098B000A3FF0100BAFF01006C0A00200806002087
:1098C0006804002072160200501602008117020080
:1098D0008C170200AE170200B9170200500A0020D0
:1098E0002DE9F843064688461746EFF311892023F1
:1098F00083F31288BFF36F8F214800F093F9054678
:1099000068B988231F4A2049204803F08FF81C4972
:109910001F4803F08BF888211A4803F07EF8184896
:1099200000F0A4F93468A6421FD004B32046C4F85E
:1099300088802761FFF78EF804F1180000F0CCFA58
:109940002046FFF7A3F80E4800F07AF988B940F2F4
:1099500031130C4A0F490D4803F068F808490E48C6
:1099600003F064F840F23111D6E70025EBE7254615
:10997000E9E789F31188BFF36F8F2846BDE8F883C4
:10998000880A002076FF0100CFFF0100D6F8010011
:10999000E4FF0100A3FF0100BAFF0100D3B5DDE938
:1099A0000667089CCDE90067FFF7F6F91CB1034B89
:1099B0009B681B69236002B0D0BD00BF500A002025
:1099C0002DE9F84306460F469046EFF31189202310
:1099D00083F31288BFF36F8F1F4800F023F968B933
:1099E00088231E4A1E491F4803F020F81A491E48C2
:1099F00003F01CF88821194803F00FF8164800F00E
:109A000035F93468A6421CD10025134800F018F936
:109A1000D0B940F23113114A1449124803F006F844
:109A20000D49134803F002F840F23111E3E74146D3
:109A30002046B84705460028E7D17368A342E3D023
:109A40002468002CF3D1DFE789F31188BFF36F8F0F
:109A50002846BDE8F88300BF880A002076FF010091
:109A6000CFFF0100D6F80100E4FF0100A3FF0100D1
:109A7000BAFF010008B568B10F4B98420AD303F151
:109A80001802904206D21822C01AB0FBF2F302FB71
:109A900013034BB109490A4838230A4A02F0C6FFAA
:109AA0003821084802F0B9FF0122074BC010584383
:109AB000064B1A5408BD00BFD8060020FF1702004D
:109AC000D6F80100D7170200ABAAAAAAC510002039
:109AD000C3897F2B12D80A4B1B6863B1094B90F9DD
:109AE0000E201B689A4209DB437BDB0606D1064B3E
:109AF000C31A18BF012303F0010070470023FAE7DF
:109B000068010020900A00206804002070B50E4B08
:109B10000E4C1E7C054606EB460304EBC3042046B0
:109B200000F0DAF900220A4B28469A55FFF7D0FFD9
:109B300048B1084B2046BDE870401A680649013A12
:109B4000D31700F0E5B870BD500A0020D8060020F9
:109B5000C510002068010020759A010038B5EFF3A8
:109B60001185202383F31288BFF36F8F234800F001
:109B700059F868B98823224A2249234802F056FF3F
:109B80001E49224802F052FF88211D4802F045FF7D
:109B90001A4800F06BF81E4B1E4A9C681068A042E1
:109BA00013D1FFF7B3FF154800F04AF808BB40F2A5
:109BB0003113134A1849144802F038FF0F49174867
:109BC00002F034FF40F23111DFE700211B7C11600D
:109BD000134AD35C002BE6D02046FFF779FF00281C
:109BE000E1D0637BDB0602D12046FEF7B9FF2046B9
:109BF000D7E785F31188BFF36F8F38BD880A00203F
:109C000076FF0100CFFF0100D6F80100E4FF01005C
:109C1000500A00208C0A0020A3FF0100BAFF0100B7
:109C2000C5100020006838B1044B00F003001B7C15
:109C3000C01A18BF0120704701207047500A002049
:109C4000002302680360EFF30581074B19B199689F
:109C5000497BC90706D4197C98680843831A58427F
:109C60005841704701207047500A0020024B1A7C6F
:109C70009B68134303607047500A0020074808B5EB
:109C8000074A0849121A03F075FFBDE80840064864
:109C9000064A0749121A03F06DBF00BF40000020BA
:109CA00058040020A01E02004000002040000020B8
:109CB000A01E0200024B1868984208BF002070479F
:109CC0006C010020034B1B680BB9FBF793BB002012
:109CD000704700BF940A002030B570B10B4B5B6831
:109CE00098420AD0036843B1D3E90421D0E904457E
:109CF000121941EB0501C3E90421D0E900321360D8
:109D00005A600023C0E9003330BD00BF6C01002061
:109D1000B3F1FF3F08BFB2F1FF3F2DE9F74F044613
:109D200090469B4615461F4600F0B880D0F800903C
:109D3000B9F1000F0CD05B4972235B4A5B4802F01B
:109D400075FE5B4802F072FE7221574802F065FE14
:109D50008160EFF311830193202383F31288BFF313
:109D60006F8F5448FFF75EFF824660B98823524ADE
:109D700052494E4802F05AFE4E49514802F056FEF2
:109D800088214D48E2E74B48FFF770FFB8F1FF3FED
:109D90007BF1FF334B4A1FDBFFF794FF064601358B
:109DA0004BF1000B474A2D184BEBE073D2E900173B
:109DB000C4E904536D1843EB0707FFF77BFF034625
:109DC000DFF810E1DEF80490F3B9C4E900E9C9F85E
:109DD0000040CEF8044029E06FF00103D2E9001200
:109DE0005B1A4FF0FF3161EB0202B3EB080362EB49
:109DF0000B02012B72F10001BCBF01234A464FF058
:109E0000000AC4E90432D8E7D3E9041CD4E90420E9
:109E10008A4270EB0C0B2EDA891A5A686CEB000040
:109E2000C3E90410C4E9003214605C60FFF742FF2C
:109E300084420ED1244B1B685BB9BAF1000F02D1EA
:109E4000FFF740FF0646304603F0F9FE0021FBF71E
:109E5000E1FA1848FFF7F4FEB0B940F23113164AA0
:109E60001A49124802F0E2FD1249194802F0DEFDDB
:109E700040F2311185E7521A60EB0C009945C4E9B4
:109E80000420A2D01B689FE7019B83F31188BFF3D6
:109E90006F8F2846394603B0BDE8F08F00252F4666
:109EA000F7E700BFD4190200B0190200D6F801008C
:109EB00057140200980A002076FF0100CFFF01002E
:109EC000E4FF0100F0060020940A0020A3FF010037
:109ED000BAFF01006C01002070B50446EFF3118653
:109EE000202383F31288BFF36F8F2348FFF79AFE76
:109EF00068B98823214A2249224802F097FD1E4969
:109F0000214802F093FD88211C4802F086FD1A4882
:109F1000FFF7ACFE236833B3FFF7CCFE05462046BF
:109F2000FFF7DAFE00224FF00043A542C4E9042304
:109F300006D1FFF7C7FE03F082FE0021FBF76AFAA5
:109F400000240D48FFF77CFE80B940F231130B4A24
:109F50000E490C4802F06AFD07490D4802F066FD03
:109F600040F23111D0E76FF01504EAE786F311886B
:109F7000BFF36F8F204670BD980A002076FF010066
:109F8000CFFF0100D6F80100E4FF0100A3FF0100AC
:109F9000BAFF01002DE9F04D0446EFF311862023AE
:109FA00083F31288BFF36F8F4348FFF73BFE68B916
:109FB0008823424A4249434802F038FD3E4942481C
:109FC00002F034FD88213D4802F027FDDFF80881CA
:109FD0003948FFF74BFEC8F80040FFF76BFE4FF023
:109FE000000A04464FF0000B384FD8F80030D7E98C
:109FF000001CD81754B1D4E90452AB4270EB020EE6
:10A000001EDAED1A62EB0002C4E9045200245B1868
:10A010004CEB0000C7E900302046C8F8004003F0D0
:10A020000EFE2146FBF7F6F92348FFF709FEA8B11B
:10A0300086F31188BFF36F8FBDE8F04DFFF78EBD3B
:10A0400069184CEBE5732046C4E904ABC7E900137B
:10A05000FFF742FE1848FFF7F3FD68B940F23113ED
:10A06000164A1B49174802F0E1FC1349194802F04F
:10A07000DDFC40F23111A6E786F31188BFF36F8F44
:10A080002046A3689847EFF31186202383F31288B4
:10A09000BFF36F8F0848FFF7C5FD002888D006483A
:10A0A000FFF7E4FDD8F800305B1BC8F80030FFF77D
:10A0B00001FE044699E700BF980A002076FF0100E0
:10A0C000CFFF0100D6F80100E4FF0100F0060020F8
:10A0D000A3FF0100BAFF0100940A002070B5EFF35E
:10A0E0001186202383F31288BFF36F8F1A48FFF77E
:10A0F00099FD68B98823194A19491A4802F096FC53
:10A100001549194802F092FC8821144802F085FC98
:10A110001148FFF7ABFDFFF7D5FD144AD2E9004522
:10A12000041945EBE0750C48FFF78AFD68B940F269
:10A1300031130A4A0E490B4802F078FC06490D48D3
:10A1400002F074FC40F23111DFE786F31188BFF3AF
:10A150006F8F2046294670BD980A002076FF0100C7
:10A16000CFFF0100D6F80100E4FF0100F006002057
:10A17000A3FF0100BAFF0100014BC0F88030704717
:10A180008003002038B50D4C0D4DAC4213D90D495C
:10A190001A230D4A0D4802F049FC0D4802F046FC16
:10A1A0001A21094802F039FC2046D4E9011203F0D3
:10A1B00063FD1834E9E7F7D3002038BD80030020A1
:10A1C000980300205C1A0200F4190200D6F801007E
:10A1D0007512020007B5074B4FF4806200930649E1
:10A1E0004FF0FF330548FEF7ABFA002003B05DF8EF
:10A1F00004FB00BFA4F7010008660020F806002059
:10A20000F8B50D4E0D4C0E4D33680E4898476778E3
:10A210002B680C48984733680B489847022F08D1A1
:10A220002478E31F5C425C412B680748984720462E
:10A23000F8BD0024F8E700BF980100209C0A002028
:10A2400094010020240400201004002070B51D4E4D
:10A250001D4C33681D4898472378590744BF23F0A5
:10A260000403237023789A0705D500F0C1F82378FA
:10A2700023F002032370164D14482B689847336867
:10A2800014489847637813B1134803F02DFD002359
:10A2900004211148637000F0CBF82B680D489847F3
:10A2A00033680A4898472378DB0705D503F019FD82
:10A2B000237823F0010323702B680448BDE8704025
:10A2C000184700BF980100209C0A002010040020BD
:10A2D0009401002024040020A00A00202DE9F04170
:10A2E000FFF78EFF18B100242046BDE8F081364FFD
:10A2F00036483B689847044620B16FF08F04FFF75B
:10A30000A5FFF1E7324D2B78D80706D403F0E7FC20
:10A3100004462B7843F001032B702E4E2B483368F4
:10A32000984710B1002CE8D0E9E7002CE7D13B6852
:10A330002648984704460028DFD12B78990706D491
:10A3400000F04EF804462B7843F002032B7033687C
:10A350001E4898470028E5D1002CD0D13B681B4807
:10A3600098470028C9D13368184895F80080984765
:10A370000028C2D13B681848984704460028BCD141
:10A380006B7843B918F0010F05D0144803F0AAFC0C
:10A39000022304466B7033680F4898470028C1D1E8
:10A3A000002CACD13B68094898470028A5D12B78F0
:10A3B00006485A075CBF43F004032B703368984784
:10A3C000002890D099E700BF9801002010040020D9
:10A3D0009C0A00209401002024040020A00A0020F0
:10A3E0000122024B002083F880257047A40A002038
:10A3F0002DE9F0410A4C002526464FF001080327BD
:10A400002046C4F820802777013503F04BFC202D2F
:10A4100004F12C04F4D1002386F88035BDE8F081E6
:10A42000A40A0020014B1B68184700BF74010020DC
:10A4300010B50A46044619B1024B00211B68984723
:10A4400010BD00BF7801002010B50C4C206800F052
:10A45000AFFD0B4A1368591C11604BB9094A4820DB
:10A46000D2F8003443F00703C2F80034F8F71AFFBB
:10A470002068BDE8104000F0B5BD00BF800100209D
:10A48000281000200080045038B5164D286800F0D0
:10A490008FFD154B1C68013C1C60ECB94820F8F797
:10A4A0000FFF0722114BC3F80823D3F8002422F032
:10A4B0000702C3F80024C3F80041D3F80021C3F811
:10A4C0000441D3F804214FF48072C3F80841D3F853
:10A4D0000831074BC3F888212868BDE8384000F0F0
:10A4E00081BD00BF800100202810002000800450A2
:10A4F00000E100E070B50D4D0D4E2B68B34202D166
:10A500000024204670BDFFF79FFF00F0A9FA00F07D
:10A51000E5FA40B103F0F5FB0446FFF7B5FF002C68
:10A52000EFD12E60ECE700F0D3F9F5E77C010020D5
:10A53000117365000022074BC3F81021C3F80C21EA
:10A54000C3F80021C3F80421C3F80821C3F814217B
:10A55000704700BF0050045008B5FFF7EBFF012320
:10A560000360104B0A6832B9D3F80C211AB9D3F83A
:10A570000821002AF6D00B687BB90B4B99420ED00C
:10A58000A3F58473D3F80831002B0CBF4FF0FF30D4
:10A590006FF00200FFF7CEFF08BD0020FAE74FF092
:10A5A000FF30F7E7005004500851045070B50646DC
:10A5B0000D4619B34B6913F00F040CD01149502309
:10A5C000114A124802F032FA114802F02FFA5021D3
:10A5D0000D4802F022FA2146012003F011FA0D483D
:10A5E0000D49C0F80065C0F80455FFF7B5FF2146D6
:10A5F0000546204603F004FA284670BD6FF00105B9
:10A60000FAE700BFCD1A02007E1A0200D6F8010058
:10A61000F61A0200005004500051045010B50446D0
:10A620000021012003F0ECF9064B0749C3F800456F
:10A630000648FFF791FF00210446084603F0E0F9C1
:10A64000204610BD005004500851045008500450DA
:10A6500038B50C4659B1074D0749C5F800050748FC
:10A66000FFF77AFF10B9D5F80835236038BD6FF0D1
:10A670000100FBE700500450105104500C500450EE
:10A680002DE9F04F89B006460F4690461D4603F06F
:10A69000F0FB044678B973690090C3F3013262F3AA
:10A6A00005148DF8004014F0300408D1B168890712
:10A6B00010D06FF08604204609B0BDE8F08F102C52
:10A6C00008D1BDF8023023F4F87343F4A873ADF851
:10A6D00002304EE0DBB2F82B02D06FF08504EAE7DF
:10A6E00000234FF0010B9E4619461846D6F808C0C5
:10A6F000DFF8CC9159F804AB1CEA0A0F08D00BFA2A
:10A7000000F343EA0E0303F07F0E012341EA0A013E
:10A7100001300728EED12BB19DF803306EF34703CB
:10A720008DF803303CEA0101D7D17388FF2B35D077
:10A7300005D8802B34D0C02BCFD1022303E0B3F552
:10A74000807FCAD104239DF8021063F306118DF8AF
:10A75000021014B91CF0030FABD13379022B2BD0AC
:10A7600020D8012BA5D1BDF8021063F3C811ADF8B4
:10A770000210012A6FD0032A23D0002A99D13388EE
:10A78000B3F5105FA9D1182D6DD0202D70D0102DEC
:10A790008FD1DFF830A101251F261AE00323D2E76D
:10A7A0000123D0E7032B01D0FF2B82D10221BDF87A
:10A7B000023061F3C8138AE7BDF8023043F4C07376
:10A7C00085E7412D3DD104254F26DFF8FCA008F197
:10A7D00001080024381903F020FB00286CD0013454
:10A7E000AC42F7D11F2E07D02946384603F029FB8B
:10A7F000044600287FF45FAF009B4FF0FF390793BA
:10A8000000239B46CDF818A0BDF802204344C2F3B4
:10A81000C112059201AC03F1100C22461868596868
:10A82000083303C263451446F7D101A907EB0B00B7
:10A83000FFF7BCFE044630B303F01BFB6FF092043D
:10A8400039E7182D19D0202D1AD0102D7FF431AFF3
:10A85000DFF874A09FE7302D7FF42BAF03253F2650
:10A86000DFF868A0B5E7DFF85CA002252726B0E78F
:10A87000DFF850A002252F26ABE7DFF84CA0F4E765
:10A88000DFF844A0F6E71C2101A80BF1010B03F04F
:10A89000B8FAAB4506D00AEB0B12CDE906294FEA10
:10A8A0000B13B1E71F2E3FF406AFFA20FFF7B6FEF9
:10A8B00000283FF400AFC1E76FF08A04FBE600BF59
:10A8C000ACF70100400081510000002010840450CA
:10A8D00010B590B01C22002101A803F0FCFBF82069
:10A8E00003F09BFA08B3202200200DEB020100F0D8
:10A8F0009DF90446F8B901A84FF4807103F097FA66
:10A900000E4B0F4904930F4BCDE901130E4BF82169
:10A91000069320230DEB0302FFF7B2FE202104462D
:10A920000DEB010003F06DFA05E0F92003F075FA74
:10A930000028D8D10446204610B010BD0010C00435
:10A9400000240001014B4E80F800FF7F10B5044643
:10A95000FFF77AFD104B186800F02AFB0CB10123B9
:10A960002370BFF35F8F4FF0A3430022DA61BFF380
:10A970005F8FBFF35F8F4FF0FF321A63BFF35F8FBC
:10A98000BFF35F8F3422DA61BFF35F8F0122034B85
:10A99000C3F8042310BD00BF8401002000800450D0
:10A9A00010B5044638B9FFF76FFDBDE81040074BFE
:10A9B000186800F017BB03783BB1FFF765FD034B48
:10A9C000186800F00FFB0023237010BD84010020E5
:10A9D00038B51C4CD4F80051C5B1BFF35F8F4FF0B0
:10A9E000A343996ABFF35F8FBFF35F8F4FF0FF32CE
:10A9F0001A63BFF35F8F0023C4F80031D4F800312D
:10AA0000114B1868BDE8384003F023BBD4F8083177
:10AA100053B100F081F803F04FFAC4F80851D4F8AC
:10AA200008310121094BECE709494423094A0A4846
:10AA300001F0FCFF094801F0F9FF4421054801F04D
:10AA4000ECFF00BF008004508C0100208801002032
:10AA50009AFA0100081B0200D6F801006E1B0200E2
:10AA600008B5074B186803F0E3FA064B186803F0C3
:10AA7000DFFABDE80840002248201146F8F742BC42
:10AA80008C0100208801002038B5094B1C7864B186
:10AA9000084B4FF0FF311D68284603F0CBFA4FF00A
:10AAA000FF310446284603F0D2FA204638BD00BFE5
:10AAB000C41000208C01002010B5064C236D3BB95A
:10AAC000214651F8503B986903F003FA01232365AE
:10AAD000014810BD2C1000207C10002038B5002447
:10AAE0000B4D0C4BEC662B6003F5C0436B60FFF71E
:10AAF000E3FF50B16B6D2046B3F5007FCCBF4FF440
:10AB000080634FF40073AB6038BD0E20FCE700BFDC
:10AB10002C10002000208051004870472C1000208D
:10AB20004FF480732DE9F04796B0804603A8039355
:10AB3000002403F0F9F94FF010091E4E0DF12F0516
:10AB400025F01F0506F1200A012210211A4803F002
:10AB500043F92B1900935246102320211548CDF8B4
:10AB6000049000F0EBF80746F8B9D6E90C3210343F
:10AB7000013342F10002302CC6E90C32E4D1B8F1C5
:10AB8000000F04D022464146284603F018F92E460D
:10AB9000084C0FCE0FC496E80F00203584E80F0054
:10ABA00095E80F00103484E80F00384616B0BDE871
:10ABB000F08700BFE807002008080020F0B5184D16
:10ABC000184FAB6B8DB0BB4228D0174E306800F0E9
:10ABD000EFF9402300221946284603F007F968469A
:10ABE00003F0AFF9044678B96846FFF799FF0446C9
:10ABF00090B9302302461946684603F0F7F801225F
:10AC00000023C5E90C23AF63306800F0EBF9204660
:10AC100003F077F80DB0F0BD0E24F5E70020F9E75A
:10AC2000E8070020B4A5B4A5900100202DE9F04F5D
:10AC300099B00DF1570802F10F0982460E461446ED
:10AC400028F01F084FEA191922B100296CD0B2F57B
:10AC5000803F69D8364F374D386800F0A9F9D5E9FB
:10AC60000C3213430BD15046FFF7A8FF834630B197
:10AC7000386800F0B7F9584619B0BDE8F08FD5E94B
:10AC80000C2319EB020243F10003B3F5803F13D309
:10AC900002A803F056F9E8B902A8FFF741FF83467E
:10ACA0000028E5D130230246194602A803F09EF899
:10ACB00000220023C5E90C234FF4807302A80293FD
:10ACC00003F032F9DFF870A03CB92046FFF728FF07
:10ACD0008346CDE76FF0920BCAE7102C4FF00102CC
:10ACE0004FF010015046A14628BF4FF0100903F065
:10ACF00073F8102352462021CDE900830D4800F05F
:10AD00001DF883460028B3D14A463046414603F039
:10AD1000D5F9D5E90C32013342F10002C5E90C3214
:10AD2000A4EB09044E44CFE76FF0860BA3E700BF06
:10AD300090010020E80700200808002010B543F02B
:10AD4000005392B0109321234FF480740E9201228D
:10AD50001193149B01940293159B01AC41F0005197
:10AD600006940C91112440F6110143F00053CDE9F3
:10AD700003232023DFF864C00A90CDE908C40D91B5
:10AD800000200EA90AAC07940B910F920593FFF7D0
:10AD9000DDFDBFF35F8F4FF0A34306AA1A60BFF338
:10ADA0005F8FBFF35F8F02AA1A61BFF35F8FBFF39C
:10ADB0005F8F03225A63BFF35F8FBFF35F8F9A6386
:10ADC000BFF35F8F03F0FBF8431C0446FAD000206A
:10ADD000FFF7E6FD204612B010BD00BF04000020C2
:10ADE000BFF35F8F094A1368BFF35F8F43F480712D
:10ADF000BFF35F8F1160BFF35F8F23F48073BFF3E6
:10AE00005F8F1360BFF35F8F704700BF00108051EA
:10AE100008B5FFF7E5FFBFF35F8F064A1368BFF37E
:10AE20005F8F43F00103BFF35F8F1360BFF35F8F4A
:10AE300008BD00BF0010805170B50026C0E9006653
:10AE400005460C46FFF700FB01232B70FFF7C8FFF8
:10AE5000BFF35F8F204BDB68BFF35F8F9B08013B25
:10AE6000ACB3226842B19A4205D9FFF70DFB6FF0EF
:10AE70003F002E7070BD1346D4E90115E06800292B
:10AE800008BF4FF40071002808BFF1202469BFF308
:10AE90005F8F114A9360BFF35F8FBFF35F8F1564BD
:10AEA000BFF35F8FBFF35F8F5064BFF35F8FBFF35C
:10AEB0005F8F5163BFF35F8F44F4802444F001043B
:10AEC000BFF35F8F1460BFF35F8F0020D2E74FF4B2
:10AED0000071F1202546DAE70010805170B5037843
:10AEE0000D461446002B53D0BFF35F8F2D4A136BD2
:10AEF000BFF35F8F5908C3F34203052B4BD011F00A
:10AF0000060F02D14FF0FF3070BD4368D3B9BFF3D5
:10AF10005F8F5368BFF35F8F032BF3D9224B234915
:10AF2000BFF35F8FD2F88060BFF35F8FBFF35F8F97
:10AF300043F8046BBFF35F8F8B42F1D1FFF768FFDB
:10AF400001234360BFF35F8F164B9A68BFF35F8F97
:10AF50000132B4EB021F21D8BFF35F8F5A68BFF3F1
:10AF60005F8FB4EB820FCDD884B1BFF35F8FD3F87E
:10AF70008020BFF35F8F291D05F8012B8D424FEA1A
:10AF8000122204F1FF34EFD0002CF5D10020BBE7F2
:10AF90006FF02000B8E76FF05100B5E76FF03F00A9
:10AFA000B2E700BF00108051101080512010805176
:10AFB00008B54FF0FF324FF0FF33FCF783FF48B185
:10AFC000054906481723064A01F030FD17210448B9
:10AFD00001F023FD08BD00BFCB1B0200D6F8010025
:10AFE000861B020008B5FDF73DF848B10549064843
:10AFF0001F23064A01F01AFD1F21044801F00DFD30
:10B0000008BD00BFCB1B0200D6F80100861B020062
:10B010002DE9F74F002782460C469346009700F132
:10B020000C06EFF31189202383F31288BFF36F8F8F
:10B030003046FEF7F7FD68B98823194A19491A48BE
:10B0400001F0F4FC3146194801F0F0FC8821144865
:10B0500001F0E3FC3046FEF709FEDAF808505046EE
:10B060006C4004EA0B0205EA0B08554010496A4699
:10B07000CAF808500195FEF7A3FC009C44B1204695
:10B08000C4F8887065660021246EFDF729FEF5E797
:10B0900030464946FDF7DCFF404603B0BDE8F08F7F
:10B0A00076FF0100CFFF0100D6F80100E4FF0100A8
:10B0B00057E001002DE9F04F85B09046DDE90E2BF9
:10B0C00006460C46EFF3058179B152EA0B010CD02C
:10B0D0003E49F9233E4A3F4801F0A8FC3E4801F0B2
:10B0E000A5FCF9213A4801F098FC0392002C5BD0B2
:10B0F00008F001030293FEF7C5FA06F10C050746B6
:10B10000EFF3118A202181F31288BFF36F8F284655
:10B11000FEF788FD039A60B98823304A30492D48EC
:10B1200001F084FC29462F4801F080FC88212B483F
:10B13000D9E728460392FEF799FD18F0020F1CBFCD
:10B140000021B160D6F80890029B039A09EA040135
:10B150009BB18C4213D12846FEF772FDF0B940F244
:10B1600031131E4A20491B4801F060FC29461F4844
:10B1700001F05CFC40F23111D9E70029EBD152EA31
:10B180000B0115D12846FEF75BFD0028E7D08AF3B6
:10B190001188BFF36F8F4FF0000903E08AF3118825
:10B1A000BFF36F8F04EA0904204605B0BDE8F08FB5
:10B1B000C7E919485146CDE9002B28463246FDF72C
:10B1C000EBFD0028E7D1D7F86490EBE7911402007B
:10B1D000D41B0200D6F801005714020076FF0100CC
:10B1E000CFFF0100E4FF0100A3FF0100BAFF01004F
:10B1F00008B5EFF305834BB1074908483623084AE1
:10B2000001F014FC3621064801F007FCC0E90233C6
:10B21000C0E9000008BD00BFC6130200D6F8010057
:10B22000D41B02001FB514461A46094B05461B687D
:10B23000D86854B9074B1C4600910749CDE9013441
:10B240002B4600F00DF8F8F787FC044BF4E700BF3D
:10B250009C01002059140200041C0200F71B02008C
:10B260000EB403B503AB0146054853F8042B006840
:10B27000019300F0B3F802B05DF804EB03B070473F
:10B280009C010020024B0146186800F04DB800BF39
:10B290009C01002038B50546002941D051F8043CF6
:10B2A0000C1F002BB8BFE41800F068FF1D4A13689C
:10B2B00033B9636014602846BDE8384000F064BFCD
:10B2C000A34208D9206821188B4201BF19685B6826
:10B2D00009182160EDE71A465B680BB1A342FAD961
:10B2E00011685018A0420BD1206801445018116019
:10B2F0008342E0D118685B68084453601060DAE765
:10B3000002D90C232B60D6E7206821188B4202BF9C
:10B3100019685B680918636008BF21605460CAE758
:10B3200038BD00BFA0100020F8B5CD1C064625F0A2
:10B33000030508350C2D38BF0C25002D01DBA94273
:10B3400003D90C2333600020F8BD00F017FF21491A
:10B350000A6814469CB9204F3B6823B92146304601
:10B3600000F0CAFC38602946304600F0C5FC431C9A
:10B3700023D10C233046336000F006FFE3E7236857
:10B380005B1B17D40B2B03D923601C44256004E0FE
:10B390006368A2420CBF0B605360304600F0F4FEBD
:10B3A00004F10B00231D20F00700C21A1CBF1B1A5A
:10B3B000A350C9E722466468CCE7C41C24F0030408
:10B3C000A042E3D0211A304600F096FC0130DDD1D6
:10B3D000CFE700BFA01000209C1000202DE9F04F07
:10B3E0000D469DB014469846064618B183690BB9C0
:10B3F00000F0F0FD874B9D421BD175686B6ED9073D
:10B4000005D4AB899A0502D4A86DF8F771FBAB8916
:10B410001B0701D52B69EBB92946304600F0E0FC4B
:10B42000C0B16B6EDC070ED54FF0FF301DB0BDE82C
:10B43000F08F794B9D4201D1B568DFE7774B9D4294
:10B4400008BFF568DAE7AB899805EDD4A86DF8F781
:10B450006BFBE9E70023CDF80C804FF00109DFF822
:10B46000C081099320238DF8293030238DF82A30AC
:10B4700023469A4613F8012B0AB1252AF9D1BAEBD3
:10B48000040B0BD05B4622462946304602F042FEB2
:10B49000013000F0A680099A5A4409929AF80030C7
:10B4A000002B00F09E8000234FF0FF320AF1010ACA
:10B4B000049307938DF853301A93CDE9052354462E
:10B4C0000522574814F8011B03F014F9049BD0B966
:10B4D000D90644BF20228DF853201A0744BF2B22DF
:10B4E0008DF853209AF800202A2A14D0079A54463F
:10B4F00000204FF00A0C214611F8013B303B092B8C
:10B500004AD970B914E0A0EB0800A24609FA00F08D
:10B5100018430490D3E7039A111D1268002A03917F
:10B5200001DB079204E0524243F0020307920493C6
:10B5300023782E2B0AD163782A2B32D1039B023435
:10B540001A1D1B6843EAE37303920593DFF8E0A03A
:10B5500003222178504603F0CDF838B1A0EB0A0061
:10B560004022049B013482401343049314F8011BCE
:10B5700006222C488DF8281003F0BCF800283FD094
:10B58000294B1BBB039B073323F0070308330393AB
:10B59000099B3B4409936BE70CFB02320C460120EC
:10B5A000A9E7002301344FF00A0C19460593204601
:10B5B00010F8012B303A092A03D9002BC6D0059187
:10B5C000C4E70CFB012104460123F0E703AB2A4644
:10B5D00004A930460093154B00F02CF80746781C60
:10B5E000D6D16B6ED90705D4AB899A0502D4A86D64
:10B5F000F8F79AFAAB895B063FF516AF099815E79D
:10B6000003AB2A4604A930460093084B00F046FAE3
:10B61000E4E700BF0CF80100ECF70100CCF70100F3
:10B62000341D02003E1D020035B6010015E1010087
:10B630003A1D02002DE9F04F8DB00C4616461F460C
:10B64000DDF85880054600F043FD03681846049372
:10B65000F4F7C4FF002305900A93D8F8003094F85B
:10B6600018A00733D4F800B023F0070303F1080251
:10B67000C8F800204FF0FF32D3E9008929F00043D9
:10B68000CDF8188007939C4BDDE90601C4E91289C7
:10B69000F4F74CFF70BB4FF0FF32974BDDE906012A
:10B6A000F4F726FF30BB0022002340464946F4F75A
:10B6B00015FF10B12D2384F84330904A904BBAF116
:10B6C000470F94BF9046984603234FF0000923612B
:10B6D0002BF00403236033460BAA2146284600972B
:10B6E00002F0CBFD013040F096804FF0FF300DB0FE
:10B6F000BDE8F08F42464B4640464946F4F716FFF8
:10B7000040B14B467F4A002BBCBF2D2384F8433009
:10B710007D4BD4E763685A1C26D1062363604BF443
:10B72000806200232846226003930AABCDE901A37F
:10B7300009AB49EC108B00930DF12303616802F013
:10B74000FBFCBAF1670F8046099915D1CB1C3BDB96
:10B750006368994238DC0A9B994255DB2368216172
:10B76000D80745D54B1C42E00AF0DF02472AD6D164
:10B77000002BD4D10123D1E7BAF1470F07D1C81C60
:10B7800025DB63688B4222DB4FF0670AE3E7BAF1FF
:10B79000650F1FD80139524604F15000099102F09B
:10B7A00033FD0A9A81461318012A236102DC2268BC
:10B7B000D20701D5013323619DF82330002B8AD0B5
:10B7C0002D2384F8433086E74FF0650AE2E74FF017
:10B7D000450ADFE7BAF1660FBDD1002963680BDDCA
:10B7E000216113B92268D00702D501330B442361CC
:10B7F0004FF00009A165DFE713B92268D20701D530
:10B800000233F4E70123F2E70029D4BFC1F10202B9
:10B8100001221344EBE723685A0507D42369424603
:10B8200031462846B84701302BD15EE7BAF1650FA3
:10B8300040F2DD8000220023D4E91201F4F744FE37
:10B84000002833D00123314A31462846B847013019
:10B850003FF44BAFDDE90938434502DB2368D807E5
:10B860000FD531462846DDE90423B84701303FF4BF
:10B870003CAF4FF0000908F1FF3804F11A0AC8453F
:10B8800009DC23689B0700F10381E0680B9B984269
:10B89000B8BF18462BE70123524631462846B84721
:10B8A00001303FF422AF09F10109E8E7099B002BC1
:10B8B00039DC0123154A31462846B84701303FF4A8
:10B8C00014AFDDE9093959EA030302D12368D90726
:10B8D000D7D531462846DDE90423B84701303FF487
:10B8E00004AF4FF0000A04F11A0B099B5B42534569
:10B8F0000EDC4B4693E700BFFFFFEF7F451D0200C4
:10B90000491D02004D1D0200511D02009AFA01005E
:10B9100001235A4631462846B84701303FF4E5AE88
:10B920000AF1010AE1E7A36DDDF828A05345A8BF9D
:10B930005346002B994636DC4FF0000B29EAE97993
:10B9400004F11A02A36D0693A3EB09035B4531DCF6
:10B95000099B9A453ADC2368DA0737D4099BAAEB9E
:10B960000309069BAAEB03039945A8BF9946B9F1C1
:10B97000000F33DC4FF0000829EAE97904F11A0BD3
:10B98000099BAAEB0303A3EB090343457FF779AFB8
:10B9900001235A4631462846B84701303FF4A5AE48
:10B9A00008F10108ECE7424631462846B847013025
:10B9B000C2D19AE60123314628460692B8470130A3
:10B9C0003FF493AE0BF1010B069ABBE7DDE90423CC
:10B9D00031462846B8470130C0D186E6069A4B4624
:10B9E000314628464244B8470130C3D17DE6DDF8F0
:10B9F00028A0BAF1010F01DCDB0736D5012342464E
:10BA000031462846B84701303FF46FAE31462846EC
:10BA1000DDE90423B84701303FF467AE002200237C
:10BA20000AF1FF3AD4E91201F4F74EFDC0B95346CA
:10BA300008F1010231462846B84701300CD154E6DE
:10BA400001235A4631462846B84701303FF44DAEEF
:10BA500008F10108D045F3DB4B4604F15002DFE664
:10BA60004FF0000804F11A0BF4E701234246E1E726
:10BA700001234A4631462846B84701303FF435AEE7
:10BA800008F10108E3680B995B1A4345F0DCFCE61A
:10BA90004FF0000804F11909F4E700BF2DE9FF4752
:10BAA0000F7E914680460C46782F9A460C9D01F1F8
:10BAB000430207D8622F0AD8002F00F0E080582FE9
:10BAC00000F0BB8004F1420684F842703AE0A7F12E
:10BAD0006303152BF6D801A151F823F035BB010003
:10BAE00049BB0100C5BA0100C5BA0100C5BA0100D1
:10BAF000C5BA010049BB0100C5BA0100C5BA0100C1
:10BB0000C5BA0100C5BA010065BC0100D9BB01007E
:10BB10001BBC0100C5BA0100C5BA010087BC010009
:10BB2000C5BA0100D9BB0100C5BA0100C5BA010000
:10BB300023BC01002B6804F142061A1D1B682A6011
:10BB400084F842300123ABE0236829681F0601F125
:10BB50000400286001D50D6803E05E06FBD5B1F94D
:10BB60000050002D61687ADA2D200029A16084F848
:10BB700043002DDA6D425E480A231646B5FBF3F109
:10BB800003FB1157C75D06F8017D2F460D46BB42EA
:10BB9000F4D9082B0BD12368DF0708D52369616826
:10BBA0009942DEBF302306F8013C06F1FF36921BB6
:10BBB00022614B4603AA21464046CDF800A002F080
:10BBC0005CFB013071D14FF0FF3004B0BDE8F0876D
:10BBD00023F004032360CDE72B682068191D29603A
:10BBE000050601D51D6802E04106FBD51D886F2FB3
:10BBF0003F4814BF0A230823002184F843106668D5
:10BC0000002EA660B9DB216821F004012160002D1F
:10BC1000B3D1002EB1D11646BBE7236843F0200311
:10BC200023607827334884F84570296823680E1DFF
:10BC30002E601E0603D50D6804E02D48F3E75D066F
:10BC4000F9D50D88D90744BF43F0200323600DB117
:10BC50001023D1E7236823F020032360F8E724486A
:10BC60000A23CCE72B682668181D61692860350611
:10BC70001B6801D5196002E07006FBD5198000230E
:10BC80001646236195E72B6800211A1D2A601E685D
:10BC90006268304602F02EFD08B1801B6060636868
:10BCA0002361002384F8433083E723693246494601
:10BCB0004046D047013086D023689B0714D4E06803
:10BCC000039B9842B8BF18467FE701233246494696
:10BCD0004046D04701303FF476AF0135E368039921
:10BCE0005B1AAB42F1DCEAE7002504F11906F5E73F
:10BCF000551D0200661D020038B50023054D04469F
:10BD000008462B60F7F7B0FE431C02D12B6803B145
:10BD1000236038BDA4100020F8B50E461446054631
:10BD200018B183690BB900F055F9214B9C4210D131
:10BD30006C68A369A360A3891A0701D5236993B925
:10BD40002146284600F04CF868B14FF0FF373846DE
:10BD5000F8BD184B9C4201D1AC68EAE7164B9C42F7
:10BD600008BFEC68E5E72369F6B220683746C01AD9
:10BD70006369834205DC2146284600F0ADF80028BF
:10BD8000E3D1A3680130013BA36023685A1C226001
:10BD90001E706369834204D0A389DB07D7D50A2EBE
:10BDA000D5D12146284600F097F80028CFD0CCE71F
:10BDB0000CF80100ECF70100CCF7010038B504469F
:10BDC000064D0846114600222A601A4600F064FF1C
:10BDD000431C02D12B6803B1236038BDA41000209E
:10BDE000314B70B51D6806460C4625B1AB6913B9D9
:10BDF000284600F0EFF82D4B9C420ED16C68B4F948
:10BE00000C301A072CD4DD0611D40922326043F01D
:10BE100040034FF0FF30A3813DE0254B9C4201D110
:10BE2000AC68ECE7234B9C4208BFEC68E7E7580797
:10BE300012D5616B41B104F14403994202D03046FE
:10BE4000FFF728FA00236363A38923F02403A38167
:10BE50000023636023692360A38943F00803A3815F
:10BE600023694BB9A38903F42073B3F5007F03D092
:10BE70002146304600F042F9B4F90C3013F00102CB
:10BE80000AD00022A26062695242A261226942B9CC
:10BE900013F08000BBD170BD990758BF6269A260E2
:10BEA000F4E70020F7E700BF9C0100200CF8010038
:10BEB000ECF70100CCF7010038B50023054D04462E
:10BEC00008462B6000F0ECFE431C02D12B6803B146
:10BED000236038BDA410002038B50B6905460C4618
:10BEE00013B90025284638BD18B183690BB900F095
:10BEF00071F8144B9C421BD16C68B4F90C30002BC8
:10BF0000EFD0626ED00704D4990502D4A06DF7F784
:10BF1000EFFD2846214602F0FEFA636E0546DA0779
:10BF2000E0D4A3899B05DDD4A06DF7F7FDFDD9E72B
:10BF3000054B9C4201D1AC68DFE7044B9C4208BF33
:10BF4000EC68DAE70CF80100ECF70100CCF701002F
:10BF5000002310B504468360818119464366C2817F
:10BF600008228361C0E90033C0E904335C3002F089
:10BF7000B2F8054B24626362044BA362044BE36294
:10BF8000044B236310BD00BF5FE3010081E30100A8
:10BF9000B9E30100DDE30100014902F055BB00BF38
:10BFA000D9BE01000148F7F7A3BD00BFAC030020D4
:10BFB0000148F7F7B9BD00BFAC0300200148F7F70F
:10BFC00097BD00BFC00300200148F7F7ADBD00BF1B
:10BFD000C003002010B50446FFF7F0FFA3691BB1B2
:10BFE000BDE81040FFF7F0BFC4E9123323652046D7
:10BFF000124B134A1B68A262A34204BF0123A36130
:10C0000000F020F86060204600F01CF8A060204698
:10C0100000F018F800220421E0606068FFF798FF44
:10C0200001220921A068FFF793FF02221221E06894
:10C03000FFF78EFF0123A361D2E700BFC8F701001D
:10C0400099BF0100F8B50746FFF7ACFF1E4B1E680D
:10C05000B36913B93046FFF7BDFF4836D6E901345E
:10C06000013B03D533680BB33668F7E7B4F90C50DE
:10C07000D5B9164B04F158006566E360F7F708FD83
:10C08000FFF796FF0822294604F15C002560A561B0
:10C09000C4E90155C4E9045502F01DF8C4E90D5581
:10C0A000C4E912552046F8BD6834D9E70421384662
:10C0B00002F0B4FA044630600028D5D1FFF778FFCB
:10C0C0000C233B60EEE700BFC8F701000100FFFF53
:10C0D00000487047F002002038B50446064D084677
:10C0E000114600222A601A4600F0DDFD431C02D1F1
:10C0F0002B6803B1236038BDA41000208B89F7B5ED
:10C100009D0706460C4607D504F1470323602361CB
:10C110000123636103B0F0BD01AB6A4602F0B3FADC
:10C12000009F054630463946FFF7FEF848B9B4F996
:10C130000C309A05EED423F0030343F00203A381ED
:10C14000E2E70D4BB362A389206043F08003A38133
:10C15000019BC4E904075BB1B4F90E10304600F04E
:10C160005DFB28B1A38923F0030343F00103A381FE
:10C17000A3891D43A581CDE799BF01000148F7F7C9
:10C18000B7BC00BF980300200148F7F7CDBC00BF43
:10C190009803002070B5466A04460D4676B9102013
:10C1A000FFF770F80246606220B9184B6621184804
:10C1B000FFF738F8C0E901660660C660666AF36892
:10C1C00083B1636ADB6853F82500B8B901212046C2
:10C1D00001FA05F6721D920002F004FB60B1C0E99D
:10C1E00001560EE021220421204602F0FBFA636A88
:10C1F000F060DB68002BE4D1002070BD026843F8DA
:10C2000025200023C0E90333F7E700BF841D0200A7
:10C21000281E020070B5466A05460C4676B9102005
:10C22000FFF730F80246686220B9094B8A210948B5
:10C23000FEF7F8FFC0E901660660C6603CB16B6AB4
:10C240006268DB6853F82210216043F8224070BD19
:10C25000841D0200281E02002DE9F04101F1140C9A
:10C2600007460C461E460D690020DCF80030013000
:10C2700099B2854202FB01614FEA13464FEA11432E
:10C2800089B202FB063301EB03414FEA13464CF837
:10C29000041BEADC0EB3A368AB4219DC61683846C4
:10C2A0000131FFF777FF804628B902460C4BB521D4
:10C2B0000C48FEF7B7FF226904F10C010C30023282
:10C2C000920001F0FBFE214644463846FFF7A2FFEC
:10C2D00004EB850301355E6125612046BDE8F081F0
:10C2E0000F1E0200281E020010B50C460121FFF7A8
:10C2F00051FF024628B9054B4FF4A0710448FEF7E0
:10C3000091FF01234461036110BD00BF0F1E0200B5
:10C31000281E02002DE9F04F14460A690F4685B029
:10C3200023699A42A2BF23460C461F46D4F810A0A8
:10C33000A368D7F8109061680AEB0906B342B8BF4A
:10C340000131FFF727FF30B90246454B40F25D113E
:10C350004448FEF767FF00F11405002205EB86084C
:10C360002B46434521D307F1140104F1140204F1D3
:10C37000150702EB8A0201EB89030293131B153B9D
:10C3800023F003030433BA4238BF04230193029B12
:10C3900003918B420CD8002E03DD58F8043D002B8E
:10C3A0005BD0066105B0BDE8F08F43F8042BD8E7F9
:10C3B000B1F800A0BAF1000F24D004F1140EA94680
:10C3C0004FF0000C5EF8047BD9F800301FFA87FBB1
:10C3D00072459BB20AFB0B334FEA174BD9F800703A
:10C3E00063444FEA174C0AFB0BC707EB13479BB29A
:10C3F0004FEA174C43EA074349F8043BE2D8019B54
:10C4000045F803C0039B0431B3F80290B9F1000F63
:10C4100021D02B6804F1140CAE464FF0000ABCF892
:10C4200000B09BB2BEF8027009FB0B77574443EA99
:10C4300007434EF8043B5CF8043B4FEA134ABEF84E
:10C440000030624509FB0A3303EB17434FEA134AF6
:10C45000E5D8019FEB51043599E7013E9BE700BF0A
:10C460000F1E0200281E02002DE9F843154612F0A7
:10C47000030207460E4607D0013A254C002354F824
:10C480002220FFF7E9FE0646AD103DD07C6A7CB95C
:10C490001020FEF7F7FE0246786228B91D4B4FF4D4
:10C4A000D7711D48FEF7BEFEC0E901440460C460B8
:10C4B000D7F82480D8F808404CB940F271213846AA
:10C4C000FFF712FF00230446C8F8080003604FF08E
:10C4D0000009EB070AD5314622463846FFF71AFF16
:10C4E0008046314638464646FFF794FE6D100BD025
:10C4F000206838B9224621463846FFF70BFF2060F6
:10C50000C0F800900446E4E73046BDE8F88300BF79
:10C510002CF80100841D0200281E02002DE9F047BE
:10C520000C46074691464FEA621A2369496803EBB5
:10C530006218A36808F10106B3420BDB3846FFF727
:10C5400029FE054648B90246284B40F2D911284831
:10C55000FEF768FE01315B00EEE7002300F11401F5
:10C5600000F110021846534533DB2AEAEA7A04F157
:10C570001403206919F01F0901EB8A0103EB800CF9
:10C580002BD0C9F1200E8A460022186800FA09F063
:10C5900010434AF8040B53F8042B9C4522FA0EF280
:10C5A000F3D8ACEB040304F11500153B23F00303AF
:10C5B0000433844538BF0423CA500AB108F1020687
:10C5C000013E384621462E61FFF724FE2846BDE88D
:10C5D000F087013342F8040FC5E7043953F8042B00
:10C5E0009C4541F8042FF9D8EAE700BF0F1E02006E
:10C5F000281E02002DE9F74F8946064611461446CB
:10C60000484602F0D4F8051E12D129463046FFF7FD
:10C61000C1FD024628B9414B40F232214048FEF7A5
:10C6200001FE0123C0E90435104603B0BDE8F08FD8
:10C63000BCBF4B46A1463046B8BF0125D9F804100F
:10C64000B4BF1C460025FFF7A5FD024618B9334BC1
:10C650004FF41071E2E7D9F8107004F1140E266956
:10C6600000F1140BC56009F1140509F110030EEB7C
:10C67000860605EB8708D9464FF0000C0193019B15
:10C680005EF8040B53F804AF764501931FFA8AF362
:10C69000194683B24FEA1040A1EB0303C0EB1A40E6
:10C6A000634400EB23409BB24FEA204C43EA004333
:10C6B00049F8043BE3D8331B1534153B23F003033F
:10C6C0000433A64238BF04231D445B442C461E4657
:10C6D00044450ED308F10301491B033D21F003013A
:10C6E000A84538BF00210B4453F8041D99B11761C8
:10C6F0009AE754F8041BE6461FFA81FC080C7144C3
:10C70000F44489B200EB2C4041EA00414FEA204C4E
:10C7100046F8041BDCE7013FE6E700BF0F1E0200FE
:10C72000281E02002DE9F7430F460121164659EC59
:10C73000108BFFF72FFD044630B90246234B40F221
:10C740000A312348FEF76EFDC9F30A55C9F31303F6
:10C750000DB143F480130193B8F1000323D0684670
:10C76000009301F0F7FFDDE90012D0B1C0F1200322
:10C7700002FA03F3C2400B4301926361019B002B59
:10C78000A3610CBF012202222261A5B1A5F23345AB
:10C790000544C0F135003D603060204603B0BDE87F
:10C7A000F0836161EAE701A801F0D4FF019B20302A
:10C7B00001226361E8E7A0F2324004EB82033860B3
:10C7C000186901F0A5FFC0EB4210E5E70F1E02005B
:10C7D000281E020038B50446064D084611460022C0
:10C7E0002A601A4600F054FA431C02D12B6803B1A8
:10C7F000236038BDA410002038B50023064D044640
:10C80000084611462B6000F055FA431C02D12B68F4
:10C8100003B1236038BD00BFA410002038B5002349
:10C82000054D044608462B6000F03FFA431C02D138
:10C830002B6803B1236038BDA410002070478368C3
:10C8400000EBC101B3F5004F2CBF51F8220031F8C5
:10C850001200704700EBC1018068B0F5004F2CBF9B
:10C8600041F8223021F812307047012208B5FFF755
:10C87000E6FFD04008BD836800EBC101B3F5004F6F
:10C8800008D34B681AB143F001034B60704723F0A3
:10C890000103FAE74B881AB143F001034B8070475C
:10C8A00023F00103FAE753000122FFF7D3BFB0F5ED
:10C8B000004F34BF042308230731C818C00870474D
:10C8C0000A4608B50121FFF7F2FF0132121AB2FA47
:10C8D00082F0C0F11F0008BD2DE9F0410D468668C9
:10C8E0000446FFF7C2FFB6F5004F014601D3012809
:10C8F00032D03046FFF7E4FF04EB80010E6996B9B1
:10C900000122E36882401343E36002220D612B465B
:10C9100029462046FFF79EFF032229462046BDE810
:10C92000F041FFF797BF022231462046FFF787FF0D
:10C930000746034629462046FFF78CFF032233466D
:10C9400029462046FFF786FF39462B462046FFF74B
:10C9500081FF02223146E1E7BDE8F0810020704707
:10C960000FB407B504A951F8040B0191F5F7A4FE23
:10C9700003B05DF804EB04B07047044608B5084600
:10C9800011461A46A047FCF77DFEF6F717FCD0E9E2
:10C99000002130B54FF03333A2FB0324D51843EB0D
:10C9A0000405A1FB0313521844EB0304521944F18C
:10C9B0000002891843F10003C0E9001330BD10B52F
:10C9C0000A680346002A0FDD013A0A6044680A201B
:10C9D0001A68A2FB001200FB0422100F22F0704222
:10C9E000C3E90012303010BD3020FCE72DE9F041E2
:10C9F0000746884615461E461446B44205D30EB176
:10CA0000601B08E02378002BFAD0414614F8010B94
:10CA1000B8470028F1DABDE8F081002383F31188DC
:10CA2000BFF36F8F0423184602DF70470FB407B5BA
:10CA300004A951F8040B0191F5F73EFE03B05DF82F
:10CA400004EB04B07047838B13F0070305D1036830
:10CA5000002B0CBF002003207047022B05D1C08B98
:10CA6000B0FA80F0400980007047012B05D10368BF
:10CA7000002B0CBF0020052070470020704710B528
:10CA80000C4600B111B96FF0150010BD081D00F083
:10CA90002FF80028F9D1A368032BF6D9F3E72DE985
:10CAA000F0410D4607461946281D90461E46F6F7EA
:10CAB00015F9044638B13346424629463846A4465D
:10CAC000BDE8F0416047BDE8F08138B50C46054649
:10CAD00058B151B10B6843B14B6833B120220021EA
:10CAE00001F0F9FA00202C6138BD6FF01500FBE76A
:10CAF000034658B1426802F00302012A03D0032A18
:10CB000004D1026812B10020986070476FF01500E0
:10CB100070477047002908DB8068884205D9401AB1
:10CB2000904234BF002001207047002070477047BA
:10CB300070B516461A4605460C46FFF7EBFF48B19E
:10CB40006968E8682144826814683246A446BDE8F2
:10CB5000704060476FF0150070BD70B516461A46FC
:10CB600005460C46FFF7D6FF48B16968E8682144DE
:10CB7000826854683246A446BDE8704060476FF052
:10CB8000150070BD10B50B460446FFF7C3FF40B15A
:10CB90006168E068194483689B682BB1BDE8104068
:10CBA00018476FF0150010BD6FF05700FBE708B590
:10CBB000C0688368DB689847006808BD08B5C0682E
:10CBC0008368DB689847407908BD012801D1EFF3FD
:10CBD0000583FAF7DFBF01460068FFF7F6BF08B527
:10CBE000F6F7D6F8BDE80840F6F7D6B800210120E0
:10CBF000FFF7EBBF436F83F30B88704761B662B6F4
:10CC000080F31188BFF36F8F704772B6002383F3F0
:10CC10001188BFF36F8FBFF34F8F30BF62B6BFF382
:10CC20006F8F704772B6002383F31188BFF36F8F45
:10CC3000BFF34F8F20BF80F31188BFF36F8F62B6B1
:10CC4000704740E800F313F4803FD8B208BF6FF09C
:10CC50001500704730B50C684B6885B00A894D895E
:10CC60000094013B24F01F04234402F01F0242EA17
:10CC7000451223F01F0369468DF808200393F6F749
:10CC800071FC05B030BD002070474FF0FF30704799
:10CC900008461146F6F7BCBE08461146F6F7CCBE6C
:10CCA0004FF0FF307047002070470228CCBF0020B3
:10CCB000012070474FF4005300204B60704708B5C7
:10CCC00000F057FD002818BF6FF00D0008BDF8B543
:10CCD000069F0469C9B2EFF31186202585F31288F7
:10CCE000BFF36F8F0C2505FB0144A56C05F0070C05
:10CCF000BCF1010F0CD1A76486F31188BFF36F8FCD
:10CD0000C4E91023436853F8313098470020F8BD38
:10CD100005F0C005AF4286F31188BFF36F8F0CBFDB
:10CD20006FF077004FF0FF30F1E713B580240094E7
:10CD3000FFF7CDFF02B010BD0069CBB200EB43108E
:10CD4000002110470020F8F7B3BE0020F8F740BFDD
:10CD50001046FBF777BA8022F6F7B2BF4FF4FA22FB
:10CD600000230020C1E900237047B1F5FA2F1046D7
:10CD700010B51A4607D2C1F5FA24A34203D801F030
:10CD80009DF9002010BD6FF01500FBE7084600215B
:10CD9000F7F7BCB9084611461A4609B1F7F7B6B914
:10CDA0006FF01500704743681C330B60012313605C
:10CDB0007047436800209B69C1E900307047FBF76A
:10CDC00041BA4FF0FF324FF0FF33FBF7B9BAF0B57D
:10CDD0008FB04468D0F810C00020DDE914658DF8EC
:10CDE00000100121CDE90950CDF801008DF80500B2
:10CDF000D007CDE90716CDE90B1602F08007CDF874
:10CE000018D00D9514D59CF814201BBAD1070493A3
:10CE100057BFBDF81130CDF80130ADF801309DF8A5
:10CE200013304EBF05238DF80330042307930B9373
:10CE300006AB0293211D0AAB7FB1002D14BF022265
:10CE40000122CDE9032302230593206883681C682F
:10CE5000002302AAA0470FB0F0BD0122CDE90323B1
:10CE600002230593206883681C6804ABF1E7002364
:10CE700073B50D1E466814BF04210621CDE90033A9
:10CE800080220446FFF7A3FF96F830309B0609D5B1
:10CE900040B93DB90346CDE90000802298212046E3
:10CEA000FFF795FF02B070BD1FB5012301930DF18F
:10CEB0000F030093002305211A46FFF788FF08B9E6
:10CEC0009DF80F0005B05DF804FB2DE9FF41064613
:10CED00015461C4601270DF10F08002305211A46AF
:10CEE0003046CDE90087FFF772FF40B99DF80F305B
:10CEF000DB0704D528462146FCF724FBEDE704B008
:10CF0000BDE8F0812DE9F3471F4643680D1E064634
:10CF100090469B695CDBEA199A4259D80069FFF791
:10CF200050FF00213046FFF7A2FF0446002844D1FD
:10CF300081462FB901213046FFF799FF044640E0B2
:10CF4000B7F5807FBA4628BF4FF4807A2A4605EBB2
:10CF50000A03002D03F1FF334FEA1323B8BF05F195
:10CF6000FF02B3EB222F08D06B42DBB25FFA85FAE7
:10CF700058BFC3F1000ACAF5807A00238022062137
:10CF80003046CDE90099FFF722FF0446A8B92B46A9
:10CF9000812202213046CDE9008AFFF718FF0446BE
:10CFA00058B9012200233046FFF78FFFA7EB0A078D
:10CFB0000446D04455440028BBD001213046FFF739
:10CFC00056FF3069FFF7FBFE204602B0BDE8F08750
:10CFD0006FF01504F8E7F7B51E4643680D1E0446CA
:10CFE00017469B6914DBAA199A4211D80069FFF70A
:10CFF000E8FE2B46012203212046CDE90076FFF70B
:10D00000E6FE05462069FFF7DAFE284603B0F0BDCC
:10D010006FF01505F9E7F7B54468054694F8303028
:10D020009A0746D5076900F025FE4FF47A76A0FBF3
:10D03000060C002347F6122206FB01C1F3F7B4FAEF
:10D040003B69C31A13D4628DA68D9B1AB3420EDAC4
:10D0500047F6122740F2E7300021F61A4FF47A72B1
:10D060000023E6FB0701F3F79FFAFCF76BFA94F84D
:10D07000303013F004031CD18022AB212846CDE9C7
:10D080000033FFF7A4FEA8B994F830309B0710D501
:10D0900040F2E73147F612250E460146E48D4FF483
:10D0A0007A72E5FB046100233046F3F77DFAFCF762
:10D0B00049FA002003B0F0BD2DE9FF4104460069A4
:10D0C0004FF0FF32012100F066FD6668306800F025
:10D0D00022FD28B96FF01205284604B0BDE8F081A2
:10D0E000F06818B100F017FD0028F3D02069FFF7B1
:10D0F00068FE2046FFF78FFF002803DA2069FFF75C
:10D100005EFEE7E72046FFF7CFFE051E40F38C806A
:10D11000E80700F183802069FFF751FE2069FFF7DF
:10D1200050FE4FF00308002303AF1A469F2120460C
:10D13000CDF804800097FFF74AFE05462069FFF707
:10D140003EFE002DC6D13846424606F1240100F0CD
:10D15000A5FF0746002840F0A48096F8283073B356
:10D160002069FFF72EFE2046FFF79EFE051E21DDFB
:10D1700096F82830802225EA030506213B46204602
:10D18000CDE900778DF80B50FFF721FE034600280C
:10D19000B4D101210DF10B020092204680220191B1
:10D1A000FFF715FE0028A9D1002200232046FFF733
:10D1B0008CFE05462069FFF702FE002D8AD196F805
:10D1C00027506B1EDBB2FD2B35D92069FFF7F9FD27
:10D1D000636893F83030990774D500238022B92111
:10D1E0002046CDE90033FFF7F2FD054600286BD15C
:10D1F0006368266993F830309B0755D43046FFF7B3
:10D20000DEFD2069FFF7DDFD2046FFF704FF054640
:10D210002069FFF7D4FD05EAE5755DE700220023EC
:10D220002046FFF752FE05462069FFF7C8FD002D96
:10D23000BFF674AF4EE715F00B0F3FF44BAF20690C
:10D24000FFF7BFFD15F0080319D0012380220193D9
:10D250000DF10B030093172100238DF80B202046BE
:10D26000FFF7B5FD03462069002B7FF448AF037D2F
:10D2700043F0010303752069FFF7A1FDA5E7AA07A5
:10D2800005D400238022B721CDE90033E7E78022CF
:10D2900006212046CDE90033FFF799FD0028F0D0A4
:10D2A0002CE76FF0150517E700F0E4FC4FF47A75F2
:10D2B000A0FB050747F61222002305FB0171F3F7D7
:10D2C00073F9306120699AE72069FFF778FD002D36
:10D2D00097DA15F1860F94D0FEE6436800205B686C
:10D2E000DB680B607047436802EA01005B6821EA73
:10D2F00002015860002099607047436800205B6815
:10D3000059607047436800205B68996070474368C4
:10D310005A68136821EA03000B40506000209360B4
:10D32000704730B543681360057A446804EBC50460
:10D33000A34202D36FF0010030BD5C798C4201D072
:10D340000833F0E70020F7E7704743680020DB6B05
:10D35000C2E9003070472DE9F743BDF82880032962
:10D3600007461C464668056908F001085DD84FF07D
:10D37000010CB37F0CFA01F0012B04BF64085208C2
:10D38000002C55D0944256D22B689A4211D02B795A
:10D3900083434AD19446BCF5004F41D22A606B7159
:10D3A000326896F81EE0C2F80C35C2F804E5C2F8FF
:10D3B00008C54FF0010C6B7924FA03F39BB27A682D
:10D3C00088F0010E926A43EACE3322F811305FFAF8
:10D3D00080F9BCF1000F3AD13068C9B2F7F796FA7C
:10D3E00000280EDBB8F1000F47D0B4FA84F46409CA
:10D3F00024BB019001A8F7F7A3FA0123019A9340F7
:10D400008360297921EA0901297129B3AB7963BBCA
:10D4100010230122304606F12801F9F77BFE20E0B7
:10D420000133082B4FEA5C0CB5D16FF0150019E001
:10D43000A4462346C3E747F6FF73C0E7019001A85F
:10D44000F7F77EFA0123019A93404360D9E72B79DD
:10D4500049EA03032B71D9E77868F9F7C5FE012380
:10D46000AB71002003B0BDE8F0830023AB71304600
:10D47000F9F7F2FE0028FAD0CAE7003C18BF0124F1
:10D48000B6E743681B68D3F83031704743681B68C0
:10D49000D3F88004C3F88004704742681368D3F857
:10D4A0004C0150B10020926A12780A70C3F84C0106
:10D4B000D3F84C2101229A6270474FF0FF30704739
:10D4C00013B501AA0446FFF72CFF002805DB019BDA
:10D4D000226819791868F7F75BF902B010BD0022CD
:10D4E00001214A20F5F70EBF10B50B6813B9184695
:10D4F000136005E003685C681CB114600368186879
:10D5000010BD083303600B68013B0B60EDE713B5FA
:10D5100001AA0446FFF705FF002805DB019B2268EE
:10D5200019791868F7F734F902B010BD38B50569F4
:10D53000446895F85D302BB12046FAF70DF90023C9
:10D5400085F85D300121E06BFFF7E1FF002038BD79
:10D5500010B503680446DBB19868C8B149B1197BBE
:10D560000122F7F781FB23681869BDE8104000F03D
:10D57000CEBA12B99A88D2040AD4186900F0C7FA50
:10D5800023680022BDE81040197B9868F7F76CBB50
:10D5900010BD10B5012200210446FFF7D9FFA36991
:10D5A00033B9636004F11000BDE81040FAF74ABED9
:10D5B00010BD10B5006903688B4206D190F85C403D
:10D5C00034B9FFF7E6FF204610BD6FF01500FBE70A
:10D5D0006FF00F00F8E738B505690446296305F1D7
:10D5E0002000FAF72FFE002285F85C202069114602
:10D5F000BDE83840FFF7ACBF38B502780346002AD3
:10D6000052D10C69A26D32B9606D6FF07301BDE843
:10D610003840FFF7E0BFE06C40B1216D31B1DB680D
:10D6200023B1834202D0616E00F048FDA36CA56D6A
:10D630009BB19D4211D85B1BA3644BBB636B04F190
:10D64000480208336363A36B04F13801013BA36311
:10D6500004F13400FFF748FF6064236D9BB19D42E5
:10D6600011D85B1B2365CBB9E36B04F1500208337F
:10D67000E363236C04F14001013B236404F13C00AB
:10D68000FFF732FFE064606DBDE83840F7F7BABBE2
:10D69000636C002BE1D02B446364DEE7E36C002B6A
:10D6A000F1D02B44E364EEE738BD07B56846F9F7DF
:10D6B0005DF9DDE9000103B05DF804FB08B5FCF796
:10D6C0000DFE48B1002383F31188BFF36F8F04234D
:10D6D000184602DF6FF0040008BD8068203820F093
:10D6E0000F002038704738B515460C4661B15AB165
:10D6F000FFF764FA2146254411F8013B834203D128
:10D70000A942F9D1012038BD0020FCE738B50C460C
:10D710000123114622460546FFF70AFA00280FDBCF
:10D72000012221462846FFF7DEFF38B92378012B76
:10D7300014BF022301230020237038BD0323FAE71E
:10D740000120FAE707B501238DF8042001AAF7F7B5
:10D75000ABFE03B05DF804FB81680122203921F0A3
:10D760000F01FFF7EFBF8268203A22F00F02FFF7A8
:10D77000CDBF01460020F7F793BF004700F0C7B9BF
:10D7800070B5044608461646F8F7ACFA083034F887
:10D7900010300D46DA0509D5C3F3432304EBC30269
:10D7A0003146284654F8333052689847A3682BB165
:10D7B00031462846E268BDE87040184770BD2DE943
:10D7C000F3411746DDE90858019001A80C461E46B2
:10D7D000F8F7E0FA019B391E18BF012100EB830026
:10D7E000231E18BF0123002E43EA410314BF0C215E
:10D7F0000021002D43EA010314BF4FF470610021A2
:10D80000B8F1000F43EA010314BF4FF44031002187
:10D81000D0F880200B4322EA030304B124780FB12F
:10D820003F787F001C430EB13678B6003C438DB183
:10D83000297809023443B8F1000F03D098F800802A
:10D840004FEA0848214341EA0801C0F8801002B0BD
:10D85000BDE8F0812946EDE71FB50DF10F030193F7
:10D8600000238DF80F101A4619460093FFF7A7FF03
:10D8700005B05DF804FB10B504792046F8F712FBFB
:10D8800010B12046F8F734FB00F0010010BD2DE97F
:10D89000F04700250446884617462E464FF00109FA
:10D8A000AA46BE420CD1D4F8443133B10023C4F8A7
:10D8B0004431D4F8443145F400352846BDE8F087BA
:10D8C000F0B2F8F799FAA0F580739B0809FA03F310
:10D8D00018EA030F05D022581AB144F800A02258C4
:10D8E0001D430136DDE770B50679044630460D4626
:10D8F000F8F7FEFAB0B13046F8F7D4FA90B93046EE
:10D90000F8F7C0FA012322688340C2F8183322686E
:10D9100003B202EB8303D3F8102522F00302C3F80D
:10D92000102570BD2846BDE870400021FFF794BF68
:10D93000F8F734BCFFF7D7BFF8F7ECBA30B50124DD
:10D94000A2F58075AD08AC400C4207D0815829B1D2
:10D950000021815082581A6822431A6030BD00238A
:10D9600013B50C4601934FF4887201ABFFF7E6FF45
:10D9700021464FF48A72FFF7E1FF21464FF48E7281
:10D98000FFF7DCFF21464FF48272FFF7D7FF2146F5
:10D990004FF48472FFF7D2FF21464FF48672FFF7EF
:10D9A000CDFF4FF48C722146FFF7C8FF019802B0FB
:10D9B00010BD30B5022401250C72CA600468C4F899
:10D9C0000055096879B112F0040F0CBF8221922131
:10D9D000150748BF41F02001D406046848BF21F074
:10D9E0008001C4F80013016812F0800008BF012212
:10D9F0004FEAC30303F110030CBFCA50C81830BD6F
:10DA0000C9B2F9F799BC70B50126A2F58074A408D3
:10DA100006FA04F4054614EA010008D0A85830B10B
:10DA200000213046A950AA581A6822431A6070BDD6
:10DA300000232DE9F34104460D460193904601ABC6
:10DA40004FF48072FFF7DFFF4FF4827229462046C1
:10DA5000FFF7D9FF4FF48472074629462046FFF7A7
:10DA6000D2FF064630B1B8F1000F1DD017B13E46C7
:10DA7000D4F80C374FF4A6722946204601ABFFF7C5
:10DA8000C2FF30B1B8F1000F03D016B90FB1D4F80E
:10DA90000C374FF4B4722946204601ABFFF7B3FFB1
:10DAA000019802B0BDE8F0814646E3E770B54B7FD0
:10DAB00004460D467BB10123642643600022022107
:10DAC0002046FFF7B5FF20B90120FFF757FE013EC2
:10DAD000F4D100236B770023C4F8003570BD07B57F
:10DAE000019001A8F9F748FC0123019A9340436093
:10DAF00003B05DF804FB07B5019001A8F9F73CFC01
:10DB00000123019A9340836003B05DF804FB08B1E0
:10DB1000F6F782B8704740B1C368587810F001003A
:10DB20001EBF1878B0FA80F040097047EFF31183F8
:10DB3000202383F31288BFF36F8FFEE708B5FFF74A
:10DB4000F5FF10B54369044633B90020E268537805
:10DB500043F00103537010BD98470028F5D000280A
:10DB6000B8BF4042FF28A8BFFF20E3681870EDE768
:10DB700000F0B1BA00F0A2BA90F90E308B4201D099
:10DB8000FBF790B90020704703460020C3E900333B
:10DB9000C3E9020070473AB18A4205D3C0E90212D4
:10DBA000C0E90000002070476FF0150070470123A6
:10DBB00002688B4022EA0303036022FA01F000F0BE
:10DBC00001007047EFF30580003818BF012070474F
:10DBD0006FF057007047D0E9003213605A6000239D
:10DBE000C0E90033704738B504460D46FAF7E0FE49
:10DBF000637B43F002036373E5B1A5602B689D422C
:10DC000009D16B68C4E900531C606C6012E06A685B
:10DC10009A42F6D01B68002BF3D094F90E2093F9AA
:10DC20000E108A42F3D09142F1DD5A68C4E9003205
:10DC300014605C6038BD01211838FBF751B808B595
:10DC40000246FCF737F870B1D0E904319B1A61EB5A
:10DC5000E272B3F1004F72F1000104DA002AACBFA6
:10DC60001846002008BD6FF00040FBE708B5FCF740
:10DC700035FA08BDFCF732BA10B400F10C04C0E963
:10DC80000344002444615DF8044BF4F76FBC10B505
:10DC90000446406A10B1A16A00F029F80020C4E9E6
:10DCA000090010BD38B50546FFF7F1FF2B7F04468C
:10DCB000012B0ED0023B012B0ED82B6A012B18BF73
:10DCC0006FF096042C220021284600F004FA20462A
:10DCD00038BD2B6A002BF2E76FF09604F2E7FCF7F1
:10DCE00009BC70470020704700207047704710B58E
:10DCF000044608B1FCF79CFB2046BDE81040FCF749
:10DD000091BB0A2840DCC31C22DA10F1400F47D037
:10DD100010F13F0F2BDA10F1410F44D010F1550FE5
:10DD200044D010F1490F08BF6FF0840018BF6FF0A6
:10DD30008600704709282AD8DFE800F0052929085D
:10DD400016293829292F6FF0980070470020704756
:10DD5000C31C0D2B1BD8DFE803F0072F1A1C1A1A5F
:10DD60001A1A1A1A1D1A1A1D6FF08500704710F141
:10DD7000210F1ED00BDB10F1200F1DD010F1100F62
:10DD800008BF6FF09400D1E764380928D2D96FF04A
:10DD9000860070476FF0940070476FF08C007047FA
:10DDA0006FF0840070476FF0890070476FF0930048
:10DDB00070476FF0880070476FF09200704710B5A1
:10DDC00001380A44914200D110BD10F8013F11F80A
:10DDD000014B63400370F5E70144814200D1704775
:10DDE00011F8013D1A440A70120AF6E710B58B4289
:10DDF00094BFC4184418A04200D110BD00F8012BF4
:10DE0000F9E700231A4682B001908B4201D102B09B
:10DE100070470198C2540133F7E707B501A9FCF731
:10DE200017FC003818BF012003B05DF804FBCA04DA
:10DE300048BF41F480618B0448BF41F400618160B8
:10DE4000704730B589B0054618220C4601A800215C
:10DE500000F041F9012344EA052401A9FA200794BE
:10DE60000593FCF7A3FB002818BF6FF0920009B0E0
:10DE700030BDF7B5FA2001A9FCF7EAFB044610B162
:10DE8000002003B0F0BD019D2F0AEDB2AC4205D1D8
:10DE9000FA20FCF7C3FB0028F2D008E0E619304670
:10DEA000FCF7BCFB30B13046FFF7B7FF10B96FF09D
:10DEB0009200E6E70134E9E738B502250368044635
:10DEC0009D6000F02CF818B1236803F58053DD61E4
:10DED00038BDC0F30B03482B4B6028BF482310F418
:10DEE000003F8B6008BF0023CB6010F4803308BF75
:10DEF000C1E9013300F47003B3F5700F14BF0023C0
:10DF00008B6800284FF0010C4FF008028B60B8BFFF
:10DF10000023C1E905C2B8BFC1E9053370470369F1
:10DF2000186800F4003070470368D90444BF43F414
:10DF30008063036003689A0444BF43F40063036092
:10DF4000704737B5054600216846FCF775FF044663
:10DF500068B9302229466846FCF7C0FF10F1520F1D
:10DF6000044607D0431CF4D0684600F04FF8204622
:10DF700003B030BD684600F049F8E4E7BFF35F8FB7
:10DF80004FF0A343DA69BFF35F8FBFF35F8F1021B8
:10DF90005963BFF35F8FBFF35F8F00215963BFF3F6
:10DFA0005F8FBFF35F8FD96BBFF35F8F4906F8D4E4
:10DFB00022B1BFF35F8FDA61BFF35F8F704708B59F
:10DFC000FCF762FD30B9BFF35F8F4FF0A343986A4F
:10DFD000BFF35F8FBFF35F8F4FF0A342D36BBFF3ED
:10DFE0005F8F10F0240F03F0230304D0FFF7C6FF68
:10DFF0006FF01F0008BD4FF0FF30002BFAD1BFF3C8
:10E000005F8F1063BFF35F8F1846F3E710B5037897
:10E0100004461BB1FCF738FA00232370002010BD22
:10E02000FAF720B84FF0FF324FF0FF33F9F74ABF4D
:10E03000FDF7DEB807B54FF0FF334FF0FF32CDE903
:10E040000023002200F027F803B05DF804FB00F085
:10E050001EB800F018B810B5846E426E4B68E40725
:10E0600003EA02030BD59A420BD1012380F86C30EE
:10E070000B68036608601830FBF72EFF01E0002BE9
:10E08000F3D1002010BD4FF0FF32FCF7C1BF0A46AC
:10E090000021FCF7BDBF5200FDF70CB80139024466
:10E0A00010B5904201D1002005E0037811F8014F2E
:10E0B000A34201D0181B10BD0130F2E70A44431EF1
:10E0C000914200D1704710B511F8014B914203F80D
:10E0D000014FF9D110BD02440346934200D170476D
:10E0E00003F8011BF9E79368013B002B936010B420
:10E0F00008DA9469A34201DB0A2903D15DF8044BD5
:10E10000FDF70ABE1368581C1060084619705DF8C8
:10E11000044B7047F8B506460F461446D518AC4276
:10E1200001D1002007E03A4614F8011B3046FFF702
:10E13000DAFF431CF3D1F8BD2DE9F04F85B00C4652
:10E140009046194657EC106B002F3B46DDE90E9BBD
:10E15000BCBF07F1004332462BF0200AAFBF0023BB
:10E160001F4616462D23BAF1460F0B7005D0BAF1A3
:10E17000450F00D10134022100E0032103AB224608
:10E18000019302AB47EC106B00934B46F3F70CFA8C
:10E19000BBF1670F054619D118F0010F0ED005EB42
:10E1A00004080022002330463946F2F78DF908B101
:10E1B000CDF80C803022039B434521D3039B284696
:10E1C000109A5B1B136005B0BDE8F08FBBF1470FE1
:10E1D000E2D0BAF1460F00EB0408E2D10378302B0D
:10E1E0000AD10022002330463946F2F76DF918B9FA
:10E1F000C4F10104C9F80040D9F800309844D0E7D0
:10E20000591C03911A70D6E7F7B500290270BABFFE
:10E2100049422D232B230929437028DD0DF10703E3
:10E220000A271D461A46013BB1FBF7F607FB1614F9
:10E23000303402F8014C0C463146632CF2DC3031AC
:10E24000941E03F8011C411C2346AB420AD30DF176
:10E2500009039B1AAC4288BF002302330344181AF7
:10E2600003B0F0BD13F8016B01F8016FEDE7302347
:10E2700030318370031DC170F1E72DE9F047164678
:10E2800098468A6807460B690C46DDF82090934251
:10E29000B8BF1346336091F843200AB101333360AD
:10E2A0002368990642BF336802333360256815F04E
:10E2B000060506D104F1190AE36832689B1AAB42DD
:10E2C0002BDC94F843302268003B18BF01239206F0
:10E2D00030D404F1430241463846C847013023D0C8
:10E2E00023681A3454F80A2C03F00603042B0ABFDF
:10E2F00054F80E5C002533684FF0000608BFED1A95
:10E3000054F8123C08BF25EAE5759342C4BF9B1A36
:10E31000ED18B5421AD1002008E0012352464146CB
:10E320003846C847013003D14FF0FF30BDE8F087D1
:10E330000135C1E7E1185A1C30200233224481F82C
:10E34000430094F8451082F84310C2E701232246A7
:10E3500041463846C8470130E6D00136D9E710B506
:10E360000C46B1F90E10FEF735FA0028ABBF636D0D
:10E37000A3891B1823F48053ACBF6365A38110BD30
:10E380002DE9F0411F468B8905460C46DB051646F4
:10E3900005D502230022B1F90E10FDF79DFEA389D9
:10E3A0003246B4F90E10284623F48053A3813B462D
:10E3B000BDE8F041FDF702BD10B50C46B1F90E10F5
:10E3C000FDF78AFE431CA38915BF606523F48053C3
:10E3D00043F48053A38118BFA38110BDB1F90E107F
:10E3E000FDF76ABD0246014410B58A42134603D0C8
:10E3F0001C780132002CF8D1181A10BD2DE9F74F06
:10E40000036907460C69A342C0F28380013C00F116
:10E41000140501F11408A30055F8242008EB840921
:10E42000009305EB8403019358F8243001339A429A
:10E43000B2FBF3F631D34FF0000AC446AE46D346E2
:10E440005CF8043B98B2E1454FEA134306FB00A099
:10E450004FEA104280B206FB0323DEF8002092B29E
:10E460004FEA134AA2EB00029BB2DEF800005A44C6
:10E47000C3EB224392B203EB104342EA03424FEA5A
:10E48000234B4EF8042BDBD2009BEB582BB9019B9E
:10E49000043B9D421A4630D33C61384600F087F970
:10E4A000002826DB2946002058F8042BD1F800C0AC
:10E4B0001FFA82FEC1451FFA8CF34FEA1242A3EB0A
:10E4C0000E030344C2EB23429BB202EB1C4243EA1D
:10E4D00002434FEA224041F8043BE5D255F824209C
:10E4E00005EB840322B9043B9D421A460BD33C61E1
:10E4F0000136304603B0BDE8F08F1268043B002AB5
:10E50000CAD1013CC5E71268043B002AEFD1013CA7
:10E51000EAE70020EEE7B1F90C202DE9F0411707FA
:10E5200005460C4656D44B68002B02DC0B6C002BC6
:10E530003DDDE66A002E3AD0002312F480522F68A7
:10E54000216A2B6025D0626DA389580705D56368C1
:10E55000D21A636B0BB1236CD21A216A0023E66ACC
:10E560002846B047411C24D0002363602369236000
:10E57000A389DA0400D56065616B2F60B9B104F13D
:10E580004403994202D02846FCF784FE00236363CB
:10E590000DE001232846B047461C0246D4D12B6823
:10E5A000002BD1D01D2B01D0162B2AD12F6000209B
:10E5B0002EE02A68B4F90C3042B11D2A01D0162A87
:10E5C00021D10023636023692360D5E7626022695B
:10E5D0002260CEE70F69002FE9D093070E680F6025
:10E5E0000CBF4B690023A6EB07088B60B8F1000F46
:10E5F000DDDD43463A46216A2846A66AB047002830
:10E6000008DCB4F90C3043F040034FF0FF30A38135
:10E61000BDE8F0810744A8EB0008E7E770B5682380
:10E620004D1E0E465D4305F17401FCF77DFE044668
:10E6300040B1002105F16802C0E900160C30A0606D
:10E64000FFF749FD204670BD2DE9F8430646884690
:10E6500000F148040027D4E90195B9F1010905D575
:10E660002468002CF7D13846BDE8F883AB89012B2C
:10E6700007D9B5F90E30013303D029463046C047DB
:10E6800007436835E9E770B50C46B1F90E1096B04E
:10E69000154600291E460CDAA389002113F0800FCD
:10E6A00014BF40234FF48063002031602B6016B00C
:10E6B00070BD6A46FEF7A0F80028EDDB019901F471
:10E6C0007041A1F50053594259414FF48063EBE783
:10E6D00082B001B901A942B14BB113780B60127835
:10E6E000101E18BF012002B070471046FBE76FF004
:10E6F0000100F8E7C9B20346024410B59342184638
:10E7000001D1002003E0047801338C42F6D110BD22
:10E71000B0F5803F034636BF030400201020B3F15C
:10E72000807F3CBF1B020830B3F1805F3CBF1B0100
:10E730000430B3F1804F03D3002B0ADB0130704764
:10E740009B0001D5023070475B0001D50330704754
:10E75000202070470368024613F007000BD0D9074A
:10E7600021D4980747BF5B0801209B0802204CBFBB
:10E7700013601360704799B209B91B0C1020D9B20D
:10E7800009B908301B0A190704BF1B09043099078F
:10E7900004BF9B080230D90703D45B0800F10100D5
:10E7A00003D0136070470020704720207047034655
:10E7B0000A690069801A30B50ED11433143103EBA5
:10E7C000820401EB820154F8045D51F8042D954256
:10E7D00003D005D24FF0FF3030BDA342F3D3FBE7A7
:10E7E0000120F9E738B502FB01F52946FCF79CFD4D
:10E7F000044618B12A460021FFF76DFC204638BDBB
:10E800000346084641B1FF2A04D98A224FF0FF305F
:10E810001A60704701200A7070470000D01DFF7F0A
:10E8200001000000753B0100000000000000000036
:10E83000A4E8010085A10100000000000000000024
:10E84000E4E8010000000000C4E80100000000004E
:10E8500004E901000000000024E9010081400100FA
:10E8600000000000E152010000000000C139010079
:10E8700000000000D5A10100000000000000000021
:10E8800064E901000000000084E9010000000000CC
:10E8900044E90100BDD601000000000000000000B6
:10E8A000A4E90100B7050200ECF40100A0F20100A8
:10E8B0006C03002060080020653D0100000000009E
:10E8C000000000000507020060F501006CF2010085
:10E8D00072030020E4080020E94601000000000067
:10E8E000000000001107020078F501006CF2010041
:10E8F00074030020F0080020E94601000000000039
:10E90000000000001C07020090F501006CF20100FD
:10E9100076030020FC080020E9460100000000000A
:10E9200000000000EB07020030F60100BCF201001D
:10E930007A030020100900203D4A01000000000079
:10E9400000000000C4050200000000003CF20100CD
:10E950006E03002000000000E940010000000000FC
:10E96000000000006E070200D8F5010090F20100DF
:10E9700078030020080900209549010000000000EC
:10E9800000000000F60702009CF6010098F201006A
:10E990007C030020E8000020C54C01002DD50100BB
:10E9A00000000000DD0502000CF5010054F201003A
:10E9B00070030020CC080020B9D001000000000046
:10E9C0000000000000000000EDCB0100000000008E
:10E9D000EDCB010000000000EDCB010000000000C5
:10E9E000EDCB010000000000EDCB010000000000B5
:10E9F000EDCB010000000000EDCB010000000000A5
:10EA0000EDCB010000000000EDCB01000000000094
:10EA1000EDCB010000000000EDCB01000000000084
:10EA2000EDCB010000000000EDCB01000000000074
:10EA3000EDCB010000000000EDCB01000000000064
:10EA4000EDCB010000000000EDCB01000000000054
:10EA5000EDCB010000000000EDCB01000000000044
:10EA6000EDCB010000000000EDCB01000000000034
:10EA7000EDCB010000000000EDCB01000000000024
:10EA8000EDCB010000000000EDCB01000000000014
:10EA9000EDCB010000000000EDCB01000000000004
:10EAA000EDCB010000000000EDCB010000000000F4
:10EAB000EDCB010000000000EDCB010000000000E4
:10EAC000EDCB010000000000EDCB010000000000D4
:10EAD000EDCB010000000000EDCB010000000000C4
:10EAE000EDCB010000000000EDCB010000000000B4
:10EAF000EDCB010000000000EDCB010000000000A4
:10EB0000EDCB010000000000EDCB01000000000093
:10EB1000EDCB010000000000EDCB01000000000083
:10EB2000EDCB010000000000EDCB01000000000073
:10EB3000EDCB010000000000EDCB01000000000063
:10EB4000EDCB010000000000EDCB01000000000053
:10EB5000EDCB010000000000EDCB01000000000043
:10EB6000EDCB010000000000EDCB01000000000033
:10EB7000EDCB010000000000EDCB01000000000023
:10EB8000EDCB010000000000EDCB01000000000013
:10EB9000EDCB010000000000EDCB01000000000003
:10EBA000EDCB010000000000EDCB010000000000F3
:10EBB000EDCB010000000000EDCB010000000000E3
:10EBC000EDCB010000000000EDCB010000000000D3
:10EBD000EDCB010000000000EDCB010000000000C3
:10EBE000EDCB010000000000EDCB010000000000B3
:10EBF000EDCB010000000000EDCB010000000000A3
:10EC0000EDCB010000000000D1A9010000000000D0
:10EC1000EDCB01009D7A01007BD7010000000000D0
:10EC2000EDCB010000000000EDCB01000000000072
:10EC3000EDCB010000000000EDCB01000000000062
:10EC4000EDCB010000000000EDCB01000000000052
:10EC5000EDCB010000000000EDCB01000000000042
:10EC6000EDCB010000000000EDCB01000000000032
:10EC7000EDCB010000000000EDCB01000000000022
:10EC8000EDCB010000000000EDCB01000000000012
:10EC9000EDCB010000000000EDCB01000000000002
:10ECA000EDCB010000000000EDCB010000000000F2
:10ECB000EDCB010000000000EDCB010000000000E2
:10ECC000EDCB010000000000EDCB010000000000D2
:10ECD000EDCB010000000000EDCB010000000000C2
:10ECE000EDCB010000000000EDCB010000000000B2
:10ECF000EDCB010000000000EDCB010000000000A2
:10ED0000EDCB010000000000EDCB01000000000091
:10ED1000EDCB010000000000EDCB01000000000081
:10ED2000EDCB010000000000EDCB01000000000071
:10ED3000EDCB010000000000EDCB01000000000061
:10ED4000EDCB010000000000EDCB01000000000051
:10ED5000EDCB010000000000EDCB01000000000041
:10ED6000EDCB010000000000EDCB01000000000031
:10ED7000EDCB010000000000EDCB01000000000021
:10ED8000EDCB010000000000EDCB01000000000011
:10ED9000EDCB010000000000EDCB01000000000001
:10EDA000EDCB010000000000EDCB010000000000F1
:10EDB000EDCB010000000000EDCB010000000000E1
:10EDC000EDCB010000000000EDCB010000000000D1
:10EDD000EDCB010000000000EDCB010000000000C1
:10EDE000EDCB010000000000EDCB010000000000B1
:10EDF000EDCB010000000000EDCB010000000000A1
:10EE0000EDCB010000000000EDCB01000000000090
:10EE1000EDCB010000000000EDCB01000000000080
:10EE2000EDCB010000000000EDCB01000000000070
:10EE3000EDCB010000000000EDCB01000000000060
:10EE4000EDCB010000000000EDCB01000000000050
:10EE5000EDCB010000000000EDCB01000000000040
:10EE6000EDCB010000000000EDCB01000000000030
:10EE7000EDCB010000000000EDCB01000000000020
:10EE8000EDCB010000000000EDCB01000000000010
:10EE9000EDCB010000000000EDCB01000000000000
:10EEA000EDCB010000000000EDCB010000000000F0
:10EEB000EDCB010000000000EDCB010000000000E0
:10EEC000EDCB010000000000EDCB010000000000D0
:10EED000EDCB010000000000EDCB010000000000C0
:10EEE000EDCB010000000000EDCB010000000000B0
:10EEF000EDCB010000000000EDCB010000000000A0
:10EF0000EDCB010000000000EDCB0100000000008F
:10EF1000EDCB010000000000EDCB0100000000007F
:10EF2000EDCB010000000000EDCB0100000000006F
:10EF3000EDCB010000000000EDCB0100000000005F
:10EF4000EDCB010000000000EDCB0100000000004F
:10EF5000EDCB010000000000EDCB0100000000003F
:10EF6000EDCB010000000000EDCB0100000000002F
:10EF7000EDCB010000000000EDCB0100000000001F
:10EF8000EDCB010000000000EDCB0100000000000F
:10EF9000EDCB010000000000EDCB010000000000FF
:10EFA000EDCB010000000000EDCB010000000000EF
:10EFB000EDCB010000000000EDCB010000000000DF
:10EFC000EDCB010000000000EDCB010000000000CF
:10EFD000EDCB010000000000EDCB010000000000BF
:10EFE000EDCB010000000000EDCB010000000000AF
:10EFF000EDCB010024E9010083D4010000000000F2
:10F00000EDCB010000000000EDCB0100000000008E
:10F01000EDCB010000000000EDCB0100000000007E
:10F02000EDCB010000000000EDCB0100000000006E
:10F03000EDCB010000000000EDCB0100000000005E
:10F04000EDCB010000000000EDCB0100000000004E
:10F05000EDCB0100997201007BD701000000000098
:10F06000EDCB010000000000EDCB0100000000002E
:10F07000EDCB010000000000EDCB0100000000001E
:10F08000EDCB010000000000EDCB0100000000000E
:10F09000EDCB010000000000EDCB0100796701001D
:10F0A0007BD7010000000000EDCB01000000000054
:10F0B000EDCB010000000000EDCB010000000000DE
:10F0C000EDCB010000000000EDCB010000000000CE
:10F0D000EDCB010000000000EDCB010000000000BE
:10F0E000EDCB01005D6D01007BD701000000000049
:10F0F000EDCB010000000000EDCB0100000000009E
:10F10000EDCB010000000000EDCB0100000000008D
:10F11000EDCB010000000000EDCB0100000000007D
:10F12000EDCB010000000000EDCB0100000000006D
:10F13000EDCB010000000000EDCB0100000000005D
:10F14000EDCB010000000000EDCB0100000000004D
:10F15000EDCB010000000000EDCB0100000000003D
:10F16000EDCB010000000000EDCB0100000000002D
:10F17000EDCB010000000000EDCB0100000000001D
:10F18000EDCB010000000000EDCB0100000000000D
:10F19000EDCB010000000000EDCB010000000000FD
:10F1A000EDCB010000000000EDCB010000000000ED
:10F1B000EDCB010000000000EDCB010000000000DD
:10F1C000EDCB010000000000EDCB010000000000CD
:10F1D000EDCB010000000000EDCB010000000000BD
:10F1E000EDCB010000000000EDCB0100095C010047
:10F1F0007BD7010000000000EDCB01000000000003
:10F20000EDCB010000000000EDCB0100000000008C
:10F21000EDCB010000000000EDCB0100000000007C
:10F22000EDCB010000000000EDCB0100896701007B
:10F230007BD7010000000000EDCB01006BCD010089
:10F2400095CD01008DCD0100D14001005DCD0100C3
:10F25000D9400100D7CF010005CF01009541010041
:10F260008D410100B3CD0100A7CD0100C9440100CB
:10F27000DBD20100E7D20100FBD2010005D301007F
:10F280000FD30100A1430100AD42010000000000C6
:10F2900057D301004BD30100D54E0100B3D5010077
:10F2A000C13D010057CD01002BCD01000000000041
:10F2B000893C010000000000000000009BD4010018
:10F2C000614B01008DD40100FFFFFFFFFFFFFFFF37
:10F2D00000A0105000820D500004055005000000F1
:10F2E0000400000001000000000000000000000019
:10F2F0000338FDD870470000000000000000000047
:10F300000338FDD8704700000080E03779C34143DF
:10F31000176E05B5B5B89346F5F93FE9034F384D7B
:10F32000321D30F94877825A3CBF737FDD4F157527
:10F33000000000000000F03F00000000000024403A
:10F3400000000000000059400000000000408F4015
:10F35000000000000088C34000000000006AF84080
:10F360000000000080842E4100000000D0126341A4
:10F370000000000084D797410000000065CDCD411A
:10F38000000000205FA00242000000E876483742FB
:10F39000000000A2941A6D42000040E59C30A24299
:10F3A0000000901EC4BCD64200003426F56B0C430E
:10F3B0000080E03779C3414300A0D88557347643B5
:10F3C00000C84E676DC1AB43003D9160E458E14316
:10F3D000408CB5781DAF154450EFE2D6E41A4B448B
:10F3E00092D54D06CFF08044F64AE1C7022DB544D0
:10F3F000B49DD9794378EA440B0000000000000076
:10F400000000000000F0000044E9010001000000DD
:10F4100000F000000008000044E9010002000000C4
:10F4200000F000000060040044E901000300000057
:10F4300000F800000058040044E901000400000046
:10F4400000F800000058040044E901000500000035
:10F45000005005000090010044E901000600000092
:10F46000005005000008000044E90100070000000A
:10F47000005805000088010044E901000800000070
:10F4800000E006000070000044E9010009000000EF
:10F49000005007000070000044E901000A0000006D
:10F4A00000C007000010000044E9010040000020F7
:10F4B000000000000600010002000000C0F401008E
:10F4C00000000000D703020002000000E0CF0700A8
:10F4D00000000020DF03020021000000E07F012087
:10F4E0004D3C01003D3D010000000000D13E010007
:10F4F000F53D010045CD01004BCD0100100000009D
:10F5000001FF00007D0000000010000084E9010000
:10F5100000127A000001000004E90100050001006A
:10F5200000000000000080008000000000000100DA
:10F53000C2281700000001000000010002000000C6
:10F540000100000000FF000000A0105000820D50DC
:10F55000000405507F000000FFFF0100FF070000CE
:10F560001F00000000A0105000000000000000007C
:10F5700000C0105001000000FFFF000000820D508D
:10F58000000000000100000000A00D50000000007D
:10F59000FF0700000004055000000000020000000A
:10F5A000000000000000000000A0105000820D507C
:10F5B000000405507F000000FFFF0100FF0700006E
:10F5C00000A0105000820D50000405507F00000084
:10F5D000FFFF0100FF07000000200D5000000000A9
:10F5E000000000000000000000000000000000001B
:10F5F0000000000000040000E80302010101000017
:10F60000A81000200400000000000000000000001E
:10F6100018F601000024F40000200D5024F601002B
:10F62000010000002CF60100010000002A00001675
:10F6300000600C50000000000000000060F60100B7
:10F6400000C201000000D6010000000000000040E0
:10F6500000000000B3100020B210002001010000E3
:10F6600000600C506CF601000100000074F601000F
:10F67000040000002400000026000002250600010E
:10F680002706000300A0105000820D500004055012
:10F690007F000000FFFF0100FF07000000A00450F2
:10F6A000000000000048E801000000000000000029
:10F6B00000000000FFFFFFFF0000FF00000000004F
:10F6C00000000000FFFFFFFF01000001010000003B
:10F6D000DFD40100FFFF0000ECF60100FFFFFFFF99
:10F6E00000000000000000000000000000A0045026
:10F6F000F8F601000100000000F70100030000001F
:10F7000041000004420000054400000604E9010035
:10F710000500010000A0105000820D5000040550AB
:10F720007F000000FFFF0100FF0700000200000053
:10F730000500000000A0105000820D50000405508C
:10F740007F000000FFFF0100FF070000080000002D
:10F7500002000000040000000100000000A01050A2
:10F7600000820D50000405507F000000FFFF0100E3
:10F77000FF07000000A0105000820D50000405504B
:10F780007F000000FFFF0100FF07000024E80100E8
:10F7900024E8010064E801006CE80100A4E801002D
:10F7A000A4E80100751A0200000100000001000039
:10F7B00000020000001400000028000000400000CB
:10F7C0000100000002000000A00100200000000075
:10F7D0000000000000000000000000000000000029
:10F7E0000000000000000000000000000000000019
:10F7F0000000000000000000000000000000000009
:10F8000000000000000000000000000000000000F8
:10F8100000000000000000000000000000000000E8
:10F8200000000000000000000000000005000000D3
:10F83000190000007D00000010002DE15D29410B42
:10F840008D77679C110F1F8A574553545F544F5053
:10F850004449522F7A65706879722F696E636C75AE
:10F8600064652F7A65706879722F64726976657243
:10F87000732F6770696F2E680028666C616773204C
:10F88000262028283155203C3C20323129207C205C
:10F89000283155203C3C20323229207C202831550B
:10F8A000203C3C20323329207C20283155203C3C10
:10F8B00020323429207C20283155203C3C20323510
:10F8C00029207C20283155203C3C2032362929290A
:10F8D000203D3D203000415353455254494F4E2066
:10F8E0004641494C205B25735D20402025733A2515
:10F8F000640A0009496E7465727275707420666CD2
:10F9000061677320617265206E6F7420737570700B
:10F910006F727465640A0028666C61677320262024
:10F92000282831203C3C203429207C202831203CD0
:10F930003C203529292920213D20282831203C3C04
:10F94000203429207C202831203C3C2035292900E6
:10F950000950756C6C20557020616E642050756C78
:10F960006C20446F776E2073686F756C64206E6FC7
:10F970007420626520656E61626C65642073696DD8
:10F98000756C74616E656F75736C790A0021282837
:10F99000666C616773202620283155203C3C20315D
:10F9A000362929202626202128666C6167732026A7
:10F9B00020283155203C3C2031372929202626207B
:10F9C00028666C6167732026202831203C3C20315A
:10F9D0002929290009496E7075742063616E6E6F64
:10F9E0007420626520656E61626C656420666F726A
:10F9F00020274F70656E20447261696E272C202786
:10FA00004F70656E20536F7572636527206D6F644C
:10FA1000657320776974686F7574204F757470759D
:10FA2000740A0028666C6167732026202831203C08
:10FA30003C2031292920213D2030207C7C20286653
:10FA40006C6167732026202831203C3C2032292914
:10FA5000203D3D20300028666C61677320262028F9
:10FA6000283155203C3C20313829207C2028315534
:10FA7000203C3C203139292929203D3D2030207C63
:10FA80007C2028666C616773202620283155203C35
:10FA90003C203137292920213D203000094F757441
:10FAA000707574206E6565647320746F20626520C4
:10FAB000656E61626C656420746F20626520696E9A
:10FAC000697469616C697A6564206C6F77206F7204
:10FAD00020686967680A0028666C616773202620C1
:10FAE00028283155203C3C20313829207C202831E1
:10FAF00055203C3C20313929292920213D20282826
:10FB00003155203C3C20313829207C20283155209B
:10FB10003C3C203139292900094F757470757420D7
:10FB200063616E6E6F7420626520696E69746961CD
:10FB30006C697A6564206C6F7720616E64206869F7
:10FB400067680A00286366672D3E706F72745F7085
:10FB5000696E5F6D61736B202620286770696F5F27
:10FB6000706F72745F70696E735F74292831554CC1
:10FB7000203C3C202870696E29292920213D203015
:10FB8000550009556E737570706F727465642070DE
:10FB9000696E0A00312E302E300056657273696F1F
:10FBA0006E3A257309427574746F6E2070726573B6
:10FBB0007365642061742025750A004572726F7246
:10FBC0003A20627574746F6E20646576696365208F
:10FBD0002573206973206E6F742072656164790AE1
:10FBE000004572726F722025643A206661696C6507
:10FBF0006420746F20636F6E666967757265202577
:10FC0000732070696E2025640A004572726F72203D
:10FC100025643A206661696C656420746F20636FA7
:10FC20006E66696775726520696E7465727275704B
:10FC300074206F6E2025732070696E2025640A0081
:10FC400053657420757020627574746F6E206174D2
:10FC50002025732070696E2025640A004572726F3A
:10FC6000722025643A204C454420646576696365BA
:10FC7000202573206973206E6F742072656164792A
:10FC80003B2069676E6F72696E672069740A004570
:10FC900072726F722025643A206661696C65642017
:10FCA000746F20636F6E666967757265204C45449A
:10FCB000206465766963652025732070696E202550
:10FCC000640A00536574207570204C4544206174AB
:10FCD0002025732070696E2025640A0050726573B8
:10FCE000732074686520627574746F6E0A00737493
:10FCF0006172742064656C746120757067726164F0
:10FD00006520746F2076657273696F6E202573218C
:10FD10002121206465766963652077696C6C2065B4
:10FD20006E746572206D6375626F6F742C20706CD9
:10FD30006561736520776169742E2E2E2E2E2E201C
:10FD40000D0A005B6572723D25645D2D2D2D666C7C
:10FD500061736820696D6167655F6F6B20666C61B8
:10FD600067206661696C65642121210D0A00574591
:10FD700053545F544F504449522F7A6570687972DA
:10FD80002F6C69622F686561702F686561702E63E2
:10FD9000006368756E6B5F7573656428682C2063FB
:10FDA000290009756E6578706563746564206865FF
:10FDB00061702073746174652028646F75626C656E
:10FDC0002D667265653F2920666F72206D656D6FC7
:10FDD00072792061742025700A006C6566745F6317
:10FDE00068756E6B28682C2072696768745F636839
:10FDF000756E6B28682C20632929203D3D20630007
:10FE000009636F7272757074656420686561702033
:10FE1000626F756E64732028627566666572206F06
:10FE2000766572666C6F773F2920666F72206D650C
:10FE30006D6F72792061742025700A006279746593
:10FE400073203E20686561705F666F6F7465725FD6
:10FE5000627974657328627974657329000968652D
:10FE600061702073697A6520697320746F6F2073E5
:10FE70006D616C6C0A00686561705F737A203E206A
:10FE80006368756E6B737A2873697A656F66287319
:10FE90007472756374207A5F6865617029290063E4
:10FEA00068756E6B305F73697A65202B206D696EA3
:10FEB0005F6368756E6B5F73697A65286829203C9B
:10FEC0003D20686561705F737A00286E696C290057
:10FED000574553545F544F504449522F7A657068C8
:10FEE00079722F6C69622F7574696C732F6F6E6FE6
:10FEF00066662E63007374617465203D3D20305545
:10FF000000217379735F736C6973745F69735F65E4
:10FF10006D70747928266D67722D3E636C69656E0D
:10FF2000747329007472616E73697420213D2028F6
:10FF300028766F6964202A293029007374617465FA
:10FF4000203D3D202831554C203C3C20283129299A
:10FF5000006D67722D3E72656673203D3D20300056
:10FF60007374617465203D3D202831554C203C3C24
:10FF7000202830292900574553545F544F50444995
:10FF8000522F7A65706879722F696E636C7564653B
:10FF90002F7A65706879722F7370696E6C6F636BFE
:10FFA0002E68007A5F7370696E5F756E6C6F636B3D
:10FFB0005F76616C6964286C2900094E6F74206D4E
:10FFC00079207370696E6C6F636B2025700A007AFC
:10FFD0005F7370696E5F6C6F636B5F76616C696491
:10FFE000286C290009496E76616C69642073706918
:10FFF0006E6C6F636B2025700A00574553545F5435
:020000040002F8
:100000004F504449522F7A65706879722F6C69623B
:100010002F7574696C732F6E6F746966792E630027
:100020002A2A2A20426F6F74696E67206E5246201A
:10003000436F6E6E6563742053444B2076332E31CC
:100040002E302D36633665356233323439366520CD
:100050002A2A2A0A002A2A2A205573696E67205AFA
:100060006570687972204F532076342E312E3939DD
:100070002D313631323638336434303130202A2A4B
:100080002A0A00574553545F544F504449522F7A1F
:1000900065706879722F617263682F61726D2F636A
:1000A0006F72652F636F727465785F6D2F6661750F
:1000B0006C742E6300212828285343425F547970C2
:1000C00065202A29202828307845303030453030C6
:1000D00030554C29202B20307830443030554C2975
:1000E00020292D3E434653522026202831554C20AE
:1000F0003C3C20283055202B203455292929000943
:10010000537461636B696E67206F72204461746120
:10011000204163636573732056696F6C6174696F06
:100120006E206572726F7220776974686F757420C3
:10013000737461636B2067756172642C20757365DD
:10014000722D6D6F6465206F72206E756C6C2D70F2
:100150006F696E74657220646574656374696F6E2F
:100160000A0A0065736620213D202828766F69649D
:10017000202A293029000945534620636F756C6495
:10018000206E6F7420626520726574726965766591
:1001900064207375636365737366756C6C792E2068
:1001A0005368616C6C206E65766572206F63637551
:1001B000722E0A00094661756C7420657363616C68
:1001C0006174696F6E20776974686F757420465327
:1001D0005220696E666F0A00094861726446617553
:1001E0006C7420776974686F757420484653522088
:1001F000696E666F205368616C6C206E65766572FF
:10020000206F636375720A00574553545F544F5013
:100210004449522F7A65706879722F617263682F32
:1002200061726D2F636F72652F636F727465785F93
:100230006D2F6972715F6D616E6167652E6300700D
:1002400072696F203C3D20282831554C203C3C20D1
:1002500028332929202D2031290009696E76616C07
:100260006964207072696F726974792025642066F0
:100270006F7220256420697271212076616C75652A
:1002800073206D757374206265206C6573732074C0
:1002900068616E20256C750A0A00574553545F54F7
:1002A0004F504449522F7A65706879722F6172639A
:1002B000682F61726D2F636F72652F6D70752F617E
:1002C000726D5F6D70752E630009436F6E666967AE
:1002D0007572696E67202575207374617469632077
:1002E0004D505520726567696F6E73206661696C49
:1002F00065640A0A00094D61726B696E6720257595
:1003000020617265617320666F722064796E616D21
:10031000696320726567696F6E73206661696C65D9
:10032000640A0A00095265717565737420746F2040
:10033000636F6E6669677572653A20257520726510
:1003400067696F6E732028737570706F727465645F
:100350003A202575290A0A002128726567696F6E9F
:100360005B6964785D2E64745F617474722026200A
:100370002831554C203C3C2028302929290009529D
:10038000414D5F4E4F434143484520776974682093
:1003900044545F4D454D5F434143484541424C45C0
:1003A000206174747269627574650A0A0009466195
:1003B000696C656420746F20616C6C6F6361746537
:1003C000204D505520726567696F6E732066726F9D
:1003D0006D2044540A0A00464C4153485F30005394
:1003E00052414D5F3000574553545F544F5044497C
:1003F000522F7A65706879722F6C69622F6C69620E
:10040000632F6E65776C69622F6C6962632D686F0C
:100410006F6B732E63002828282873697A655F74D0
:10042000292839362929203C3C20313029202D200B
:1004300028282875696E747074725F7429202826C4
:100440005F656E642929202D2030783230303030BD
:100450003030302929203E3D203230343800096DBB
:10046000656D6F7279207370616365206176616973
:100470006C61626C6520666F72206E65776C696274
:100480002068656170206973206C657373207468DF
:10049000616E20746865206D696E696D756D20727E
:1004A000657175697265642073697A65207370651A
:1004B00063696669656420627920434F4E46494707
:1004C0005F4E45574C49425F4C4942435F4D494E50
:1004D0005F52455155495245445F484541505F532D
:1004E000495A450A002A6C6F636B20213D20282859
:1004F000766F6964202A29302900096E6F6E2D728B
:100500006563757273697665206C6F636B20616CCF
:100510006C6F636174696F6E206661696C65640AF3
:100520000009726563757273697665206C6F636B21
:1005300020616C6C6F636174696F6E206661696CB9
:1005400065640A0061626F727428290A0057455376
:10055000545F544F504449522F7A65706879722F16
:10056000647269766572732F636C6F636B5F636F20
:100570006E74726F6C2F636C6F636B5F636F6E74FE
:10058000726F6C5F6E72662E630074797065203CCA
:1005900020434C4F434B5F434F4E54524F4C5F4EA2
:1005A00052465F545950455F434F554E5400657253
:1005B00072203E3D203000636C6F636B40313065CC
:1005C000303030007272616D2D636F6E74726F6CBB
:1005D0006C6572403530303462303030006D7832C6
:1005E00035723634333566403000D810200C0000A8
:1005F0000000574553545F544F504449522F7A6579
:10060000706879722F696E636C7564652F7A657096
:100610006879722F647269766572732F6770696F7B
:100620002F6770696F5F7574696C732E6800636102
:100630006C6C6261636B00094E6F2063616C6C626D
:1006400061636B210A0063616C6C6261636B2D3EB8
:1006500068616E646C657200094E6F2063616C6C3A
:100660006261636B2068616E646C6572210A005779
:100670004553545F544F504449522F6D6F64756C0D
:1006800065732F68616C2F6E6F726469632F6E7271
:1006900066782F68616C2F6E72665F6770696F2E67
:1006A00068006E72665F6770696F5F70696E5F7019
:1006B000726573656E745F636865636B282A705F2B
:1006C00070696E2900574553545F544F5044495246
:1006D0002F7A65706879722F647269766572732FEC
:1006E0006770696F2F6770696F5F6E7266782E63CF
:1006F00000657272203D3D204E5246585F5355436F
:1007000043455353006770696F403130613030307A
:10071000006770696F406438323030006770696F0D
:100720004035303430300000010405020608090F5E
:10073000574553545F544F504449522F6D6F647561
:100740006C65732F68616C2F6E6F726469632F6EB6
:100750007266782F68616C2F6E72665F70776D2E8F
:1007600068006368616E6E656C203C2034007077B1
:100770006D40643230303000574553545F544F5011
:100780004449522F7A65706879722F647269766570
:1007900072732F73657269616C2F756172745F6E0D
:1007A0007266785F75617274652E6300094E5246F9
:1007B0005F5359535F4556454E54206E65656473CB
:1007C00020746F20626520656E61626C65642074C0
:1007D0006F207573652063726F737320646F6D6132
:1007E000696E2070696E732E0A0A0075617274401A
:1007F000633630303000737069403461303030001F
:10080000574553545F544F504449522F7A6570688E
:1008100079722F647269766572732F74696D65726F
:100820002F6E72665F677274635F74696D65722E96
:1008300063002828282831554C203C3C20283029AA
:1008400029207C202831554C203C3C202831292966
:10085000207C202831554C203C3C2028322929205E
:100860007C202831554C203C3C2028332929207CF1
:10087000202831554C203C3C2028342929207C203C
:100880002831554C203C3C2028352929207C202823
:1008900031554C203C3C2028362929207C20283109
:1008A000554C203C3C2028372929207C20283155D4
:1008B0004C203C3C2028382929207C202831554CCC
:1008C000203C3C2028392929207C202831554C20E7
:1008D0003C3C202831302929207C202831554C20CF
:1008E0003C3C202831312929292026207E28283106
:1008F000554C203C3C2028332929207C2028315588
:100900004C203C3C2028342929207C202831554C7F
:10091000203C3C2028372929207C202831554C2098
:100920003C3C2028382929207C202831554C203C6B
:100930003C2028392929207C202831554C203C3C5A
:10094000202831302929207C202831554C203C3C5E
:1009500020283131292929292026202831554C20C9
:100960003C3C20286368616E2929292026262028FE
:10097000286368616E2920213D2073797374656D49
:100980005F636C6F636B5F6368616E6E656C5F6401
:100990006174612E6368616E6E656C290057455302
:1009A000545F544F504449522F626F6F746C6F61A3
:1009B0006465722F6D6375626F6F742F626F6F74F1
:1009C0002F626F6F747574696C2F7372632F626F0F
:1009D0006F747574696C5F7075626C69632E630007
:1009E00028696D6167655F6E756D29203C203078E0
:1009F000460028737761705F7479706529203C2008
:100A000030784600626F6F745F7365745F6E6578EF
:100A10007400626F6F745F77726974655F7377617A
:100A2000705F696E666F00626F6F745F7772697472
:100A3000655F747261696C657200574553545F5409
:100A40004F504449522F6D6F64756C65732F686108
:100A50006C2F6E6F726469632F6E7266782F64728A
:100A600069766572732F7372632F6E7266785F6337
:100A70006C6F636B2E6300574553545F544F504463
:100A800049522F6D6F64756C65732F68616C2F6EA2
:100A90006F726469632F6E7266782F68616C2F6E57
:100AA00072665F636C6F636B2E68006D5F636C6F63
:100AB000636B5F63622E6D6F64756C655F696E69F1
:100AC0007469616C697A656400574553545F544F8B
:100AD000504449522F6D6F64756C65732F68616C5B
:100AE0002F6E6F726469632F6E7266782F68616C07
:100AF0002F6E72665F6770696F74652E6800696E2D
:100B0000646578203C203800574553545F544F505B
:100B10004449522F6D6F64756C65732F68616C2F3B
:100B20006E6F726469632F6E7266782F6472697675
:100B30006572732F7372632F6E7266785F67706968
:100B40006F74652E63006E7266795F6770696F5FA0
:100B500070696E5F70726573656E745F63686563FC
:100B60006B2870696E290070696E5F69735F696ECA
:100B700070757428705F696E7374616E63652C2084
:100B800070696E290070696E5F6861735F74726965
:100B90006767657228705F696E7374616E63652C38
:100BA0002070696E2900705F6368616E6E656C000D
:100BB000696E745F656E61626C65000007182323BF
:100BC0002323232323232323232323000102574505
:100BD00053545F544F504449522F6D6F64756C6588
:100BE000732F68616C2F6E6F726469632F6E72660B
:100BF000782F68616C2F6E72665F677274632E68FF
:100C00000076616C7565203C3D202828307846468A
:100C10004646554C203C3C202830554C2929203E46
:100C20003E202830554C29290076616C7565203CA2
:100C30003D20282830784646554C203C3C20283022
:100C4000554C2929203E3E202830554C2929006347
:100C5000635F6368616E6E656C203C20283132559D
:100C60004C2900574553545F544F504449522F6DFF
:100C70006F64756C65732F68616C2F6E6F72646939
:100C8000632F6E7266782F647269766572732F7344
:100C900072632F6E7266785F677274632E63007082
:100CA0005F6368616E5F646174610063635F6820A5
:100CB0003C3D202830784646464646554C203C3C34
:100CC000202830554C2929006D5F63622E737461B2
:100CD0007465203D3D204E5246585F4452565F5346
:100CE000544154455F494E495449414C495A454441
:100CF00000705F636F756E74657200705F6D61691F
:100D00006E5F63635F6368616E6E656C006D5F63E9
:100D1000622E6368616E6E656C5F646174615B30E6
:100D20005D2E6368616E6E656C203D3D2030006D08
:100D30005F63622E737461746520213D204E5246BC
:100D4000585F4452565F53544154455F554E494E87
:100D5000495449414C495A4544006D5F63622E63D2
:100D600068616E6E656C5F646174615B695D2E6362
:100D700068616E6E656C203D3D2069647800705F2F
:100D800073657120213D202828766F6964202A2907
:100D9000302900705F76616C75657320213D2028D5
:100DA00028766F6964202A293029006C656E677483
:100DB0006820213D2030006C656E677468202A2011
:100DC00073697A656F662875696E7431365F742948
:100DD000203C3D2028307837464646554C203C3C48
:100DE000202830554C292900726566726573682089
:100DF0003C3D20283078464646464646554C203CE9
:100E00003C202830554C292900656E645F64656C70
:100E10006179203C3D202830784646464646465576
:100E20004C203C3C202830554C292900746F705FC1
:100E300076616C7565203C3D202830783746464603
:100E4000554C203C3C202830554C2929005745530F
:100E5000545F544F504449522F6D6F64756C6573E5
:100E60002F68616C2F6E6F726469632F6E72667883
:100E70002F647269766572732F7372632F6E726658
:100E8000785F70776D2E6300705F636F6E66696761
:100E900000705F63622D3E737461746520213D2094
:100EA0004E5246585F4452565F53544154455F5525
:100EB0004E494E495449414C495A454400706C6171
:100EC000796261636B5F636F756E74203E203000E2
:100ED0006E7266785F69735F696E5F72616D2870AC
:100EE0005F73657175656E63652D3E76616C7565C2
:100EF000732E705F72617729006D5F63625B705F54
:100F0000696E7374616E63652D3E696E7374616E94
:100F100063655F69645D2E737461746520213D2093
:100F20004E5246585F4452565F53544154455F55A4
:100F30004E494E495449414C495A4544005745533E
:100F4000545F544F504449522F6D6F64756C6573F4
:100F50002F68616C2F6E6F726469632F6E72667892
:100F60002F68616C2F6E72665F7272616D632E689E
:100F700000705F636F6E6669672D3E777269746596
:100F80005F627566665F73697A65203C3D20283034
:100F9000783230554C2900574553545F544F5044D4
:100FA00049522F6D6F64756C65732F68616C2F6E7D
:100FB0006F726469632F6E7266782F68616C2F6E32
:100FC00072665F7370696D2E68007072657363611D
:100FD0006C6572203E3D20282028705F7265672076
:100FE0003D3D2028284E52465F5350494D5F54796D
:100FF00070652A2920307835303034413030305512
:101000004C2929203F20283429203A2028307830C4
:1010100032554C2929007072657363616C657220CA
:101020003C3D20282028705F726567203D3D2028C8
:10103000284E52465F5350494D5F547970652A29B6
:101040002030783530303441303030554C2929202B
:101050003F202831323629203A202830783745552C
:101060004C2929002828287072657363616C6572A9
:10107000292025203229203D3D2030290057455385
:10108000545F544F504449522F6D6F64756C6573B3
:101090002F68616C2F6E6F726469632F6E72667851
:1010A0002F647269766572732F7372632F6E726626
:1010B000785F7370696D2E6300705F786665725F2C
:1010C000646573632D3E705F74785F6275666665F4
:1010D0007220213D202828766F6964202A29302932
:1010E000207C7C20705F786665725F646573632D19
:1010F0003E74785F6C656E677468203D3D203000FB
:10110000705F786665725F646573632D3E705F72B1
:10111000785F62756666657220213D202828766FAB
:101120006964202A293029207C7C20705F786665DC
:10113000725F646573632D3E72785F6C656E677471
:1011400068203D3D2030002828705F786665725F1A
:10115000646573632D3E72785F6C656E677468209A
:101160003C202831554C203C3C2028656173796433
:101170006D615F737570706F72745F626974735BB9
:10118000705F696E7374616E63652D3E6472765F25
:10119000696E73745F6964785D2929292026262089
:1011A00028705F786665725F646573632D3E74783E
:1011B0005F6C656E677468203C202831554C203C7C
:1011C0003C202865617379646D615F737570706F21
:1011D00072745F626974735B705F696E7374616E61
:1011E00063652D3E6472765F696E73745F696478BF
:1011F0005D29292929002128666C61677320262032
:101200002831554C203C3C20332929207C7C202847
:10121000705F63622D3E73735F70696E203D3D2089
:10122000307846464646464646462900705F636229
:101230002D3E68616E646C657200574553545F546F
:101240004F504449522F7A65706879722F6B6572DE
:101250006E656C2F6465766963652E6300646576E0
:10126000203C3D205F6465766963655F6C697374DB
:101270005F656E640009756E65787065637465649A
:10128000206C69737420656E64206C6F636174698F
:101290006F6E0A00574553545F544F504449522FC4
:1012A0007A65706879722F6B65726E656C2F6661F6
:1012B00074616C2E6300726561736F6E20213D2036
:1012C0004B5F4552525F4B45524E454C5F50414E2D
:1012D00049430009417474656D7074656420746FCE
:1012E000207265636F7665722066726F6D20612073
:1012F0006B65726E656C2070616E696320636F6EE2
:10130000646974696F6E0A00574553545F544F50B7
:101310004449522F7A65706879722F6B65726E65D9
:101320006C2F696E69742E63007468726561645F06
:1013300064617461203C3D205F5F73746174696314
:101340005F7468726561645F646174615F6C697326
:10135000745F656E64006D61696E00574553545F3C
:10136000544F504449522F7A65706879722F6B65DB
:10137000726E656C2F69646C652E63005F6B6572BD
:101380006E656C2E637075735B305D2E6375727263
:10139000656E742D3E626173652E7072696F203EBA
:1013A0003D203000574553545F544F504449522F0D
:1013B0007A65706879722F6B65726E656C2F6D75CA
:1013C0007465782E630021617263685F69735F6979
:1013D0006E5F697372282900096D7574657865738D
:1013E0002063616E6E6F7420626520757365642082
:1013F000696E7369646520495352730A006D757490
:1014000065782D3E6C6F636B5F636F756E74203E05
:1014100020305500574553545F544F504449522F84
:101420007A65706879722F6B65726E656C2F696E64
:10143000636C7564652F6B73636865642E68002147
:10144000617263685F6972715F756E6C6F636B6503
:1014500064286B65792900090A0074687265616403
:101460002D3E626173652E70656E6465645F6F6E9C
:1014700000574553545F544F504449522F7A65707A
:101480006879722F6B65726E656C2F73656D2E6354
:10149000002828617263685F69735F696E5F6973B2
:1014A000722829203D3D203029207C7C202828746A
:1014B000696D656F7574292E7469636B73203D3D8A
:1014C000202828286B5F74696D656F75745F7429B7
:1014D000207B307D29292E7469636B73292900577D
:1014E0004553545F544F504449522F7A6570687980
:1014F000722F6B65726E656C2F776F726B2E630047
:1015000068616E646C657220213D202828766F69C1
:1015100064202A2930290021666C61675F74657335
:1015200074282671756575652D3E666C6167732C30
:10153000204B5F574F524B5F51554555455F5354B4
:1015400041525445445F424954290071756575659F
:1015500000737461636B00574553545F544F50449C
:1015600049522F7A65706879722F6B65726E656C5F
:101570002F7468726561642E6300282828287072B1
:10158000696F2929203D3D203135202626207A5FAC
:1015900069735F69646C655F7468726561645F65D7
:1015A0006E7472792828656E747279292929207CD5
:1015B0007C202828283135202D203129203E3D202F
:1015C00028282D31362929292026262028287072FE
:1015D000696F2929203E3D2028282D3136292920D0
:1015E00026262028287072696F2929203C3D202852
:1015F0003135202D20312929290009696E76616C49
:101600006964207072696F72697479202825642971
:101610003B20616C6C6F7765642072616E67653A20
:1016200020256420746F2025640A000954687265BF
:10163000616473206D6179206E6F74206265206330
:1016400072656174656420696E20495352730A00A3
:10165000574553545F544F504449522F7A65706830
:1016600079722F6B65726E656C2F73636865642E7B
:101670006300217A5F69735F69646C655F74687287
:101680006561645F6F626A6563742874687265611E
:10169000642900574553545F544F504449522F7AA0
:1016A00065706879722F6B65726E656C2F696E63F9
:1016B0006C7564652F6B7468726561642E68005F79
:1016C0006B65726E656C2E637075735B305D2E6337
:1016D000757272656E7420213D202828766F6964CA
:1016E000202A2930290073697A656F66285F736341
:1016F0006865645F7370696E6C6F636B29203D3D34
:101700002030207C7C206C6F636B20213D20265F85
:1017100073636865645F7370696E6C6F636B005FA1
:101720006B65726E656C2E637075735B305D2E63D6
:10173000757272656E742D3E626173652E73636897
:1017400065645F6C6F636B656420213D20315500DB
:101750005F6B65726E656C2E637075735B305D2EAA
:1017600063757272656E742D3E626173652E73636C
:101770006865645F6C6F636B656420213D20305544
:1017800000217465726D696E617465000961626F34
:1017900072746564205F63757272656E7420626135
:1017A000636B2066726F6D20646561640A00216559
:1017B0007373656E7469616C000961626F72746540
:1017C0006420657373656E7469616C2074687265FA
:1017D00061642025700A00574553545F544F5044AC
:1017E00049522F7A65706879722F6B65726E656CDD
:1017F0002F74696D65736C6963696E672E63002869
:101800002874696D656F757429202626202828752F
:10181000696E747074725F74292028736C696365D3
:101820005F74696D656F7574732929203C3D2028AC
:101830002875696E747074725F7429202874696DDC
:10184000656F7574292920262620282875696E74ED
:101850007074725F7429202874696D656F757429BE
:1018600029203C20282875696E747074725F742971
:1018700020282628736C6963655F74696D656F75D0
:101880007473295B282873697A655F742920282876
:1018900028696E74292073697A656F6628636861A8
:1018A000725B31202D2032202A202128215F5F62A7
:1018B00075696C74696E5F74797065735F636F6D61
:1018C00070617469626C655F70285F5F74797065C0
:1018D0006F665F5F28736C6963655F74696D656FC0
:1018E000757473292C205F5F747970656F665F5F14
:1018F000282628736C6963655F74696D656F7574FC
:1019000073295B305D2929295D29202D203129206B
:101910002B202873697A656F6628736C6963655F2D
:1019200074696D656F75747329202F2073697A65EA
:101930006F662828736C6963655F74696D656F7580
:101940007473295B305D292929295D2929202626E0
:101950002028282875696E747074725F7429202895
:1019600074696D656F75742929202D202828756983
:101970006E747074725F74292028736C6963655F7C
:1019800074696D656F757473292929202520736921
:101990007A656F662828736C6963655F74696D6525
:1019A0006F757473295B305D29203D3D203029001F
:1019B000574553545F544F504449522F7A657068CD
:1019C00079722F6B65726E656C2F74696D656F75BA
:1019D000742E6300217379735F646E6F64655F6951
:1019E000735F6C696E6B65642826746F2D3E6E6F35
:1019F00064652900574553545F544F504449522F52
:101A00007A65706879722F6B65726E656C2F6B6882
:101A10006561702E630021617263685F69735F693D
:101A20006E5F6973722829207C7C20282874696D78
:101A3000656F7574292E7469636B73203D3D202892
:101A400028286B5F74696D656F75745F7429207BDE
:101A5000307D29292E7469636B7329006865617074
:101A6000203C3D205F6B5F686561705F6C697374DB
:101A70005F656E6400737973776F726B71005745A1
:101A800053545F544F504449522F6E72662F7375F2
:101A9000627379732F6E72665F73656375726974B2
:101AA000792F7372632F647269766572732F637214
:101AB0006163656E2F63726163656E7073612F730E
:101AC00072632F6C69625F6B6D752E630028282826
:101AD0002875696E747074725F74296B6D755F73AD
:101AE00072632D3E646573742920252031362920C8
:101AF0003D3D203029000944455354206D697361F0
:101B00006C69676E65640A00574553545F544F50C3
:101B10004449522F6E72662F7375627379732F6EFC
:101B200072665F73656375726974792F7372632F60
:101B3000647269766572732F63726163656E2F7369
:101B40007873796D63727970742F7372632F706C10
:101B50006174666F726D2F626172656D6574616C20
:101B60002F696E74657272757074732E63000955F7
:101B70006E68616E646C656420696E7465727275FE
:101B800070742E200A00574553545F544F504449F7
:101B9000522F6E72662F7375627379732F6E726631
:101BA0005F73656375726974792F7372632F7574CF
:101BB000696C732F6E72665F736563757269747991
:101BC0005F6D7574657865732E6300726574203D72
:101BD0003D203000574553545F544F504449522FD5
:101BE0007A65706879722F6B65726E656C2F657699
:101BF000656E74732E63002C2066756E6374696F56
:101C00006E3A2000617373657274696F6E202225CD
:101C10007322206661696C65643A2066696C652090
:101C2000222573222C206C696E652025642573257E
:101C3000730A00002020202020202020202828288F
:101C40002828202020202020202020202020202084
:101C500020202020881010101010101010101010CC
:101C600010101010040404040404040404041010EC
:101C70001010101010414141414141010101010189
:101C80000101010101010101010101010101011035
:101C9000101010101042424242424202020202025E
:101CA0000202020202020202020202020202021006
:101CB00010101020000000000000000000000000D4
:101CC0000000000000000000000000000000000014
:101CD0000000000000000000000000000000000004
:101CE00000000000000000000000000000000000F4
:101CF00000000000000000000000000000000000E4
:101D000000000000000000000000000000000000D3
:101D100000000000000000000000000000000000C3
:101D200000000000000000000000000000000000B3
:101D300000000000232D302B2000686C4C006566ED
:101D40006745464700494E4600696E66004E414E63
:101D5000006E616E003031323334353637383941F8
:101D60004243444546003031323334353637383912
:101D700061626364656600496E66696E69747900C4
:101D80004E614E005245454E54206D616C6C6F6340
:101D900020737563636565646564002F5F5F772FEB
:101DA0005F74656D702F776F726B73706163652FF1
:101DB0006275696C642F2E6275696C642F484F538D
:101DC000542D7838365F36342D7736342D6D696E64
:101DD000677733322F61726D2D7A65706879722D55
:101DE000656162692F7372632F6E65776C69622D0E
:101DF0006E616E6F2F6E65776C69622F6C696263BE
:101E00002F7374646C69622F64746F612E63004277
:101E1000616C6C6F632073756363656564656400F2
:101E2000504F534958002E002F5F5F772F5F746526
:101E30006D702F776F726B73706163652F62756958
:101E40006C642F2E6275696C642F484F53542D7843
:101E500038365F36342D7736342D6D696E677733BB
:101E6000322F61726D2D7A65706879722D656162AD
:101E7000692F7372632F6E65776C69622D6E616E68
:101E80006F2F6E65776C69622F6C6962632F737454
:101E9000646C69622F6D707265632E6300000000D0
:101EA00000000000670000000000000000000000CB
:101EB0000000000000000000000000000000000022
:101EC0000000000000000000000000000000000012
:101ED0000000000000000000000000000000000002
:101EE00000000000000000000000000000000000F2
:101EF00000000000000000000000000000000000E2
:101F000000000000000000000000000000000000D1
:101F100000000000000000000000000000000000C1
:101F200000000000000000000000000000000000B1
:101F300004E90100090000005DC90100FCF3010093
:101F400087CC01008BCC01000000000000000000E5
:101F50000CF7010001000000F8000020F80000204C
:101F6000000000000100000008010020080100201E
:101F70000000000001000000000000000000000060
:101F80000000000000000000000000000000000051
:101F900000000000000000000000000084E90100D3
:101FA0000000000000000000BC100020B410002061
:101FB000A152010000000000FF0000000090D003CB
:101FC000FF0000000F000000710200006C01002003
:101FD0006C010020EDDC0100D7E0010067742000F7
:101FE000D4030020E8030020480400203804002027
:101FF000FC03002021E0010025E00100A0010020F9
:10200000000000000CF80100ECF70100CCF7010023
:1020100000000000000000000000000000000000C0
:1020200000000000000000000000000000000000B0
:1020300000000000000000000000000000000000A0
:102040000000000000000000000000000000000090
:102050000000000000000000000000000000000080
:10206000430000000000000000000000000000002D
:102070000000000000000000000000000000000060
:10208000430000000000000000000000000000000D
:102090000000000000000000000000000000000040
:1020A00043000000000000000000000000000000ED
:1020B0000000000000000000000000000000000020
:1020C00043000000000000000000000000000000CD
:1020D0000000000000000000000000000000000000
:1020E00043000000000000000000000000000000AD
:1020F00000000000000000000000000000000000E0
:10210000430000000000000000000000000000008C
:1021100000000000000000000000000000000000BF
:10212000430000000000000000000000000000006C
:10213000000000000000000000000000000000009F
:1021400001E80100D1E6010000000000331C02009C
:10215000261E0200591402005914020059140200EC
:1021600059140200591402005914020059140200B3
:102170005914020059140200FFFFFFFFFFFFFFFF89
:10218000FFFFFFFFFFFF00000100415343494900EB
:10219000000000000000000000000000000000003F
:1021A00000000000000000000000415343494900C6
:1021B000000000000000000000000000000000001F
:1021C000000000000000000000000000000000000F
:1021D00000000000000000000000000000000000FF
:1021E0000000000008560020001000000000000061
:1021F0000000000000000000980300209803002069
:1022000000000000000000000E000000AC030020F1
:10221000AC03002000000000000000000E000000E1
:10222000C0030020C00300200000000000000000E8
:102230000E000000D4030020D403002000000000A2
:10224000000000000E000000E8030020E80300206A
:1022500000000000000000000E000000FC03002051
:10226000FC03002000000000000000000E00000041
:1022700010040020100400200000000000000000F6
:102280000E000000240400202404002000000000B0
:10229000000000000E000000380400203804002078
:1022A0000000000000000000480400204804002056
:1022B000000000000000000015E015E00769D500EF
:1022C00012004000B5CCF43637E2CE557724AD3D50
:1022D00018900D6666FF99C23A116D18ABF9C4B734
:1022E00026C4AFF3604792B4600884F64D4D7E1E5D
:1022F000FC6236973D15658D91826AF85B60785770
:10230000485CF08B250001000101004000E3E12959
:10231000B49F1218E18E4614ACB2523389C758529A
:10232000EBB98B4D2C6171A2FC65706BA3D1DDF80C
:102330005F52E71450C3E572E624695FAFD41CE432
:10234000D9354D6C2B19F7D6001A6AE8B024004035
:1023500000F8F9A9FEE209005FF988F61876D05670
:10236000670B7387649307077BA8271ABFD65BC5E3
:10237000DA3975FAA93AC0035CDB3A6BA097B34A25
:1023800043611F01073E21C701200822A029EE1248
:01239000014B
:00000001FF
