:20000000C80801206D6F0000D7790000596F0000596F0000596F0000596F0000596F0000DB
:20002000000000000000000000000000CD6F0000596F000000000000596F0000596F00002C
:200040009D0A00009D0A00009D0A00009D0A00009D0A00009D0A00009D0A00009D0A000068
:200060009D0A00009D0A00009D0A00009D0A00009D0A00009D0A00009D0A00009D0A000048
:200080009D0A00009D0A00009D0A00009D0A00009D0A00009D0A00009D0A00009D0A000028
:2000A0009D0A00009D0A00009D0A00009D0A00009D0A00009D0A00009D0A00009D0A000008
:2000C0009D0A00009D0A00009D0A00009D0A00009D0A00009D0A00009D0A00009D0A0000E8
:2000E0009D0A00009D0A00009D0A00009D0A00009D0A00009D0A00009D0A00009D0A0000C8
:200100009D0A00009D0A00009D0A00009D0A00009D0A00009D0A00009D0A00009D0A0000A7
:200120009D0A00009D0A00009D0A00009D0A00009D0A00009D0A00009D0A00009D0A000087
:200140009D0A00009D0A00009D0A00009D0A00009D0A00009D0A00009D0A00009D0A000067
:200160009D0A00009D0A00009D0A00009D0A00009D0A00009D0A00009D0A00009D0A000047
:200180009D0A00009D0A00009D0A00009D0A00009D0A00009D0A00009D0A00009D0A000027
:2001A0009D0A00009D0A00009D0A00009D0A00009D0A00009D0A00009D0A00009D0A000007
:2001C0009D0A00009D0A00009D0A00009D0A00009D0A00009D0A00009D0A00009D0A0000E7
:2001E0009D0A00009D0A00009D0A00009D0A00009D0A00009D0A00009D0A00009D0A0000C7
:200200009D0A00009D0A00009D0A00009D0A00009D0A00009D0A00009D0A00009D0A0000A6
:200220009D0A00009D0A00009D0A00009D0A00009D0A00009D0A00009D0A00009D0A000086
:200240009D0A00009D0A00009D0A00009D0A00009D0A00009D0A00009D0A00009D0A000066
:200260009D0A00009D0A00009D0A00009D0A00009D0A00009D0A00009D0A00009D0A000046
:200280009D0A00009D0A00009D0A00009D0A00009D0A00009D0A00009D0A00009D0A000026
:2002A0009D0A00009D0A00009D0A00009D0A00009D0A00009D0A00009D0A00009D0A000006
:2002C0009D0A00009D0A00009D0A00009D0A00009D0A00009D0A00009D0A00009D0A0000E6
:2002E0009D0A00009D0A00009D0A00009D0A00009D0A00009D0A00009D0A00009D0A0000C6
:200300009D0A00009D0A00009D0A00009D0A00009D0A00009D0A00009D0A00009D0A0000A5
:200320009D0A00009D0A00009D0A00009D0A00009D0A00009D0A00009D0A00009D0A000085
:200340009D0A00009D0A00009D0A00009D0A00009D0A00009D0A00009D0A00009D0A000065
:200360009D0A00009D0A00009D0A00009D0A00009D0A00009D0A00009D0A00009D0A000045
:200380009D0A00009D0A00009D0A00009D0A00009D0A00009D0A00009D0A00009D0A000025
:2003A0009D0A00009D0A00009D0A00009D0A00009D0A00009D0A00009D0A00009D0A000005
:2003C0009D0A00009D0A00009D0A00009D0A00009D0A00009D0A00009D0A00009D0A0000E5
:2003E0009D0A00009D0A00009D0A00009D0A00009D0A00009D0A00009D0A00009D0A0000C5
:200400009D0A00009D0A00009D0A00009D0A00009D0A00009D0A00009D0A00009D0A0000A4
:200420009D0A00009D0A00009D0A00009D0A00009D0A00009D0A00009D0A00009D0A000084
:200440009D0A00009D0A00009D0A00009D0A00009D0A00009D0A00009D0A00009D0A000064
:200460009D0A00009D0A00009D0A00009D0A00009D0A00009D0A00009D0A000053B94AB9DC
:20048000002908BF00281CBF4FF0FF314FF0FF3000F00CB8ADF1080C6DE904CE00F008F80E
:2004A000DDF804E0DDE9022304B07047704700BF2DE9F04786468C460846089E15467446C3
:2004C0001946002B40F0C1808542B2FA82F245D94AB1C2F1200300FA02FC954094402EFA82
:2004E00003F343EA0C0C4FEA154EA8B2230CBCFBFEF80EFB18CC08FB00F943EA0C439945AC
:2005000028D9EB1808F1FF3704D2994502D9A8F102072B44A3EB0903A4B2B3FBFEFC0EFB67
:200520001C330CFB00F044EA0344A04214D92C190CF1FF3304D2A04202D9ACF102032C4418
:20054000241A43EA07401EB1D440002334607360BDE8F0874746DDE76346F1E792BB431BE3
:2005600001214FEA154EAFB2200CB3FBFEFC0EFB1C330CFB07F840EA0343984561D9EB18A0
:200580000CF1FF3004D2984502D9ACF102002B44A3EB0803A4B2B3FBFEFC0EFB1C330CFB9D
:2005A00007F744EA0344A7424DD92C190CF1FF3304D2A74202D9ACF102032C44E41B43EA6D
:2005C0000040C0E7C2F120039540944020FA03F12EFA03F34FEA154E9040AFB20343B1FBCA
:2005E000FEFC0EFB1C10190C0CFB07F841EA0041884522D969180CF1FF3004D2884502D942
:20060000ACF102002944A1EB08019BB2B1FBFEFC0EFB1C110CFB07F743EA01439F420ED9D2
:20062000EB180CF1FF3104D29F4202D9ACF102012B44DB1B41EA004193E76046E3E76146F6
:20064000F7E76046A4E76346B8E7834206D916B9002108467CE7C6E900E0F9E7B3FA83F768
:200660008FB9834201D3724508D8BEEB020460EB030301209C461EB9002169E73846FAE758
:20068000C6E9004CF8E7C7F1200CBB400EFA07F522FA0CF42EFA0CF1BA401C4320FA0CF3EA
:2006A000B8404FEA144901431FFA84FEB3FBF9F809FB18300B0C08FB0EFA43EA00439A4571
:2006C00040D9E31808F1FF3004D29A4502D9A8F102002344A3EB0A0389B2B3FBF9F809FBD3
:2006E000183308FB0EFE41EA03418E452CD9611808F1FF3304D28E4502D9A8F1020321442E
:2007000043EA0040A1EB0E01A0FB02984145CE46434602D306D14D4504D20138B9EB020E78
:2007200068EB0403002EA7D0B5EB0E0261EB030101FA0CFC22FA07F3F9404CEA0303C6E97D
:20074000003199E74046C5E74346D9E70146F0B550B332B3164E306830BBD1F8C842D1F816
:20076000D8329C4213DA134D05F5C0473B8803F5005C45F8234001339BB2B3F5805F25F867
:200780001C203B8003D96FF01E003060F0BDD1F8CC3222449A42A8BF6FF01D00C1F8C8223D
:2007A000F4E76FF02100F1E76FF02000EEE700BFC4890020C029002008B5134660B172B133
:2007C0000A46D0F8C0120748006806F092FC002818BF6FF01C0008BD6FF02000FBE76FF0F5
:2007E0002100F8E7348C0020014B1B68184700BF000100202DE9F047058B044628079046DF
:2008000012D4022905F0070540F0CD80204606F0C2FC80B10138218B042800F29F80DFE815
:2008200000F0C29D657D8D0001290CBF45F0100545F02005258388F31188BFF36F8FBDE850
:20084000F08701F007035A1F012A1CD8002221F00701062B276889B2C4E9002209D13B462E
:2008600003E0628B013262831B68002BF9D141F002012046218306F08EFC002800F0A18021
:2008800041F020019CE0042B0AD121F0070189B22046218306F07FFC10B141F020012183FA
:2008A000218B01F0070AAA4575D00027B946A368002B00F08E8041F00801218388F311880A
:2008C000BFF36F8FA168002900F08C800D68002900F08880334652462046D1F80480C047D9
:2008E000002D48D02B6829461D46F0E7236921F0070141F00601062DD3F80090218335D162
:20090000B9F1000F47D041F00801218388F31188BFF36F8F20463D49C84731E021F0070140
:20092000236941F0040189B2042DD3F804902183E6D000274FF0040A3E46B8E721F0070120
:20094000236941F0050189B2052DD3F808902183D6D000274FF0050A3E46A8E701F0070A30
:20096000AA4518D00027B9463E46A0E700274FF0060A3E469BE72B46B5E7B9F1000FC9D193
:20098000EFF31188202383F31288BFF36F8F238B23F008032383258BEA062ED525F010039C
:2009A000238305F007056669218B002EBFF649AF00232768C4E9003321F0070141F001015C
:2009C0002183218B4FF0000901F0070AAA457FF46EAF002F94D041F00801218388F3118879
:2009E000BFF36F8F002FC8D03D68394633465246204606F0BEFB2F46F4E7AB067FF51BAFF7
:200A000025F02003238305F00705FFE6CF710000002318460649D1F89020C2F307229342D6
:200A200000DB7047C1F89830C1F8A0000133F6E700ED00E0002807DB01234109034A00F0B7
:200A40001F00834042F82130704700BF00E100E000280CDB01220649430900F01F00824054
:200A6000203341F82320BFF34F8FBFF36F8F704700E100E00028ACBF00F16040064B4FEA41
:200A80004111C9B2ABBF00F5614000F00F0080F800131954704700BF14ED00E0EFF30583D1
:200AA000034A103B02EBC301496852F833000847A0A80000244B254A4FF47A611A6001228F
:200AC000234B2448C3F80424D0F82436C3F30802C3F309434B4382F480721F49883201FB61
:200AE00002334FF4FA215B00B3FBF1F201FB12331A49B3F57A3F28BF0132C1F80429D0F8AA
:200B000020364FF47A60C3F30802C3F30943434342F21C5082F4807202F2172200FB0233B5
:200B20004FF47A701B0AB3FBF0F200FB1233B3F5FA7F4FF0010328BF0132C1F81C270020F9
:200B4000C1F80036704700BFFC0000200020A107002008E000C0FF00F82A00800000125081
:200B6000084B70B5C31A0D4607499B10044659434022064806F04BFB2B4601462046BDE83D
:200B80007040184748290020B76DDBB658800000402373B50B4C0093041B0B460D460A499D
:200BA000A41061430646094A094806F05BFB011E05DA30462B4602B0BDE87040184702B0A4
:200BC00070BD00BF48290020B76DDBB6D372000058800000F8B50221054640F20510FFF76E
:200BE00049FF174B1A7922BB164A1A6001221A71154B1B6A9B0603D440F20510FFF71AFFA0
:200C00000024124BC3F840442B69ABB11C222146184607F0E3F901261C220D4F06640761BB
:200C20002D692146A81807F0D9F92046EF62EE64F8BD6FF00400FBE76FF01500F8E700BF19
:200C4000402900200775000000E100E000E01050CC9600000A2810B5044603D10D2104489D
:200C600000F036F90248E1B200F032F9204610BDD88000000023024A0020C1E900237047BF
:200C800000D0170000487047C4960000024B0B6001231360704700BFBC960000024B034A63
:200CA0000020C3F80C25704700B0045080000080036803F01F025F2B02604FEA53129ABF0B
:200CC000024B53F822000020704700BFB09600004209022A034670B503D0012A18D0CAB138
:200CE00070BD0E4E326951680029F9D0012503F01F030C689D400029F2D08A682A4002D080
:200D000030464B6898473CB1236821461C46F2E7034EE7E7034EE5E72346F6E79880000017
:200D200078800000B88000002DE9F04F4368027A85B003EBC2029A4204D86FF0010005B053
:200D4000BDE8F08F5C798C4200F0B1800833F2E7DAF80030C3F3C322082AC3F3080100F217
:200D6000A380414508BF4FF0FF31B3F1D05FBC5C4FEA136210D2192A10D8DFE802F0121C07
:200D800047614A51610F0F0F0F0F0F0F0F0F0F0F0F0F0F0F64787B7E382A71D06FF0850072
:200DA000CDE7C9F804164A1C57D10AF1040A5545CED10020C3E7C9F80C16481CF5D04FF0BF
:200DC000000B5A46DAF80030039103F40040002818BF002203A818BF4FF0010B0193009287
:200DE000FFF766FF0399019B00EB8100D0F88010C3F3412C009A230243EA8C031343314037
:200E00000B4343EA4B03C0F88030CEE7C9F81016C9E74B1CC9F80016C7D04FF0000B05E051
:200E2000481CC9F80416C0D04FF0010B03A80391FFF73EFF0122039B02FA03F38360C1E7E8
:200E4000C9F80816B9E7C9F860154A1CDAF80030ABD0C3F30043002BE6D003A80391FFF7EB
:200E600027FF0122039B02FA03F3436019E0C9F86415EAE7C9F86815E7E7C9F86C15E4E7D9
:200E800003A80391FFF714FF039B00EB8300D0F8803023F0E04343F08043C0F880304B1C8B
:200EA00083D04FF0010B8CE76FF0150047E7D3F800A01D7940F2FF18D0F80090024F034E3B
:200EC0000AEB850573E700BF5CA50000F0F0FCFF2DE9F84304460D46D0F80480EFF30583FA
:200EE000B3B92A4B1B789BB1294E46F001066427DFF8A09063681B68D3F8303193BB264BB3
:200F0000D9F80000B0FBF3F0B047013FF2D1EEE72021EFF311831A4681F31288BFF36F8FCE
:200F200060680068D0F8300120B983F31188BFF36F8FEEE7D8F8243000201D706368D8F8AF
:200F400024101B68C3F83C170121C3F84017C3F83001D3F83001196582F31188BFF36F8F74
:200F6000BDE8F883EFF3118320211A4681F31288BFF36F8F61680968D1F830110029D9D165
:200F800083F31188BFF36F8FB1E700BF3F98002000820000FC00002040420F0038B50546DD
:200FA0000221C620FFF766FDC620FFF743FD6C680121E068FFF7B8FE6B6819686369C1F8F0
:200FC0002435E28BA38BA07E1343228C1343628C1343627E9BB20243207E02431343C1F8FD
:200FE0006C3569680B68D3F8002242F48022C3F800220822C3F800254A6A0121C3F83C276C
:201000000022C3F840271965D3F830110029FBD0C3F800252846BDE83840014906F062B948
:201020009534000070B5EFF31181202383F31288BFF36F8F4FF0FF346FF04040074DD5E9E8
:201040000023944270EB0306F9D381F31188BFF36F8F1046C3F3130170BD00BF40270E50D9
:2010600038B5EFF31185202383F31288BFF36F8F124B1B6803BBFFF7D5FF114AD2E9003258
:20108000C01A61EB0201400940EAC1630D4AD2E90004181844EBE37485F31188BFF36F8F03
:2010A0004FF47A71A0FB010547F61222002301FB0451FFF7E3F938BD0023E7E7388C0020E0
:2010C0007801002080010020064BD3F840231C2A05D1D3F84403431E5842584170470020BE
:2010E000704700BF00C0FF0003689A070CD50368DB070DD50922074BC3F80C250F22C3F84A
:20110000042501221A60FEE7034B0360EF3B0360704700BF00801050F000FA5010B5036826
:20112000CB40DB0710D401238B40026843EA0201D0E8EF4F944204D1C0E8EC1FBCF1000F45
:20114000F6D1F2D1014810BD0148FCE70000AD0B0400AD0B01282DE9F341044615BF04209A
:20116000712014220422304918BF4FF48473C1F808034FF0010008BF4FF4807302F1A04222
:2011800002F587121060002203F1A04303F587131A601B68254BD3F840331C2B1ED084421E
:2011A00020D10DF1070542F21076214B1E4F8DF8072043F00108012C24D0D7F84C3403F452
:2011C00080338DB93BB11B4B18681B4BB0FBF3F0C047013EEFD102B0BDE8F081012C01D183
:2011E000CC60DEE71546DEE7D7F84C2402F003022A70002BEFD09DF80730002BE3D0012C4D
:20120000E9D106E0D7F80C3403F480332DB9002BD9D10022094B5A71DDE7002B0CBF01239B
:2012200000232B70E7D1F4E700E0105000C0FF0000820000FC00002040420F0040290020A6
:2012400010B5EFF31184202383F31288BFF36F8F074A136823F00201DB07116002D4012023
:20126000FFF778FF84F31188BFF36F8F10BD00BF98290020012838B50446314B314D40D06A
:20128000D3F84C14D3F84C24C80322D502F00303012B04D013B10020FFF75CFF2346284A1E
:2012A0000420C2F8403410224FF48473002103F1A04303F5871319601C68012402F1A042EF
:2012C00002F5871214602A689AB31D4BC3F804030CE0D3F84824D107E0D5D3F85024920779
:2012E000D9D42A681AB10422C3F8042338BDD3F80821002AFBD00022C3F80821D3F80831F4
:20130000F4E70022C3F81021D3F81011C3F81821D3F81811C3F81421D3F814210A4AD2F802
:2013200040231C2A08BF986000224FF480737120BCE71A68002AFCD019601B68D6E700BFC9
:2013400000E010504029002000C0FF00034A4309D35C00F01F001844C0B270474CA50000B8
:2013600010B504460846FFF7F1FF3C22237902FB0300034B083033F81000C0F3401010BD9F
:201380005028002010B504460846FFF7DFFF3C22237902FB0300034B083033F81000C0F316
:2013A000400010BD5028002010B504460846FFF7CDFF3C22237902FB0300034B083033F8BE
:2013C0001000400B10BD00BF5028002070B505460846FFF7BBFF3C212A79184B01FB0202BD
:2013E000083233F81200C10526D578240026C0F3432120F4F85023F812002A7904FB02347B
:201400000E3434F8020F10F4807F03D0C0F34320814211D00136232EF3D10020C2EB021290
:201420000A4443F8320078202A79BDE8704000FB02306030FFF772BE70BD00BF50280020FA
:2014400070B505461446FFF78BFF70B10846FFF77DFF3C222B7902FB0300054B083033F8AC
:20146000103004485B0B237070BD0348FCE700BF502800200000AD0B0400AD0BF0B50646D0
:20148000002487B0114F019117F8012B06AB03EBD20313F8143C02F00702D34013F00103E0
:2014A00006D10134032CEFD10023184607B0F0BD074A03AD07CA85E8070055F824100A6A11
:2014C00046F824200A62002AEBD0EEE749A50000E0810000124B70B553F82050013053F85C
:2014E0002060AE4200D870BD6C68B4B1237FDB0711D4636953B12046984738B10028B8BF38
:201500004042FF28A8BFFF20E3681870E268537843F0010353700835E3E72B689847FAE760
:201520008896000001680E4A0346914215D1C169A2F11022A2F1EF1291420ED18268012A80
:201540000BD8C26812B101698A4206D0586928B19B691B1A5842584170470120704700BF5B
:2015600055AA00FF70B50D4B9E68A6B13046FFF7D9FF044678B9F3686BB935690DB920468B
:2015800070BD2846FFF7CEFF28B9EB68B34202D12E462D69F2E70124F1E700BF28280020E2
:2015A0000022074BC3F81021C3F80C21C3F80021C3F80421C3F80821C3F81421704700BFDD
:2015C00000500450C36870B57BB9C36900F128021A60C369454A9A604368C269DB6843F41D
:2015E0008063D360C3691033C361836A9B052FD40368C268DD6800F1EC04302D34BF082679
:2016000010261D6901366B1E1340EB1AB34238BF5B191C44D50004F8015C03F1EB045209CA
:20162000044400F1ED05A5425CD1802280F8EC20426AC469C4322260C26993604468C269FF
:20164000E468D460C2691032C26102691A4402610269C469D31C23F003039B1A54F8042C7D
:2016600042EA032244F8042CC26952F8084C234443F0005342F8083C026A0368DB681160EE
:201680000168026AC96803339160026A23F0030302F1100101620168C96899420BD00021C0
:2016A00011610168026AC9685B1A43F080439360036A10330362836A13F4806311D102681C
:2016C0005169D26891420CD0026A13600268016A5369D2689B1A43F080438B60036A103377
:2016E000036270BD04F8012D120A9CE7040000201B4BD3F80021C2B1BFF35F8F4FF0A341E3
:201700008A6ABFF35F8FBFF35F8F4FF0FF300863BFF35F8F0021C3F80011D3F80031114BD7
:20172000196819680A431A607047D3F80831002BFAD002220C490B689A60096909688903DB
:2017400044BF03F58053DA610022054BC3F80821D3F80831054B1A681A6842F00102E2E7D4
:20176000008004508C010020C801002088010020244B0340B3F5806F2FD017DC402B2ED0B2
:2017800008DC102B2DD0202B2DD0181E18BF012040007047B3F5807F27D0B3F5007F26D005
:2017A000802B08BF0B2018BF02207047B3F5804F1FD00ADCB3F5805F1DD0B3F5005F1CD029
:2017C000B3F5006F08BF0620EDE7B3F5004F16D0B3F5803F08BF0320E5E7112070470A2025
:2017E00070470C2070470920704708207047072070471420704705207047042070470F20E1
:20180000704700BFF0FF01000C22104B014602FB0033002030B4D3E90E529863EFF31180D4
:20182000202484F31288BFF36F8F1C6C04F0C00444F002041C6480F31188BFF36F8F1DB11F
:201840002B4630BC0248184730BC7047482900205880000010B4EFF31182202383F31288EA
:20186000BFF36F8F1648016841F002040460C80707D482F31188BFF36F8F012010BCFFF70B
:20188000F9BC1049D1F80C14C903F2D5EFF3118083F31288BFF36F8F0B490B6C03F0C0030A
:2018A00043F002030B6480F31188BFF36F8F82F31188BFF36F8F002010BCFFF7A5BF00BF02
:2018C0009829002000E010504829002070B5204CC2B0E36A0546802B1A4628BF8022019294
:2018E0001BB92075002042B070BDD4F8583201AA02A904F1300098470028F4D1042D2069E9
:20190000019A0FD0019A236A206913442362E36A02A99B1AE362E36898470028E2D06FF06B
:201920000900E0E7236822A998470028F7D1A36A019D02AA2B44A36222AB8542E2D0117818
:2019400013F8016B0130314402F8011BF5E700BFC8890020012337B50546254C0193636B1A
:201960002BB1012B29D06FF0040003B030BDD4F85832204801AA0DF1030198470028F4D12C
:201980009DF80330C3F3801203F03F03A3630623E363012384F8402063639DF90330002BD3
:2019A000DDDB0023636394F8403013B1A36B5B42A363A36B00202B60D7E7D4F858320D48F3
:2019C00001AA0DF1030198470028CED1E26B192A0ADC9DF80330A16B03F07F0393400B43D4
:2019E0000732A363E263D8E76FF01800BDE700BFC8890020F8890020F7B5094C0546D4E9AF
:201A0000086701A8FFF7A6FF38B9019B1E44B74232BF6FF008002575E36203B0F0BD00BFD5
:201A2000C88900202DE9F041466807463369002B3AD0782096F81480234D00FB085393F817
:201A400074408CBB184646222146103006F0C6FA317D1E4A336952F831C021468C4529D149
:201A60000024C3F84441D3F84421C3F30833581CFEF7E0FF7823012203FB085888F8742069
:201A8000C8F86020327D124903FB02529160327D022103FB0255DB20EC60FEF7EBFF022149
:201AA00040F20D10FEF7E6FF3846BDE8F041094905F018BCCAB2920002F58070442A04BF68
:201AC0001C501A580131C9E750280020A0960000D10C00009F73000038B5142200211448E9
:201AE00006F07CFA134B144A144C1A60144B154A00211A6014F003030FBF4FF4006503F216
:201B0000FC75C3F10403E4182A46204606F066FA074B0D4AC3E900452260A2F11022203D33
:201B2000A2F1EF129C606560E261DC60002038BD28280020DC0000205D2200003F900020E2
:201B4000D80000204923000055AA00FF2DE9F34132480DF1060105F079FA304E10B16FF054
:201B6000110554E09DF80630A6F5177403F00F0213F0700FA26148D130460DF1070105F017
:201B800065FA05460028EAD14FF006089DF8077007F03F079DF90730002B22DB266300267E
:201BA0004FF6FF734FF4007231461D48A4F84430666306F013FAB7420CBF07230123194A8C
:201BC000C4E91266C4F85422174AC4E90867A4F84660A4F8506084F85260C4F858222375A7
:201BE00015E030460DF1070105F030FA0028B6D1B8F11B0F0FD09DF8073003F07F0303FAB6
:201C000008F31F4308F10708C4E76FF00205284602B0BDE8F0816FF01805F8E7248C0020ED
:201C20001B8A0020D37000001B75000037B5274C237D082B43D8DFE803F00A0F1A1E22246E
:201C4000264505006FF017000823237530E0FFF77DFF0028F8DB2BE001A8FFF77BFE002813
:201C6000F7D1019B002B25DD4FF0FF30ECE70320FFF7C2FEEDE70420FFF728FEE9E70520B0
:201C8000F6E70620F8E701A8FFF764FE0028E0D1019D636829462069984768B9A36A2B44AB
:201CA000A362D4E908239A4204D107230020237503B030BD0223F9E76FF00900C4E76FF08D
:201CC0000400C1E76FF00A00BEE700BFC889002070B5174D1446A84226D8C0F5BE1303F5D1
:201CE00080539A4220D8CAB142F20103114DC5F80035A9B106F067F9BFF35F8FD5F81834D1
:201D0000DB0706D4C4F308041CB10123AB60BFF35F8F4FF40052074BC3F80025002070BD94
:201D2000FF2106F05BF9E7E76FF01500F7E700BFFFCF170000B0045010461A46084B10B5A3
:201D4000994209D8C1F5BE1404F58054A24203D806F039F9002010BD6FF01500FBE700BF89
:201D6000FFCF17002DE9F7430F4615460446002855D0002A50D0DFF8AC80D8F80060002E3C
:201D80004DD1D0F8C812D4F8D832DFF89C909942D9F8000039DA06236A46D4F8DC1205F063
:201DA000A8F988B9D4F8DC12BDF800300631AB42C4F8DC1205D1DDF80220D4F8C8329A4265
:201DC0000CD01A4805F02EF96FF01D03C8F800306FF01D06304603B0BDE8F0832B463A4686
:201DE000D9F8000005F085F90028EDD1D4F8DC322B44C4F8DC32D4F8C8321D44D4F8CC32B5
:201E0000C4F8C8529D42E5DBE2E713463A4605F070F90028EFD0DBE76FF02106DAE76FF0FE
:201E20002006D7E7BC290020348C00209C97000038B5084B5A78D20709D51C783CB9064D01
:201E4000284605F0DDF82046044B1D6038BD6FF01200FBE732010020550C000000010020FB
:201E60002DE9F84F14461D46FFF7DCF8A042A941C0F0E580744ED6E90012641A24F01F0356
:201E800065EB02055B1842EB0502C6E90032EFF31182202383F31288BFF36F8F6B4FDFF85A
:201EA000B08138686409B84208BF002044EAC564684DC8F800409146D5E90021D8F8003041
:201EC000A8B3D0E9044C4FEAE37EA3427EEB0C0A05DAE41A6CEB0E0CC0E9044C27E0A21898
:201EE00041EBE4710023C5E900210022C0E90423D0E9003213605A600023C0E9003389F3EA
:201F00001188BFF36F8F83689847EFF31189202383F31288BFF36F8FD8F8003038681B1B59
:201F2000B8424A46C8F80030C5D1D5E900219A1841EBE373C5E900230023C8F800303B68F7
:201F4000BB427ED0002B7CD0D3E90443B4F1004F73F1000275DA002BB8BF0024FFF762F8FD
:201F6000D6E9002720230125801A61EB0701C4FB0301402871F10004374C38BF184694F82F
:201F800008E038BF002105FA0EFC28BF20F01F001CF0670F4FD0314B5E68F64306F06706A3
:201FA00016EA0C0F47D04FF000082D4E101847EB010103EB0E0206EB0E1792F85420C7F800
:201FC0002C850C2707FB0232276882F814E0D760676817619A6842EA0C029A60EFF31187BC
:201FE000202282F31288BFF36F8F94F808C01D4A4FEA8C0C42F80C80227AC1F31301120117
:2020000002F1A04202F56222C2F82005C2F8241587F31188BFF36F8F227A883305FA02F291
:20202000D3E8EF0F1043C3E8E10F0029F8D1237A9D40C6F8245389F31188BFF36F8FBDE8EE
:20204000F88F6FF0004489E778010020E0000020388C002080010020E80000204000002060
:2020600000200E5000210E5078232DE9F04F6F4C0E460C1BB4FBF3F4D0F81413DFF8B0B180
:20208000C9B28BB041F400315BF83420009005F0B2F98103054638D50023E7000BEBC404A9
:2020A000CDE907330993636807A819460193FFF7E5F93B1D03934FF0000A5E4B0DF11C0950
:2020C0000293029A12F8013B0292039A02EBD3021BF8022003F0070322FA03F3DA071AD483
:2020E0000AF1010ABAF1030F09F10409E9D14FF400310022009805F07EF9019907A8FFF783
:20210000BDF90028D7D125F400350124002D76D10BB0BDE8F08F484B53440493D9F80010D1
:202120000029DDD091FAA1F1B1FA81F1049B1C7841EA44142046FFF709F9083036F8108085
:20214000C8084FEA98030593012319F8002001F0070103FA01F122EA010209F8002006A828
:202160000694FEF7A5FD069A059B203250F82220C8F382075B07B846C2F3014223D5304608
:20218000D7B22146424605F093F906A80694FEF78FFD069B203350F82330C3F301439F4213
:2021A00007D10021204605F04DF93946204605F049F906A80694FEF77BFD0122069B02FAF4
:2021C00003F30362AAE7022A0DD10321204605F039F907F00503012BEBD14246214630460C
:2021E00005F066F9E5E702212046059205F02AF9032FF2D0059A032ADBD1022FECE795FA88
:20220000A5F3B3FA83F3009904FA03F225EA020503F5A27251F8222006EB43033046B3F872
:202220006410C2F3014205F043F96FE750280020A096000049A5000049A50000014902486D
:20224000FFF712BF5028002000A00D5001490248FFF70ABFC828002000C01050F8B5384E6C
:202260003468F368D4B1B468C4B1002860D000295ED001FB00F5B5FBF0F0884258D1291DE8
:2022800056D8AA070CD025F0030204321C4603E0616891424ED2A469002CF9D12046F8BD14
:2022A0002A46F3E7891A232904F120071CD80123A360D4E90523AAB19361A3690BB16269E7
:2022C0005A610023C4E905333369DB0703D5FFF749F9002831D12A46002138463C4605F0FD
:2022E0007DFEDBE7F360E8E702F1200C04EB0C032039C3E90110DC6021691248196144F876
:202300000C00A0F11020A0F1EF10D86101B1CB6061695961A069986141B18B61996901B132
:202320004B6101212361C4E90121CAE7F360F5E70024B3E7A0680028B4D0012004F058FEBF
:202340002828002055AA00FF70B50546002840D03B4E3368002B3CD0B268002A39D08342FA
:2023600003D872681344984202D3012004F040FEA0F120042046FFF7D5F80028F5D155F836
:20238000183C012BF1D155F8143C45F8180C0BB39A68FAB955F81C2C02F120015A680A44D1
:2023A0005A6055E905321A6155F8145C2B6903B1DD6020220021204605F010FE286908B11B
:2023C00083684BB333699B0703D5FFF7CBF80028CBD170BD55F8100C00282AD0836843BBE0
:2023E0004268636813442033636003692361D4E905239AB9CBB9436963618269A261B3B18D
:202400009C61A36903B15C61236903B1DC602022002105F0E3FDD5E72C46E1E79361A36998
:20242000002BE8D062695A61E5E7F360F7E7F460E7E7F36845F8083C03B15C61F460C1E7CB
:202440002828002030B50468ACB1B4FA84F30122C3F11F03DBB29A4024EA0202D0E8EF5FC1
:20246000A54204D1C0E8EC2FBCF1000FF6D1EAD102480B7030BD0248FCE700BF0000AD0B49
:202480000200AD0B2DE9F3410221E420FEF7F2FAA94BAA4CD3F8182722F44032C3F81827BA
:2024A0002278002A40F01D81D3F8101521F00201C3F81015D3F8101541F00101C3F81015A3
:2024C0000521C3F8A4160421C3F8AC160723672101F001000244013BD2B24FEA5101F7D1C2
:2024E000052A40F0FE8019464FF0010C934E00256720CFB204E00CFA02F220EA0200013526
:2025000090FAA0F25FFA85FEBE45B2FA82F2F2D3013132750529224482F8547006F10C0627
:20252000E5D10121002586489A0801FA02F212F0670F18BF1D500433302BF5D1E420FEF732
:2025400079FA7D4B0027D3F8102503F5C07322F00202C3F8902340F6FF72C3F8A821794A7C
:202560001F60A3F58071043393420F60F8D14FF00108714D744EC5F860803068734BB0FBA9
:20258000F3F05D235843724B43EA080398476368704903EA080301A8019384F80080FFF7BE
:2025A00051FF6D4B984240F0A3806C4B1F72636823F001036360A36843F00103A360D5F8E7
:2025C00010359B0700F18D80D5F8103543F00203C5F81035D5F8482712F0010202BFD5F8FB
:2025E000483743F00103C5F84837534BD3F84017D3F844174F00F9D42AB9D3F8482722F0B8
:202600000102C3F84827514A3368B3FBF2F34A4A03EB4313002B64D0D2F84017D2F8441747
:202620004D0063D4FEF7FEFC01224D4B20F01F00C3E900014B49D1E8EF3FC1E8E02F002835
:20264000F9D13BBB48498A608A684B6002F00302012ACB601ED1CB608A68032A1AD8EFF348
:202660001185202282F31288BFF36F8F4FF6FF763E48848E04F00702C48EB44251D0022ADF
:202680003CD10134C48685F31188BFF36F8F1C3004F06FFDEFF305821AB9354B1B78002BC7
:2026A00044D1EFF31182202383F31288BFF36F8F01200025012420272E4B2F4ED3F84CC40A
:2026C000D3F84C141CF4803F5CD001F00301012958D1002877D082F31188BFF36F8F00203F
:2026E00001E04FF0FF3002B0BDE8F081013B91E7224B9842F5D16FF00B00F4E75124D44034
:20270000E4070ED50B60036A43B9C0E9071142B92A4602211A48FEF76DF8BBE7196001628E
:20272000F5E785F31188BFF36F8FB3E70421114B1046C3F80813BCE700200E504000002034
:2027400000210E50B0210E50FC00002040420F00F0810000540000200000AD0BE800002079
:20276000780100204C2800203C280020482900203F98002000E0105000E100E00200AD0B65
:202780006429002072B685F31188BFF36F8FBFF34F8F20BF82F31188BFF36F8F62B6D3F893
:2027A000401411F0FF0189D1D3F808C1BCF1000F84D0C3F80811D3F80811C3F84044C6F811
:2027C000A0711C617AE70422C3F8042387E700BF2DE9F74F904604460846FEF7B7FDD8F892
:2027E00000900D4607462679B9F1000F29D02046FEF7C8FD38B12046FEF7B2FD18B16848CC
:2028000003B0BDE8F08F01A80195FEF751FA019B99F8002000EB8300D0F88030614923F072
:202820000F0343EA8203C0F880303C2303FB0673083331F8132022F0020242F0010221F89B
:202840001320D8F80430C3B12946204693F80090D3F804A0FEF796FDA8B1BAF1000FCED134
:202860003C2303FB06764F4A083632F8163023F01C0343EA890322F81630D8F80830002BBA
:2028800050D14948BCE73C227243DFF818E102EB070C0CF1080C3EF81C3023F02003DB0458
:2028A000DB0C2EF81C30BAF1000FD9D0B9F1030FA5D8D8F804102068496891F800A000EBF2
:2028C0008A00B9F1000F04D1C0F81095C0F81095C6E7D0F810B552442BF0030BC0F810B5B0
:2028E000206843EA4A3300EB8A01D1F810050EEB420220F4473020F47C70C1F8100541F685
:20290000F070D1F810B500EA051040EA094040EA0B0043F02003C1F81005A2F864502EF88A
:202920001C309DE72946D3E900862046FEF74EFDB8F1000FA5D0782320791A4D4343EA1820
:20294000EB58984504D153689E4201D100220CE0782303FB005001A96030FFF773FD124B21
:2029600098427FF44DAF9DF804203C212379C3EB0313134445F833802379C3EB031313449A
:2029800005EBC3035E60237901FB0373083335F8131041EA422242F4807225F8132070E7CC
:2029A0000400AD0B502800200000AD0B2DE9F04FD50640F2063548BF4FF00308476802EA82
:2029C00005053B7B58BFC2F3401887B001F01F06B5F5837F144646EA43168DF8028041D01F
:2029E0000DD8062D40D005D8A5B1022D12D06FF0150034E0B5F5807FF9D101250AE040F22E
:202A000002239D4232D0B5F5407F31D0B5F5007FEDD1042520032DD501237A688B4053608D
:202A20003B6973BB03A80396FEF742F9039B84F4803100EB8300D0F88020C1F30041C4F307
:202A4000404343EA410322F4706243EA880322F00F0243EA05231343C0F88030002007B0D5
:202A6000BDE8F08F0925D5E70825D3E70625D1E70525CFE7620341BF01237A688B40936075
:202A8000CEE707F11008314640460DF10302FEF7D7FC14F44039824648D13046FEF756FC8A
:202AA0003C223B7D554D02FB0303083335F813300446DB072ED5404604F0D7FC3146404637
:202AC000FEF74EFC58B14046FEF76EFCD7F810B000B20BEB8003C3F81095C3F810954046C9
:202AE0003146FEF773FC3C223B7D03A802FB03440023083425F814300396FEF7D9F8039B39
:202B000000EB8300D0F880203D4B134043F00203C0F880303B4B9A45A0D1387D3A4B9DF8BF
:202B2000031003EB8000FEF7F9FA97E7002301AACDE90423404603AACDE901330393FFF75A
:202B400047FE304B814698427FF451AF14F4003347D03046FEF7FAFB3146814640469DF896
:202B600002B004F48034FEF70DFC28B94046FEF7F7FB00287FF43BAF3C223B7D1F4902FBAB
:202B80000393083331F8133013F01C0F02D0002C3FF42DAF03A80396FEF78AF8B4FA84F4DC
:202BA0003C22039B640900EB8300D0F8803023F4706323F00F0343EA8B0343EA440343EA5B
:202BC000052343F00103C0F880303B7D02FB039909F1080931F8193043F0030321F81930C5
:202BE00098E7CDE9043331460DF10203404603AA0393FFF7EDFD48458CD0F8E650280020E7
:202C0000F0F0FCFF0000AD0BF40000202DE9F041456801F01F04287B88B044EA4014286917
:202C2000002800F0BD80B2F5001F05F1100607D12146304604F019FC002008B0BDE8F081C1
:202C40000027B2F5800F03A80397476054D1B3F1007F14BF052304238DF80C300023CDE927
:202C600006030593AB680DF10707CB4013F0010F5AD1B2F1A07F57D102A80294FEF718F81C
:202C8000029B203350F82330DA074DD43A4621463046FEF7D5FB454B984238D00497214611
:202CA000304605AAFFF794FD414B98427BD121463046FEF755FB2F69002846D03046FEF753
:202CC00061FB8046002840D13046FEF76DFB02B2920002F5807347F80380FB582B69134496
:202CE000D3F8102542F00102C3F8102501232A698340C2F814339FE7B3F1C06F05D0B3F162
:202D0000007F14BF01230223A6E70323A4E7294B287D394603EB8000FFF794FB244B984206
:202D2000BCD06FF00B0088E73A4621463046FEF787FB1F4B9842B2D1287D1E4B9DF80710D9
:202D400003EB8000FEF7EAF9A9E7D7F8143320469B035CBF4FF40033C7F81433FEF7F6FA07
:202D60003C222B7D02FB0300134B083033F81030C3F38203042B0FD0052B0FD002A80294B4
:202D8000FDF796FF029BC168D94001F001010231204604F057FB4FE70321F9E70221F7E7BE
:202DA0006FF0850049E76FF0150046E70400AD0B0000AD0BF40000205028002070B50025F4
:202DC0001E4C1F4ED4F80C3303B970BDB3FA83F3C3F11F039A0002F5807292B202F1A04293
:202DE00002F58712156012680122D8B202FA03F3DBB2102BC4F8083311D0402B1BD0042B90
:202E000016D1D4F84C14D4F84C14890710D1C4F84024C4F804332261D4F80C33D4E7022381
:202E20007371C4F81451D4F814312023C4F8043333689847F0E77571FAE700BF00E010502F
:202E400040290020F7B5284B284CD3F82C6304F188070EB903B0F0BD96FAA6F00123B0FA5D
:202E600080F08340DA43224926EA0306231893F85450830019440C2303FB0543DB6873B356
:202E8000D7E8EF3F03EA020CC7E8EECFBEF1000FF6D1C340DB0719D5020102F1A04202F5B7
:202EA0006222D2F82435D2F82025D1F800C0BCF1000FCED04FF0000CC1F800C00C2101FB8C
:202EC000054529690091E9688847C2E705F10C0304EBC30C54F83320DCF80430E5E70A6814
:202EE000002AB6D00B60B4E700200E504000002000210E502DE9F04F82464FF000098DB01D
:202F00001D46531E01910393039B58785C1C252819D100204FF0FF381E4644460346023693
:202F2000029031780396392955D81F2914D8002900F0EF8101992520D04701993078D04722
:202F400009F10209E0E7002800F0E3810199D04709F101090394D7E7A1F12002192AE9D867
:202F600001A757F822F000BFD12F0000352F0000352F0000D12F0000352F000051300000DC
:202F8000352F0000352F0000352F0000352F00009D300000D12F0000352F0000B13000008F
:202FA0005D300000352F00006B3000008B3000008B3000008B3000008B3000008B300000DE
:202FC0008B3000008B3000008B3000008B30000008460136A5E7582900F0EB80A1F1630221
:202FE000D7B2172FA6D8172AA4D801A757F822F059320000D7300000352F0000352F000064
:20300000352F0000B7300000D7300000352F0000352F0000B7300000352F0000352F0000E7
:20302000352F00008D310000352F0000352F00002D320000352F0000D7300000352F000078
:20304000352F00008D310000352F0000B730000025200199D04709F1010955E7029A4FF0F2
:20306000000802F0FE020292B3E7002C0DDAB8F1000F0DDA029A002A00F043810A2224EAC2
:20308000E47402FB0414303CA3E7B8F1000FF5DB0A2202FB0812A2F130089AE7B8F1000FFE
:2030A00055F8042B80F22F81002A80F22E815442022202928DE7682903D1682B06D148232B
:2030C00087E76C2902D16C2B00F02181002B7FF431AF0B467DE77A2B06D1752955F8046BE8
:2030E00014D14FF0000B0CE06C2BF6D04C2BF4D1073525F00703752903F10805D3E9006BFB
:2031000006D120283BD1854F013C09E04FEAE67BBBF1000FF5DA7642814F6BEB4B0B013CF5
:203120000DF12D03059300230493304659460A220023FDF7A3F9059BB446303203F8012DF6
:203140005A460593049BBCF10A0F8B4672F1000203F1FF3106460491E7D2C3F1010B3033BB
:203160000DEB0306B8F1000FA6F104066DDA029BD9077DD4A8EB0B03A4EB0B0413E02B285B
:203180000ABF684F684F04F1FF34C9E770290FD155F8042B0023FAB96FF004034FF0050BA0
:2031A000614F624E053C029A920770D4A04666E078216C2B03D1002355F8042B08E04C2BC7
:2031C000F9D1073525F007031D465B6855F8082B232825D1880621D5554F023C002601F066
:2031E0006001A1F1390B0DF12D0E02F00F01092988BF594430310EF8011D102A4FEA12112C
:2032000041EA03714FEA131C73F1000306F1FF3008D2C6F1010B06F13003A1E7454FDCE774
:20322000414FDBE706460A466346DEE755F8046B304604F0B1FEB8F1000F834602DB40457A
:20324000A8BFC3464FF00008374FA8EB0B03002B92DDA4EB0804A6E755F8043B4FF0010BF7
:203260008DF81830304F4FF0FF33013C06AE9AE7A046EAE7029320200199D047029BB8F19C
:203280000108F7D524EAE472013C9144A41AB84606E0049302920199D047029A049B904654
:2032A000424612F8010B0028F3D11A46013A15D5002BACBFC7EB03077F425B46013B15D525
:2032C000BBF1000FA8BF5F4426464F44013E14D5002CA8BF3F1907EB080915E604930292EE
:2032E00030200199D047049B029ADFE70293019916F8010BD047029BE0E701992020D04717
:20330000E4E70122D5E6904663E6144661E64C235FE648460DB0BDE8F08F00BF6B9D00005A
:20332000B7970000B997000090A50000C1970000BB970000BE9700000FB41FB5002106AB52
:2033400053F8042B044800910393FFF7D3FD05B05DF804EB04B07047E907000005460C46C9
:2033600007B5C9B18B682A480093D1E900234521FFF7E2FF636945210093D4E903232548F0
:20338000FFF7DAFF4521E2692348FFF7D5FF4521A2692248FFF7D0FF012D2DD1EFF3058243
:2033A00045211F48103AFFF7C7FFEFF31183202383F31288BFF36F8F1A4B53F825301A4A58
:2033C0004521127C194800922A46FFF7B5FF3CB1E369C3F308031BB145211548FFF7ACFFC2
:2033E00045211448FFF7A8FFEFF31183202383F31288BFF36F8FFEE7EFF31183202383F3E1
:203400001288BFF36F8F042DD6D90B4BD7E700BFD5970000099800003D98000051980000E4
:2034200084980000E49600009C2900209C980000C9980000EF980000C797000038B5134C4B
:20344000D4F89030C3F30723013B984207D9024645210F48FFF770FF6FF0150038BD0D7AB0
:203460000B6805F01F0223F01F031A43CB686D0923F01F0343EA450343F00103C4F8980053
:20348000C4F89C20C4F8A030E8E700BF00ED00E003990000012938B504462FD14368002104
:2034A000D868FDF741FC64680021E0682568FDF73BFC0823C5F8003594F82C3053B1E2685B
:2034C0005368127A03EBC2029A4212D845210D48FFF732FF227A52B9A36AC5F8043701237B
:2034E000C5F80837C5F84C21D5F84C21AB62002038BD59790029EDD00833E5E76FF08500A7
:20350000F6E700BF2E99000010B5244C45212448FFF712FFA36A99013ED522484521FFF7BA
:203520000BFF1E20A36ADA0104D51F484521FFF703FF1F20194CA36ADB0204D51B4845218D
:20354000FFF7FAFE0220A36A1C0304D518484521FFF7F2FE2120114CA36A590304D515486D
:203560004521FFF7E9FE2220A36A9A0304D512484521FFF7E1FE2320084CA36ADB0304D553
:203580000E484521FFF7D8FE2420A36A6FEA03436FEA1343A36210BD1D20C3E700ED00E07E
:2035A0004C9900006999000081990000A0990000CF990000F29900001C9A00003B9A000053
:2035C00070B5284C06460D4627484521FFF7B4FEA36AD9043BD525484521FFF7ADFE172091
:2035E000A36A1A0504D522484521FFF7A5FE18201C4CA36A9B0511D51E484521FFF79CFECE
:20360000A26BA36A180408D545211B48FFF794FE1EB1A36A23F40043A3621920114CA36A68
:20362000590504D515484521FFF786FE1A20A36ADA050ED512484521FFF77EFE1B20094A4D
:20364000936A43F47F43936200232B7070BD1620C6E7A36A9B04F2D50A484521FFF76CFE26
:203660001C20ECE700ED00E06B9A0000869A00009C9A0000B49A0000D29A0000EC9A0000D3
:203680000C9B0000299B000070B5294C06460D4628484521FFF750FEA36AD80646D52648F8
:2036A0004521FFF749FE1120A36A190704D523484521FFF741FE12201D4CA36A9A0711D5FB
:2036C00045211F48FFF738FE626BA36A1B0608D545211C48FFF730FE1EB1A36A23F08003B9
:2036E000A3621320124CA36ADE0704D516484521FFF722FE1420A36A9C0604D51348452112
:20370000FFF71AFE15200A4B9A6AD10658BF9A6A9A6A920642BF5A6A22F400525A629A6A92
:2037200042F0FF029A6200232B7070BD1020BBE700ED00E05D9B0000789B00009C9A00008F
:20374000B09B0000CD9B0000E89B0000299B00004FF0A53330B5ADF50B5D8BB00DF50054D8
:203760000434D0F8E052036001464FF43972204604F029FC4FF40052264901A804F023FC40
:2037800001AB03F50850EAB223493D3004F01BFC2249234D0B7D04F12C0084F83C32CB690B
:2037A0004FF4047263600B6A4431A36051F81C3CE36051F8183C2361D1F82032A361D1F8B3
:2037C0001C32636111F8043C84F8283051F8083C636251F8103CE36151F80C3C2362114C1C
:2037E00004F0F1FB4FF440522968206803F08DFC42F2E4232968206801AA03F080FC20B140
:203800000948FFF799FD6FF01E000DF50B5D0BB030BD00BF4198002041B80020C8890020FA
:20382000308C0020348C00200C9C00004FF0A53370B504460D460A4E03604FF480523068E3
:2038400003F063FC4FF4397322462946306803F056FC20B10348FFF76FFD6FF01E0070BD4B
:20386000348C00201E9C000038B5244D0446D0F8D0124FF40052286803F047FCC0BBD4F8BA
:20388000D012286801F50053C4F8D8321C4A4FF4005303F034FC054630B11A48FFF74CFDBB
:2038A0006FF01E05284638BDD4F8D032D4F8D42203F500539342C4F8D0321CDAD4F8E022F1
:2038C0001149A2F50052C4F8E022A1F5005004F07AFBD4F8E0220C4904F23D2004F073FBC0
:2038E0000A4B2046196801F54051FFF79FFFD9E76FF02205D6E76FF01B05D3E7348C002055
:2039000041980020309C000041B80020308C002038B515460446002847D0B2F5805F05D9B8
:20392000234803F07FFB6FF01E0038BDD0F8E0322048184404F047FBD4F8E0321D44B5F580
:20394000005FC4F8E0522ED32046FFF701FF1A494FF404720B7D04F12C0084F83C32CB69DA
:203960004431636051F8243CA36051F81C3CE36051F8183C2361D1F82032A361D1F81C3228
:20398000636111F8043C84F8283051F8083C636251F8103CE36151F80C3C236204F013FB03
:2039A0002046FFF761FF0020BFE76FF02000BCE7429C000041980020C889002070B5374E71
:2039C000ADF50B5D364D8AB0044642F2E4233168286801AA03F08DFB48B13248FFF7ACFC3B
:2039E0006FF01E0528460DF50B5D0AB070BD316828684FF43973224601F5405103F079FB18
:203A000005460028E9D1D4F8C032013318D0BAAB03F5E853D3F8E412D4F8C8221C3391426E
:203A200005D1D3F8DC22D4F8DC329A422ED0BAAB03F5E853D3F8EC22D4F8D0329A4225D122
:203A4000BAAB03F5E8514FF439721C31204604F0BAFA4FF4005201A9134804F0B4FA8022A9
:203A60000DF509511148013104F0ADFA6369002BB8D0A2699342B5D8D4F8C03203F50073AF
:203A8000C4F8C0320023C4E90533ABE7D4F8E022802AEBD8044804F23D21E5E7308C00205B
:203AA000348C00204E9C00004198002041B8002000232DE9F04F7B4DA7B0C5E99833FEF725
:203AC000B5F80028FBD02C69002C00F0E780D4F8DC32002B40F0A8800A221E46DFF8C89111
:203AE0007248B9F8001003929AB2914264D8DFF8C08132466F48FFF71FFCD8F800306E4A4B
:203B000003F58043334493425CD8360B06F1010A01266A4FD4F8C4124FF48052A1EB0631CD
:203B200001363868B6B203F0F0FA5645F2D9D4F8C432013EA3EB06339A460026DFF87CB131
:203B40000093B9F80020B3B29A4241D85C4B5D4A1B78D8F800100C331B03C4F8C83203F5DB
:203B60007F23C4F8CC324FF44043C4E9B432C4F8D832554A504B01F54051C4E9B023002366
:203B8000C4F8E032A9F80030009B2046C4F8DC32FFF74CFE4FF44052D8F80010386803F033
:203BA000B4FA04234949386803AA03F0A8FA002864D06FF0240425E030F8022F013306320F
:203BC000164491E74248FFF7B7FB6FF01E0419E04048B2B202F5005330F81330991D01917E
:203BE00050F82210DBF800000DF11602ADF81030CDF8121003F07DFA40B13748FFF79CFB2F
:203C00006FF01D04204627B0BDE8F08F5146019BDBF8000004AA03F072FA013608B12F4849
:203C2000D1E7019B9A448CE70223244E04934FF40052D4F8D012306803F067FAD8B9D4F825
:203C4000D012D4F8E032264A306803F058FA014618B12448FFF770FBB7E7D4F8E022D4F842
:203C6000D032C4F8E0021344C4F8D03217490423306804AA99E76FF02204C3E7D5F85432C0
:203C80006E6A2BB934462146174803F0CBF9B9E71648984704460028F5D1F3E76FF02004FF
:203CA000B0E700BFC8890020C0890020BE690020308C00205F9C000000B01700348C00200F
:203CC0000801002000B0100028C8100000C81000849C0000C0290020AD9C0000BD9C000058
:203CE00041980020CE9C0000E59C0000F88900202DE9F043804691460D46ADF5017D29B10C
:203D00002A4BDA69D3F86012521ADA610024A8450AD8002C3FD0FFF7CBFE3FE0002C26DBCE
:203D2000FDF784FF04461BE0002CF4D1A8EB0507B7F5007F28BF4FF4007769463A464846AE
:203D4000FCF73AFD78BB194EF369C6F85CD23B44F361D6E998239A4208BFC6E99874002488
:203D6000D6E998239A42D9D1012C08BF0024D9F8C0323D443B44C9F8C0320D4B1B78022B9D
:203D8000C5D164236B434246B3FBF8F32946094803F048F9BBE7FFF78BFE044620460DF570
:203DA000017DBDE8F0836FF00904B4E7C88900203E900020029D0000002210B50C4B1C7896
:203DC00084420FD00132072A03F11003F7D16FF0010010BDD2685078C00706D5107820B9D9
:203DE0000B60F6E7DA68002AF4D16FF01200F0E7D08200002C232DE9F3411E4D0F4603FB59
:203E00000055EB682E89D5F820801E440423314640460DEB030203F0E4FC044620B1012440
:203E2000204602B0BDE8F08146F60813BDF804206D899A421AD1BDF806309D4201D00324A5
:203E4000EEE7042340460DEB0302A91903F0C9FC0028E4D146F60713BDF804209A42EED1C2
:203E6000BDF806302B4433443B60D9E7002DF1D0E5E700BFC42700202DE9F0415C4B054659
:203E80005F6800268AB0C7F3080486F31188BFF36F8F02F07F43B3F17F4F07D102F00C0374
:203EA000082B14D145215348FFF746FA002635464FF00008E31E8DF80780092B00F2838095
:203EC000DFE803F00A767A7281818181817E10074CBF0D460126EBE745214748444CFFF7D0
:203EE0002BFA8DF80780E36A9A0705D545214348FFF722FA002432E0E36A002B02DA4521D6
:203F00003F48F5E7E36A5B00F4D545213D48FFF713FA6369AA6943F480736361BFF34F8F82
:203F2000BFF36F8F636932F8022C23F480736361BFF34F8FBFF36F8F4DF602739A4208D033
:203F4000A36ADBB213B301200DF10701FFF79CFB2CE045212A682C48FFF7EEF92C689DF8CF
:203F60000730002B41D12022294602A804F02BF8099BAEB3C3F3080222B96FEA53236FEA93
:203F800043230993204602A9FFF7E8F9A36A13F47F4F05D001200DF10701FFF711FB05E072
:203FA000A36AB3F5803FA5D3FFF7AEFA0446D6E700200DF10701C9E700200DF10701ECE7A1
:203FC0004521124894E7124917F4F87F114A124808BF0A46A4F110034521FFF7ADF989E7E3
:203FE00023F4FF7323F00103CBE70AB0BDE8F08100ED00E06D9D00009D9D0000B99D000038
:20400000DF9D0000F29D0000169E0000379E00003F9D0000549D0000609E000010B572B654
:20402000002484F31388FCF7F3FC23464FF0FF300C4A03F120010133102B42F82100F8D193
:2040400000234FF0FF30074A03F160010133102B42F82100F8D162B6BFF34F8FBFF36F8F3E
:2040600010BD00BF00E100E08FB59D4A9D4B22F07F029A60BFF34F8FBFF36F8FD3F88820A0
:20408000994822F47002C3F88820984A0021121A03F0A4FF9648974A9749121A03F093FF3F
:2040A0009648974A9749121A03F08DFF40F20F14002210B201210132FCF7DCFCA242F8D1B0
:2040C0000020FDF707FA904B03F5006282F3088883F30A88E022834BDFF8308283F8222073
:2040E0000022DA771A765A769A7683F82020596A41F4E021596283F82320596941F01001AC
:204100005961596941F480615961596921F008015961102119614FF0FF319962D962D3F8A2
:204120009010090A11F0FE0F2AD0BFF35F8F7849C3F89420C3F8C01002217648C3F8982015
:20414000C3F89C10C3F8A0000120C3F8980000F10050C3F89C0000F57F3000F2E230C3F82E
:20416000A00088F80010D3F89000C0F30720814217DB0522C3F89420BFF34F8FBFF36F8F4F
:20418000654998F800404E68002E00F085801F2E22D8002245216148FFF7CEF86FF015041C
:2041A0007AE0C3F89810C3F8A0200131DBE72046C3F89850D3F89C2026F01F0602F01F02F5
:2041C0001643C3F89C6003F0A8FA61E04F45EED1E8B203F0A2FA5FE0F206DAD10A68D30650
:2041E000D7D1104603F001F8164406F1FF390546484602F0FAFF85426BD115F1160F6AD020
:20420000A54268DA374BC3F89850D3F89C00C3F89850D3F8A07020F01F00824247F01F071B
:20422000D4D0013AC3F8985022F01F00D3F8A0204F4502F01F0242EA0002C3F8A02020468A
:20424000C1D003F06AFA10F1160FA7D0254B013FC3F89850D3F89C109DF80820013061F3CD
:2042600004028DF80820D3F8A030009626F01F0637445B08D2B2A7EB090763F3471227F055
:204280001F076946C0B28DF808200397FFF7D6F810F1160F82D0441C012088F80040FDF71F
:2042A00019F90220FDF716F9002383F30B881C4C1C4DA4F5A04686F30B8884F30988002017
:2042C0001A498847184619461A46A84718488047FEE76FF015052A46452113485CE700BFE8
:2042E0000000000000ED00E038010020C4B80020400000203801002018B10000400000201A
:204300004000002018B10000C808012040980020AAFF4400E1CF1700D8960000789E000053
:20432000C8080120294A0000A09E0000DB790000E979000030B50D46816887B0102302AAEE
:204340001039044603F04DFA002802DA012007B030BD1022204602A903F00BFB00283FD153
:204360001022204902A803F01EFE00280CBF012302232B70A1680123203921F00F01204605
:204380000DF10702203903F02CFA0028DEDB9DF80730204603F00F021B096A702B710122D0
:2043A0000DF1070103F0E5FA10B96B78042B03D901236B7000232B71A2682046203A22F0D4
:2043C0000F02103AA91C03F0E5FA0028BED1A2682046203A22F00F02E91C03F0DBFAB6E7DD
:2043E0000323C6E76C97000030B5816885B0103921F00F04054603F077FA102201466846A1
:2044000003F0ECFD10226846064903F0DCFD10236A462146284603F04DFA003818BF0120A3
:2044200005B030BD6C9700002DE9F04F0025DFF8F081ADF2145D04460E467A484921FEF746
:204440007BFFD8F824305B6807932B46079A2F4613449E4205F10105F8D8FCF701FE2A4675
:20446000009049217048079BFEF766FF204603F042F920B34FF4C062D8F85C30D8F828600E
:20448000534300225033013E07990A449A4201D2013EF9E7AE4212D857216448FEF74CFFA8
:2044A0000799079BBA1C73434A4361485721FEF743FF0123E3710DF2145DBDE8F08FD8F86D
:2044C00020B05C4F5C4B8BAE3B603246202300215846D8F84C9003F084F900205A46314619
:2044E00002F078F9282332465449386802F001FE00287BD13368524ADFF848A1934266D1F1
:204500000A238AF800300E234C490B93386804230BAA02F0F4FD002868D14B4802F082FD94
:2045200071684A4B01F586121960494B02F628020B44C2F30B029A1A464BB1F5005F1A607B
:2045400068D201234448037000929AF80020434802F068FD6368424A03F0FF23934229D19D
:204560002368012B26D131464846FFF7E3FE3278012A52D03B4B3C49032A08BF0B46F27800
:2045800049210292B2783948019272780092384AFEF7D2FE3378032B0CD1484601F052FE97
:2045A000484603F076FA4846A16803F063FA4846FFF71AFFFCF754FD492102462D48FEF726
:2045C000BBFE6379012B40F09B802F4692E00E2B03D10A238AF80030A2E70A2B01D1022347
:2045E000F8E7022B08BF8AF8000099E76FF02401214802F017FDD9F80820002A3FF45BAF93
:20460000D9F80410D9F80C000DF2145DBDE8F04F02F07BBDC1F3473394E7184BAFE700BFF9
:20462000C4270020D79E0000009F0000379F0000669F0000348C0020F880000000C8100050
:204640004E4557503E900020979F0000BC01002028D81000308C0020080100200AA0000060
:2046600000010004D39E0000CD9E000065A0000055A00000A6A00000CE9F0000C89E000046
:204680002168C1F101032B44BB4232D3B14AD8F82430127818683A44013A53F8322003EBFD
:2046A000C70353F8083C121A1B1A0129099208930CD1E368022B06D0584601F0C3FD2146FF
:2046C000584601F027FD484601F0BCFD079B594600935846DDE9082301F048FD204601F0FF
:2046E00073FD23680133236018B19B4A136801331360013F002FC3D1012323600323637194
:204700004FF439720021304603F068FC9AF800300A2B4AD14FF4404100278E4BDFF83CE2F2
:204720001A78DFF83C820C32120302F57F23C6F8CC328C4BDFF830C2C6E9B4138B4B8C48EA
:204740001F808C4BC6E9B00CC3F800E0DFF828E2DF61C3F804E0D8F800E09F62C3F808E0C9
:20476000DFF818E21E61C3F80CE01F75C3F854724FF4E023C6F8C822C6F8D812CDE90013CE
:20478000CDE903C74FF480134FF4006102907C4802F048FC32463946D8F80000FFF7A8FA34
:2047A000B84273DD02238AF80030FCF759FC492102467448FEF7C0FD734B1B78022B40F0C2
:2047C00086800DF50B784046FFF7F8F800285DDB684E6E4A624B32601B68674AC6F8108053
:2047E000C6E9012300236A4AF361F260B362D8F8C0223375C6F85432664B9A425CDD664842
:204800000DF12C0A4FF4007352465949006802F070FC00283AD14FF400733769C6E99830AE
:20482000C6F85CA2FDF792F997F83C32824633757B684FF40472F361BB6807F12C01336203
:20484000FB6806F14400B3623B69F362FB6973637B6AF3633B6AB36397F8283086F84030A7
:2048600003F0B1FB7B69C6F86032BB69C6F86432D7F8E032B3F5005F03D33846FEF7F4FFC9
:204880008246BAF1000F17DA08233375042363716379042B7FF40FAEDFF8B8803F4898F876
:2048A000001002F0BFFB0126DFF8ACA0AE4216D9012323606371FEE5D8F8C012284BA1F50A
:2048C000861142461868A1F62801FFF711FAFCF7C7FB492102463248FEF72EFDD8E721682F
:2048E000B14234D82F4B98F800205B6A3244013A186853F8327003EBC60353F8083C01293C
:20490000A3EB0003A7EB000708930CD1E368022B06D0584601F096FC2146584601F0FAFB9B
:20492000484601F08FFC079B3A46594600935846089B01F01BFC204601F046FC2368013378
:20494000236020B1DAF800300133CAF800300136ACE700BF08010020C00100204D070000F4
:20496000BC01002000B0100000B01700C089002028C81000C88900204D71000019710000B1
:20498000D3A0000065A100003E900020651D00001139000027C81000348C0020AFA10000B5
:2049A0008AA10000C4270020002273B50446CDE9002202F0A0FE28B3174E184D3368AB4298
:2049C00003D1104601A9FFF715FAF36AAB4203D169460120FFF70EFADDE90032934288BFFE
:2049E0000193019BA36020460199FFF71DFD0C4B1A68002A03DD57210A48FEF79DFC002019
:204A000002B070BD01F0CCFD04F1080102F046FFA3680193E7E700BFC42700203DB8F39613
:204A2000C00100200EA2000001252DE98048B34B8FB003201D70FCF74DFD0420FCF74AFD59
:204A40004921AF48FEF778FCAE4C60220021204603F0C4FAAC4B0220636204F1200103F5EC
:204A600080532365FFF7A8F910BB052004F14C01FFF7A2F930BB4FF400760220626A0AA93C
:204A80000A9602F064FEF8B1324657219F48FEF753FC012384F858308DF82F3094F858303E
:204AA000FF2B40F0BD8145219948FEF745FCFEE700250222CDE90050002345219548FEF752
:204AC0003BFCFEE70522F5E70A9B0520226D0AA9A3620A9602F03BFE78B1324657218B48EF
:204AE000FEF72AFC84F85850002001F07BFD804650B1002257218848C9E70A9B206A636516
:204B000002F0EBFEE065EFE701230A9303F10123CDE90B300D9006A9206AFFF70BFC9DF86D
:204B20001820012A00F0A8807C4B7D49032A08BF0B469DF81B20492102929DF81A207948CA
:204B400001929DF819200092774AFEF7F5FBE06C08A9FFF7EFFB9DF82020012A00F08E80E1
:204B60006E4B6F49032A08BF0B469DF82320492102929DF822206B4801929DF82120009224
:204B80006A4AFEF7D9FB9DF81830012B78D19DF81A30032B74D19DF82030012B70D0492139
:204BA0006348FEF7C9FB0223276A0D933B78022B40F09D803846E56D02F08FFE40F2FF533B
:204BC0004FF4C069BE685FFA85FA503E03FB0A664FF0FF35012309FB10669B4631460123E2
:204BE000384608AACDF8109002F0FBFD031E09F1FF3905937EDB0122384608A902F0B9FEF7
:204C0000059B002800F0A0805B4501D008F10108A6EB0A06B9F1000FDFD1B8F1010F03DDA6
:204C200045214448FEF788FB6A1C09D0B5F5007F80F2908040F2011301350A95ADF82C30E4
:204C4000B9680123203921F00F01384608AA203902F0C7FD00284DD10122384608A902F0CC
:204C600088FE10B101238DF820309DF8203003F00F038DF82F3009E02F4B5AE72E4B74E7AE
:204C800049212E48FEF758FB00230D939DF82F309DF82D2000930A999DF82C30284802F0CA
:204CA000C1F90AA802F027FD002869D10AA8FFF77BFE9DF82F3084F85830033B012B05D8B0
:204CC00003F051F910B1FF2384F858309DF82F30023B022B4CD803F02FF9002848D0FF23B1
:204CE00084F8583045210A48FEF726FBFEE7052B3FF460AF002257211248C8E63F980020F2
:204D00003DA20000C4270020C4070020A3A20000E1A3000056A20000E5A20000D39E000005
:204D2000CD9E000065A0000011A3000055A000001FA3000055A30000C89E00003EA3000059
:204D4000A2A3000078A30000049AB5F1FF3F08BF15465DE70223A5F500758DF82D306B107A
:204D600005F00105013301350A938DF82C5067E794F85830FF2BB5D00AA801F033FC88E6DF
:204D80009DF82F60012E30D101F098FC831E022B054611D830460AA902F072F8B0B9E8B2B0
:204DA00084F858008DF82F00012827D83FF476AEFF2384F8583071E6C0B2042884F85800FD
:204DC0008DF82F00F0D9052807D0F1E7012807D0052384F858308DF82F3003F0C4F81CE0BF
:204DE00084F858008DF82F0058E601200AA902F047F80028ECD19DF82F00DEE70AA8FFF7D2
:204E0000D3FD94F85830023B022B3FF647AE03F0AAF80028CCD103F08FF80028C8D13DE662
:204E20000020012B08900CD10021084602F028F8054650B9089B01330893089F012F0ED0B5
:204E4000FEE701F0CFFB0028EED0102200210AA803F0C4F845216A48FEF76EFAFEE7236A31
:204E6000014610220AA8D3F8048003F0B7F8492142466448FEF760FAE38A49210093637DDF
:204E8000227D6148FEF758FA49216048FEF754FA228967234244DFF87881AA46D8F804409F
:204EA0005C4EE443DFF87091326004F06704C9F82833002C40F082804FF001094FF0FF3720
:204EC000E420FBF7C5FD544B544DD3F84827C62022F00102C3F84827D3F8102522F0010266
:204EE000C3F81025D3F8102522F00202C3F81025C3F86490C3F8689088F80040C5F8087362
:204F0000FBF7A6FDC5F82C90C5F85041D5F85031C5F84C41D5F84C31C5F82441D5F824310F
:204F2000C5F8004505F578354FF48270C5F80873FBF78EFDC5F82C90C5F85041D5F85031C9
:204F4000C5F84C41D5F84C31C5F82441D5F82431334BC5F80045C3F80873BFF36F8F72B6EB
:204F60002346304A03F120010133102B42F82170F8D14FF0FF3104F160030134102C42F8C4
:204F80002310F8D10024284BC3F80444FBF740FD84F30B8884F30A8833681B6883F3088815
:204FA00084F31488BFF36F8FBFF36F8F33685B68984745211D48FEF7BFF9FEE7D8F80830DC
:204FC000E9B207FA01F202EA030010F0670F13D023EA0203C8F80830D8F80430DB4303F0DB
:204FE0006703134208D009EB0113C3F82CA5E30702D50F48FCF792F86408013559E700BF50
:20500000EDA3000010A400003FA400005DA40000400000202428002000200E5000600C5062
:2050200000E0105000E100E0002008E082A400004400002008B501233E4A3F48C2F80038FB
:205040003E4AD2F840231C2A04BF3D4AC2F80C34FCF74AF80830FCF747F80830FCF744F80B
:205060000830FCF741F800F5F470FCF73DF8354AD2F88C3043F44063C2F88C300022D30001
:2050800003F57F0303F54043D3F8001401310AD0D3F8001439B1D3F800140132D3F8043452
:2050A000402A0B60EBD1234BD3F84024002A3DD0FCF70AF848B1214BD3F83423224B9A42C6
:2050C0009EBF1C4B214AC3F84026FBF7FDFF18B11F4B204AC3F8AC27FBF7F6FF48B1342231
:2050E000144BC3F82426D3F83C2622F40022C3F83C26124BD3F840331C2B08D1164BD3F8E3
:205100000026D20744BF6FF00102C3F800260323124A0C49C2F81835D1F88C3043F440630D
:20512000C1F88C300023C2F8A03508BDC822C3F84024BDE70000125000C50D5000C0FF0093
:205140000030055000ED00E0001D0A1840E0A91E00A0085078000A0400E0105000B0045015
:2051600010B50A46044620B119B1054B00211B689847044B2046BDE810401B68184700BF17
:20518000D4000020D80000202DE9F0430446002793B00DF11F05DFF8748025F01F051022CE
:2051A00001231B4911F8010D013A03440B704FEA1323F7D1E81901F003F9A946064600BB38
:2051C000D8E90C321037013342F10002302FC8E90C32E4D154B104F1300299F8003014F824
:2051E000011B4B40A24209F8013BF6D120222946064802F0E8FE1022064805F1200102F0C0
:20520000E2FE304613B0BDE8F08300BF380100206801002058010020074A1368591C116091
:205220004BB9064A4820D2F8003443F00703C2F80034FBF7FFBB7047C4010020008004506D
:2052400010B5124B1C68013C1C60ECB94820FBF7FFFB07220E4BC3F80823D3F8002422F08D
:205260000702C3F80024C3F80041D3F80021C3F80441D3F804214FF48072C3F80841D3F86A
:205280000831044BC3F8882110BD00BFC40100200080045000E100E010B51E4C4368B4EBA3
:2052A000132F4FEA132215D142691B4B9A420CD003F5FF437D331344012B03D80388B3F514
:2052C000105F1DD06FF0860019E047F2121302889A42F6E7114B9A42F4D1028802F44F43E4
:2052E000B3F5824F0ED1438844F21210073382424FEAD30301D15B00013300200B6010BD6D
:205300000223FAE7B2F5885FFAD143880733DB08F3E700BF004E800001C0FF7F4B4E800087
:2053200008B5FCF73DF901230360104B0A6832B9D3F80C211AB9D3F80821002AF6D00B6826
:205340007BB90B4B99420ED0A3F58473D3F80831002B0CBF4FF0FF306FF00200FCF720F9A6
:2053600008BD0020FAE74FF0FF30F7E7005004500851045010B50446012001F007F9064B58
:205380000649C3F800450648FFF7CAFF0446002001F0FCF8204610BD0050045008510450DE
:2053A0000850045038B5064D0C46C5F8000505490548FFF7B5FF10B9D5F80835236038BD5D
:2053C00000500450105104500C50045040292DE9F04104460E462FD80378033303F00303C5
:2053E000012B21D86FF0210002F0B3FB054640B913493246204602F0E6FD4021104802F06A
:2054000006FC2846BDE8F081637838462B44C8F80035FFF785FF68B901352378C3F38203A2
:205420009D42F1D30020DFE70025DFF818800649064FF2E70220D7E76FF08905E1E700BF7E
:20544000000000200050045004510450045004502DE9F7438846DDE90A791E46A8495368C0
:205460001446B1EB132F05464FEA132203D0A54B9A4240F04281A44BEB1868F10002032B2E
:2054800072F1000249D2A14BEB1868F10002022B72F100029E4B1ED39E4A01A8C4E9002375
:2054A0009D4BE3604FF47053019302F023FB019B0146A3602046FFF7EFFE48B9019B9F426A
:2054C00002D26FF0890003E0C9F800300020707003B0BDE8F083914A01A8C4E900234FF0DE
:2054E0000823E3604FF44043019302F003FB019B0146A3602046FFF7CFFE0028E8D1019B68
:205500009F42DED3C9F80030854B804508BF9D4214BF012302233370D8E76946284602F040
:20552000A6FB0028D4D1B5F1F80348F1FF38022B78F10008C0F0D28002F075FB0028C7D12A
:205540009DF8001011F00F0240F0CB80BDF80230C3F3C113013BDBB2022B00F2C5807148C2
:2055600001F03001C05C704B102943EA000363602CD16E4B2360204601A9FFF78DFE002814
:20558000A6D1019B9F429CD344F212122188914204BF042206F8012BC9F800309DF8003009
:2055A0003278C3F3011363F3010232709DF8022008BF07F1FF37C2F30212042A009B68D8FE
:2055C000012A6AD870D06FF0980081E7134690469DF803105648490899B901A8CDF80480B5
:2055E00002F088FA9DF80220019902F00F03033BA160072B7ED8DFE803F0307D0F7D7D1D8E
:205600002226CA0705D5062B71D850F8232048EA020849080133DFE74FF410534549C2F322
:205620000212013A2380E160032A1CD8DFE802F0192A2C2E4FF410534FF00821EFE74FF499
:2056400010533D49EBE711F4A05F47F2421144F2421318BF0B463949E1E74FF410533849DB
:20566000DDE7802262809DF8002012F0300F82D1B3F5105F03D118F0030F3FF47CAF6FF0D7
:20568000960025E7C022EDE7FF22EBE74FF48072E8E7052A97D1032206E044F21211228816
:2056A0008A4214BF0222042203F03003202B00D102323378757062F384033370238803F4DA
:2056C0004F42B2F5824F04D139463046FFF77EFEFEE6B3F5885F7FF4FBAEF5E76FF0860035
:2056E000F6E66FF08800F3E66FF09100F0E66FF08300EDE66FF09200EAE66FF08B00E7E61B
:20570000004E80004B4E8000FF3F0080FE3F008003004E8012710001090600060024000198
:2057200003C0FF7F46A50000004B4E800110800150830000004440040002C0030008000664
:2057400000025005BFF35F8F4FF0A3430022DA61BFF35F8FBFF35F8F4FF0FF321A63BFF3F1
:205760005F8FBFF35F8F3422DA61BFF35F8F0122014BC3F80423704700800450EF2938B589
:20578000044624D903681D6815F0400522D1FFF743FD01212176FFF7D5FF104B2846636050
:2057A00023680F4A1B68C4E90355A36204F12C03236204F128036362E3671323C4E9212379
:2057C00004F18C03E361074BA160636138BD6FF02200FBE76FF00200F8E700BF40830000D0
:2057E00004000020C5150000014610B5164C0B691B68980302D4204601F07BFE0B691A680F
:205800000B6812F4003216D003F58050406A10F4A02F14BF012000200028E8D132B103F5E2
:205820008052526AD1070AD492070AD4BDE81040D868FBF79DBFD868C0F30040ECE70820FC
:2058400010BD0220FCE700BF8801002010B5154B186D28BB1A684FF0010C91690824C1F3D9
:205860000B02482A5A6528BF482211F4003F9A6508BF0022DA65CA0358BFC3E9150001F494
:205880007002B2F5700F08BF986D0029B8BF0022C3E919C4B8BFC3E91922012298651A655C
:2058A000014810BDC8010020180200202DE9F04F874DA1B06A780DF17709022A2B7829F0ED
:2058C0001F0901D1072B63D013F001044AD1DFF804A2DFF804B2DAF800205A453FD0FFF7A6
:2058E0009BFC7E4B01211C607D4B48201C607D4AFBF7C0F87C4B7D4952F8040B43F8040B5D
:205900008B42F9D100237A4CE3667A4B236003F5C0436360FFF79AFFA8B1636DF820B3F540
:20592000007FCCBF4FF480634FF400730AA9A360FFF738FD88BBF9200AA9FFF733FD60BB50
:20594000FFF77EFC08E00E2002F003F90446FFF777FC002C40F022812B78CAF800B043F0D9
:2059600001032B702B789E0706D40121624A43F0020382F880152B706A782B781AB9DC077B
:2059800044BF02226A7058075CBF43F004032B700024204621B0BDE8F08F584ED6E90C3295
:2059A00013432BD0D6E90C32023342F10002B2F5803F4CD220270DF12808102F39464FF039
:2059C000100228BF102101234D4810F8014D013A234403704FEA1323F7D14846019100F032
:2059E000EFFC044670BB0199002F48D1D6E90C32013342F10002C6E90C32DEE7B26B414BA4
:205A00009A42D7D000231A46F2540133402BFBD10AA800F033FC80B90AA8FFF7B5FBA0B914
:205A2000034602460AA9CA540133302BFAD100230122C6E90C23334BB36302F08AF8044634
:205A40000028AFD0FFF7FCFBA8E00E20F5E70AA800F014FC80B90AA8FFF796FB044600288A
:205A6000F0D103460AAA13550134302CFAD100220023C6E90C239DE76FF09204E2E74A46AF
:205A800008EB010312F8010B08F8010B4345F9D19846D6E90C32013342F100027F1AC6E90F
:205AA0000C328AD13846FFF76FFB04460028C9D14FF4807303A8039302F01CF8039E02F053
:205AC000B2F8044600B320210AA802F0A0F8B9E7BC070020D0000020117365008C01002099
:205AE000880100206C83000000C080511CD38051C801002000208051380200203801002030
:205B000068010020B4A5B4A50422394602A802F065FA9DF8083016F0030223F03F038DF8F8
:205B2000083040F0F48039464FF0010C9DF80B307B485B0850F8044B264206D00CFA07F1F5
:205B40000B43012103F07F0322430137072FF1D129B19DF80B1063F347018DF80B1036EAE3
:205B6000020440F0D780BDF80A30F82023F4F87343F0C00303A9ADF80A30FFF713FC28B1B0
:205B8000F92003A9FFF70EFC002839D120210AA802F03DF86FF08A04FFF752FB2B785F07BB
:205BA00000F1BB8043F0010399072B7019D55D4E0027B0464FF0010A4FF003093046C6F8C8
:205BC00020A086F81C90013701F071FF202F06F12C06F3D1002388F880352B7823F00203F3
:205BE0002B700021504B04221B6869704F4898474F4B2B78DA0744BF23F001032B70C8E6D5
:205C000018222146012703A802F0E8F94FF602034FF0FA08DFF81C9138460993079700F086
:205C2000B5FC03ABC9F8008548464349C9F80435FFF776FB0646204600F0A8FC46B12021C6
:205C40000AA801F0E4FF6FF09204FFF7F9FAA5E71C22314603A802F0C1F9384B042202A9F4
:205C600009A8089302F0AFF9BDF80A301022C3F3C1130AA903A8079302F0A5F9384600F09D
:205C800085FCF823C9F8003503AB48462A49C9F80435FFF745FB0446304600F077FC2CBB89
:205CA0001C2103A801F0B3FF4FF0FF33DFF890C01022CDE908C3BDF80A300EA9C3F3C113DE
:205CC00003A8079302F07FF9384600F05FFCF923C9F8003503AB48461749C9F80435FFF7AE
:205CE0001FFB0646204600F051FC16B101F09BFFA5E703A81C2101F08AFF4046FFF73AFBAA
:205D000000289CD120210AA801F081FF18E66FF08604D8E66FF08504D5E623F0040341E700
:205D20005083000038020020D4000020C0070020BC0700200050045000510450400081511D
:205D40005000815138B50E4D0446C5E90415FFF763FA04220B4B0C49C3F804232B68DA68ED
:205D6000D20309D403F580535B6A13F4A02303D1C4E90053204638BD084601F0BAFBEDE720
:205D8000C801002000800450880100200422054B10B5C3F808230446FFF752FA0023236149
:205DA000A36410BD0080045037B56C4605460068FFF7ECFF20460D49FFF7C4FF94E8030015
:205DC00085E80300002100F04DFB0446686050B9286801F0C5FF2868FFF706FD044610B9FE
:205DE0002868FFF7D3FF204603B030BD0882000008B5244B1B789BBBBFF35F8F4FF0A343E1
:205E0000986ABFF35F8FBFF35F8F4FF0A343DA6BBFF35F8F10F0240F02F0230226D0BFF344
:205E20005F8FDA69BFF35F8FBFF35F8F10215963BFF35F8FBFF35F8F00215963BFF35F8F47
:205E4000BFF35F8FD96BBFF35F8F4906F8D422B1BFF35F8FDA61BFF35F8F6FF01F0008BD12
:205E6000094801F046FB0028CDD1C5E74FF0FF30002AF4D1BFF35F8F1863BFF35F8F1046BF
:205E8000EDE700BF3F9800208C010020BFF35F8F094A1368BFF35F8F43F48071BFF35F8FF5
:205EA0001160BFF35F8F23F48073BFF35F8F1360BFF35F8F704700BF0010805102480B1A4E
:205EC00058425841704700BF000800062DE9F0411E465A4B0F460360F02104469046FFF7DC
:205EE0004DFC054688B9237E57F8252058F82500002B00F0A08048B3A368062B08D904F1DB
:205F0000180001F0CFFE6FF044052846BDE8F081B0F1807F06D304F1180001F0C3FE6FF0E8
:205F20003F05F2E7E3691A60E36998606268E369D268DA60E3691033E36123690344236186
:205F4000E3680344E360A3680133A3600135AE42C9D1237E002B6ED0D4E903239A4204D0CD
:205F60002268A36A52685340A3626369069920469847E36904F17C02A3F11001914252D827
:205F8000012243F80C2C53F8042C42F0200243F8042C53F8082C42F0005243F8082C236A32
:205FA00004F12C02A3F11001914240D8012243F80C2C53F8042C42F0200243F8042C53F813
:205FC000082C42F0005243F8082C636A03F15402BFF35F8F4FF0A3431A60BFF35F8F626AD8
:205FE0000432BFF35F8F1A61BFF35F8FBFF35F8F03225A63BFF35F8FBFF35F8F9A63BFF33F
:206000005F8F4FF0FF3504F118066B1C7FF47DAF237E83B1FFF7ECFE421C0546F8D030464A
:2060200001F040FEF1E7103242F80C2CA6E7103242F80C2CB8E76FF0200566E73497000029
:206040002DE9F0431D46314BD9B0CDE90601CDE90435222120230DF13008CDE90813CDE9A0
:206060000A3207460323CDF8008009AA05A91CA8FFF72CFF0446002843D1FE7FEB7FF6097A
:20608000DB0923494FEA467602A818BF46F08046FFF758FEDDE902949CBB314648461CAA74
:2060A00001F0C0FE044660BB202241461C9801F007FE20221D9814A901F002FE1E9C2022B8
:2060C0002046394601F0FCFD2022FB7FA91803F07F03E3771F9801F0F3FD209C20222946A0
:2060E000204601F0EDFDEB7F484603F07F03E37701F036FE4846FFF777FB04464846FFF7AF
:2061000045FE204659B0BDE8F08300BF09010020F896000030B50D46134B85B0044602A97E
:20612000D86CFEF707F9EB79012B0CD08DF80730A3682046203B23F00F010DF107020123E4
:20614000203901F06AFC9DF80B30012B02D1204601F09FFCA968204601F08CFC2046FEF783
:2061600043F9002005B030BDC42700202DE9F84F06460F46904699460024DDF828A0DFF8CB
:2061800044B0A24501D800200FE0AAEB0405B5F5806F28BF4FF4806530462B46094A04EBCD
:2061A000080101F01EFB10B10120BDE8F88F2B465A46384604EB090101F07CFB0028F3D1E2
:2061C0002C44DEE73C8C0020F0B51D4F05463E6A85B0304601F081FB4FF4C0636A795843A2
:2061E000012AFB6D04BF00271946B4682A79A4F1500402F1FF3203FB02441CBF59005F021E
:206200002B68241A013B30463C4401FB034401F064FB0746304601F067FB102201466846AB
:2062200001F0DCFE2B796A468DF8003021463B46304601F03FFB003818BF012005B0F0BD6F
:20624000C427002038B50C4B0546DC6D01F045FB844203D2284601F040FB04464FF4C06246
:206260006243A96864425032224001232846891A01F041FBC00F38BDC4270020F8B50546B5
:206280004B4C4C4EFEF7C8FFFFF700FEBFF35F8FE368BFF35F8F9B08013BBFF35F8FA36010
:2062A000BFF35F8FBFF35F8F00232364BFF35F8FBFF35F8FF1226264BFF35F8FBFF35F8F9B
:2062C0004FF400726263BFF35F8FBFF35F8F2660BFF35F8FBFF35F8F226BBFF35F8F5108B8
:2062E000C2F34202052A5AD011F0060FF2D02BBBBFF35F8F6268BFF35F8F032AEAD92E4B1B
:206300002B4F2E4ABFF35F8FD7F88010BFF35F8FBFF35F8F43F8041BBFF35F8F9342F1D1BB
:20632000FFF7B4FDBFF35F8F3B68BFF35F8F43F00103BFF35F8F3B60BFF35F8FBFF35F8F21
:20634000A368BFF35F8F01331B012F2B2AD9BFF35F8F6368BFF35F8F9B002F2B25D9BFF335
:206360005F8FD4F88030BFF35F8F3024104A291D05F8013B8D424FEA132304F1FF3405D0AB
:20638000002CF5D1FEF75CFF2046F8BD002CF9D0BFF35F8FD2F88030BFF35F8FE7E7FEF72E
:2063A0004FFF6FE76FF03F04ECE7012392E700BF0010805101000400101080512010805190
:2063C0004FF4807310B592B0019301AB06931123204A2149CDE908230AAB079340F6110226
:2063E0001E4BCDE90C120A9320330E9321230EAA0B921B4A0290CDE910230123CDE9033247
:206400000F9320230593FEF707FFFFF79BF9BFF35F8F4FF0A34306AA1A60BFF35F8FBFF339
:206420005F8F02AA1A61BFF35F8FBFF35F8F03225A63BFF35F8FBFF35F8F9A63BFF35F8F48
:20644000FFF7D6FC431C0446FAD0FEF7F9FE204612B010BD04000020200000203801002063
:20646000100000202DE9F843036904469D681B684668B3F5003F0BD10023E364FFF7E6F9AD
:206480000369002B48D12046FFF780FC122041E0C76C002FF2D1DFF8DC90D9F84034012B48
:2064A0001CD0B723DFF8D08034493548C8F80035FEF736FF50BBB82330493148C8F8003509
:2064C000FEF72EFF10BBB9232C492D48C8F80035FEF726FFD0B90123C9F840340121294A83
:2064E000136803F580539962002199625968C806FCD488060AD4D96A0121996019605968DC
:2065000001F02300490727D40028F8D02046FFF73DFC0120BDE8F8834168E36023691A685C
:20652000236822F0FE02920503F58053920D1A6223691B68D80048BFE368284644BFCB1AB2
:20654000F61800230028E5D0C20742BF9A00166001330E444010F5E7DB6AC3F38123032BD4
:2065600001D00949CF561766022223689A60012383E700BF0080045000500450045104503F
:2065800004500450C801002084A80000034BC3F80005D3F80024D207FBD5704700B00450DD
:2065A0001FB50D4B6A461C6A1023A1682046103901F017F9034640B1227845210748FCF711
:2065C000BBFE0024204604B010BD10226846044901F0E9FCF6E700BFC427002065A5000043
:2065E0006C9700002DE9F341DFF8C8800646474640B10024304601F07EF828B123461C46C0
:20660000002122E00346FAE7FFF7CAFF20B101A901F044F9054630B10120012C00D100205A
:2066200002B0BDE8F0817B6A019A596803460B449A4205F10105FAD87379012B16D134BB21
:2066400032682346AA4298BF21462C2202FB037520234246286A01F0C4F80028DCD1D6B95C
:20666000012CDCD0012308F12C08C8E7022BC5D13368012B04D9AB42C0D884F00103BFE737
:20668000BCD134B13379023B18BF0123B8E72346B6E72346D9E7D8F80020074B9A4205D1E2
:2066A000012CBCD0012408F12C08A3E74FF0FF30B3E700BFC42700203DB8F39630B585B0DB
:2066C0006946022001F098F9044610B1FF2005B030BD052002A901F08FF9012840D12246B0
:2066E00049213348FCF728FE324B8DF80C40029300229DF800109DF808002F4C2378042B10
:2067000006D0052B2FD14B1E18BF0123002B39D06378042B05D0052B2CD1431E18BF012373
:2067200083B3A378042B03D09DF803509D4229D1E378042B03D09DF80B509D4222D123798A
:20674000042B1BD16279022A28D11C4B1C4800224921FCF7F1FD6079831E022BB7D9B5E713
:206760000028C5D0B2E7A3EB010CDCF1000343EB0C03CBE71D1A6B426B41D1E79DF802503A
:206780009D42DFD00132032A04F10604B6D10D4800224921FCF7D0FD012098E7032A05D042
:2067A000094B0A49042A08BF0B46CFE7084BCDE7B4A500000301030387A8000091A5000067
:2067C000FFA5000023A60000A2A500009BA5000096A500002DE9F04FF9B002AF2523044649
:2067E00007F1E800C7E9082101F0D1FA0346A0B907F1680207F1A80107F1E80001F004F8B2
:2068000058B9B7F86830012B07D1D7F8A810386A07F1500200F0E5FF38B14FF0FF3528460B
:2068200007F5EE77BD46BDE8F08F97F85030012BF3D1D7E908214FF6FF7307F1500001F0F8
:20684000A6FA0028E9D1636AE16D5A684FF4C06303FB012153424F311940A36A606D013BCF
:20686000534342435B1A521A934228BF13467A6E9A42D2D84FF0FF3507F1360307F13402C7
:2068800007F1380107F1500000F0BEFF0028C4DB40F0ED823A6DB96BFB8E6AB17A6D5AB10B
:2068A000FA6D914208D34FF6FF74934830F8022BA242B2D09A42F9D1242BDDD1BB8E402B1E
:2068C000ABD1386A07F1680200F08BFF0028A4D13B6A5B687B617B6A1B893B617B6ADB6890
:2068E000FB607B6A5B89BB60FEF7E0FF0546002800F08C82024645218048FCF71DFD4FF052
:20690000FF35B9E72C2303FB0494204601F0FFF88046002800F0C38010F18C0F06D199F84B
:206920008035002B40F089826FF08808424645217348FCF701FD013DE3E7204601F0E7F875
:20694000204601F0B4F880460028EFD1267F002E4CD101236B4A31462377626163601C22E8
:2069600007F1E80001F03AFBE220C7E90F6607F1A80101F07CF98046002864D1B7F8AA3037
:20698000C3F3C113013BDBB2022B23D85E4A0021D25C5E4B1343C7F8EC30DBB2002B626928
:2069A00008BF00220346C7F8FC20CDE9000007F1E802E220FEF74CFD10F18A0F804611D1B0
:2069C000D7F8EC3052491A0AB1EB132F11D0514B9A420ED0204601F06AF86FF08608A5E7C6
:2069E0003446B3E778BB204601F061F86FF096089CE707F13C0107F1E800FEF74DFC804607
:206A000008BB636AD7F83C8033BB434B41461B68012098470346606220B307F14006C4F8FD
:206A20002880E220CDE90086002107F1E802FEF70FFD8046C8B1606A10B1A16AFEF790FB17
:206A40000023C4E90933204601F031F818F18C0F08BF6FF0870869E76FF08A08204601F0B9
:206A600026F863E76FF08C08F8E7A446336807F1E806A3620FCEACE80F0096E807008CE8F3
:206A8000070004F1080001F035F8237F012B1AD0204601F03CF8804600287FF447AFA3682F
:206AA0002688190509D53046E168FFF707FA68B930462169FFF702FA40B9204601F034F8E7
:206AC0006FF0840832E702232377E1E7636810484FEA132CB0EB132FD4E909121ED00D4B95
:206AE0009C451BD0BCF1000F18D0204601F01CF86FF085081AE700BF7C97000049A600000D
:206B000068A60000E230FF7F46A50000004B4E80004E80004B4E8000DC00002006F44F4364
:206B2000B3F5824FE1D126F0FF00B0F5824FC7F81CD002D0B0F5E24FD7D1F6B2422E6388A1
:206B400046D1EE4603F10806F6080736F608AEEBC606B546FF2B02AE40F09380A54BBB6126
:206B6000A54B9C4540F0AE80022A4ED14FF480790B7807F1280A7B6007F1E80850469F4971
:206B8000FFF7E0F89AE8030088E80300D7F8EC30002B3CD1D7F8E8B079685846FFF762FCD2
:206BA0000346C7F8EC0090BB584601F0D9F85846FEF71AFE10F1020F834668D14046FFF7FB
:206BC000F3F8034618BBB9F10109D7D15B461EE0412E0DD1DE1DF6082FD0EE460736F608FF
:206BE000AEEBC606B546FF2B02AE4AD1844BB6E7302E25D1B3F5A07F46D035D823F0200261
:206C0000C02A41D0B3F5807F3ED06FF08603184600F09FFF10F1860F0646D7F81CD03FF420
:206C200064AF204600F080FF8046002E40F0DF8000287FF47BAE01257DE6D7F81CD054E7A6
:206C4000E3D8123EF6B2192EDFD801226D49B2401140C9B9D207D8D5B3F5807F14D009D8F3
:206C600023F02003C02BCFE7B3F5C07F0CD0B3F5007FC9E7B3F5C07F06D040F209229342B4
:206C8000C2E7B3F5E07FBFE76FF08503BFE7002899D1D7F8E8A0504601F04AF8DAF80CA0E1
:206CA000016881465246304601F08DF95246D9F80410B01801F087F94046FFF775F8034637
:206CC00030B1A4E7B0F5824F0ED1304601F07BF9BB695B68202B7ED02046D7F81CD000F087
:206CE00023FF6FF0940821E64FF0200B07F1E80A07F1A80839640123C7F844B05046CDF8A5
:206D0000008007F1440207F14001FFF7DFF8034600287FF47CAF98F8002022F0070288F855
:206D2000002098F81F2002F07F0242F0400288F81F20AAEB0B02BBF1010B1370F9D132499C
:206D400007F14800FEF7FEFFD7E91293002B7FF45EAF52465946484601F064F8034600286E
:206D60007FF455AF20224146D7F8E80000F0A8FF202207F1C801D7F8EC0000F0A1FF4846A9
:206D800000F0EEFF4846FEF72FFD7860484600F0CFFFD0F800A04168202207F1C80001F03F
:206DA00012F99AF8001098F83F20484642EAC11288F83F20FEF7EAFF7B68002B7FF427AF96
:206DC00007F1C8012022304601F0FDF84021404600F01DFF7CE7BB683A69F9681A440A442B
:206DE0003046796907F16803FFF72AF910E7B0469CE500BF54970000004E80002097000022
:206E000060970000200221020C970000DFF8689099F88035002B3FF487AD4E464A462C4656
:206E20001649137F022B03D153698B423FF46AAD0134202C02F12C02F3D100242346327FE9
:206E4000002A3FF4CDAD3CB9022A05D1326A1AB93279002A18BF34460133202B06F12C0627
:206E6000EDD1002C7FF469AD6FF08C085EE5002D7FF4D3ACD3E400BF38020020E230FF7FEA
:206E80002DE9F0412C262C4F054606FB0076346A8846204600F028FD731EF21C13F8011F6B
:206EA000814238D19342F9D1A5B12046FFF7CAF998F80730042B09D1386AFFF7C3F9024686
:206EC00040B949211D48FCF737FA03E0FFF7F6FB0428F1D00120BDE8F081D06813891B18D1
:206EE00023D25289D21820D2A3689A421DD240F60C63194219D1104822463146FFF76AFC93
:206F000000B9E8E711E00023A2681946204600F0F2FC0B4A0CE02C236B43FA181169C80690
:206F2000C2D4F858074B9842D7D0002DEBD1064A45210648C7E700BFC4270020A8A60000E5
:206F40009EA600003DB8F39696A60000E7A6000030BFFFF7FDBF00BFEFF30880EFF3098170
:206F600001B57246FCF788FF01BD00BF002080F31488BFF36F8F002080F30A8880F30B88A2
:206F80000F4880F30888FEF755F800200D490860BFF34F8FFDF742F8202080F311880A481B
:206FA0004FF40061401880F30988EFF314800221084380F31488BFF36F8FFDF755F80000ED
:206FC000C808012094ED00E0C80801201EF0040F0CBFEFF30880EFF30980816911F8021C9C
:206FE0000229FFD001B5724600F0F0FC01BD00BF08B50248FCF7A0F9FEE700BF99A8000058
:20700000014B1860704700BF040100200239012902D8034B1B6818474FF0FF30704700BFBE
:20702000040100200FB41FB5002106AB53F8042B0548009102210393FBF75CFF05B05DF85A
:2070400004EB04B0704700BFF57F0000D0E901239A421FBF0268D25C013383601ABF002064
:207060000A70012070470F290346F0B502D94FF6FF70F0BD008820B3002210464FF0800CBE
:207080008A42F6DA1E7B7EB91F88002FEFD05D886C1CA4B25C801D446D7BA742DD7204BF0C
:2070A0005E801E8083F80CC01C7BDD7A40002C4280B24FEA540418BF40F001001C730132E4
:2070C000DEE701221C7B4D1EAA409442CFDB0246D4E790F820302BB1013B042B02D96FF000
:2070E00008007047C38A002B14BF6FF008000020704710B484682468A44610BC604710B4EB
:2071000084686468A44610BC604783689B6803B118476FF057007047A8B1D0F8E0321A445B
:20712000B2F5005FC0F8E0220BD3D0F8D032A2F5005203F50053C0F8D832C0F8D032C0F87F
:20714000E022002070476FF02000704760B1D0F8C8321944D0F8CC32C0F8C8129942ACBF52
:207160006FF01F00002070476FF0200070470020704770B48D68002605F00305032DCB6016
:2071800002D08E6070BC70474D688E60002DF9D0AC4670BC6047038B13F0070305D1036812
:2071A000002B0CBF002003207047022B05D1408BB0FA80F0400980007047012B05D103680A
:2071C000002B0CBF0020052070470020704710B4EFF31182202484F31288BFF36F8F416106
:2071E00010BC0121F9F706BB704740E800F313F4803FD8B208BF6FF0150070470C22036942
:20720000C9B201FB0233186C00F00700704770B5C9B20369EFF31185202484F31288BFF305
:207220006F8F0C2606FB0134246C14F0C00408D0A24206D085F31188BFF36F8F4FF0FF30CF
:2072400070BD012271430B441A6485F31188BFF36F8F43680B445B6898470020F0E7802267
:20726000FFF7D5BFF8B5069F0469C9B2EFF31186202585F31288BFF36F8F0C2569430C449D
:20728000256C05F0070CBCF1010F0BD1276486F31188BFF36F8FC4E90E2343685B58984754
:2072A0000020F8BD05F0C005AF4286F31188BFF36F8F0CBF6FF077004FF0FF30F1E713B5DD
:2072C00080240094FFF7CEFF02B010BD6FF08500704710B41C240069CBB203FB040000218C
:2072E00010BC104738B50C4603210546A047002802DA10F1860F04D101212846A04700EA06
:20730000E07038BD436800205B68DB680B607047436802EA01005B6821EA020158600020F4
:2073200099607047436800205B6859607047436800205B689960704743685A68136821EA6E
:2073400003000B40506000209360704710B503695868F8B1884219D19C680868A142586008
:2073600000D19860002008602AB15A680A609A68596002B99960002010E0814206D108682C
:20738000206098688142EDD19C60EBE7044600680028F2D1002AE8D16FF0150010BD012933
:2073A0008CBF6FF085000020704743681B68D3F83031704743681B68D3F88004C3F88004FA
:2073C000704742681368D3F84C0150B10020926A12780A70C3F84C01D3F84C2101229A6239
:2073E00070474FF0FF30704700470020F9F7B2BE0020F9F73FBFF0B504460020012705465A
:20740000844695420AD1D4F8443133B10023C4F84431D4F8443140F40030F0BDEBB29B00ED
:2074200003F580769B0807FA03F3194208D054F806E0BEF1000F03D044F806C0A659184372
:207440000135DEE707B5019001A8F9F731FC019B00EB8300D0F8803023F4403343EA0141A3
:20746000C0F8801003B05DF804FB38B504460D46F9F776FFB0B12046F9F784FF90B92046E5
:20748000F9F792FF012322688340C2F81833236800B203EB8003D3F8102522F00302C3F875
:2074A000102538BD2846BDE838400021FFF7CABF70B5044608461646F9F748FF083034F8C3
:2074C00010300D46DA0509D5C3F3432304EBC3023146284654F8333052689847A3682BB178
:2074E00031462846E268BDE87040184770BD0020704703461A6822B118681A6800221A6069
:20750000704720BFF6E7022804D0042804D10020FAF77AB90120FBE770472DE9F74F90F916
:2075200014300446013388469146176811D004F1160A04F2231BB8F1000F25D0002594F8DD
:207540002060062E20D8DFE806F0224F6A762F86940000680DF10701FFF778FD18B1012065
:2075600003B0BDE8F08F9DF807301A0903F00F030333043222756375B4F91430B3F5E16F7C
:20758000D5D06FF01A00EBE76FF01400E8E701215046FFF768FD4FF6FF73984222D008B962
:2075A0000321A08384F8201094F82030B342C6D17E1B00F08E8020680DF10701FFF746FD12
:2075C00000287DD1E08AB0F5807F00F0848023300122204400F0F7FCE38A37460133A8446C
:2075E000E382A8E73146DDE7AF4207D908215046FFF739FD4FF6FF73984201D133460BE0D9
:20760000E38BC0B25A1C54FA83F3E28383F82301002308F80500013584F82030C4E7002156
:207620005046FFF720FD4FF6FF739842E6D000020323A083F0E708215046FFF714FD4FF62D
:20764000FF739842DAD0A38B1843002301306383A0830523E0E707215046FFF704FD4FF665
:20766000FF739842CAD0638B1843013006236083D2E77B1BC2D0628B08EB05019A4228BF14
:207680001A46B4F81CC08818814209D1638B15449B1A9BB2002B638314BF33460023BBE75A
:2076A000E38BA3EB0C03DBB21BF8033001F8013B94F81EE00BF80E30E38B0133E383E3E71A
:2076C000D9F80030B3423FF44AAFDB1B2B44C9F80030002044E76FF0130041E708461146A8
:2076E0001A4609B1FAF7F4BA6FF01500704708460021FAF7EDBA4379012B07D10368012B48
:2077000004D10079431E584258417047002070470021012008B5FBF721FE30B50C684B68DD
:2077200085B00A894D890094013B24F01F04234402F01F0242EA451223F01F0369468DF83E
:2077400008200393FBF77AFE05B030BD70472DE9F04F85B00D46C0B201A91646FCF72CFB39
:2077600000283BDB019B002B38D0D3E90178D86802A9836803AA5B69D5F800909847DDE97E
:20778000020A00231C4619460430B844514502D100202B6012E04FF0000CD0F800E050F888
:2077A000042C944502D301310830EFE7A74211D8A045EDD9994504D86FF00B0005B0BDE8B0
:2077C000F08F06EBC302A4EB070B46F833B0C2F804E0013374440CF1010CE0E76FF01500E3
:2077E000ECE7002930B40BDB84688C4208D9641AA34205D84468C068214430BCFFF779BC98
:207800006FF0150030BC70472DE9F3411D46036804460E46174623B94FF0FF3002B0BDE89D
:20782000F0814368002BF7D04FF6FF78D4E904239A4216D223685B8923B1E368934204BFB0
:20784000043323610423216960680DEB0302FFF7C8FF0028E0D1A37A2BB1D4E903329A429A
:2078600001D30120DAE72389BDF80610434501F1040203D0BDF804C09C450BD115B1BDF8D7
:2078800004302B802369043333603980236913442361C3E7236913442361C7E710B4846824
:2078A0000A46203C24F00F04A4F13001042310BCFFF797BF002930B40BDB84688C4208D962
:2078C000641AA34205D84468C068214430BCFFF716BC6FF0150030BC704708B5C068836894
:2078E000DB689847006808BD08B5C0688368DB689847407908BD2DE9F04306460D461F467C
:20790000144685B022B3836899422FD25B1A93422CD3FFF7E2FF81463046FFF7E5FF1022D3
:207920000146684600F05AFB2C44C9F100089FB108EA0508A4EB0905454509D04B466A464B
:2079400029463046FFF7B6FF18B95FB1454506D8002005B0BDE8F08308EA0408ECE7A5EB00
:207960000905E9E74D44A845E6D8F1E74FF0FF30EFE738B50C461546FFF7B6FF21462544BC
:2079800011F8013B834203D1A942F9D1012038BD0020FCE738B50C460123114622460546CE
:2079A000FFF71FFF00280FDB012221462846FFF7E0FF38B92378012B14BF022301230020E0
:2079C000237038BD0323FAE70120FAE708B501460068FBF7C3FCFFF7BBBA61B662B680F3EC
:2079E0001188BFF36F8F7047EFF31180202383F31288BFF36F8F704713B50C46C0B201A924
:207A0000FCF7DAF930B92146019802B0BDE81040FCF790BC012002B010BD2DE9F0431D4685
:207A200085B006460F469046FFF757FF6C1E044440420440102C1AD83046FFF755FF814601
:207A40002A464146684600F0BEFA4946621B0DEB050000F0C3FA23466A4639463046FFF71F
:207A600029FF003818BF012005B0BDE8F0834FF0FF30F9E7042307B5019181680DEB030238
:207A8000203921F00F013039FFF7C7FF03B05DF804FB012307B5816801AA203921F00F0152
:207AA0008DF80430FFF7B9FF03B05DF804FB38B50446406A10B1A16AFDF752FB0023C4E99A
:207AC0000933237F012B0FD0023B012B0FD8236A012B0CBF00256FF096052C2200212046F5
:207AE00000F07CFA284638BD236A002BF1E76FF09605F2E70368D90444BF43F48063036092
:207B000003689A0444BF43F4006303607047037F022B06D1036A5A1C03D0013303620020B0
:207B200070476FF096007047034668B1017F8A1E012A0BD80329026A03D1012A01D1FFF7EB
:207B4000B6BF1AB1013A1A62002070476FF0960070470A2840DCC31C22DA10F1400F47D01B
:207B600010F13F0F2BDA10F1410F44D010F1550F44D010F1490F08BF6FF0840018BF6FF09A
:207B80008600704709282AD8DFE800F00529290816293829292F6FF09800704700207047E2
:207BA000C31C0D2B1BD8DFE803F0072F1A1C1A1A1A1A1A1A1D1A1A1D6FF08500704710F1EF
:207BC000210F1ED00BDB10F1200F1DD010F1100F08BF6FF09400D1E764380928D2D96FF01B
:207BE000860070476FF0940070476FF08C0070476FF0840070476FF0890070476FF09300D1
:207C000070476FF0880070476FF092007047002313B51C4601901A460198013399428454A9
:207C2000F9D102B010BDF7B5FA206946FDF7BAFB044610B1002003B0F0BD009D2F0AEDB2DD
:207C4000AC4205D1FA20FDF795FB0028F2D009E0E6193046FDF78EFB38B1304601A9FDF700
:207C6000A1FB10B96FF09200E5E70134E8E713B50C46FDF797FBC31C0FD0013009D0042250
:207C80004FF0FF3321460DEB0200019300F08BF930B96FF08B0002B010BD6FF08400FAE7F4
:207CA0000020F8E710B5044618B9BDE81040FDF7C7BA03781BB1FDF7C3FA0023237010BD00
:207CC0008B18991A12B110F00F0F01D100F07BB90978013AC9B200F8011BF2E770B500230B
:207CE00004460D460DB162070CD125F00F0632462046002100F072F90023A2192C44A2422D
:207D000004D170BD04F8013B013DEBE702F8013BF5E708B5FDF7CAFD48B1002383F3118864
:207D2000BFF36F8F0423184602DF6FF0040008BD30B50169D0E901344A680968C90042BFDB
:207D4000C168611A5B1800210AB9183030BDD50742BF8D1D40F82530013123445210F3E70A
:207D60000369DB682BB1026843F4202343F400631360BFF35F8F032203691B6813F4003F8D
:207D800003681ABF03F58053DA619A6070472DE9F7430446174699460E4629B94FF0FF3866
:207DA000404603B0BDE8F083002AF7D0CB680D8938461D44042329460DEB0302FFF711FD42
:207DC00080460028EAD146F60812BDF804107389914224D1BDF806109942DFD1042338461C
:207DE0000DEB03022944FFF7FCFC0028D6D146F60713BDF804209A42D0D10023C4E9006779
:207E0000A4F80890A3727389BDF806202B44E360738913442B44043563612561C0E7002B79
:207E2000E5D0BBE72DE9F74F0369D0F84C909D6843690446D0E9017B0E469246D3F86C806C
:207E4000B9F1000F06D0FDF7A1FF1025284603B0BDE8F08FFDF7FAFC43681F2B04DC204660
:207E6000FDF794FF0D25F1E720232269E360B8F1000F01D013691E4313681E4346F4C0061E
:207E8000236846F4F8565E6023691B68DA0003D5E368ABEB03031F447DBBB8F1000FD5D071
:207EA00023691B69002BD1D0D8F8083040469847D4E90167CDE900012369E2681B6806EB53
:207EC000071613F0805F23D0C1F3076141F0010100F03F0343F020038DF80710B2F1080191
:207EE0008DF8003002D0B01AFFF7F8FE083E082269463046FFF7E4FEA8E7EB0748BF4AF80E
:207F000029704FEA650548BF09F101095F44C3E7C1F3056141F0200140F001038DF8071091
:207F2000B2F108018DF80030A6EB0706DFD006F10800FFF7D3FEDAE707B5022001A9FBF792
:207F40003BFF70B9012301986A4681688DF80030203921F00F011039FFF75FFD03B05DF896
:207F600004FB0120FAE71FB5022001A9FBF724FF10B1012004B010BD019C02A92046FCF747
:207F8000D9F90028F5D19DF80B30032BF2D12046FFF77FFDEEE77047034600201A5C02B962
:207FA00070470130FAE710B55AB10139841810F8012B11F8013FA04201D09A42F7D0D01A95
:207FC00010BD1046FCE710B5431E0A44914200D110BD11F8014B03F8014FF7E70346C9B274
:207FE0000244934200D1704703F8011BF9E74FF0FF307047FFF70AB8B884FF7F010000004F
:20800000B50A0000000000000000000058800000000000007880000000000000B880000099
:20802000000000009880000000000000D8800000852400000000000000000000F8800000AF
:20804000137D000000000000D91A000000000000311E000000000000EFA40000B882000081
:20806000548100003401002048290020D50B00000000000000000000C2A400001C82000061
:20808000308100002C01002090010020251A00000000000000000000CDA4000034820000CB
:2080A000308100002E0100209C010020251A00000000000000000000D8A400004C8200007A
:2080C0003081000030010020A8010020251A00000000000000000000E4A400008882000004
:2080E0007081000032010020B40100209D0F00000000000000000000A9A40000000000006E
:208100001881000036010020000000009D0C00000000000000000000391D0000DD7600001D
:20812000EF760000850C0000750C00008D0C0000AD290000057300001173000025730000C5
:208140002F730000397300000D2C00004D73000000000000CD7200005F720000BF72000097
:2081600000000000FD7100000000000000000000C3730000D10E0000B573000042A700006B
:208180000300000023A70000030000004DA70000030000007DA700000300000017A7000033
:2081A0000300000034A70000030000005BA70000030000000FA70000030000003AA700003F
:1C81C000030000007AA70000030000003EA70000030000006AA700000300000080
:2081E00000A0105000820D5000040550000000000338FDD870470000000000000000000080
:208200000338FDD8704700000000020000000000000000000000000000000000FFFF000097
:2082200000820D50000000000100000000A00D5000000000FF070000000405500000000002
:208240000200000000000000000000001F00000000A01050000000000000000000C01050DD
:208260000100000024000000260000022506000127060003648200000400000000600C50AF
:20828000748200000100000000600C5000000000000000007C82000000C201000000D60193
:2082A0000000000000000040000000003D9000203C900020010100005518000041120000E3
:2082C0009DA40000F1730000EB730000A3A40000000000000000000000C00000F88000001C
:2082E0000100000000C0000000080000F88000000200000000C0000000001000F8800000F3
:208300000300000000C8000000F80F00F88000000400000000C8000000F80F00F8800000C8
:208320000500000000C0100000000700F88000000600000000C0170000100000F880000084
:208340001300000063000000A30000000300000000010000000200000014000000280000C2
:2083600000400000010000000200000000388A408F409440A140A640AC401548CB40AE400C
:20838000A3400038003800380038CE40ED409D4149415641324137413C414141B941BE41FD
:2083A000D7410E42FA418D411B42804162426A42774274436E4366437F432E48244600383A
:2083C000003800380038AF48D548F34863457D4585439D45A845BB45E345ED45CF45FC45F6
:2083E00015468C466E4695468E460038003800382842003800380038003800380038003853
:20840000003800380038003800380038194919491949194919491949194919491949194938
:208420000038003800380038003800380038003800380038003800380038003800380038BC
:2084400000380038003800380038003800380038003800380038003800380038003800389C
:208460000038003800380038003800388C090038FFFFFF000000000010270081878A001AFF
:208480007B627AA678797A8D00307B627AA778797A8D003078207B6279217A220C108650F4
:2084A00082A2808182A28287828D001A0030722095407AAC797B003078247B627AA88479C8
:2084C0007A8D00307224A7407B2479257A26856286A87284868D11A68584116286A7858682
:2084E00084208621862286509A5086A6867286A88685868D8462868D781086A67270001AB0
:2085000000307ABB7879003000830030001C001C001C001C001B7C22001D1310D040001A8F
:20852000001C001C001C001B7C22001D001B7C22001D1310DA40001A000C016A3427001AF8
:20854000006E1027001A7B62782479257A260C1086500E1022590E101A59848FC50811B8E0
:2085600085850410295911A284871AA211111120071890A2801A9020001919A272871AA666
:208580001970001B7C201AA21A8013100B410E101D590410335986A21A72868D001A003091
:2085A000870811B8858211A284871AA211111120031890A2801A9020001915A281871AA264
:2085C00015151520031890A2801A9020001907418650052408250426F54086500424062590
:2085E0000526F54086500C2406250B26F54086500B2408251A26F55000AB0C1A00300DA718
:2086000002720AAC060D0EA703720BAC060E02620CA872030C8D00307DBB0203048F05A657
:20862000707003628650042072210E229A500070108A0E240B250E26F350027286500420FD
:2086400072210D229A5002721027108A0D240A250D26F35005A70D0E05200C2105229A5029
:20866000007005BB030505A60E05003002628650042072210D229A500070108A0D240A2560
:208680000D26F35000300DA70D0E05A67070027286500C200D2105229A50007005BB0305ED
:2086A00005A60E05003002620DA7027203620EA7037201BB0D0E00BB02030D200E2180221C
:2086C00082AC8081812082213910A941006201A80180018D012408250626B1500030032404
:2086E000062508268650F340032405250A268650F350026286500A2072210A229A50381029
:20870000003906200A210B229A500BA60B0C0BA80B050B8D38100039003002620A8E0A8F4F
:208720000B8E0B8F072787500EA8720B0C200E210D229A500A200E210E229A5000628650AF
:2087400003240D251A2608210E221A510262008107271A2072211A229A5000AB0A1A0030B7
:2087600086500DBB08060DA6040D032406250E26F3500E2007210E229A500EA7050E0E8DED
:208780000E240D250B26F34086500A2408250D26F35002200D210E229A500E240C250B266C
:2087A000F340865007200A210D229A5003240C250E26F35005A60D0E058D0030865001A770
:2087C00000720AB9010006240A250426F55077A7047238100030011877A7040138100030DB
:2087E0000420042104229A5077A704723810003C001977A704013910003C0030A0A2721053
:20880000685380A2811090A291100210965308105B541410FB5439108134001A000C8650E8
:2088200033A2041002102D440810D74414105B4558522620782148522621001C7A20CC42A7
:2088400058522620782148521D2079214A52262026211D22001E7A20CC425852782479250C
:208860007D527A20CC42112084214852112010107A590E10364901218526006886AC860162
:208880002EA67070C1522E2236102C2235A78682006CC80811B83581EA5026201121001CC0
:2088A000262002101254112126220718B120021015540810C7541410515580210019E35229
:2088C00026202621D0501122BC520068C152006C2320361026201B220318001E80210019C4
:2088E0002621001A001B0B102320001F001A2CBA73742CBA2C2C2CA72C742DA7018677A76E
:208900002D2C001AA122DC5202108D53081054541410F65480A2807290A29072808D908D61
:20892000001A003082A2821082A2827282A81082001A2C2013211622071880A281828021AC
:208940009020B22200193222DC5229A2322828A2323131A2292525A2293030A2312222A27C
:20896000312F2FA2301F1FA2302E2EA22F1C1CA22F2D2DA22E1919A22E2C2CA22D1616A22F
:208980002D132FA6117030A6127031A6137013A62C7011201121081802108D530810545405
:2089A0001410F654A020B121001926A62F7027A6307028A63170001A1120842148521D2090
:2089C000822148528A0811B88583142011211122001C05188024B1208421001E0019202094
:2089E0001D211D22001C05188024B1208421001E0019E352262026211922001EDA501122F8
:208A0000BC5219222620BC5277A22872F810821077A7850177108620CC4285A6850183A6B3
:208A2000830183A6830113A272101DA619701EA61A701FA613702C43585278210810E044FE
:208A4000818F918F001A003077A701003810013A001A00305852042168530210395408106F
:208A6000F0543810053A001A00305852262078214A52001A00305852151075536E532620D4
:208A800002214A5200302DA2A1A12EA2A12D80A2812D90A2912E001A2FA205102EA28080A7
:208AA0002CA280332EA22E802DA290902EA62E2C2EA62F2E2CA72D2E2CA22C722C8D001AFC
:208AC00030A691912CA681812DA230911A10E24331A2A1A11810C5432EA2818131A231319F
:208AE0002CA22C2D31A231332FBA2E742EA62F3131A62C2CD1432EA681312FA781312CA23A
:208B00002C2D2EA22E2F31A62C2C2EBA2E742DA22D2D2FA22E2E2DA62D2D80A72F3131A734
:208B20002C80A0A230A12FA22E3190A72F2D001A2EA281812CA22C2DCD4331A67092ED4387
:208B400031A77092ED4330A2A1A12FA231A131A230822FA22F3031A731812FA72F9130A2AD
:208B60003131A0A231A12CA2813030A231302EA62C2C31A22F2F2EA6302E80A7312E2CA7E5
:208B80002C802EA2913031A22F2C90A7312E001AB0A2A0A0001A2EA670921B442EA7709202
:208BA0001B442DA2A2B231A2A1A12CA281B22FA2A13131A282312DA2912D2FA22E2F2EA269
:208BC000A1A22C21F543AAC3E7D3EAE32CA6047477A72C00381477A604707814001A2DA2F3
:208BE00005102EA633332FA62D2D2EA22E2E2FA62F2D2EA22E332FA22F2F30A62F2F2EA632
:208C00002E2F2FA62E3077A22F72001A90A77090908D001A2DA2A1A180A281A190A2912D3D
:208C2000001A2FA205102EA280802CA280332EA22E802CA22C802DA2909030A280902EA646
:208C40002E2C2DA62D302EA62F2E2CA72D2E001A2CA281A12DA281812EA62D912DA22D2D95
:208C6000A0A22C2C2CA22C2E2EA22E2E181085442FA2A03387442FBAA0042EA62E2C80A6C5
:208C80002E2F2CA6A02C2DA22DA02CA22C8090A62C2D001A702398448223984431A683923E
:208CA0002FA282A130A2A1A130A2313031A2818132A22F2F29A6313231A63191A0A229A19B
:208CC00031A22F312EA6812F32A630322FA6913032A281322FA22F2E2CA2812F2DA2299151
:208CE00080A632312CA62C2D32A62FA031A22C2929A2328090A63129001A30A2A1A12DA2E7
:208D0000A2A22CA281A22FA282A12DA2912D30A292302EA2A1A22C21A04472C494D496E4AD
:208D2000006877A772043714006C001A2DA272872CA22D8177A7812C391081362CA22D91CB
:208D400077A7912C39109136001A003077A60570001A90A68090001A80A281A190A291A12A
:208D6000001A31A272102CA280802DA290902EA62C2D2FA22C2D2FA2332F2FA62F312EA733
:208D80002E2F2E8D001A2CA6819130A281812DA291912EA2A1A12CA22C2C2EA62E2E2FA6BB
:208DA000302D2DA7302D2CA72C2F2EA72F2E90A22D2F80A22C2EA0A22E2F001A2EA670823C
:208DC0002E452EA770822E452FA2A1922EA2A12E30A2819131A22E2F32A6912E2EA7812E14
:208DE0002CA6812F2FA6912F32A22C322CA22E2F2EA630312FA7303130A72C2F31A7322E29
:208E000080A22E3090A22F31A0A23031001A2CA2A2812DA2A2912FA2A1922EA2A1822C214C
:208E200032450DC528D52BE5001A80A77080808D001A5852022407257D522620CC52E6501F
:208E40008750262072210A229A503810003906200A210B229A500BA60C0B0BA80B070B8D3E
:208E6000381000390030E65087500A8E0A8F0B8E0B8F0DA8720B0C200D2135229A500A20D9
:208E80002B229A50EA50585208222B230224352526262653E6500081262072212C229A5032
:208EA00000AB0A2C0030E6502BA872062B8DEA50585202242B257D520820CC42000C006499
:208EC00035A60A0CE65087503520722135229A500BA7073506200B210B229A503810003993
:208EE0000030000C006435A60A0CE65087500B8F3520722135229A50EA50585208220B23D5
:208F0000022435250D2626530030585226200B2148521D2006214A52262026211D22001E55
:208F20001D2008214A52262026211D22001E0D20CC42E65087500B200C210A229A5082A766
:208F40000882828D0030585208220C2378240A252626265300682620062100AB818000AB89
:208F60009190003058520620021050540810F35414105F5506240B257D521D2008214A52B8
:208F8000262026211D22001E1120CC5211240A257D520D20CC42E65087500A200D212B2278
:208FA0009A50EA50CF550BA62B700D240B257D520820CC428650000800B8797917A70173FD
:208FC000179E179E0BA2781017A217100C200E2280A60B7090A2721082A6907092A6707021
:208FE00068460E227AA882927A8D00300E210C2211A6819112A7819113A2111114A2121284
:2090000015A6829216A7829215A2151216A2111611A7131481A2131412A2171114A6151609
:2090200015A7151682A2141416A2151513A6131292A2160B91A2111312103B46001B0A10B9
:2090400040460C210E22424606217A5608217C5636A2060B36A236870AA608360A8D003080
:20906000E650875091A2918736A2768736A2913681A2818781A6368181A28172818D91A6C0
:209080007070001A02248F46062408217A56EA501410C447F34606217A560A8FEA50141028
:2090A000C9471C4735A2811034A2911031A2353536A2343433A2041035A2313634A2721062
:2090C00033A2333531A7363136A6343331A73136318D39108134001A31A2911036A204105C
:2090E00031A2313133A2721036A2363131A7313336A6363333A2363633A2333634A2333369
:2091000035A2343635A2353134A2313335A23572358D33A7007333A73374339E339E339E16
:20912000352433253526F55035A2351034A2343533A2343433A2333633A63331338D722079
:209140003810052081A23480818D7D1081A70081001A000C8650D00811B8080132A20410F9
:2091600032A6323284210C20A5570C212D2088571120AE57071880222D21C0205D57802113
:20918000AE5700190C210C2088C75DD768E7D050112217570A20B9570030001B0C200B10F9
:2091A0002D206847000C86500821B6569C5632A2041032A63232920811B80A0602210C20C4
:2091C000A5570C212D2088571120AE57031880222D21C0205D578021AE570019082121203C
:2091E000A55721212D2088572120AE57031880222D21C0205D578021AE5700190C212122F1
:209200000C205D5788C75DD768E7DA5011221757212217570C20B95777A680703E10003950
:2092200000AB0B90003031A6918136A7918131A2318236A2369233A670B2734731A691811C
:2092400036A7918131A2319236A2368233A770B2734734A2A1A233A2B13335A6313631A757
:20926000313636A7343333A6343380A2313690A23533A0A23633B0A23531001A31A691817A
:2092800036A7918134A2313133A2313631A2A1B136A2A1A131A6313136A6363636A7363365
:2092A00034A7343180A23136A0A2363390A23334B0A23134001A80A2811090A29110A0A208
:2092C0007210B0A28090001A31A6918190A7918180A63170A0A6A1A1B0A2B132001A35A2E9
:2092E000721035A835A180A2813590A29135808D908D001A082558527D520A20CC4258529D
:209300000821DB5708205F550822062302240A252626265377A626703E100B3900AB0B2787
:209320000030918F2CA291872DA272872CA22C2C2EA72C2D2CA22C332CA72C2D2DA22E2E57
:209340002FA22E2C2DA22D2F2FA22F2F2FA22D2F2FA22F722F8D30A70074309E309E2F24F3
:2093600030252F26F5502FA22F872DA22F2D2FA22D2D2FA22F2C2FA72F2E2F8D39109134F8
:2093800081A22D72818D7C1081A7008177A7810037109134001A000C7B62865078231BA6E8
:2093A0007D721B9E341043481B9E83241B257A26F5507A207A211B229A501BA71B831B8D4D
:2093C0003910003D001A00305852782078211C229A501CA61C041C209A501CA61C051C8D26
:2093E0001C23195877A67A703D1000307AA7007A00301DA77D721EA61D701E9E83241E25C4
:209400007A26F550381000301EA77A723910003D1FA283101DB91D0020A6757021A2721081
:2094200022A6212122239E5824A6287025A67570A85823A72821238D39106B4822A622210B
:209440005C481DA71D721D9E1F239E5826A21F2827A2262828A72721288D381099482AA637
:20946000727029A2272728A72921288D3810874829A229292AA62A727D481EA7202A28A6E1
:20948000247025A61E70A8582BA6287024A22B2B20A62A7026A22B2627A2272474487AA2F5
:2094A00026727A8D001A003023A28372238D23241D252326F55028A22310001A25A72572C8
:2094C0003810001A28A22828A848061000385852022407257D522620CC5200680AA60C80FF
:2094E0000AAC0A01381000392AA67206E6502BA8722A2AAC2B0187500A2006212B229A50DC
:209500002BA7072B2BAC2B012A202B210B229A5038100039003006100038E65087500A8EF3
:209520000A8F0B8E0B8F2AA60A0B2AAC2A0138100039EA50585208222A2302240B252326FE
:209540002653E6502AA60C232AAC2A0100AB0A2A0030061000385852E65087502AAC0D0F56
:209560002AA62A0F2A2007212A229A502AA6062A2AAC2A012BAC0A0F2BA62B0F2B202A21A8
:209580002B229A502BBB2B0C2ABB2A0CEA50585208222A230A242B250D262653003000386F
:2095A00085A9010F001A11BA010F85A78511001A007001A67070007001A77D72001A007014
:2095C00009A67070007009BB7D0F7D2109620081001A81620081001A0F210F260068868E39
:2095E000C15236108636006C021050590310875211A6267012A6277013A62870E65036A842
:20960000850F368D01213626EA508742900811B8868615D418E4112012541D201121001CFE
:20962000125411211D220318C120001E12548021001926A6117027A6127028A613702620E6
:209640002621001C001C001C001B7C22001D262113106B491122BC522621E7D3EAE3001A52
:2096600000680F8E006C2CA20F10875902108759A0A2A02C15108959001A80A2802C90A28B
:20968000902C001AFA1ED65F0080000000800000308000003880000058800000588000008F
:2096A0000800000002000000040000000100000000A0105000820D50000405507D010000E5
:2096C000001000001000000001FF0000910B0000610B000000000000400000200000000002
:2096E00006000100FCA400000AA500001EA500002DA5000039A500003D0000000000000064
:20970000C00E000000000000000000003B000000000C000000030000000000000000000031
:209720000100021000030000000000000000000000000000200600000002000000040000E7
:20974000400000008000000040000000900000007D570000000060002000000084A70000FA
:20976000000050002000000044A8000010002DE15D29410B8D77679C110F1F8A01000200CA
:209780001000110012002000210022002300240025003000310032003300FFFF6164647268
:2097A000657373206F722073697A65206D69736D61746368210D002D002B00307800305856
:2097C00000286E696C2900556E6B6E6F776E206572726F720025633A2072302F61313A201C
:2097E00020307825303878202072312F61323A2020307825303878202072322F61333A20CF
:20980000203078253038780A0025633A2072332F61343A2020307825303878207231322FDB
:2098200069703A2020307825303878207231342F6C723A20203078253038780A0025633A31
:209840002020787073723A20203078253038780A0025633A204661756C74696E6720696EB7
:20986000737472756374696F6E206164647265737320287231352F7063293A203078253055
:2098800038780A0025633A20556E68616E646C6564204952516E3A2025640A0025633A2050
:2098A0003E3E3E205A455048595220464154414C204552524F522025643A202573206F6E22
:2098C000204350552025640A0025633A204661756C7420647572696E6720696E7465727292
:2098E0007570742068616E646C696E670A0A0025633A2048616C74696E6720737973746595
:209900006D0A0025633A204661696C656420746F20616C6C6F63617465206E6577204D501A
:209920005520726567696F6E2025750A0A0025633A20556E61626C6520746F207265616468
:209940002070696E2073746174650A0025633A202A2A2A2A2A205553414745204641554CC4
:2099600054202A2A2A2A2A0A0025633A2020204469766973696F6E206279207A65726F0A4B
:209980000025633A202020556E616C69676E6564206D656D6F7279206163636573730A00B9
:2099A00025633A202020537461636B206F766572666C6F772028636F6E74657874206172BB
:2099C0006561206E6F742076616C6964290A0025633A2020204E6F20636F70726F63657390
:2099E000736F7220696E737472756374696F6E730A0025633A202020496C6C6567616C20B8
:209A00006C6F6164206F66204558435F52455455524E20696E746F2050430A0025633A20F9
:209A20002020496C6C6567616C20757365206F662074686520455053520A0025633A202003
:209A400020417474656D707420746F206578656375746520756E646566696E656420696E28
:209A6000737472756374696F6E0A0025633A202A2A2A2A2A20425553204641554C54202A4D
:209A80002A2A2A2A0A0025633A202020537461636B696E67206572726F720A0025633A2088
:209AA0002020556E737461636B696E67206572726F720A0025633A20202050726563697373
:209AC00065206461746120627573206572726F720A0025633A202020424641522041646443
:209AE000726573733A20307825780A0025633A202020496D70726563697365206461746183
:209B000020627573206572726F720A0025633A202020496E737472756374696F6E206275CC
:209B200073206572726F720A0025633A202020466C6F6174696E672D706F696E74206C61C4
:209B40007A7920737461746520707265736572766174696F6E206572726F720A0025633A79
:209B6000202A2A2A2A2A204D5055204641554C54202A2A2A2A2A0A0025633A202020537460
:209B800061636B696E67206572726F722028636F6E746578742061726561206D69676874CF
:209BA000206265206E6F742076616C6964290A0025633A202020446174612041636365734F
:209BC000732056696F6C6174696F6E0A0025633A2020204D4D4641522041646472657373B8
:209BE0003A20307825780A0025633A202020496E737472756374696F6E2041636365737386
:209C00002056696F6C6174696F6E0A006D6167696332207772697465206572720D006D61A3
:209C200067696331207772697465206572720D00666C61736820777269746532206572720B
:209C40000D006572726F722073697A650D006D61676963312072656164206572720D003D44
:209C60003D3D3D20746F74616C5F636F756E743D25640920746F7461745F73697A653D25CA
:209C8000640D0A002323205468652064656C74612066696C65206861732061206269672089
:209CA000766172696174696F6E210D0A00666C6173682072656164206572720D00666C612C
:209CC0007368207772697465206572720D00666C61736820777269746520657272203D20A9
:209CE00025640D0A004170706C792070617463682066696C65207265736C74203D2025647E
:209D00000A002D2D2D2D2D2D2D2D2D2D2D2D70617463685F6F66667365743D2564092070C8
:209D2000617463685F73697A653D2564092070726F6772657373203D20256425250A005259
:209D40006573657276656420457863657074696F6E20280053707572696F757320696E7429
:209D60006572727570742028495251200025633A20535053454C20696E20746872656164F5
:209D8000206D6F646520646F6573206E6F7420696E646963617465205053500A0025633A82
:209DA000202A2A2A2A2A2048415244204641554C54202A2A2A2A2A0A0025633A2020204276
:209DC0007573206661756C74206F6E20766563746F72207461626C6520726561640A00259C
:209DE000633A2020204465627567206576656E740A0025633A2020204661756C742065731D
:209E000063616C6174696F6E20287365652062656C6F77290A0025633A20415243485F4562
:209E20005843455054207769746820726561736F6E2025780A0A0025633A202A2A2A2A2A95
:209E4000204465627567206D6F6E69746F7220657863657074696F6E202A2A2A2A2A0A00E8
:209E600025633A202A2A2A2A2A20257320256429202A2A2A2A2A0A0025633A20506172742F
:209E80006974696F6E2025753A2073616E69747920636865636B206661696C65642E0A0018
:209EA00025633A20496E76616C696420756E6465726C79696E6720726567696F6E20696EFD
:209EC0006465782025750A00676F6F6400756E736574006261640025633A2053746172748E
:209EE000696E672073776170207573696E67206D6F766520616C676F726974686D2E0A000D
:209F000025633A206C6173745F6964783D25640920736563746F725F737A3D2564092053FA
:209F2000746172742044656C7461204446552061742025750A0A0025633A204E6F74206502
:209F40006E6F756768206672656520737061636520746F2072756E20737761702075706733
:209F6000726164650A0025633A20726571756972656420256420627974657320627574207D
:209F80006F6E6C792025642061726520617661696C61626C650A000D0A736F75726365206B
:209FA00068617368206973206D6174636865642C206E6F772073746172742064656C7461F3
:209FC00020757067726164652121210D0A007265743D2564097265616420706174636820F9
:209FE00066696C65206572726F722C20657869742064656C746120757064617465207072A2
:20A000006F636573732121210A00232370617463685F73697A65203D20256409206F7046F2
:20A020006C6167203D202530325809206D6F76655F75705F70616765733D25640920737427
:20A04000617475735F616464726573733D3058256C580D0A005365636F6E64617279206908
:20A060006D6167650025633A2025733A206D616769633D25732C20737761705F7479706574
:20A080003D307825782C20636F70795F646F6E653D307825782C20696D6167655F6F6B3DEB
:20A0A000307825780A0025633A203D3D3D3D3D3D3D3D3D3D3D3D53746172742073656374B6
:20A0C0006F72206D6F76652075702061742025750A0A000A54726176657273653A206D6380
:20A0E00075626F6F745F7061643D30582558092066726F6D5F63757272656E743D30582538
:20A100006C58092073697A653D307825580920746F5F63757272656E743D3058256C580910
:20A120002073697A653D30782558092070617463685F63757272656E743D3058256C580990
:20A140002070617463685F656E643D3058256C5809206261636B75705F616464723D30582D
:20A16000256C580A0025633A203D3D3D3D3D3D3D3D3D3D3D3D547261766572736520656EEF
:20A18000642061742025750A0A0025633A203D3D3D3D3D3D3D3D3D3D3D3D4170706C79696B
:20A1A0006E6720656E642061742025750A0A00212121546865726520697320736F6D657411
:20A1C00068696E672077726F6E6720647572696E67206170706C792C206C657427732072E0
:20A1E0006573746F726520746865206F6C6420696D6167652E206D6F76655F646F776E5F6F
:20A2000070616765733D25642121210D0A0025633A202564207374617475732077726974D9
:20A2200065206661696C7320706572666F726D696E672074686520737761700A0025633A29
:20A24000205374617274696E6720626F6F746C6F616465720A0025633A204661696C656416
:20A2600020746F206F70656E20666C61736820617265612049442025642028696D61676581
:20A2800020256420736C6F74202564293A2025642C2063616E6E6F7420636F6E74696E758F
:20A2A000650A0025633A204661696C65642072656164696E6720736563746F72733B20424E
:20A2C0004F4F545F4D41585F494D475F534543544F52533D2564202D20746F6F20736D61A3
:20A2E0006C6C3F0A0025633A204661696C65642072656164696E6720696D6167652068650C
:20A3000061646572733B20496D6167653D25750A005072696D61727920696D6167650025E3
:20A32000633A20426F6F7420736F757263653A207072696D61727920736C6F740A00256349
:20A340003A20426F6F7420736F757263653A206E6F6E650A0025633A2044657465637465AA
:20A360006420696E636F6E73697374656E7420737461747573210A0025633A204661696CEB
:20A3800065642072656164696E6720626F6F74207374617475733B20496D6167653D25754D
:20A3A0000A0041667465723A62732D3E6964783D2564092062732D3E6F703D2564092020C5
:20A3C00062732D3E73746174653D2564092062732D3E737761705F747970653D25640D0A34
:20A3E0000025633A2070616E6963210A0025633A20556E61626C6520746F2066696E642028
:20A40000626F6F7461626C6520696D6167650A0025633A20426F6F746C6F61646572206357
:20A420006861696E6C6F61642061646472657373206F66667365743A20307825780A002561
:20A44000633A20496D6167652076657273696F6E3A207625642E25642E25640A0025633AA3
:20A46000204A756D70696E6720746F2074686520666972737420696D61676520736C6F7431
:20A480000A0025633A204E657665722073686F756C642067657420686572650A00686663C2
:20A4A0006C6B006C66636C6B007272616D2D636F6E74726F6C6C65724035303034623030CB
:20A4C00030006770696F406438323030006770696F403530343030006770696F4031306196
:20A4E000303030007561727440633630303000636C6F636B403130653030300043505520FD
:20A50000657863657074696F6E00556E68616E646C656420696E7465727275707400537405
:20A5200061636B206F766572666C6F77004B65726E656C206F6F7073004B65726E656C2095
:20A5400070616E6963000103020001020007182323232323232323232323232300010405F7
:20A56000020608090F25633A204661696C656420746F207265616420737461747573206683
:20A58000726F6D2025642C206572722025640A0A0074657374007065726D007265766572DA
:20A5A00074004255473B2063616E27742068617070656E0025633A205365636F6E64617274
:20A5C0007920696D616765206F6620696D6167652070616972202825642E29206973207542
:20A5E0006E726561636861626C652E20547265617420697420617320656D7074790A002599
:20A60000633A20496D61676520696E6465783A2025642C205377617020747970653A202537
:20A62000730A0025633A20496D61676520696E6465783A2025642C20537761702074797059
:20A64000653A206E6F6E650A0025633A205053412063727970746F20696E697420666169D6
:20A660006C65642025640A0025633A2045443235353139207369676E617475726520766594
:20A6800072696669636174696F6E206661696C65642025640A007072696D6172790073657E
:20A6A000636F6E646172790025633A20436C656172656420696D61676520256420707269E1
:20A6C0006D61727920736C6F7420747261696C65722064756520746F20737475636B20728F
:20A6E00065766572740A0025633A20496D61676520696E2074686520257320736C6F742053
:20A700006973206E6F742076616C6964210A006D6375626F6F7400656432353531395F70FA
:20A7200073610063627072696E74665F7061636B61676500666C617368006D707500736F80
:20A74000630063616368655F6E72667800636C6F636B5F636F6E74726F6C00666C6173680B
:20A760005F6E72665F7272616D00756172745F6E7266785F7561727465006F7300637261B2
:20A7800063656E00EDFFFFFFFFFFFFFFFFFFFFFFFFFFFFFFFFFFFFFFFFFFFFFFFFFFFFFFB1
:20A7A000FFFFFF7FEDD3F55C1A631258D69CF7A2DEF9DE1400000000000000000000000051
:20A7C000000000101AD5258F602D56C9B2A7259560C72C695CDCD6FD31E2A4C0FE536ECD3D
:20A7E000D336692158666666666666666666666666666666666666666666666666666666AC
:20A8000066666666A3785913CA4DEB75ABD841414D0A700098E879777940C78C73FE6F2B4F
:20A82000EE6C0352B0A00E4A271BEEC478E42FAD0618432FA7D7FB3D99004D2B0BDFC14F44
:20A840008024832BEDFFFFFFFFFFFFFFFFFFFFFFFFFFFFFFFFFFFFFFFFFFFFFFFFFFFFFFD4
:20A86000FFFFFF7F066D0700000000000000000000000000000000000000000000000000E2
:20A8800000000000203042040104030402040104010403010403040104657869740A00002E
:20A8A000000000001177000000000000117700000000000011770000000000001177000078
:20A8C000000000001177000000000000117700000000000011770000000000001177000058
:20A8E000000000001177000000000000117700000000000011770000000000001177000038
:20A90000000000001177000000000000117700000000000011770000000000001177000017
:20A920000000000011770000000000001177000000000000117700000000000011770000F7
:20A940000000000011770000000000001177000000000000117700000000000011770000D7
:20A960000000000011770000000000001177000000000000117700000000000011770000B7
:20A98000000000001177000000000000117700000000000011770000000000001177000097
:20A9A000000000001177000000000000117700000000000011770000000000001177000077
:20A9C000000000001177000000000000117700000000000011770000000000001177000057
:20A9E000000000001177000000000000117700000000000011770000000000001177000037
:20AA0000000000001177000000000000117700000000000011770000000000001177000016
:20AA20000000000011770000000000001177000000000000117700000000000011770000F6
:20AA40000000000011770000000000001177000000000000117700000000000011770000D6
:20AA60000000000011770000000000001177000000000000117700000000000011770000B6
:20AA8000000000001177000000000000117700000000000011770000000000001177000096
:20AAA000000000001177000000000000117700000000000011770000000000001177000076
:20AAC000000000001177000000000000117700000000000011770000000000001177000056
:20AAE00000000000F1160000000000001177000000000000117700000000000011770000B7
:20AB0000000000001177000000000000117700000000000011770000000000001177000015
:20AB20000000000011770000000000001177000000000000117700000000000011770000F5
:20AB40000000000011770000000000001177000000000000117700000000000011770000D5
:20AB60000000000011770000000000001177000000000000117700000000000011770000B5
:20AB8000000000001177000000000000117700000000000011770000000000001177000095
:20ABA000000000001177000000000000117700000000000011770000000000001177000075
:20ABC000000000001177000000000000117700000000000011770000000000001177000055
:20ABE000000000001177000000000000117700000000000011770000000000001177000035
:20AC0000000000001177000000000000117700000000000011770000000000001177000014
:20AC20000000000011770000000000001177000000000000117700000000000011770000F4
:20AC40000000000011770000000000001177000000000000117700000000000011770000D4
:20AC60000000000011770000000000001177000000000000117700000000000011770000B4
:20AC8000000000001177000000000000117700000000000011770000000000001177000094
:20ACA000000000001177000000000000117700000000000011770000000000001177000074
:20ACC000000000001177000000000000117700000000000011770000000000001177000054
:20ACE000000000001177000000000000117700000000000011770000000000001177000034
:20AD0000000000001177000000000000117700000000000011770000000000001177000013
:20AD20000000000011770000000000001177000000000000117700000000000011770000F3
:20AD40000000000011770000000000001177000000000000117700000000000011770000D3
:20AD60000000000011770000000000001177000000000000117700000000000011770000B3
:20AD8000000000001177000000000000117700000000000011770000000000001177000093
:20ADA000000000001177000000000000117700000000000011770000000000001177000073
:20ADC000000000001177000000000000117700000000000011770000000000001177000053
:20ADE000000000001177000000000000117700000000000011770000000000001177000033
:20AE0000000000001177000000000000117700000000000011770000000000001177000012
:20AE20000000000011770000000000001177000000000000117700000000000011770000F2
:20AE40000000000011770000000000001177000000000000117700000000000011770000D2
:20AE60000000000011770000000000001177000000000000117700000000000011770000B2
:20AE8000000000001177000000000000117700000000000011770000000000001177000092
:20AEA000000000001177000000000000117700000000000011770000000000001177000072
:20AEC00000000000117700000000000011770000D8800000AB730000000000001177000064
:20AEE000000000001177000000000000117700000000000011770000000000001177000032
:20AF0000000000001177000000000000117700000000000011770000000000001177000011
:20AF20000000000011770000000000001177000000000000117700000000000011770000F1
:20AF40000000000011770000000000001177000000000000117700000000000011770000D1
:20AF60000000000011770000000000001177000000000000117700003D220000E97300007E
:20AF8000000000001177000000000000117700000000000011770000000000001177000091
:20AFA000000000001177000000000000117700000000000011770000000000001177000071
:20AFC000452E0000E97300000000000011770000000000001177000000000000117700000A
:20AFE000000000001177000000000000117700000000000011770000000000001177000031
:20B00000000000001177000000000000117700000000000011770000000000001177000010
:20B020000000000011770000000000001177000000000000117700000000000011770000F0
:20B040000000000011770000000000001177000000000000117700000000000011770000D0
:20B060000000000011770000000000001177000000000000117700000000000011770000B0
:20B08000000000001177000000000000117700000000000011770000000000001177000090
:20B0A000000000001177000000000000117700000000000011770000000000001177000070
:20B0C0000000000011770000BD2D0000E97300000000000011770000000000001177000092
:20B0E000000000001177000000000000117700000000000011770000000000001177000030
:20B1000000000000117700004D220000E973000000000000117700000000000067000000ED
:20B1200000000000000000000000000000000000000000000000000000000000000000000F
:20B140000000000000000000000000000000000000000000000000000000000000000000EF
:20B160000000000000000000000000000000000000000000000000000000000000000000CF
:20B180000000000000000000000000000000000000000000000000000000000000000000AF
:20B1A000000000000000000067742000DD7F0000E9710000EF740000E0000020E00000207B
:20B1C000611E000000000000FF000000FF0000000F0000000090D0036F710000EF7F000032
:20B1E0000853696745643235353139206E6F204564323535313920636F6C6C6973696F6EBD
:14B200007301000000000000000000000000000015E015E0DC
:20C000003DB8F396000000000008000028FF01000000000000000000000000000000000072
:20C02000FFFFFFFFFFFFFFFFFFFFFFFFFFFFFFFFFFFFFFFFFFFFFFFFFFFFFFFFFFFFFFFF20
:20C04000FFFFFFFFFFFFFFFFFFFFFFFFFFFFFFFFFFFFFFFFFFFFFFFFFFFFFFFFFFFFFFFF00
:20C06000FFFFFFFFFFFFFFFFFFFFFFFFFFFFFFFFFFFFFFFFFFFFFFFFFFFFFFFFFFFFFFFFE0
:20C08000FFFFFFFFFFFFFFFFFFFFFFFFFFFFFFFFFFFFFFFFFFFFFFFFFFFFFFFFFFFFFFFFC0
:20C0A000FFFFFFFFFFFFFFFFFFFFFFFFFFFFFFFFFFFFFFFFFFFFFFFFFFFFFFFFFFFFFFFFA0
:20C0C000FFFFFFFFFFFFFFFFFFFFFFFFFFFFFFFFFFFFFFFFFFFFFFFFFFFFFFFFFFFFFFFF80
:20C0E000FFFFFFFFFFFFFFFFFFFFFFFFFFFFFFFFFFFFFFFFFFFFFFFFFFFFFFFFFFFFFFFF60
:20C10000FFFFFFFFFFFFFFFFFFFFFFFFFFFFFFFFFFFFFFFFFFFFFFFFFFFFFFFFFFFFFFFF3F
:20C12000FFFFFFFFFFFFFFFFFFFFFFFFFFFFFFFFFFFFFFFFFFFFFFFFFFFFFFFFFFFFFFFF1F
:20C14000FFFFFFFFFFFFFFFFFFFFFFFFFFFFFFFFFFFFFFFFFFFFFFFFFFFFFFFFFFFFFFFFFF
:20C16000FFFFFFFFFFFFFFFFFFFFFFFFFFFFFFFFFFFFFFFFFFFFFFFFFFFFFFFFFFFFFFFFDF
:20C18000FFFFFFFFFFFFFFFFFFFFFFFFFFFFFFFFFFFFFFFFFFFFFFFFFFFFFFFFFFFFFFFFBF
:20C1A000FFFFFFFFFFFFFFFFFFFFFFFFFFFFFFFFFFFFFFFFFFFFFFFFFFFFFFFFFFFFFFFF9F
:20C1C000FFFFFFFFFFFFFFFFFFFFFFFFFFFFFFFFFFFFFFFFFFFFFFFFFFFFFFFFFFFFFFFF7F
:20C1E000FFFFFFFFFFFFFFFFFFFFFFFFFFFFFFFFFFFFFFFFFFFFFFFFFFFFFFFFFFFFFFFF5F
:20C20000FFFFFFFFFFFFFFFFFFFFFFFFFFFFFFFFFFFFFFFFFFFFFFFFFFFFFFFFFFFFFFFF3E
:20C22000FFFFFFFFFFFFFFFFFFFFFFFFFFFFFFFFFFFFFFFFFFFFFFFFFFFFFFFFFFFFFFFF1E
:20C24000FFFFFFFFFFFFFFFFFFFFFFFFFFFFFFFFFFFFFFFFFFFFFFFFFFFFFFFFFFFFFFFFFE
:20C26000FFFFFFFFFFFFFFFFFFFFFFFFFFFFFFFFFFFFFFFFFFFFFFFFFFFFFFFFFFFFFFFFDE
:20C28000FFFFFFFFFFFFFFFFFFFFFFFFFFFFFFFFFFFFFFFFFFFFFFFFFFFFFFFFFFFFFFFFBE
:20C2A000FFFFFFFFFFFFFFFFFFFFFFFFFFFFFFFFFFFFFFFFFFFFFFFFFFFFFFFFFFFFFFFF9E
:20C2C000FFFFFFFFFFFFFFFFFFFFFFFFFFFFFFFFFFFFFFFFFFFFFFFFFFFFFFFFFFFFFFFF7E
:20C2E000FFFFFFFFFFFFFFFFFFFFFFFFFFFFFFFFFFFFFFFFFFFFFFFFFFFFFFFFFFFFFFFF5E
:20C30000FFFFFFFFFFFFFFFFFFFFFFFFFFFFFFFFFFFFFFFFFFFFFFFFFFFFFFFFFFFFFFFF3D
:20C32000FFFFFFFFFFFFFFFFFFFFFFFFFFFFFFFFFFFFFFFFFFFFFFFFFFFFFFFFFFFFFFFF1D
:20C34000FFFFFFFFFFFFFFFFFFFFFFFFFFFFFFFFFFFFFFFFFFFFFFFFFFFFFFFFFFFFFFFFFD
:20C36000FFFFFFFFFFFFFFFFFFFFFFFFFFFFFFFFFFFFFFFFFFFFFFFFFFFFFFFFFFFFFFFFDD
:20C38000FFFFFFFFFFFFFFFFFFFFFFFFFFFFFFFFFFFFFFFFFFFFFFFFFFFFFFFFFFFFFFFFBD
:20C3A000FFFFFFFFFFFFFFFFFFFFFFFFFFFFFFFFFFFFFFFFFFFFFFFFFFFFFFFFFFFFFFFF9D
:20C3C000FFFFFFFFFFFFFFFFFFFFFFFFFFFFFFFFFFFFFFFFFFFFFFFFFFFFFFFFFFFFFFFF7D
:20C3E000FFFFFFFFFFFFFFFFFFFFFFFFFFFFFFFFFFFFFFFFFFFFFFFFFFFFFFFFFFFFFFFF5D
:20C40000FFFFFFFFFFFFFFFFFFFFFFFFFFFFFFFFFFFFFFFFFFFFFFFFFFFFFFFFFFFFFFFF3C
:20C42000FFFFFFFFFFFFFFFFFFFFFFFFFFFFFFFFFFFFFFFFFFFFFFFFFFFFFFFFFFFFFFFF1C
:20C44000FFFFFFFFFFFFFFFFFFFFFFFFFFFFFFFFFFFFFFFFFFFFFFFFFFFFFFFFFFFFFFFFFC
:20C46000FFFFFFFFFFFFFFFFFFFFFFFFFFFFFFFFFFFFFFFFFFFFFFFFFFFFFFFFFFFFFFFFDC
:20C48000FFFFFFFFFFFFFFFFFFFFFFFFFFFFFFFFFFFFFFFFFFFFFFFFFFFFFFFFFFFFFFFFBC
:20C4A000FFFFFFFFFFFFFFFFFFFFFFFFFFFFFFFFFFFFFFFFFFFFFFFFFFFFFFFFFFFFFFFF9C
:20C4C000FFFFFFFFFFFFFFFFFFFFFFFFFFFFFFFFFFFFFFFFFFFFFFFFFFFFFFFFFFFFFFFF7C
:20C4E000FFFFFFFFFFFFFFFFFFFFFFFFFFFFFFFFFFFFFFFFFFFFFFFFFFFFFFFFFFFFFFFF5C
:20C50000FFFFFFFFFFFFFFFFFFFFFFFFFFFFFFFFFFFFFFFFFFFFFFFFFFFFFFFFFFFFFFFF3B
:20C52000FFFFFFFFFFFFFFFFFFFFFFFFFFFFFFFFFFFFFFFFFFFFFFFFFFFFFFFFFFFFFFFF1B
:20C54000FFFFFFFFFFFFFFFFFFFFFFFFFFFFFFFFFFFFFFFFFFFFFFFFFFFFFFFFFFFFFFFFFB
:20C56000FFFFFFFFFFFFFFFFFFFFFFFFFFFFFFFFFFFFFFFFFFFFFFFFFFFFFFFFFFFFFFFFDB
:20C58000FFFFFFFFFFFFFFFFFFFFFFFFFFFFFFFFFFFFFFFFFFFFFFFFFFFFFFFFFFFFFFFFBB
:20C5A000FFFFFFFFFFFFFFFFFFFFFFFFFFFFFFFFFFFFFFFFFFFFFFFFFFFFFFFFFFFFFFFF9B
:20C5C000FFFFFFFFFFFFFFFFFFFFFFFFFFFFFFFFFFFFFFFFFFFFFFFFFFFFFFFFFFFFFFFF7B
:20C5E000FFFFFFFFFFFFFFFFFFFFFFFFFFFFFFFFFFFFFFFFFFFFFFFFFFFFFFFFFFFFFFFF5B
:20C60000FFFFFFFFFFFFFFFFFFFFFFFFFFFFFFFFFFFFFFFFFFFFFFFFFFFFFFFFFFFFFFFF3A
:20C62000FFFFFFFFFFFFFFFFFFFFFFFFFFFFFFFFFFFFFFFFFFFFFFFFFFFFFFFFFFFFFFFF1A
:20C64000FFFFFFFFFFFFFFFFFFFFFFFFFFFFFFFFFFFFFFFFFFFFFFFFFFFFFFFFFFFFFFFFFA
:20C66000FFFFFFFFFFFFFFFFFFFFFFFFFFFFFFFFFFFFFFFFFFFFFFFFFFFFFFFFFFFFFFFFDA
:20C68000FFFFFFFFFFFFFFFFFFFFFFFFFFFFFFFFFFFFFFFFFFFFFFFFFFFFFFFFFFFFFFFFBA
:20C6A000FFFFFFFFFFFFFFFFFFFFFFFFFFFFFFFFFFFFFFFFFFFFFFFFFFFFFFFFFFFFFFFF9A
:20C6C000FFFFFFFFFFFFFFFFFFFFFFFFFFFFFFFFFFFFFFFFFFFFFFFFFFFFFFFFFFFFFFFF7A
:20C6E000FFFFFFFFFFFFFFFFFFFFFFFFFFFFFFFFFFFFFFFFFFFFFFFFFFFFFFFFFFFFFFFF5A
:20C70000FFFFFFFFFFFFFFFFFFFFFFFFFFFFFFFFFFFFFFFFFFFFFFFFFFFFFFFFFFFFFFFF39
:20C72000FFFFFFFFFFFFFFFFFFFFFFFFFFFFFFFFFFFFFFFFFFFFFFFFFFFFFFFFFFFFFFFF19
:20C74000FFFFFFFFFFFFFFFFFFFFFFFFFFFFFFFFFFFFFFFFFFFFFFFFFFFFFFFFFFFFFFFFF9
:20C76000FFFFFFFFFFFFFFFFFFFFFFFFFFFFFFFFFFFFFFFFFFFFFFFFFFFFFFFFFFFFFFFFD9
:20C78000FFFFFFFFFFFFFFFFFFFFFFFFFFFFFFFFFFFFFFFFFFFFFFFFFFFFFFFFFFFFFFFFB9
:20C7A000FFFFFFFFFFFFFFFFFFFFFFFFFFFFFFFFFFFFFFFFFFFFFFFFFFFFFFFFFFFFFFFF99
:20C7C000FFFFFFFFFFFFFFFFFFFFFFFFFFFFFFFFFFFFFFFFFFFFFFFFFFFFFFFFFFFFFFFF79
:20C7E000FFFFFFFFFFFFFFFFFFFFFFFFFFFFFFFFFFFFFFFFFFFFFFFFFFFFFFFFFFFFFFFF59
:20C8000028700020C97F01006F580200B57F0100B57F0100B57F0100B57F0100B57F010045
:20C820000000000000000000000000005D810100B57F010000000000C5800100B57F010069
:20C840009D8301009D8301009D8301009D8301009D8301009D8301009D8301009D830100D0
:20C860009D8301009D8301009D8301009D8301009D8301009D8301009D8301009D830100B0
:20C880009D8301009D8301009D8301009D8301009D8301009D8301009D8301009D83010090
:20C8A0009D8301009D8301009D8301009D8301009D8301009D8301009D8301009D83010070
:20C8C0009D8301009D8301009D8301009D8301009D8301009D8301009D8301009D83010050
:20C8E0009D8301009D8301009D8301009D8301009D8301009D8301009D8301009D83010030
:20C900009D8301009D8301009D8301009D8301009D8301009D8301009D8301009D8301000F
:20C920009D8301009D8301009D8301009D8301009D8301009D8301009D8301009D830100EF
:20C940009D8301009D8301009D8301009D8301009D8301009D8301009D8301009D830100CF
:20C960009D8301009D8301009D8301009D8301009D8301009D8301009D8301009D830100AF
:20C980009D8301009D8301009D8301009D8301009D8301009D8301009D8301009D8301008F
:20C9A0009D8301009D8301009D8301009D8301009D8301009D8301009D8301009D8301006F
:20C9C0009D8301009D8301009D8301009D8301009D8301009D8301009D8301009D8301004F
:20C9E0009D8301009D8301009D8301009D8301009D8301009D8301009D8301009D8301002F
:20CA00009D8301009D8301009D8301009D8301009D8301009D8301009D8301009D8301000E
:20CA20009D8301009D8301009D8301009D8301009D8301009D8301009D8301009D830100EE
:20CA40009D8301009D8301009D8301009D8301009D830100DF6502009D8301009D830100A9
:20CA60009D8301009D830100C96502009D8301009D8301009D8301009D8301009D8301009F
:20CA80009D8301009D8301009D8301009D8301009D8301009D8301009D8301009D8301008E
:20CAA0009D8301009D8301009D8301009D8301009D8301009D8301009D8301009D8301006E
:20CAC0009D8301009D8301009D8301009D8301009D8301009D8301009D8301009D8301004E
:20CAE0009D8301009D8301009D8301009D8301009D8301009D8301009D8301009D8301002E
:20CB00009D8301009D8301009D8301009D8301009D8301009D8301009D8301009D8301000D
:20CB20009D8301009D8301009D8301009D8301009D8301009D8301009D8301009D830100ED
:20CB40009D8301009D8301009D8301009D8301009D8301009D8301009D8301009D830100CD
:20CB60009D8301009D8301009D8301009D8301009D8301009D8301009D8301009D830100AD
:20CB80009D8301009D8301009D8301009D8301009D8301009D8301009D8301009D8301008D
:20CBA0009D8301009D8301009D8301009D8301009D8301009D8301009D8301009D8301006D
:20CBC0009D8301009D8301009D8301009D8301009D830100B36502009D8301009D83010054
:20CBE0009D8301009D8301009D8301009D8301009D8301009D8301009D8301009D8301002D
:20CC00009D8301009D8301009D8301009D8301009D8301009D8301009D8301009D8301000C
:20CC20009D8301009D8301009D8301009D8301009D8301009D8301009D8301009D830100EC
:20CC40009D8301009D8301009D8301009D8301009D8301009D8301009D8301009D830100CC
:20CC60009D8301009D8301009D8301009D8301009D8301009D8301009D830100FFFFFFFFD1
:20CC8000064A074B9B7802604FF49072C371FF238280082203728271704700BFB9460100D8
:20CCA00040080020F8B5C41D0028054624F007040CBF0020204600F0F1FA061E02DA6FF061
:20CCC0000B00F8BD0DB9F442F9D4294F3989F8880331FB7A0330BA7A89B280B206F049FE57
:20CCE0000028ECDB264439787B78002D06F10306194426F0030600FB01F10CBF0020304640
:20CD000000F056FC30440DB90028D8DBBA780346B2B1F97CFB7811441944FF29CFDC03303E
:20CD2000002DFA89C9B220F003040CBF0020204600F094FC031EC2DB23440DB9002BBEDB31
:20CD4000397C81B1BA7872B10733002D23F007040CBF0020204601F025FE031EAFDB23449B
:20CD60000DB9002BABDB002D0CBF18460020A8E7400800201FB572B6194BDD6AE5B9BFF3D8
:20CD80004F8F1849184BCA6802F4E0621343CB60BFF34F8F00BFFDE7B4FBF6F4D3B2013282
:20CDA000002CF9D103F110026A4402F80C4C0A2233B901A8A847E2E7044600220A26EDE78E
:20CDC000013BDBB203F110040DEB0406B0FBF2F402FB1400303006F80C0C2046E8E700BF74
:20CDE0004008002000ED00E00400FA050C4B07B5DA7A68468DF801209A7A8DF800201A89E4
:20CE0000DB88ADF80420ADF8023001F0C1F818B1E8219C20FFF7AEFF03B05DF804FB00BF6E
:20CE20004008002038B5054668B305F0CFFB10B94FF0FF3038BD04F071F8B0F5FA7FF7D802
:20CE4000134C1448E562002500F0A2F92A222946204684F8305008F055FA01236370A370B2
:20CE60001B23E380238140F2032363811F23E38108232374EFF3108472B600F0C5FC2CB995
:20CE800062B62046D6E76FF01500D3E72846D1E740080020EDCD000010B5002842D1244C71
:20CEA00094F83030032B3AD059B1002A3DD00239052937D8DFE801F0031428362B2E137884
:20CEC00063700020FFF7EEFE0028B7BF012302236FF00B0084F83030A8BF84F8303010BD40
:20CEE000137913B3537903B31188FB291DD81A2953881AD91B3BE02B17D813689288C4F8FA
:20CF000006300C4B9A80DCE71378A370D9E71388E381D6E71388FF2B07D82374D1E74FF05B
:20CF2000FF30DCE76FF02C00D9E76FF01500D6E74008002046080020F8B50D46064630B37E
:20CF400029B311F0070422D1124F97F83030012B02D16FF00B00F8BD032B02D14FF0FF3019
:20CF6000F9E700F05FF80028F8D02846FFF79AFE0028EEDB07F06AFD3046214601F04CF83D
:20CF8000FFF734FF0323204687F83030E3E76FF01500E0E74008002010B5074C94F830308C
:20CFA000032B03D101F050F801F028FC06F0D5FD002084F8300010BD4008002050B1074B05
:20CFC00003F1140253F8041B934240F8041BF9D1002070476FF01500704700BFA8850200F7
:20CFE000074B10B593F830403CB900F0FBFF0120044900F04BF9204610BD4FF0FF30FBE71B
:20D000004008002081CC000002680020014B1A60704700BF74080020014B1B68184700BF0C
:20D0200074080020024B1868003818BF01207047740800202DE9F7430446264E071D254865
:20D04000376001F0EBFB0228054607D12149204606F0CCF9284603B0BDE8F0830428F9D15B
:20D060003378072B18D13E2000F04AF878B9F37801A93279684643EA0223ADF8003006F09E
:20D08000D0FB0028DBD053210820FFF773FE052000F06EF80028EAD03146204606F0DEF9E8
:20D0A000B0F5817F01D37221EEE70028C7D094F8008094F80290404600F022F80028BED060
:20D0C000B8F13E0FC6D1484600F052F80028C1D1B5E700BF78080020074B4FF0FF3141F64E
:20D0E000FF72C3E9001205490022C1E900221F21C3E90212704700BF40000020BC0800200B
:20D100003F280CD801380B4BC0F3421200F01F0053F8223023FA00F000F001007047FF28A6
:20D1200006D04038044BC0F3421200F01F00EFE70120704740000020BC080020074B0146B1
:20D14000006849681A4603C240F48C221A6041F0107242F4FF625A60704700BF400000205B
:20D160000246024B0068516803C37047480000200138064BC0F3421200F01F0003EB820301
:20D180009B6823FA00F000F00100704740000020014B1860704700BFC408002007B5FFF79F
:20D1A0009BFF06F0B9FE044B1B6813B101909847019803B05DF804FBC408002070B50C88DD
:20D1C000C27CA6B2C4F30E04931C058804F118021D44825AADB21A4443882A44013AB2FB8A
:20D1E000F5F202FB054292B29342044B8BBF3340B34313439BB20B8070BD00BF0080FFFF51
:20D2000008B54B1E062B04D84FF4D1711520FFF7B1FD0A4B994202D940F2A311F6E719B9DD
:20D2200000B10160084608BD28B103680022C3E901211A1D1A600431F4E700BFFAFFFF7F9E
:20D2400010B5114B00EB41041A786389B3FBF2F303FB0223013A1A44B2F5706F027928BFC8
:20D2600000231A448378B2FBF3F0194403FB1020091AB1FBF3F003FB101313446FEA43430E
:20D280006FEA5343638110BDC8080020024B03EB80004160704700BFC80800202DE9F04FE7
:20D2A00010F0070A85B0054604D040F261111720FFF760FD544F04464FF0010B07F10C0699
:20D2C000B146B04657F8043B8DF80BA03BB101A898479DF80A30082B01D9E821E7E79DF8E7
:20D2E0000B1081BB05B13160B94506F10406E9D12DB30023DFF814E102221E468EF80030CA
:20D3000058F82200013A60B190F804A08178BAF1FF0F64D14FF000078E4207713CBFCEB233
:20D320000123511CECD10BB18EF80060022640F6FF6A58F82670002F63D1013EF9D2601B68
:20D3400005B0BDE8F08F9DF80AC04A1DBCF1020FE64604EB420438BF4FF0020E53000EF177
:20D36000FF300444CEF100002040BDF808406444CCF1000C013C04EA0C04B4F5803F01D332
:20D38000F82194E775B1C31A336099701C8083F803B09DF80C201A71019A4FEA124C1A8177
:20D3A000A3F806C004FB01049EE758F82C90B9F1000F06D099F804B0D34504BF99F80290A5
:20D3C0004F440CF1FF3CBCF1000FEEDA3944FF29A2D90BB18EF8006040F2271167E79446AA
:20D3E0000027F0E707EB410309F101093846A3F80AA0FFF725FF5FFA89F1BB788B42F1D87C
:20D400009BE74FF00009F6E7CC080020C8080020F8B54FF6FF7305460380184B03EB81017C
:20D420000869B8B186780379B3FBF6F206FB1233DBB219460A1D00EB4202B2F90270548881
:20D44000002F09DB0131B1FBF6F206FB1211C9B28B42EFD10020F8BDFF29FBD0C4F30E0337
:20D46000C4782B8024B94FF4D5711720FFF782FC5380BDE8F84006F05BBA00BFC80800204A
:20D480001D4B03EB810170B50C69054644B3030404D54FF4DC711720FFF76CFC0146204626
:20D4A00006F029FAFF28014604D02046BDE8704006F03EBAA078B5FBF0F300FB1353DBB2CF
:20D4C00019460A1D04EB4206B6F90260002E09DB0131B1FBF0F200FB1211C9B28B42F0D185
:20D4E000002070BDFF29FBD08B4204EB42021CBF0023E3705580D8E7C8080020094B03EBD5
:20D50000810110B50C690146204606F0F4F9FF28014604D02046BDE8104006F009BA002049
:20D5200010BD00BFC8080020F8B5104B074603EB81010C690146204606F0DDF9FF2805464A
:20D5400011D0E688238953EA064606D00146204606F0EEF901463846B04720462946FFF760
:20D560006FFE0020F8BD0520FCE700BFC808002038B50E4B0446827903EB8203186908B972
:20D58000052038BD8278E1799142F9D24B1CE37100EB41035D89B3F90A30002BF3DBA580AB
:20D5A00006F0C6F920600020EBE700BFC808002070B5044610F003000E4603D04E21182055
:20D5C000FFF7D8FBFFF71CFE054624B1034831460460FFF715FE284670BD00BFE4080020BD
:20D5E0002DE9F3471C4C90461E46074622680D469DF828309DF82CA01AB960211820FFF73F
:20D60000B9FB1A4609214046019306F033F952461FFA80F90921304606F02CF980B209EB85
:20D620000001206806F043F9019B386018B9286002B0BDE8F08700EB0904414609222C609E
:20D64000386806F0F6F8534609223146286802B0BDE8F04706F0EDB8E40800201F2AF8B550
:20D6600004460ED89200033222F00303B3F5803F2ED2194DB4B1A00711D05F210920FFF742
:20D6800079FBFF2A4FEA420304D9FF329A42A8BF1A46E8E77C2BB8BF7C231A46E3E729706F
:20D6A0006C602B8122F0030228230127120403FB01F06B680025120CEEB28E4200D3F8BD55
:20D6C00014B126181F705E60104401352833F3E74FF0FF30F3E700BFE8080020144A0021A5
:20D6E00038B553681478C8B2844203D8AB210920FFF740FB1846013128330578002DF2D05E
:20D7000000218170012412898161051D44709208C16100F12001446821F8022B994245F8A7
:20D72000044B1444F8D100234361037038BD00BFE80800202DE9F8434B7880460C4602F05D
:20D74000040602F0FB07D3B1DFB12E4BD4F804901D89B7BB0123AD084A46211D637004F157
:20D76000280004F12003A761E76123F8025B984241F8042B2A44F8D10023636101E0002F31
:20D78000E3D0FF23A370002E18BF0226A3191B7D032B03D1022F1CBF0136F6B2A319012254
:20D7A0001A7506F10C02002304EB860624F812307268A3704046C8F80020A8F80430BDE80D
:20D7C000F883002114226170A01807F09BFDB5F5FF7F0FD26B08ED1AADB209EB0502C4F8C6
:20D7E00004902584A2606384C4F80C90A5842261E384C6E7B5F5EE6F4FF0FF03EBD940F2AD
:20D800007265EAE7E80800201E4B01224FF0FF3000211B685A60C3F80803C3F80015C3F8A7
:20D820000425194B1B685A60C3F80803C3F8001540F6FE71154B1648C3F8081501680BB227
:20D84000002B0BDB01F01F015B098A402033114941F82320BFF34F8FBFF36F8F026813B2E0
:20D86000002B09DB01215B0902F01F02603301FA02F2084941F82320044B40F6FE72C3F801
:20D88000082570478414002080140020002008509814002000E100E0014B1876704700BFE3
:20D8A000F80800202DE9F04104460D46164690F8F03003F0FF071BB10C273846BDE8F081D4
:20D8C0000146454804F014FA20288046F4D05822394604F1C80007F015FD84F8C880C4F861
:20D8E000CC50FF2384F8F03035B100F0E5FF00F00700013085F8CC0102234FF00008A4F81A
:20D90000003184F8F88003F013FB493085B2204606F0B8FF014670B306F04CFD00F5CD6053
:20D9200081B2304603F0AEFA3044AE3EC4F8FC0007F06CFB2818A4F8268041F10001C4E9CB
:20D940004201012084F8D00007F052F8361AC4F8D4604FF0FF326FF00043C4E9442304F17B
:20D96000F80194F8C80004F061FA48BB40F2CD113020FFF7FFF92046DFF8608006F0A6FE03
:20D98000AE30C4F8FC00B8F8040048B1E08C38B100F092FFB8F80430B0FBF3F202FB1300EA
:20D9A000054407F033FB2D1841F10001C4E94251002ECED0751941F10001C4E94451CEE7BD
:20D9C000D4E9422300212046C4E93823C4E93A2306F075FF71E700BFAB3B0100B409002047
:20D9E000F0B5002385B0CDE9003301238DF806306846FFF7BDFD70B11D4E01230027B37109
:20DA0000CDE9027702A8FFF7B3FD0546C8B10023B37105B0F0BD009806F081F9E8E790F8BB
:20DA2000F30104F0F7FA94F8F30104F09FFC94F8F30184F8DC5104F081F9202384F8F33184
:20DA4000DEE7029B002BDDD093F8F321202AD9D018884FF6FF739842D9D02946FFF74EFD70
:20DA600004460028DBD14FF49B713020FFF782F9B4090020044B0022DA719A7142F210721E
:20DA80009A80FFF7ADBF00BFB4090020014BD871704700BFB4090020014B9880704700BFAC
:20DAA000B409002010B501210020FFF727FD044670B90121FFF7E4FC044620B940F29131E6
:20DAC0003920FFF757F9034B93F9061006F0C6FD204610BDC009002008B506F06DFC00F0D6
:20DAE00033FC00F0D3FA06F027FD00F087FD00F06BFF0022084B1B214FF4A4701A60074B7E
:20DB000098801A8059800648064B186099805A745A829A829A7508BD88000020C00900201F
:20DB200003021B00EC0D0020044B41F64C52C3E902221B221A74FFF7CFBF00BFEC0D002091
:20DB40002DE9FF41344D0446AB680363334B836106F01CF9064600F089FA2B7C10F0200F29
:20DB6000668784F838302E4B0EBF1B22AA8869881B6814BFA4F85A10A4F85A20A4F85C20A4
:20DB80001BB194F9701020889847AE7CEF7CB5F8148016B900F070FA064687BB00F06CFA42
:20DBA000074676B368B303A920468DF80C608DF80D70ADF80E8006F03FFC012369786A8874
:20DBC00004F11000E385AB88033201910333297892B29BB2009104F11401FFF701FD23695B
:20DBE00013B940F24E6114E0636913B940F24F610FE0002004B0BDE8F0810920FAE7002EF9
:20DC0000D1D100212088FFF78FFC0028F5D040F224613920FFF7AEF8EC0D002000093D0020
:20DC20008C000020F7B505460E4606F04AFD002874D0284606F026FE40B1B6F80130013BB0
:20DC40007F2B03D91224204603B0F0BD284606F01DFE08B90C24F6E7284606F0E3F800288E
:20DC6000F8D1284606F0EBFC04460028F2D1284601F026FA0028E5D042F21072B6F801702A
:20DC8000F1782846574306F0E9FD284606F0F2FD014658B93A462846FFF704FE0446002834
:20DCA000D1D041F69F313920FFF764F821460DF10600FFF7ADFB064670B3214600F038FC0E
:20DCC000BDF8063028463146338006F0E9FD284606F0E2FDA0B9296A284606F0DFFD01462F
:20DCE0003046FFF72DFF04460028ACD13A4631462846FFF7D7FD044620B141F6C231D2E770
:20DD00000121EDE7064B9B68002B9CD0024606F58D713046984796E70D2494E7422492E784
:20DD2000C0090020034B5A8802801B7883700020704700BFEC0D0020F0B5077885B0044670
:20DD40000D46EF2F03D91225284605B0F0BDB0F80130ADF80C309DF90C209DF80C30002AF8
:20DD6000F1DB9DF80D209207EDD1DE063FD4980603F0030238D5002AE5D11907E3D4637892
:20DD80001A0711D42179E278E07942EA0122617942EA0142A17941EA0021207A41EA00412C
:20DDA0008A42D0D81F2ACED9627A013A062ACAD8A27A032AC7D813F0040102D1023A012AEC
:20DDC00003D8E27A012ABED811B9A27C032ABAD813F01001227D19D0012AB4D1227E012A8D
:20DDE000B1D8B1B91125AFE7032AC6D1ABE713F0600FA8D103F00F0203F00703052BBED064
:20DE0000931E012BBBD9002A9DD1B8E7022AE5D199E7DB0713D46378227D03F01803082B74
:20DE200012D1022ADED1BFB201213846FFF766FB064678B105F0F6FFB8B10C2584E700F068
:20DE4000E5F80028E7D1CDE7022AECD0237F002BE9D0C7E701213846FFF712FB064650B343
:20DE6000164B93F9061006F0F9FB304606F0FFFC21462870E074304606F044FCE37E0546A3
:20DE8000002B3FF461AF00287FF45EAF0246316B6846FFF74FFC2A46306B012105F0B1FDC9
:20DEA000316B68460422FFF745FC2A462946306B05F0A7FD48E7072546E700BFC009002078
:20DEC00070B505798AB00346042D5CD84488B4F5804F58D82D480021465D2844ADF80010E9
:20DEE0004279857A42F01002C07B8DF8081042EA46028DF81D1042EA850242EAC00202F093
:20DF00001F028DF80020BDF80020ADF809201A888DF80E40240A8DF80B20120A8DF80D1087
:20DF20008DF810108DF80C208DF80F405A7BD3F807008DF811205A79059002A88DF8122091
:20DF40009A798DF81320B3F80B209B7BADF818208DF81A307F238DF81B3001238DF81C30F7
:20DF60008DF81E308DF81F108DF820108DF823108DF824108DF821108DF822106946FFF7E2
:20DF8000DBFE0AB070BD1220FBE700BFD48502000278034672B1427862B142881A2A09D9F0
:20DFA00082881A2A06D90068034A106000209B889380704712207047EC0D00200268002076
:20DFC000014B9A60704700BFEC0D002008B501F06FF8FFF74FFD0248BDE8084001F052B8E3
:20DFE000CC09002010B5064C064904F5027006F0C3F904F503700449BDE8104006F0BCB990
:20E00000CC0900209000002098000020014B93F802017047CC09002010B5074C00F0DAFB40
:20E02000D4F8080206F0A0F9FFF77EFD00F05CFC012384F8143210BDCC090020014B93F843
:20E0400014027047CC09002010B5074CD4F80C0206F08AF9D4F8100206F086F9FFF73CFD11
:20E06000002384F8143210BDCC090020014BD3E90001704750000020034B1868C0F3002028
:20E08000400040F0010070475000002008B502F045FF0023074A32F82310814205D302EB9C
:20E0A00083039B78044A137008BD01330C2BF2D10023F7E7E8850200E10B0020054B9A8C11
:20E0C000824201BF002283F822204FF6FF729A84704700BFE20B002050B90A4A01201346AF
:20E0E00003F8010B0868C2F801008A889A807047012805D1034B0A68D8719A608A889A81DC
:20E10000704700BF0C0C002048B90A4B187880B1D3F80120B3F805300A608B807047012819
:20E1200006D1044BD87920B19A689B890A60F4E7002070470C0C002020B9054B187800F074
:20E140000100704701280ABF014B0020D879F6E70C0C0020F7B58B8800228DF80600ADF832
:20E16000043008680B4B8DF8072001461C7803F5AC73019DD0B2844201D8082007E0D3E97D
:20E18000007601320833AE4208BF8F42F2D103B0F0BD00BF200C0020084B0146002230B544
:20E1A0005C7803F58173D0B2844201D8082004E013F8015B01328D42F5D130BD200C00200A
:20E1C000F0B5254D89B095F8984105F299116846224604F0CFFB2146684606F00CF90446BA
:20E1E000B8B300EB400102A8C9B2FEF715FF601E95F8A1610124C0B295F8982105E0731CFC
:20E20000B3FBF2F102FB1133DEB206F120030DEB030111F8203C002BF1D100EB400201F80E
:20E22000204C06EB460320322B446A4412F8187C83F8A27112F8177C12F8162C83F8A37125
:20E2400083F8A4210138AB19C0B283F89941FF28D2D109B0F0BD00BF200C002070B506460E
:20E2600088B00C46002A4ED0294A92F8A131D01890F8991119B9FF212820FEF77BFD03EB4E
:20E2800043010133114491F8A251E57091F8A35191F8A41125716171002180F8991192F8F0
:20E2A0009811B3FBF1F001FB103382F8A13192F8C23123B9174902F5DD7006F05FF9657972
:20E2C0000D220021684605F03F0545F04005657107F018F8E37804AA69468DF80F303046BE
:20E2E00023798DF80D508DF80E30042306F056FF9DF81F3023709DF81E3063709DF81D305C
:20E30000A37008B070BD03216018FEF785FED6E7200C0020C1E10000044B5A78824286BF1C
:20E320001B1893F84A010020704700BF200C0020044B5A78824286BF1B1893F842010020A7
:20E34000704700BF200C0020064B00224FF461711A8083F8C32183F8C421A3F8C61183F82D
:20E36000C2217047200C0020014B83F8C4017047200C0020014BB3F8C6017047200C002067
:20E380000A4B30B55C7884420ED9184490F802012B3003EBC004A5790D7053F83000106048
:20E3A0000120A388938030BD0020FCE7200C00200246074810B590F8C34124B1417821B17A
:20E3C000023001F01FF8204610BD0C46FBE700BF200C00202DE9F74F2F4C804600921A4602
:20E3E00063788946834254D9231893F8425185F00105E9B193F84A31D3B945F0020701350D
:20E40000C2B9F9070BD5062104EB0810009201FB0841823001F58571FFF720FF009ABB078D
:20E4200033D504EB081049460230FFF717FF2CE02F46E5E794F8A1614FF0010A002DE0D0FE
:20E4400004EB060B9BF8991199B9009B0192D3B100F01AFA019A06EB46018BF899A14FEAAE
:20E46000102C214481F8A201000C81F8A3C181F8A401013694F89811013DB6FBF1F001FBA0
:20E480001066F6B2DAE747F00407384603B0BDE8F08F0027F9E700BF200C0020074B5A78D0
:20E4A000824209D91A1892F842212AB9062202FB003000F58570704700207047200C00209B
:20E4C000064B5A78824281BF1B1893F83A01B0FA80F0400998BF0020704700BF200C002080
:20E4E00030B5002442F21075A0F84040B0F844404C43B4FBF2F4A0F84440541E05FB03431E
:20E50000B3FBF2F3A0F84230084BB3FBF2F30133A0F84830838F05FB0344436B5943B4FBE2
:20E52000F2F4B1FBF2F28463426330BD005A620270B504460D4659BB4FF41A7206F0E2FEB3
:20E54000012384F8DE5084F88E306FF0360384F8D930042384F8DA306FF03B0384F8DB30C5
:20E560006F2384F8DC306FF03C0384F8DD306FF07F0384F8DF302B2384F8D830FE2384F87F
:20E580000E317F2384F88530202384F8F33170BD012917D10023A0F8B43180F8AB310D4BFB
:20E5A000826913441146B3FBF2F3C0F8B03040F6B833A0F8B430438C04F17800BDE8704069
:20E5C000FFF78EBF0229E2D1B0F84A32D0F844228169F1E77FC3C901074B93F90030184490
:20E5E000142804DC10F17F0F03DB40B27047142070476FF07E007047E80D0020024B0022E6
:20E600001A705A70704700BFE80D002083230B70014B1B78CB707047040E00202DE9F347A7
:20E620008246894605270025DFF84C81D9F8103053B11B7A1BB980211020FEF79BFBD9F8A3
:20E640001040B4B9002070E0D9F80440237A012BF8D0EFF3108372B6D9F804201268C9F81A
:20E66000042003B962B6C9F81040237A0BB9A621E2E7267AF6B22772731E0B2B69D8DFE8F0
:20E6800003F065061C3362683C6868686857636813B94FF4D771CFE72046514698470420F8
:20E6A000EFF3108372B6227A052AD1B25BD12572C9F81050ABB962B613E0636813B940F253
:20E6C000B711B9E75146204698470346ADF80400C0B2C3F30723012B3ED0022BE0D1C9F8D9
:20E6E00010500028A2D020E0636813B940F2BF11A2E7204698470020D2E763680BB9B5217B
:20E700009AE70B2200248AF800200122198818698AF80220AAF803108AF805208AF8064078
:20E7200005F0BBF80420C9F8104002B0BDE8F087D8F80030514620469847034660B10220D6
:20E74000C9F81050F1E74FF4FB7175E740F2F91172E74FF4FE716FE726720028E5D1002B77
:20E760007FF464AF6EE711B940F21D2164E7002B7FF45CAF62B659E7A400002038B5134C28
:20E7800014220021231D184606F0BCFD03460125257404331422002104F11800C4E9013351
:20E7A00006F0B0FD84F8245004F11C03084AC4E906330023E362236384F83430C4F835308B
:20E7C000C4F8393084F83D30136038BD040E0020A000002010B5084C2378FF2B04D04FF4DC
:20E7E000A0711020FEF7C6FA03F0CCFF2070BDE81040FFF7C3BF00BF5D00002010B5034C18
:20E80000207803F0DBFFFF23237010BD5D000020014B187803F0E2BF5D00002010B5064993
:20E820000446FFF7FBFE28B920460449BDE81040FFF7F4BE10BD00BF1C0E0020080E002062
:20E84000134610B5027A22B140F299211020FEF791FA0A4601460248BDE8104005F06EBEB8
:20E86000080E00200346064890F83E203AB190F83D2022B9034900F8353B05F07CBE7047A0
:20E88000040E00200DE60000094AD2E90003434083EAB01181EA43214FEAF343116053602F
:20E8A000044B58434FEAF06000EB8000704700BF440E0020BB79379E094AD2E900034340F5
:20E8C00083EAB01181EA43214FEAF34311605360044B58434FEAF06000EB8000704700BF54
:20E8E00060000020BB79379E10B50A4C08210948FEF792FBD4E900231343F7D0064CFFF733
:20E90000DBFF2060FFF7D8FF236860600343F6D010BD00BF60000020440E0020F0B5204DE9
:20E9200000242B781470CBB3013B6F68DBB21D1B012D0BDC07EBC40557F834606D688D42DF
:20E9400008BF864212D114700120F0BD1D196E10C5F3470557F836C007EBC60E8445DEF891
:20E9600004608E412CBF2B462C46E0E7B04271EB050502D214700020E7E707EBC30457F829
:20E98000335064688C4208BF854201D11370DBE7A842A14128BF01331370ECE71846D4E75F
:20E9A0006C0E002010F0070208B503D063214820FEF7E0F918B1034B197258601A70C800BE
:20E9C00008BD00BF6C0E0020014B00221A7070476C0E0020014B187A704700BF6C0E0020E2
:20E9E0002DE9F74305F0DBFD0DF1070206460D46FFF794FF98B910490A780B7A93420ED067
:20EA00004C6813466FF060479DF80700984209D304EBC003013201200A70C3E9006503B04D
:20EA2000BDE8F083D819013B04EBC000DBB2D0E90089C0E90289E7E76C0E002037B505F096
:20EA4000AEFD0DF10702FFF769FF0446A0B10C4A9DF8070013785568411C013B05EBC10186
:20EA6000DBB213701A1AD2B2D200834238BF002205EBC00006F02EFC204603B030BD00BF89
:20EA80006C0E0020074BD0F851201B68C3F80320B0F85520A3F8072090F85010184605F0D6
:20EAA000CFBC00BF940E002070B504460E461346407F6588324615F004050CBF294604F1CD
:20EAC0005F01FFF787FC4207054623D4C3070BD50123607F84F85030FFF7E0FC0368C4F830
:20EAE00051308388A4F8553015F0020F4FF001050ED0094B294684F85E501868D4F85F3068
:20EB0000C0F80930B4F86330A0F80D3005F0A1FC284600E0002070BD940E002038B5C38DC4
:20EB200004460F4D0133C3F30E03C385AB7C2BB101F02EFA00F0C4FC0023AB7400232B711F
:20EB400094F871302BB101212046BDE8384005F029B9637C13B1E28D9A42F4D20021F3E781
:20EB6000940E002010B5094C2379012B02D02379022B05D1A37C1BB101F00AFA00F0A0FC14
:20EB8000E069BDE81040FFF7C9BF00BF940E002070B5294C2379012B07D02379022B04D062
:20EBA00040F657412D20FEF7E5F8A0B90125A37C1BB101F0EDF900F083FC002D3AD0E06938
:20EBC00005F0D2F8002830D001F0E0F8236ABDE870409B6818472168E26911F8095B02F10D
:20EBE000510392F85020E80905F0E7FB0028DDD00021206805F052FC0028D7D02379E0698A
:20EC0000012B05D02379022B02D04FF44361C9E7237905F00F01226A03F180435269013BE6
:20EC200052F8233098470546C1E7E069BDE87040FFF774BF70BD00BF940E00200346074A56
:20EC4000D06903B909B9FFF769BF1379126A03F180431269033B52F823301847940E0020A9
:20EC600003292DE9F043054685B090467BD090F870300529DBB202D14288D0075FD5002BC8
:20EC80005DD10127DFF8E89099F81260B6B105F0C9FB082888F8000014D002AA0DF1070166
:20ECA000FFF76EFB20B940F6CF612D20FEF762F802A99DF8070005F07EFC064698F8003058
:20ECC000082B08D1D9F8001011F8030BC0F3801005F071FC0646D9F8001005F1580395F880
:20ECE000572011F8030BC0F3801005F066FBD9F80010044611F8030BC0F3801005F088FBF0
:20ED00008146FFF7DDFB40B1B9F1080F1CD04846FFF702FB80F00100C0B298F80020082A7A
:20ED200016D09CB96B7F991A4B424B416A88520706D420B99EB9EB7C9BB1BB4211D00023D9
:20ED4000184605B0BDE8F0830020E6E70123EDE714B180F00104E4B204F00103E6E7334695
:20ED6000EEE70123ECE743889B07E8D5022789E7940E0020032973B5044604D0052956D07C
:20ED8000012002B070BD08230DF107028DF80730FFF766FF0028F3D0237C2A4D03B39DF8DE
:20EDA000070094F8BE30DBB92378082804F1C10284F8BF302CD004F1C001FFF7E1FA20B9F4
:20EDC00040F645712D20FDF7D5FF94F8C03043F0020384F8C0301C4904F1B60005F0CBFB47
:20EDE0002B680622042620465A701E70FFF74AFE94F84020E16B286805F041FB28682E710A
:20EE000001F07CF82868002105F03DFE0020B8E72868034613F8031BC1F3801184F8C0105A
:20EE2000D0F80310C4F8C1109B889380D3E7074B1B6823B1984780F00100C0B2A1E7184629
:20EE40009FE700BF940E0020CB450100A8000020F8B504460F4619B300F12805284605F039
:20EE6000A4FDA0B963881A072ED5284605F0B2FD0646284605F099FD301AC0B205F0B8FDCC
:20EE8000494A936818449060284605F06DFD284605F06FFD00F0D8FE2179252000F038FE31
:20EEA000414E002394F85E203068037043706388103B0D2B68D8DFE803F063675F0C674490
:20EEC00067676767676767442046BDE8F840FFF725BE06234370202303702046FFF7D2FD44
:20EEE000638823F008039BB2152B05D094F83820616B306805F0B4FA306800F0FFFF002115
:20EF0000306805F0C0FD032321790020337100F0C7FE054607B9F06063881B0704D505F038
:20EF200064FD2844C4F8D8006388103B0D2B36D8DFE803F038352F2F352F353535353535CD
:20EF4000352F0C2321214370034603F8091B52B1D4F85F200121C0F80920B4F863209A8027
:20EF600005F077FAB9E7A26DC0F80920B4F85C209A8094F85710F3E7062303704370ACE7AA
:20EF8000022303700623F9E740F234612D20FDF7F1FE21790120BDE8F84001F007B840F65B
:20EFA000CA41F3E7F8BD00BF940E002038B543880446102B04D10121BDE83840FFF748BFE8
:20EFC0000B4DAB7C23B100F04FFA402000F0D4FF286800F093FF608810F0040002D1217917
:20EFE00000F0E4FF002000F0A3FF01232B7138BD940E0020024B0121D869FFF729BF00BFC8
:20F00000940E002010B5134CA37C1BB100F0C0FF00F056FAE06904F0A7FE70B12379E06948
:20F02000012B0FD12379226A03F18043D268013BBDE8104052F823301847E069BDE8104040
:20F04000FFF76CBD2379022BECD040F658312D20FDF790FE940E0020094810B5037903F037
:20F06000FF0453B918222146043006F04BF900F08FFF00F025FA204610BD0C24FBE700BFE1
:20F08000940E002010B50023084C23712060FFF7E3FF20B140F2EF212D20FDF76BFE236A3C
:20F0A00013B940F2F221F7E710BD00BF940E0020014B024A1A627047940E002078F300001B
:20F0C0002DE9F041067D0446B31EDBB2012B8CBF4FF000084FF001087EB3B71E18BF0127B3
:20F0E000012B36D800F1580190F8570005F090F9082805462DD0FFF71BF958BB657784F842
:20F100001C8084F85070FFF735F9054605F07EFF174B0022A5FB033584F85E20181845EB80
:20F1200001051146C4E912052046FFF7BDFC70B940F27A412D20FDF71DFE3746082504F188
:20F1400051010020FEF7E0FF0028D7D10020BDE8F0810825022EF2D0E37E002BF6D0D4F826
:20F160001530C4F85130B4F81930A4F85530C5E740420F00F0B5484E87B00446327902F061
:20F18000FF0312B90278FF2A04D140F6B7112D20FDF7F0FD3382B3607371B37180F8713015
:20F1A0003E4B02A802933E4B03933E4B0493336A5B68059300F09AFE00F0DCFC00F0E8FE2A
:20F1C00000F07EF9384800F035FD384800F088FE04F12800019005F0C7FB019805F0C9FB79
:20F1E00000F032FD2179252000F092FC94F9120000F01AFD04F13401206B04F01FFC0746DC
:20F2000004F13C01206B04F03EFC0546E7B194F82430CBB1B4F92E50ED43ED0F237F13B9FF
:20F2200063885B0709D56FF00043D4E912129A4208BFB1F1FF3F0ED1ADB930680330FFF797
:20F24000B7F8B07407B0F0BD002DE7D094F82550002DDFD1E2E705F0D9FED4E9122390425C
:20F2600071EB0303E8D3012229462046FFF71CFC68B1FFF77FF8054605F0C8FE0C4AA5FBE9
:20F280000232181842EB0102C4E91202D5E7002DD3D040F6F4117AE7940E002005F000003A
:20F2A00091EB00003DEC0000D6BE898E5555550040420F00F7B50446FFF75CFF00212046A0
:20F2C000FFF7C6FDA36E0BB101221A606388DB0721D50023256A114E05F10A07CDE9003347
:20F2E000FF23F3746846FEF743F9A0B9009CA542F8D03B466A7A04F10A01607A05F05DF879
:20F300000028EFD0A378F374D4F80300044B7061B4F807209A8003B0F0BD00BF940E0020C7
:20F32000A80E0020024BD8611B6A1B68184700BF940E002043881B0710B504460ED5036A3D
:20F340003C220849723042721B884381FF2380F827304FF6FF73038505F00DF9FF2384F878
:20F36000713010BDE345010035460100ADEF00003B46010075ED0000B5F2000065EB000003
:20F38000F5EF000068F300006CF3000074F300000138022808B503D9C3212F20FDF7EAFC5F
:20F3A00013290A4B05D811290CD8102907D0D121F3E71529FBD103EB4003D88801E033F83E
:20F3C000100008BD03EB40039889FAE7B8860200064B1B68D3F8000138B1D3F8040120B1BB
:20F3E000D3F80801B0FA80F04009704780140020034B00221A705A7010229A70704700BFF5
:20F40000D00E0020F8B50646022014460D4600F017F9114B114A0127191D5C609A6002F168
:20F42000807203342D011F70DC601D83C3E904260022243303F80A2C0D2203F8092C084AD9
:20F440001268C2F830150749C2F80875C2F8383503C983E80300F8BDD00E00200300000B8A
:20F4600080140020D886020008B5022000F0E8F80D4B01221A7000220C4B1B68C3F80021EC
:20F48000C3F80421C3F80821094AC3F88020094BC3F88C20084B1B68C3F88C210822074B85
:20F4A000C3F8042508BD00BFD00E00208014002003000080003008508C14002000200450F3
:20F4C000144A08B5137803B3134B19680023C1F880301249C1F88C3011490968C1F88C3154
:20F4E0000821104BC3F80815FFF772FF40B101235370938EFF2B05D9BA213B20FDF73AFCE8
:20F50000102350709370002313700020BDE8084000F096B8D00E00208014002000300850CA
:20F520008C140020002004500A4B1A7872B10A4B1B68D3F800215AB1D3F8040120B1D3F852
:20F540000801B0FA80F04009C0B270475878704702207047D00E002080140020064A08B5F7
:20F5600013782BB1FFF734FF20B192F8340008BD9078FCE71020FAE7D00E00200A4B022135
:20F580001A680023C2F88030084AC2F88430084A1268C2F88431074AC2F8081502F58022A0
:20F5A000C2F80835704700BF84140020003008508C14002000200450024B00221A705A70A7
:20F5C0009A707047080F0020054808B503781BB1FFF7D4FF0023037000234370837008BDF5
:20F5E000080F002038B5074B0024074D1B68C3F800452B68C3F80045FFF7E6FF2B68C3F8DE
:20F60000804038BD84140020801400200A4B1A6813B2002B0DDB01215B0902F01F0220332E
:20F6200001FA02F2054941F82320BFF34F8FBFF36F8FFFF7D7BF00BF9814002000E100E0F9
:20F6400010B50446FFF7CEFF012C03D0022C07D084B910BD094B02221B68C3F80025F8E70F
:20F66000074B03221B68C3F8002502F10042C3F88020EEE787213D20FDF77CFB8414002023
:20F6800080140020024BD3F8A00300F00100704700C0FF00084BD3F8A423D3F8A833511C9C
:20F6A0009BB203D14FF6FF718B4203D002608380012070470020704700C0FF000B4B30B5C6
:20F6C000D3F89053D3F89443D3F89813D3F89C2305EA04030B401340013317BF05600020B7
:20F6E000446081601CBFC260012030BD00C0FF000B4B30B5D3F88053D3F88443D3F88813EA
:20F70000D3F88C2305EA04030B401340013317BF05600020446081601CBFC260012030BDBC
:20F7200000C0FF00024B00221A809A701A717047780F002038B5144D0346084695F83D203F
:20F7400022B940F687013E20FDF714FB6BB9012AAC6B95F83C1005D100F0DAFD20442B6BD9
:20F76000C01A38BD05F095F9F8E7012B0AD1012AAC6B95F83C1002D100F0BCFDEEE705F0F0
:20F7800093F9EBE70020EAE7780F002008B50128084B83F82400084B06D0022808D040F63A
:20F7A0003D513E20FDF7E6FA0322C3F8002508BD0422FAE7780F002000A0085008B5144BFD
:20F7C00093F84A30D90720D59A070ED5114BD3F8002442F00102C3F80024D3F8200500F08C
:20F7E000F600023818BF012008BD5B070DD5094B094AC3F80821A3F5A043D3F8403123B1C2
:20F8000040F276613E20FDF7B5FA0120ECE700BF780F002000A008500B00008007B50B4AF0
:20F8200001AB92F9252000F0B7FD9DF9040000F0FFFC9DF8050000F027FE20B140F23F61D1
:20F840003E20FDF797FA03B05DF804FB780F002008B503460F4863B92831C1600E4900F0DD
:20F86000FBFD0130012814D94FF4EB613E20FDF781FA012B0AD12931C160074900F0F2FD3C
:20F880000130012805D940F26271EFE740F26671ECE708BD6C0000200887020008B50C4B83
:20F8A0009B78012B09D100F0E3FD013001280ED940F6D8013E20FDF75DFA022B07D100F071
:20F8C000DDFD0130012802D940F6DE01F2E708BD780F00200A4B40F409000A4A1B8D40F001
:20F8E0004000B3F5166F36BFA3F63813A3F5166343F48073C2F80837C2F84005704700BF19
:20F90000780F002000A0085010B50C46FFF73EFF2046FFF7DFFF0C4B5A78012A03D1214635
:20F92000D878FFF77BFF094BD3F8002442F01002C3F8002440F20312C3F8442E40F25B623E
:20F94000C3F8482E10BD00BF780F002000A008502DE9F0410D46164607463F4C00284BD139
:20F9600094F826801046FFF711FF40464146FFF7B1FF3046FFF752FF384940F20313384A3E
:20F98000C1F8443E40F25B63C1F8483E01232078A370984220D102EB4602938A4FF47A72E2
:20F9A00003F5FA73B3FBF2F3ED1A216B2D4B0D442D4AC3F84055C3F8C0212378ABBB94F803
:20F9C0004A3043F0020384F84A30FFF7F7FE044690BB4FF4D16125E002EB8602D3694FF491
:20F9E0007A7203F5FA73B3FBF2F3ED1A0028DCD11D4BC1F80031D8E7012811D194F8261069
:20FA00001046FFF781FF0223A3702378012BCCD0293D002BC9D1114B134AC3F80421C4E710
:20FA200040F609013E20FDF7A5F9012BCDD194F84A3043F00403C6E70A4B0122DA64D3F85E
:20FA40004C359D4206D929463846FFF701FF2046BDE8F0810024FAE7780F002000A0085064
:20FA600008870200005008500B00008008B560220021034805F046FCBDE80840FFF752BEED
:20FA8000780F0020034B184490F8280000F51660704700BF08870200094AD2E90C3092F81F
:20FAA0003C10C01A074B03EB81031A6DDB6D801A4FF47A7203F2F313B3FBF2F3C01A7047A5
:20FAC000780F0020088702000F4A08B592F83C10012906D0022914D040F2A6213E20FDF7A8
:20FAE00049F940F61C40D2E90C239B1A074A02EB8102126D9B1A4FF47A72B0FBF2F0184486
:20FB000008BD4FF4AF60EEE7780F002008870200FF2808B504D940F2C2213E20FDF72AF976
:20FB2000124B0129A3F8480004D0022919D040F20731F2E7002343F4801340F000700C4A4D
:20FB400043F4847340F44030C2F8203EC2F8280ED2F8203503F0F703032B05D140F21D313B
:20FB6000DBE74FF08073E6E708BD00BF780F002000A00850F8B5234E4FF48067C6F890709B
:20FB8000BFF34F8FBFF36F8F1F4C01231F4DC4F8A430C4F8403E85F824300323C4F8003578
:20FBA0004FF40023C4F80034194B187C00F07EFC02F0B6FE174B184AC4F83833174BC3F8DF
:20FBC000C820013AC3F8C42040F6FE72144BC4F81433144BC3F804250023AB87AB6385F838
:20FBE0004A3005F080FA4FF480732863C6F89071C4F888342B6E376103B19847BDE8F84083
:20FC000000F01EBC00E100E000A00850780F00206C0000200300008006000080005008507D
:20FC20000100008000200850014B83F825007047780F0020020E034B0002C3F8342EC3F849
:20FC40002C0E704700A00850054A064B82F82600184490F8283003F516631385704700BFC0
:20FC6000780F00200887020010B504460068FFF7E1FF094B6268C3F84C2E207AFFF7E4FF39
:20FC8000617A6089FFF744FF607AFFF77FFD227B024B83F8252010BD00A00850780F002005
:20FCA0002DE9F0412B4E05460F4696F84A30DA0704D440F29D713E20FDF75CF8264C43F098
:20FCC0000203D4F8002442F00102C4F8002486F84A3078BB96F826800846FFF757FD40469D
:20FCE0004146FFF7F7FD3846FFF798FD40F203131A4AC4F8443E40F25B63C4F8483E01234A
:20FD0000B370D3642360154B2846D3F84C452146FFF79EFD306B241ACDB9114901EB8707B1
:20FD20004FF47A71F86900F5FA70B0FBF1F02044BDE8F0810128E6D196F826103846FFF7B7
:20FD4000E3FD0223B370054BDD646560DBE704F12900EDE7780F002000A00850005008502A
:20FD60000887020008B5FFF7F3FD58B9064B0122C3F8400503F5A04302201A61BDE8084065
:20FD8000FEF770BD08BD00BF0050085013B5264B4FF48061254A4FF0FF30D3F88844C3F889
:20FDA0009004C2F890114FF40022214904F48074C3F80024002281F84A201E49C1F8402530
:20FDC000C3F80821C3F80021C3F80421D3F82015C9B2D1B18DF80700C3F8202201221A615F
:20FDE0009DF8072012B1D3F820223AB19DF807305BB940F6C7013E20FCF7BCFF9DF80720E6
:20FE0000013AD2B28DF80720EAE7FFF747FD06490023C1F82032FFF785FC1CB14FF4807375
:20FE2000C1F8883402B010BD00A0085000E100E0780F00200050085070B50024234D244E9B
:20FE4000C5F84845C5F84445C5F84045C5F84C45FFF79CFF00F0FAFAC5F8C441C6F8084144
:20FE6000C6F80041C6F80441C5F8C840C5F8C44002F06EFD174B40F6FE72C6F83843C6F89E
:20FE80001443C5F8C041C3F808254FF48062124B1C77C3E90D44114BC5F84845C5F8444567
:20FEA000C5F84045C5F84C45C5F84841C5F84441C5F84041C5F84C41C3F89020BFF34F8FA7
:20FEC000BFF36F8FC3F8902170BD00BF0050085000A0085000200850780F002000E100E09A
:20FEE000014BC3F84C0E704700A008500FC810B5014C84E80F0010BDDC0F002008B50A4BA4
:20FF0000C3F8D00E094B93F84A20586442F0010283F84A20FFF752FC20B940F648113E201F
:20FF2000FCF728FF08BD00BF00A00850780F002010B50F4C0346022294F83D00227701286C
:20FF400094F83C1094F824204FF096000CD100F0EDF9084A00232062C2F84431A36B216AB2
:20FF60000B44C2F8443510BD00F0FAF9F1E700BF780F002000500850044BC3F8940ED3F8F2
:20FF8000002442F04002C3F80024704700A00850054BD3F8002422F04002C3F800240022A7
:20FFA000C3F8942E704700BF00A0085008B50D4B0A46D9700021197088B9012159709978C1
:20FFC00002290ED193F826101046FFF727FC064AD2F8003443F01003C2F8003401E0022260
:20FFE0005A7008BD780F002000A008502DE9F843834C0123834DB4F84870EB64D5F84C25CE
:020000040001F9
:20000000236BA2EB030805F001F8C4F85880C4E91401FFF743FC7C4A0023C2F80831C2F8AB
:200020000031C2F80431D2F8001421F01D01C2F8001484F84A30237F23B1D5F84431003BDC
:2000400018BF0123A178012934D1D2F81832002B0CBF0025082515F00B0F6B4B04D1D3F88C
:2000600020220AB145F010050022C3F80022C3F81822C3F82022C3F80C22C3F8142205F079
:200080001803102B03D1012908BF45F020055D4B0229D3F84825A263D3F8443584F83D10CE
:2000A000636394F824301BD1D3B940F246213E20FCF760FE022911D1534AD2F81802D2F882
:2000C0000C2E00280CBF00250225D00758BF45F00405002BBFD045F00105BCE70025BAE71D
:2000E000607884F83C3038B9FFF71CFB2077E9074BD5636E984757E015F0110F22D1B0F1FB
:2001000001092379267818BF4FF00109012B1DD0022B2ED093BB96214846FFF70BFB014661
:20012000FFF700FB012E08D108F13B08884528D8344B00222670C3F84021E2784846FFF78C
:2001400011FE01E0FFF722FE0020D0E72F48FFF78BFD94F83D3013B940F29471A7E7012B17
:2001600004D1FFF7B1FCA1690144D9E7FFF794FCF9E72648FFF778FDA169D1E740F6DE21C2
:2001800095E7214B30461E61B1E7AA071FD5636C01465B78BB42A36E88BF45F0040585F054
:2001A0000405C5F380009847A378022B0DD1237F5BB1022B134A17D1A36B216A0B44C2F837
:2001C0004435104B124AC3F8C421BDE8F88315F0280F05D085F02001E36EC1F34011E2E769
:2001E000EB06E1D5236F85E7012B02D040F607415DE7236AA16B8B42E1D840F6084156E7BF
:20020000780F00200050085000A00850800F002009000080024B03EB8000006D704700BFC1
:2002200008870200014B53F820007047648702002E3008B5362852D8DFE800F04E51515137
:2002400051514B5151515151515151515151495151515151475147514551435141513F51DC
:200260003D3B392D373533312F2D2B2927252321571C550039231E4AC2F8103708BD2D23EE
:20028000F9E72823F7E72323F5E71F23F3E71B23F1E71823EFE71523EDE71323EBE71123A8
:2002A000E9E70F23E7E70D23E5E70B23E3E70923E1E70823DFE70723DDE70623DBE7052394
:2002C000D9E70423D7E70323D5E70223D3E70123D1E74FF49873CEE74FF48873CBE7C12107
:2002E0003F20FCF747FD3F23C5E73323C3E700BF00A00850054B4FF47A72023833F811307E
:2003000003F2E733B3FBF2F3184470477C870200054B4FF47A7233F8113003F57A73B3FBA5
:20032000F2F31844704700BF7C87020038B51D460A4B33F8111003EB820305359C684FF41C
:200340007A73214401F6B73103FB00141046B4FBF3F42C44FFF75EFF204438BD7C8702004D
:2003600070B5064608461546FFF75CFF094A02EB850291684FF47A7201F6B73102FB06132E
:20038000181AB0FBF2F42846FFF744FF0530204470BD00BF7C8702002DE9F04F264C87B06B
:2003A000074698460D46164600F0A0F823788146BB4211D16378AB420ED194F90230B3423F
:2003C0000AD1E378834207D1A388A8F8003094F9060007B0BDE8F08F7B1EDBB2032B0DD8A8
:2003E000164A294612F803A00DF117033246504600F082F838B13E21A92002E040F2C641C5
:200400000620FCF7B7FC039028469DF917B0FFF739FB039A0346414658460092524600F063
:2004200039F8B8F80030A071A38027706570A67084F80390CBE700BF8000002090870200BC
:20044000014B1B685B681847AC000020014B1B689B681847AC000020014B1B681B69184730
:20046000AC000020014B1B685B691847AC000020014B1B689B691847AC000020014B1B6825
:20048000DB691847AC000020014B1B689B6A1847AC00002030B4044C9DF8085024680295AA
:2004A000E468A44630BC6047AC00002000220E4938B50446134644FA02F0D5B20132C007ED
:2004C00042BF581CCD54C3B2042AF4D1C3F10402042B054D4FF0FF01D2B288BF0022E818B7
:2004E00004F010FF2C7138BDE4140020014B187D704700BFF00F0020042810B511D883B1CB
:2005000004280CBF10242824A1420AD2064C54F8200018B141568A42A8BF0A4600201A705A
:2005200010BD6FF01500FBE7F00F00200728034611DC10F12D0F10DB2E30094A40B2105CDD
:2005400002EBC00292F93C209A4207D0002918BF0130C0B270471B2070470020704700BF70
:2005600094870200072808B507DCFFF7DFFF044B03EBC00090F93C0008BD0820FCE700BF6A
:200580009487020038B510F0FF04094D05D0012C07D05121B52001F087FF0123AB602B60A7
:2005A00038BD02F06BF90028F3D06C62F8E700BF00E0105038B510F0FF04194D05D0012C01
:2005C0001FD08421B52001F06FFF01236B60EB60144BC5F800411C70114CD4F80834DA07EA
:2005E0000ED402F04BF9A8B1D4F86834DB0711D40B4B0022C3F81021C3F81821C3F8142113
:2006000038BD02F03BF90028DBD00023AC62C5F81C31E1E702F032F90028E9D0F0E700BF55
:2006200000E0105005100020014B01221A7070470510002010B50E4C28B101280DD0D02171
:20064000B52001F031FFD4F8103123B9094B187800F0010010BD0120FAE702F00FF90028F5
:20066000EDD0D4F81C01003818BF0120F2E700BF00E0105005100020024BD3F8080400F083
:200680000100704700E01050024BD3F8480400F00100704700E01050024BD3F84004C0B248
:2006A000704700BF00E01050084AD2F84C34D2F84C2413F4803306D002F00303C0B21B1A7F
:2006C0005842584170471846704700BF00E0105038B51A4BD3F80C34DA0304D440F2671160
:2006E0006D2001F0E1FE164A0124164B106A536620F03F0094645464136CDB03FCD4136ADB
:20070000116C03F03F03C1F30A01C1F5806181EAE1750B29A5EBE17509DD3F2B04D001339E
:2007200003431362172DE6DC0023936438BD0B31F8DA002BF8D0013BF2E700BF00E01050D4
:20074000000812500100008038B50B4C23781BB100232370FFF7BCFFEFF3108572B6637822
:2007600003F0FF000BB9FFF725FF05B962B6034B00225A6638BD00BF08100020000812504D
:20078000002809DB4309012200F01F00603302FA00F0024A42F82300704700BF00E100E070
:2007A00070B5174D012204460E462B18DA7004F0C9F9A0B934B1012C0FD04FF488716D2099
:2007C00001F072FE11232A19012105EB840451710C4AA660C2F8043370BD8023F3E7002EC0
:2007E000FAD034B90220B047002305EB8404A360F2E7012C01D12046F5E740F22B11DEE73E
:200800000810002000E01050044B0022191803EB80034A719A60CA70704700BF08100020B0
:20082000014B1882704700BF08100020014B988A704700BF08100020014B188A704700BFA4
:2008400008100020034610B5EFF3108472B6074A13445A780132D2B25A705B78012B01D1E8
:20086000FFF790FE04B962B610BD00BF08100020034610B5EFF3108472B611490B445A7834
:2008800022B940F249216D2001F00EFE5A78013AD2B25A705B7883B98B7D43B1094BD3F8D2
:2008A0000C34DB0306D44B7803F0FF002BB9FFF781FE02E0C87D01F091FF04B962B610BDE8
:2008C0000810002000E0105010B504F03EF90C4C04F038F960B1237E3BB90A4B01229A611A
:2008E000042363760023A37610BD04F031F9F9E7032301226376034BC3F80423F2E700BF07
:200900000810002000E01050014B01221A62704700E01050044BD87E28B1044BD3F81001D4
:20092000B0FA80F0400970470810002000E0105038B50B4BDD7E3DB1FFF7ECFF78B140F25D
:2009400085216D2001F0B0FD0124DC7604F0FDF8044B1022C3F81051C3F80423DC6138BDB5
:200960000810002000E01050024B587E003818BF012070470810002038B5174CA37D23B971
:200980004FF43E716D2001F08FFD01232370237EC3B9237FB3B1A27E013B9A4212DA04F069
:2009A000D1F8054601F0B0FE237F012B82BFA37E0133A37655B1236AC31A0133022B09D954
:2009C00035B12062BDE83840FFF77EBF636AF3E76062F7E738BD00BF0810002037B5184CDC
:2009E000237E63B9A06A00F00300FFF75DFE30B1EFF3108372B6627E1AB103B962B603B03C
:200A000030BD0122627603B962B608230D4DC5F808334FF42073ADF80630BDF806309BB2B4
:200A20005A1E92B2ADF80620002BF6D1C5F80C3184F82C30FFF748FF0823C5F80433DEE74A
:200A40000810002000E010502DE9F74F534CA37D002B00F0A0800023514E8DF80530032326
:200A60008DF80430D6F80051003D18BF012501F005FF38B1D6F81C3123B1012345F08005B9
:200A80008DF80530D6F80891D6F8143113B9D6F8183153B10023424AC2F81431C2F818318A
:200AA000C2F81031E37601F0ADFC3D4BD3F810317BB1E37E1BB104F04BF80023E3766379CC
:200AC00045F01005002B64D19DF804308DF8043000E0DDB1334E0027314B0DF1040BA6F1B4
:200AE0000308BA46C3F8085317F80B00032809D098F8003033B1336888F800A013B19847B5
:200B0000C6F800A0043608F101084FB3B9F1000F08D0234B0022C3F808210422C3F8082328
:200B2000FFF75CFF94F82C60EA071D4BF6B2D3F80C7108D5627E032A05D1227E92B9042232
:200B4000627601229A61B7B1154B0022C3F80C21637E042B0BD040F25B316D2001F0A4FC06
:200B60000127C1E703F0F4FF02236376EBE70223637603F0EDFF76B1002384F82C30637E0F
:200B8000022B01D1FFF7A0FE03B0BDE8F04F03F0DFBF02239AE703B0BDE8F08F08100020E5
:200BA00000E010501010002010B5054CA06A00F00300FFF779FD0028F8D0002010BD00BF9A
:200BC000081000202DE9F041054650B10278022A07D843784AB9013B1F2B02D88378212B60
:200BE00008D96FF01500BDE8F081002BF9D18378002BF6D1794E326813B2002B0DDB01214D
:200C00005B0902F01F02203301FA02F2744941F82320BFF34F8FBFF36F8FB6F90000FFF7FD
:200C2000AFFD704C4FF0FF33C4F8083301F026FE002308B1C4F81C31C4F80031C4F8083108
:200C4000C4F80C31684C6370A370AB88A382FFF713FD10B10123E3706370624F40F256332C
:200C6000D7F80C04238210F480302AD0FFF7DCFC5E4801F087FD5B4F6023E0750022C7F8F6
:200C800004332B78A978012BE276A26223762177A2762ED0022B25D06BBBFFF7F5FC002833
:200CA00056D0FFF7F9FCA36A03F0030398424FD1AB792BBBFFF778FF002825DA4FF4A3613E
:200CC0001BE0C7F81001FFF75DFCD7F81031002BFBD0FFF7FDFC0020FFF76CFC444B0022D6
:200CE0005A66C5E703F031FFD7F80C34D903FBD50223A362D1E740F20A516D2001F0D4FBEE
:200D0000384B0422C3F80423237F63B12B7853B903F018FF054601F0F7FC6FF00043002DDB
:200D200059D0C4E9080300210125B6F900006176A575FFF725FD326813B28B4206DB02F0D4
:200D40001F025B099540264A42F8235008464AE7244B012200215A61C3F8081194F8281097
:200D6000C3F840141A610422C3F80423AA79002ACAD1D3F80423520702D440F2BD41BCE705
:200D80001C4A1769116907F0100741F010011161D3F808310BB904F00DFADFF8488001E0EE
:200DA00004F006FAD8F80831002BF9D0FFF7FCFE002802DA40F2D7419FE727B90D4A1369CB
:200DC00023F010031361074B0422C3F808230022C3F8082198E7C4E90830A4E7941400205E
:200DE00000E100E000E0105008100020490701000008125000ED00E02DE9F041114E054641
:200E00000F4634791CB18A216F2001F04DFB03F0A6FE88B12E4496F80580B8F1000F0ED1A4
:200E2000012328467371FFF70DFD28463946FFF7B7FC4046BDE8F0816FF01500FAE720464F
:200E4000F8E700BF3810002070B50D4D04462E791EB1A1216F2001F027FB03F080FE58B16F
:200E60002544687938B12046FFF7CEFC20466E71FFF7FEFC304670BD6FF01500FBE700BF2C
:200E80003810002008B501B3F0B14FF0FF331A46E0FB01320E498A4203D9E2216F2001F077
:200EA00003FB180D4FF22441C3F30F1340EA0230B0FBF1F203EB0040064B03FB1200B0FB6D
:200EC000F1F040EA0240013008BD0846FCE700BF3F420F00000024F4014B9B68184700BFCA
:200EE00038100020014BDB68184700BF38100020014B1B69184700BF3810002008B5064B11
:200F00001B7923B14FF49F716F2001F0CDFABDE80840FFF731BD00BF38100020034B1A79F6
:200F20000AB9FFF783BC988D704700BF38100020034B1A790AB9FFF77FBC988A704700BF49
:200F400038100020024B1B790BB9FFF747BD704738100020014B9B69184700BF3810002095
:200F600038B51D4C237933B3FFF7C2FF50B91B4DC5F81001FFF7B0FFD5F81031002BFBD0FA
:200F8000FFF7B0FF154B6022C3F80423636A9847002806DB94F82E3023B10123002084F8B5
:200FA000303038BDFFF7D6FF0028F6DA4FF4D1716F2001F079FA0A4BA3610A4BE3610A4B5A
:200FC00023620A4BA3600A4BE3600A4B2361FFF7F9FD0028E1D0E4E73810002000E010508B
:200FE000A90B01005D4B0100690901004B4B0100514B0100574B0100064B10B51C7924B1C9
:201000004FF4FB716F2001F04FFAFFF709FC204610BD00BF38100020034610B3007888B93E
:201020001A79012A1ED85A79012A1BD89A680E49643A8A4216D8D8680C4B98422CBF0020DE
:201040000120704701280CD11A79012A09D85A79012A06D8DA680449643A8A4201D8986865
:20106000EAE70020704700BF3C8601000040420F10B5054C236813B1984700232360BDE826
:20108000104000F04DBD00BF6C1000202DE9F8438846074680B300F037F84FF0000905465A
:2010A0005FFA89F6AE420AD2304609F1010900F031F890F82640002CF2D1FF2E03D16FF0BC
:2010C0000B00BDE8F883304600F024F805460146848480F8264080F828600A4800F008FEA3
:2010E000202885F827000AD001232F62204685F8263088F80060E4E76FF01500E1E76FF0F6
:201100002200DEE7C94C0100014B1879704700BF70100020044B1A79824283BF1B68302222
:2011200002FB0030002070477010002010B510F003040AD1064A1171106028B130224A436A
:20114000214604F0DFF8204610BD6FF00D00FBE770100020094A10B592F80033202B03D148
:201160003E21022001F0A0F918214B430321D018D3584068BDE81040184700BF7810002003
:201180000B2808B504D940F24371064801F082F90001002300F1A04000F56220C0F82C355D
:2011A00008BD00BFEFBE020038B50B4C4FF4E06300250820C4F83833FFF7E2FF0920C4F802
:2011C0002051FFF7DDFF0A20C4F82451FFF7D8FFC4F8285138BD00BF00200E50084B2022A8
:2011E000C3F89020BFF34F8FBFF36F8FC3F890210122044B5A604FF0FF32C3F8082370479F
:2012000000E100E000500850054BD3F85007D3F8541711F0404FF8D1C1F31301704700BF26
:2012200000200E5002282DE9F04717461E469DF820A004D94FF492716E2001F035F91B4B6D
:201240004FF00108DFF8709000251C5C08FA04F82046C9F83883FFF793FF154BA2009D507B
:20126000FFF7D2FF874276EB01031DD3BAF1000F01D0C9F834830B2C04D940F2DB410D48CF
:2012800001F008F9B6F5801F02D340F2E141F6E72401012004F1A04404F56224C4F820751D
:2012A000C4F82465BDE8F0872846FBE7AC88020000210E50EFBE020000200E50022813B5A9
:2012C00004D940F2AB116E2001F0EEF848B908494FF00044C1F8A04120240649C1F8904152
:2012E0000C6101210091FFF79DFF02B010BD00BF00200E5000E100E0022810B504D94FF4B0
:20130000DC716E2001F0D0F8084A08B9C2F8A001074B1C5C0123A3402046A400C2F83833CB
:20132000FFF72EFF034B00221A5110BD00200E50AC88020000210E5008B5FFF735FF024B7B
:201340000022C3F8A02108BD00200E5008B5FFF745FF114BD3F8042522F00302C3F804256A
:20136000D3F8082542F00302C3F80825202292FAA2F2B2FA82F2092A04DD4FF4737107484A
:2013800001F088F8C3F810250122DA604FF00042C3F8802008BD00BF00500850EFBE0200D8
:2013A00070B5194C2026194AD4F81035184D03F001031370D4F8103543F00103C4F81035C1
:2013C000FFF7C4FFC5F89C60BFF34F8FBFF36F8FFFF7EAFE0023C5F89C610E4AC4F8A031BB
:2013E0004FF00043C2F88030A2F58022C2F88031012302F57832C2F80435A2F58022C2F8B2
:201400000435EE6170BD00BF00200E50B113002000E100E000400C500C4B10B41A5C0123E4
:201420000B4C9340D4F834130B420CD09100094A0A44116839B100211160C4F838335DF8A3
:20144000044B00F059BE5DF8044B7047AC88020000200E5000210E50034BD3F8043313B194
:20146000072000F049BE7047005008500028ADBF00F1604000F00F00044B00F56140B4BF73
:20148000185C90F800034009704700BF14ED00E01822034B50431A181B585068184700BF17
:2014A00078100020031F022B0B4B03F8110000D9704793F8420083F84210C2B220284FF0AE
:2014C000200016BF03EB420283F84110517003EB41025070704700BFB8130020F8B50D4606
:2014E00004780AB12021117020261B499C4208D0202C01D10020F8BD01EB440726467C7809
:20150000F4E7202CF6D0144B077803EB4401A74249781AD10170114F7DB127B1002140F20E
:201520009A30AFF300802B78A34206D127B1002140F29D30AFF300802E7027B1002140F27D
:20154000A230AFF300800120D5E703EB46035970002AE0D01670DEE7B813002000000000AA
:2015600010B5074C94F8583023B10AF0F9FE002384F85830034BE26D1B68C3F8182510BD6E
:20158000B81300209014002010B5074C94F8583023B90AF0DFFE012384F85830034B012224
:2015A0001B68C3F8182510BDB81300209014002008B520B9024B0BB1AFF3008062B608BD96
:2015C000000000002DE9F7431D4C4FF020081D4E94F841501C4F202D02D103B0BDE8F0830D
:2015E00014F81530013BDBB2052B04D816F80390B9F1080F04D140F24B61012000F054FF4C
:20160000EFF3108072B61FB10190AFF30080019804EB45035B7884F8413094F84230AB4232
:2016200008BF84F84280FFF7C3FF01232846494604F81530FFF72CFF94F84150CBE700BFDC
:20164000B8130020AF88020000000000202A70B5054604D140F2F911012000F025FF20291D
:20166000144B14BF03EB410193F8404003EB420018BF4C7840780CBF83F8400048702046D6
:201680000146064603F8105003EB40008A424078F6D193F8425003EB410183F84260EAB2DD
:2016A000202D16BF03EB420283F84140547020224A7070BDB81300208A4238B505461346A5
:2016C000084C06D00520FFF7C1FF04EB4504607038BD202A16BF04EB420394F84000587819
:2016E000F3E700BFB813002010B5094CD4E91223B3F1FF3F08BFB2F1FF3F07D0FFF7F2FB16
:201700004FF0FF324FF0FF33C4E9122310BD00BFB813002010B5054C94F850302BB102206F
:20172000FFF7EAFD002384F8503010BDB813002010B50F4CFFF73CFF24B1002140F2C94073
:20174000AFF300800B4B93F84130202B09D024B1002140F2D140AFF30080074B187801F0C3
:201760003DF824B1002140F2D640AFF3008010BD00000000B8130020B013002010B5084C20
:20178000D4E91223B3F1FF3F08BFB2F1FF3F05D1FFF7A2FBFFF738FDC4E9120110BD00BFED
:2017A000B81300202DE9F04F4FF0180EDFF858C106460F460EFB03FE8FB00CEB0E0208ACEF
:2017C00008320FCA86420D4684E80F0077EB0103044605D34FF0000948460FB0BDE8F08F1F
:2017E000F444861B9CF814A061EB0707FFF7A0FB00F11C0BBAF1010F00901BD04049D1E94C
:201800001232A34272EB050028D2B4EB030865EB0209FFF76DFB3A490246D1E91201B1F1A6
:20182000FF3F08BFB0F1FF3F67D00192FFF780FB019ABAB122462B460020FFF73FFD814691
:201840000028C7D0BAF1010F15D05E4577F1000311D2FFF793FFFFF75DFF29E04FF000080E
:20186000C146D6E7804579F10003E3D25E4577F10003AFD3DEE7FFF737FFBAF1010FEAD0C7
:201880005E4577F10003E6D3009B0220E21A65F10003FFF713FD20B94FF41571012000F0B6
:2018A00003FE174B93F8502012B9012283F85020B4F119024FF0010065F10003FFF7FEFCA8
:2018C000C0B1FFF74DFE00234FF0FF304FF0FF3102AD8DF82CA08DF830300A4C0293CDE9D0
:2018E00004010FCD0FC40FCD0FC495E80F0084E80F0071E7FFF748FEE5E7002A9AD1B5E7ED
:20190000B8130020801300207810002038B5104B1B78202B0CD00F4BD3E90645186A6A34FE
:2019200045F10005241845F100052046294638BD10F14104137B41F10005012BF5D0FFF739
:20194000D7FA0028F1D1FFF7F3FA0419EBE700BF78130020801300202DE9F04705460C46F3
:2019600017464FF01809DFF83880DFF838A0202C08D009FB04F6284606F10801414403F064
:2019800053FB10B10120BDE8F08746443C706B7B727D9A42F7D90AEB44046478E7E700BF9E
:2019A00078100020B81300202DE9F0472023DFF8488006460D4617464FF01809DFF83CA056
:2019C00098F840400B70202C08D12B783A46214630463B70BDE8F047FFF7BEBF09FB04A0B5
:2019E0003146083003F020FB0028EED02C7008EB44046478E7E700BFB81300207810002071
:201A00002DE9F74F87180E4643F10008D1E90023974278EB030337D3DFF874900DF1070230
:201A20000DF106013046FFF7BFFF70BB9DF807104FF0180A337B0AFB0191D1E902B5086918
:201A40001BF1290445F10005041945F10005012B13D00B7D012B10D1FFF76AFAA4EB0B0220
:201A600082420ADA9DF807300AFB0393D3E90245FFF75EFA041945F10005A74278EB05035A
:201A800002D3C6E90045C9E7002003B0BDE8F08F78100020F8B51C4C002542F220031B4A38
:201AA0004FF0FF304FF0FF31194F2E46A4F840302023156084F842303B7082F8285084F8A2
:201AC000523084F85050C2E90201C4E9120104F815600135202DFAD10E4884F8586084F835
:201AE000546000F04FFE0C4B3D7018700B4B84F858601B68D3F81835E365FFF751FC012395
:201B000084F85330F8BD00BFB81300208013002078130020C5150100B01300209014002087
:201B20002DE9F843FFF770FB05460E46FFF70EFCFFF702FC67484FF0FF334FF0FF32664C1E
:201B4000C0E9022390F82830F3B9026A40F2F967D0E906311B3341F100019B1802F5DF62D1
:201B600041F10001B2FBF7F29B1841F100019D4276EB010308D307212078FFF789FC40F22A
:201B8000BD21012000F090FC2778202F02D140F2C721F6E720232370504C94F8409084F8C8
:201BA00052300023B9F1200F03601ED0DFF83481182202FB0982937D012B16D1137D012B29
:201BC0006FD0FFF795F900286BD1FFF7B1F945194FF0180346F1000603FB0983D3E9020100
:201BE000A842B14128BFC3E9025694F8543023B1002384F8543002F0BDFFDFF8E880384EA4
:201C000094F84050202D12D0FFF7FEFA20224FF0180E0EFB0583D3E902C3604571EB0303CB
:201C200041D2202A03D020210420FFF70FFD0EB1AFF30080FFF7E8FA94F84050202D3AD1E0
:201C4000FFF752FDFFF766FDFFF776FB84F85250FFF786FC14F81730022B0BD1214B1822E7
:201C6000394602FB07331B7D022B0CBF01200620FFF718FCFF2384F8433094F84130202B74
:201C800003D0194B187800F0A9FD184994F86030D1F8482722F001021343C1F84837BDE8EA
:201CA000F883293594E704EB45032A465B78202BB9D01D46ADE701222B46FFF773FD94F805
:201CC000402020B920210420FFF7C0FC98E784F85220BFE78013002078130020B813002058
:201CE0000000000078100020B013002000200E50F8B504460D46FFF72DF9002804DA40F23D
:201D00005331012000F0D0FB00230A4911F81320D8B24AB91822084E5A43B718B450012201
:201D20007D6001F81320F8BD0133202BEED11846F9E700BFB8130020781000201F2809D8EF
:201D40000549002311F81020012A03D101F810301046704700207047B8130020014BD3E9CA
:201D600006017047801300202DE9F043037885B004461BB1002005B0BDE8F083284B5868C3
:201D8000C0F30800002843D1264D4FF0000925B1002140F22240AFF30080DFF88C8088F881
:201DA000439025B1002140F22640AFF30080FFF72BFA6B46224607460E4603F054F925B1B4
:201DC000002140F22D40AFF300806A4638463146FFF79CFD009B3A468342019B8B4133462C
:201DE00038BFCDE9000169464FF0FF30FFF708FEDDE90023C4E9042325B1002140F23B40BB
:201E0000AFF3008098F84330002BC0D10120B2E71038FFF72BFBC0B20028B5D1AAE700BF53
:201E200000ED00E000000000B8130020714B2DE9F04F0446586889B08946C0F3080098B1C3
:201E40001038FFF713FB10F0FF060ED16A4B1B78202B04D140F2E641012000F025FB0E78DA
:201E600056B140F2E941F7E7082699F80030012B02D940F2ED41EFE7DFF894A1BAF1000F2F
:201E800004D000214FF49E60AFF300804FF0010B5A4DBAF1000F04D0002140F2F940AFF33C
:201EA00000805846FFF784FB4FF0000385F84330BAF1000F04D0002140F2FD40AFF300801D
:201EC0000DF11008FFF7A0F94A46434603F0CBF8BAF1000F04D0002140F20350AFF3008038
:201EE000EFF31087BB4672B6454B0BB1AFF3008095F8433003F0FF02002BCAD115F81430C7
:201F00000192013B012B08D93846FFF751FB019A9146484609B0BDE8F08F0DF10F020DF13B
:201F20000E014046FFF740FD814648B921460420FFF7B8FA38464FF00109FFF7F9FBE8E75E
:201F4000304B4FF0180C9DF80EA00CFB043C98E80F000CF1080C8CE80F0086B3BAF1200FE3
:201F60002DD1254B1B78202B29D1274B0BB1AFF30080FFF749F9049A10F11C0C41F1000397
:201F80006245059A9A410AD395F85220202A0ED01E4AD2E906E2E64572EB030307D2214643
:201FA0000420FFF77FFA3846FFF7C2FBB1E723460222FFF7F7FB0028F1D085F852409DF8C3
:201FC0000F2020469DF80E10FFF776FBBAF1200F17BF9DF80E3085F8404005EB43035C70D0
:201FE000032305F81430002EDDD1FF2385F84330D9E700BF00ED00E078130020B8130020AA
:2020000000000000781000200000000080130020000000002DE9F843314F044627B1002151
:2020200040F26B50AFF30080EFF3108872B62D4B0BB1AFF300802C4D15F81430032B06D0CB
:2020400000264046FFF7B4FA3046BDE8F88395F84030A34215D1254B1B78202B11D105EBB2
:202060004403660093F80190B9F1200F14D1FFF73BFBFFF74FFBFFF75FF985F85290FFF7CA
:202080006FFA002223461A481146FFF727FA0646B8B940F2A5510DE0164B0BB1AFF300806B
:2020A0002E44FFF7B1F802227378FFF77BFB20B940F29A51012000F0F7F9737885F85230B3
:2020C000DFE70123404605F81430FFF771FA002FBAD0002140F2AB50AFF30080B4E700BF6B
:2020E0000000000000000000B813002078130020F81300200000000070B586B0072870D84D
:20210000DFE800F00486716F6F6F6F8B4C4C4D4DD4E91223B3F1FF3F08BFB2F1FF3F05D142
:20212000FEF7DAFED5E90623C4E91223464E3378202B24D1454BD3F8482702F0010284F84F
:202140006020D3F8482742F00102C3F8482794F84030202B04D140F26721012000F0A4F9E2
:2021600004EB4302527884F84020FF2284F843200222337004F81320002385F82830FEF7A2
:20218000B7FE95F82430012B1ED0E8B902F0F4FC50B994F861300133DBB2312B84F86130BC
:2021A0003DD940F2EF51D8E700211822684603F0A9F84FF47A73694630780193FFF736FEF6
:2021C00030B940F22161C8E7002384F8613030E095F82840012385F82830FFF7A1FC85F875
:2021E000284006B070BD164C94F850302BB1FFF7C5FA002384F85030F3E74FF0FF31114BD1
:202200004FF0FF30C3E9020105210F4B187812E006B0BDE87040FFF7B7B90421F5E70C4BD6
:20222000D3F80031002BBFD0012384F8543002F09FFC0021307806B0BDE87040FFF728B98C
:20224000B8130020801300207813002000200E5000E01050134B10B51A78202A04D140F271
:20226000F961012000F020F90F49D1E90243B3F1FF3F08BFB4F1FF3F02D040F2FA61F0E7C1
:2022800018240A4B04FB0233D3E90223BDE8104082184FF0020043F10003C1E90223FFF7CC
:2022A0000DB800BF7813002080130020781000202DE9F74FDFF8ACA006469AF80030202BBC
:2022C00004D140F23971012000F0EEF8182841D9224D00234FF0FF392F6A3A1843EB0300D7
:2022E0009145834136D3DFF8808098F8544084B94FF0200B2A6285F825100DF1070298F8C4
:20230000401005F118008DF807B0FFF725FB10B92F6202201FE00220FEF7EEFF4FF0FF331D
:202320004FF0FF329AF800005946C5E902239DF80720FFF7C1F928683044286088F84390DE
:202340009DF80730202B03D0054B187800F046FA204600E0012003B0BDE8F08F8013002092
:20236000B013002078130020B8130020F8B5214E044616F8103023B940F2AC71012000F0F4
:2023800093F81D4D25B1002140F2B370AFF30080012716F81430012B16D1EFF3108672B6AD
:2023A000164B0BB1AFF30080154923460022481EFFF794F83046FFF7FBF825B1002140F285
:2023C000CC70AFF30080F8BD043B022B09D806F81470002DDDD0002140F2C370AFF3008099
:2023E000D7E725B1002140F2BF70AFF3008002F0DFFEEEE7B8130020000000000000000016
:20240000FA13002010B5EFF3108472B6094B0BB1AFF30080084B1B78202B08D0074B01227C
:2024200083F854202046BDE81040FFF7C1B802F0A1FBF7E70000000078130020B8130020E1
:20244000BFF34F8F0549064BCA6802F4E0621343CB60BFF34F8F00BFFDE700BF00ED00E0A3
:202460000400FA05094B01221B685A604FF0FF32C3F808234FF40062054BC3F88820BFF345
:202480004F8FBFF36F8FC3F8882170478814002000E100E008B572B6024B5B6803B198478E
:2024A000FFF7CEFF1C1400201FB572B6134B5D688DB9FFF7C5FFB4FBF6F4D3B20132002C6D
:2024C000F9D103F110026A4402F80C4C0A2233B901A8A847EDE7044600220A26EDE7013BFC
:2024E000DBB203F110040DEB0406B0FBF2F402FB1400303006F80C0C2046E8E71C140020A8
:20250000F8B5244F05460C4616463B78002B3DD100F0CCF900F0A6F918B1A0211120FFF7C1
:20252000C3FF02F00EFB7E601B4B01263C814FF48062C3F8A460194BC3F89020BFF34F8F73
:20254000BFF36F8F1648C3F89021002D18BF2846FFF788FFFEF704FD0546A8B9FFF79AFAE6
:20256000FEF7F0FC02F0A5FC002C0BDB04F01F036409A4009E4004F1604404F56144C4F8DD
:202580008061266001233B702846F8BD4FF0FF35FAE700BF1C14002000A0085000E100E0C6
:2025A000B6880200074BB3F90830002B09DB5A09012103F01F03403201FA03F3024941F815
:2025C000223070471C14002000E100E0014B1878704700BF1C1400202DE9F74FFF27CDE907
:2025E0000012434ABE4602F1140B1178C9B282F800E001B157703F4CDFF808C1EFF3108AA8
:2026000072B64FF001082568009E4FF00009C5F80480C5F80091C5F80491C2E9016C019E3F
:20262000C2E9056C0668C5F810654668C5F814658668C5F81865C668C5F81C652E4EC5F82D
:202640003065C5F838B5C5F80080BAF1000F00D162B64FF400684FF003092568D5F800A16A
:20266000BAF1000F04D1D5F804A1BAF1000F26D04BB10C9E3EB1D5F84085C3F80080D5F87A
:202680003C85C6F80080D5F80451002DB6D199B95578EDB251704FF0030C2468174EC4F8EB
:2026A00008C3C4F80411C4F800114FF40064C6F888411170002D98D103B0BDE8F08F104E37
:2026C000D6F810A01AF0100FC8D00C4DC5F88881EFF3108A72B62568C5F80493D5F80061E9
:2026E0000EB9D5F80451BAF1000FB6D162B6B4E728140020881400202C14002000E100E0C4
:2027000000ED00E01000000B1B4B4FF4000270B5C3F89820BFF34F8FBFF36F8F174D0021C9
:20272000174CC5F80011C3F898212669236906F0100643F0100323610123C5F804332B6060
:20274000D5F80031A3B11EB9236923F0100323610A4B0122D3F808055A60C3F80823002208
:20276000C3F800214FF40002034BC3F8982170BD02F01EFDE4E700BF00E100E000700D5024
:2027800000ED00E002460C49052038B5431ED8B2FF2803D140216920FFF786FE01EBC003C4
:2027A0001D7905F0FF04002DF0D141F8302001225C719C711A7138BD4C140020042808B52E
:2027C00003D947216920FFF76FFE034B03EBC0000023037108BD00BF4C140020042808B549
:2027E00003D950216920FFF75FFE094B03EBC0000379012B01D05121F4E7437982790133FD
:20280000DBB29A4218BF4371BDE80840FFF7CABE4C14002070B50625114C0026013D15F0C3
:20282000FF0500D170BD94F8281004EBC1031A79012A09D158799A79904205D05A79D2B2A5
:202840009A7154F83130984794F828300133DBB2042B94BF84F8283084F82860DEE700BF5E
:202860004C140020044B1A681C2A03BF5868B0FA80F040090020704778140020044B1A6888
:20288000292A03BF5868B0FA80F040090020704778140020044B1A68272A03BF5868B0FA2F
:2028A00080F04009002070477814002008B5184B1849D3F840230A60D3F844334B60FFF7E0
:2028C000DDFF10B9FFF7E6FF88B1134BC1E9023303F580530B61A3F5E0434B6103F5204309
:2028E0008B614FF48773CB614A230B6208BD0B4BC1E9023303F580530B61A3F580434B6171
:2029000003F500438B6140F20513CB614623ECE700C0FF007814002000A0045000600450CB
:20292000094B0A4AC3F800230132C3F80C230132C3F818230132C3F820230132C3F81C236D
:202940000132C3F81021704700A0085004000080074B0022C3F80023C3F80C23C3F81823F3
:20296000C3F82023C3F81C23C3F81021704700BF00A00850844641EA000313F0030359D1DA
:20298000403A33D32DE9F000F0C9F0C0F0C9F0C0F0C9F0C0F0C9F0C0403AF5D2F0BC25E01B
:2029A000403A23D30B6803604B6843608B688360CB68C3600B6903614B6943618B69836147
:2029C000CB69C3610B6A03624B6A43628B6A8362CB6AC3620B6B03634B6B43638B6B836323
:2029E000CB6BC36340304031403ADBD230320BD30B6803604B6843608B688360CB68C360DB
:202A000010301031103AF3D20C3205D351F8043B40F8043B043AF9D2043208D0D2071CBF46
:202A200011F8013B00F8013B01D30B8803806046704700BF082A13D38B07B1D010F00303E6
:202A4000AED0C3F10403D21ADB071CBF11F8013B00F8013BA4D331F8023B20F8023B9FE763
:202A6000043AD9D3013A11F8013B00F8013BF9D20B7803704B7843708B788370604670472E
:202A800081F0004102E000BF83F0004330B54FEA41044FEA430594EA050F08BF90EA020F65
:202AA0001FBF54EA000C55EA020C7FEA645C7FEA655C00F0E2804FEA5454D4EB5555B8BF3B
:202AC0006D420CDD2C4480EA020281EA030382EA000083EA010180EA020281EA0303362DF2
:202AE00088BF30BD11F0004F4FEA01314FF4801C4CEA113102D0404261EB410113F0004F5C
:202B00004FEA03334CEA133302D0524263EB430394EA050F00F0A780A4F10104D5F1200E99
:202B20000DDB02FA0EFC22FA05F2801841F1000103FA0EF2801843FA05F359410EE0A5F1E1
:202B400020050EF1200E012A03FA0EFC28BF4CF0020C43FA05F3C01851EBE37101F00045ED
:202B600007D54FF0000EDCF1000C7EEB00006EEB0101B1F5801F1BD3B1F5001F0CD3490867
:202B80005FEA30004FEA3C0C04F101044FEA445212F5800F80F09A80BCF1004F08BF5FEA46
:202BA000500C50F1000041EB045141EA050130BD5FEA4C0C404141EB0101013C28BFB1F5BF
:202BC000801FE9D291F0000F04BF01460020B1FA81F308BF2033A3F10B03B3F120020CDA5A
:202BE0000C3208DD02F1140CC2F10C0201FA0CF021FA02F10CE002F11402D8BFC2F1200C6E
:202C000001FA02F120FA0CFCDCBF41EA0C019040E41AA2BF01EB0451294330BD6FEA0404A7
:202C20001F3C1CDA0C340EDC04F11404C4F1200220FA04F001FA02F340EA030021FA04F3F8
:202C400045EA030130BDC4F10C04C4F1200220FA02F001FA04F340EA0300294630BD21FA16
:202C600004F0294630BD94F0000F83F4801306BF81F480110134013D4EE77FEA645C18BFF4
:202C80007FEA655C29D094EA050F08BF90EA020F05D054EA000C04BF1946104630BD91EA2E
:202CA000030F1EBF0021002030BD5FEA545C05D14000494128BF41F0004130BD14F580048B
:202CC0003CBF01F5801130BD01F0004545F0FE4141F470014FF0000030BD7FEA645C1ABF07
:202CE000194610467FEA655C1CBF0B46024650EA013406BF52EA033591EA030F41F40021F6
:202D000030BD00BF90F0000F04BF0021704730B54FF4806404F132044FF000054FF0000122
:202D200050E700BF90F0000F04BF0021704730B54FF4806404F1320410F0004548BF40426E
:202D40004FF000013EE700BF42004FEAE2014FEA31014FEA02701FBF12F07F4393F07F4FE8
:202D600081F06051704732F07F4208BF704793F07F4F04BF41F40021704730B54FF46074FC
:202D800001F0004521F000411CE700BF50EA010208BF704730B54FF000050AE050EA0102DE
:202DA00008BF704730B511F0004502D5404261EB41014FF4806404F132045FEA915C3FF4C8
:202DC000D8AE4FF003025FEADC0C18BF03325FEADC0C18BF033202EBDC02C2F1200300FA14
:202DE00003FC20FA02F001FA03FE40EA0E0021FA02F11444BDE600BF70B54FF0FF0C4CF41D
:202E0000E06C1CEA11541DBF1CEA135594EA0C0F95EA0C0F00F0DEF82C4481EA030621EAC9
:202E20004C5123EA4C5350EA013518BF52EA033541F4801143F4801338D0A0FB02CE4FF04C
:202E40000005E1FB02E506F00042E0FB03E54FF00006E1FB03569CF0000F18BF4EF0010E76
:202E6000A4F1FF04B6F5007F64F5407404D25FEA4E0E6D4146EB060642EAC62141EA555139
:202E80004FEAC52040EA5E504FEACE2EB4F1FD0C88BFBCF5E06F1ED8BEF1004F08BF5FEA0E
:202EA000500E50F1000041EB045170BD06F0004646EA010140EA020081EA0301B4EB5C04BD
:202EC000C2BFD4EB0C0541EA045170BD41F480114FF0000E013C00F3AB8014F1360FDEBF9F
:202EE000002001F0004170BDC4F10004203C35DA0C341BDC04F11404C4F1200500FA05F31F
:202F000020FA04F001FA05F240EA020001F0004221F0004110EBD37021FA04F642EB060179
:202F20005EEA430E08BF20EAD37070BDC4F10C04C4F1200500FA04F320FA05F001FA04F227
:202F400040EA020001F0004110EBD37041F100015EEA430E08BF20EAD37070BDC4F12005EE
:202F600000FA05F24EEA020E20FA04F301FA05F243EA020321FA04F001F0004121FA04F291
:202F800020EA020000EBD3705EEA430E08BF20EAD37070BD94F0000F0FD101F00046400033
:202FA00041EB010111F4801F08BF013CF7D041EA060195F0000F18BF704703F00046520095
:202FC00043EB030313F4801F08BF013DF7D043EA0603704794EA0C0F0CEA135518BF95EA11
:202FE0000C0F0CD050EA410618BF52EA4306D1D181EA030101F000414FF0000070BD50EA14
:20300000410606BF1046194652EA430619D094EA0C0F02D150EA013613D195EA0C0F05D150
:2030200052EA03361CBF104619460AD181EA030101F0004141F0FE4141F470014FF00000BA
:2030400070BD41F0FE4141F4780170BD70B54FF0FF0C4CF4E06C1CEA11541DBF1CEA135548
:2030600094EA0C0F95EA0C0F00F0A7F8A4EB050481EA030E52EA03354FEA013100F08880A3
:203080004FEA03334FF0805545EA131343EA12634FEA022245EA111545EA10654FEA002601
:2030A0000EF000419D4208BF964244F1FD0404F5407402D25B084FEA3202B61A65EB0305A4
:2030C0005B084FEA32024FF480104FF4002CB6EB020E75EB030E22BFB61A754640EA0C001A
:2030E0005B084FEA3202B6EB020E75EB030E22BFB61A754640EA5C005B084FEA3202B6EB7B
:20310000020E75EB030E22BFB61A754640EA9C005B084FEA3202B6EB020E75EB030E22BF29
:20312000B61A754640EADC0055EA060E18D04FEA051545EA16754FEA06164FEAC30343EA35
:2031400052734FEAC2025FEA1C1CC0D111F4801F0BD141EA00014FF000004FF0004CB6E788
:2031600011F4801F04BF01430020B4F1FD0C88BFBCF5E06F3FF6AFAEB5EB030C04BFB6EBEA
:20318000020C5FEA500C50F1000041EB045170BD0EF0004E4EEA113114EB5C04C2BFD4EB28
:2031A0000C0541EA045170BD41F480114FF0000E013C90E645EA060E8DE60CEA135594EAF9
:2031C0000C0F08BF95EA0C0F3FF43BAF94EA0C0F0AD150EA01347FF434AF95EA0C0F7FF410
:2031E00025AF104619462CE795EA0C0F06D152EA03353FF4FDAE1046194622E750EA410631
:2032000018BF52EA43067FF4C5AE50EA41047FF40DAF52EA43057FF4EBAE12E74FF0FF3CBB
:2032200006E000BF4FF0010C02E000BF4FF0010C4DF804CD4FEA410C7FEA6C5C4FEA430C5B
:2032400018BF7FEA6C5C1BD001B050EA410C0CBF52EA430C91EA030F02BF90EA020F0020F4
:20326000704710F1000F91EA030F58BF994208BF90422CBFD8176FEAE37040F00100704701
:203280004FEA410C7FEA6C5C02D150EA013C07D14FEA430C7FEA6C5CD6D152EA033CD3D0D7
:2032A0005DF8040B704700BF8446104662468C461946634600E000BF01B5FFF7B7FF002869
:2032C00048BF10F1000F01BD4DF808EDFFF7F4FF0CBF012000205DF808FB00BF4DF808ED99
:2032E000FFF7EAFF34BF012000205DF808FB00BF4DF808EDFFF7E0FF94BF012000205DF8AC
:2033000008FB00BF4DF808EDFFF7CEFF94BF012000205DF808FB00BF4DF808EDFFF7C4FF50
:2033200034BF012000205DF808FB00BF4FEA410C7FEA6C5C02D150EA013C0AD14FEA430CDE
:203340007FEA6C5C02D152EA033C02D14FF0000070474FF0010070474FEA410212F5001299
:2033600015D211D56FF47873B3EB625212D94FEAC12343F0004343EA505311F0004F23FA25
:2033800002F018BF404270474FF00000704750EA013005D111F0004008BF6FF00040704796
:2033A0004FF00000704700BF53B94AB9002908BF00281CBF4FF0FF314FF0FF3000F00CB8C5
:2033C000ADF1080C6DE904CE01F0CFFFDDF804E0DDE9022304B07047704700BF034613F87B
:2033E000012B002AFBD1181A013870478B88043010B500F8043C0C4610F8033C03F0F003C6
:2034000000F8033C8A88C2F30322134300F8033C03F0CF03CA8800F8022CCA8800F8033C36
:20342000120A00F8012C0A7A120102F03002134303F03F0300F8033C4A7A43EA821300F850
:20344000033C0968814205D0E288FB2A28BFFB22FFF790FAE0880430C0B210BD70B50B788E
:2034600005460C46192B1ED82BB3013B182B22D8DFE813F03A003E002100B100B700BD0096
:20348000C300C900CD00CF00DF00E5002400210021004200D300D900E900EF00F500FB0024
:2034A000010107010D01822B4FF0FF0200F0F580832B00F0F68040F2622112E00E23B1F80D
:2034C00003200B7042F283039A4209D10623637066782146284602363246FFF74BFA51E013
:2034E0003521C720F9F746FC0C230B700823EEE71A230B700123EAE72920F9F739FE30B1B5
:203500003E232370222363702923A370E0E70A20F9F72EFE3E2305F1080204F108012B7039
:2035200090B30A231F26AB70E378EB70A3882B71A3881B0A6B71A379AB71E379EB71A36817
:20354000AB608B889380D4F80E30C5F80E30638A6B8263696B61238B2B83638BAB76638B6A
:203560001B0AEB76A38B2B77A38B1B0A6B77E38BAB77E38B1B0AEB7794F8203085F8203092
:203580006E700236304670BD01231326AB70E378EB70A3882B71A3881B0A6B71A379AB7119
:2035A000E37903F00103EB71A368AB608B889380638BAB73638B1B0AEB73A38B2B74A38BA8
:2035C0001B0A6B74E38BAB74E38B1B0AEB7494F820302B75D4E73E230B7004234B7014233C
:2035E00093E73E230B700C234B7004238DE73E230B700A234B70032387E73E230B700D238C
:203600004B70052381E70523237004235FE70823FAE730230B70032359E73E230B700B23ED
:203620004B70072371E73E230B7006234B700C236BE713230B708B789B00013347E75723E1
:203640000B70022343E73E230B7006234B7012235BE73E230B7009234B70132355E73E23D3
:203660000B7005234B7020234FE73E230B7009234B70212349E7FF230B700B234B70A223F1
:2036800043E7FF230B7005234B70A3233DE7FF230B700D234B70802337E70A700D226270D2
:2036A00033E70A700222FAE710B50C4648B141B1F9F7C0FC0028207014BF00206FF0220097
:2036C00010BD6FF01500FBE708B5F9F737FD002008BD022200230270052243708270FC225E
:2036E000C37042716FF02102037182714122C2716FF0140202726FF05D0242726FF02E027B
:2037000082724222C2721846704700F08CBC38B50446FBF7B7FF01281BD1601CFBF7BAFFB5
:20372000B8B1A3790020E51D63F03F03A371FAF703FD40B110220021284601F0E3FD0123A1
:203740000020237038BD2846FBF7B8FF0028F1D0F5E70023F4E710B504461022002101F094
:20376000D1FD04F1100310220021184601F0CAFDFBF7BEFF0020FAF7DFFC20B12046FBF746
:203780009DFF002010BDFBF77DFF0028F6D0F8E710B50446FEF7B8FFB0F5007F09DA10F59E
:2037A000007F08DD031EB8BF03339B100020237010BD7F23FAE76FF07E03F7E70120704793
:2037C00000F0BABD0078003818BF012000F051BCFAF7F4BB00F099BD00F0C4BD00F0DDBBFE
:2037E00000F016BC08B5F9F7BBFC002008BDFAF799BA00F02DBCFAF763BB00F0F5BB00F002
:2038000030BD00F0FABC00F041BD00F08ABB00F08FBB00F09BBB00F0ADBB00F0F0BB00F08F
:20382000CCBB03880B8000F063BD00F0CCBB00F08CBDF8B5941C0E46054617460C446343DC
:20384000B3F5004FA8BF4FF0FF3310F003019CB203D0B0211420F9F78DFAB4F5004F01D926
:20386000B121F7E71422043001F04CFDEF746C802E80F8BD023101444A43B2F5004FA8BFE0
:203880004FF0FF3290B21B3020F00300B0F5004F34BF00B24FF0FF3070478388014602897D
:2038A0009BB29A4202D00831F9F788BC7047072938B5034604D84FF4EC711520F9F75AFA8E
:2038C0000068A8B1D0E900248C4212D02AB901F10805AC4204D210460AE003461046F1E73D
:2038E000425045181A68641A12686C6042501D6038BD1A60FCE730B590B18478B1FBF4F37D
:2039000004FB131300EB430252898A4201D1D8B230BDC27822B900F10A03D0B2844201D82E
:20392000FF20F5E733F8025B0132A942F5D1EFE7827803880532594301EB420108447047C0
:2039400013B500230446CDE900338DF806006846F9F70EFE08B102B010BD2146BDF80400BC
:20396000F9F7E2FD0028F2D040F215211720F9F701FA70B51E460D460921FFF77BFF044644
:20398000324609212846FFF775FF002C03DB002801DB204470BD4FF0FF30FBE70123037027
:2039A0007047F8B5054608461E461146002814BF00240224FF23AB702B191B7D012B04D0F1
:2039C00001342B191B7D012B19D105EB44073B8B3A8C9819904204DD00202C4438832075B5
:2039E000F8BD05EB8404324660681844FEF7C2FF3A8B16443E830023AB700120F0E7002012
:203A0000EEE7002910B514BF00230223FF218170C1180C7D012C07D10C3320F813200223A1
:203A20000B750023837010BD0133C1180C7D012CF2D04FF48C710920F9F79CF930B58278D1
:203A400002F0FF03EAB9027D022A18D0427D022A17D11A46012381B1002485180C322C7513
:203A600020F81240C2180324147500EB83020C33526830F813300A608B80012002E00122E3
:203A8000E9E7002030BD30B58378E3B9837D022B17D0C47D022C16D1032381B100220519CB
:203AA0000C342A7520F81420C2180324147500EB83020C33526830F813300A608B800120E7
:203AC00002E00324E9E7002030BD037D012B01D1008B7047437D012B0CBF408B00207047E7
:203AE000837D012B01D1808B7047C37D012B0CBFC08B00207047038B23B9408B003818BF69
:203B00000120704701207047838B23B9C08B003818BF0120704701207047027D022A01D184
:203B2000008B7047437D022B01D1408B7047032AF6D0032BF9D000207047827D022A01D144
:203B4000808B7047C37D022B01D1C08B7047032AF6D0032BF9D000207047F9F755BE70B579
:203B6000044690F8183103F0FF01E3B96FF00043D0E944529A4208BFB5F1FF3F01D1002031
:203B800070BDD0E9425600F0A1FDAE30D4E944325B1B62EB06021B1A62F10002002AEEDAC1
:203BA0002046FBF7C7FB0120EAE7F8B5044618B9E2213020F9F7DEF8072900F2AA80DFE805
:203BC00001F0043E3E3AA82E9EA6FBF7ABFBD4F8FC00A438FEF73EFB10B940F25D21E8E76E
:203BE000204600F04FFE0546F0B90146204600F06DFD00F1AE06D4F8FC00B04209D2301AA3
:203C00000321192838BF1920FEF752FB051E18BF0125C4F8FC60204600F04EFE35B12046A7
:203C2000BDE8F84000F049BE0025F4E7D4E94223C4E93A23F8BDBDE8F840FCF7D7B900F07F
:203C400050FD002305460E4684F8F83084F80131D4F8CC30EBB150EA01031AD00721A5FBAF
:203C6000012301FB0633D4E93A10521843EB0003D4E9420182428B410BD2012304F1F807C4
:203C800084F800313846FEF76FF820B940F2A4618FE70223F2E72046FFF761FF034694F888
:203CA000C80033B93946FEF7C1F838B94FF4D5617FE7FEF743F8002384F8F030D4E9420164
:203CC000D4E93832834272EB0107B3D255EA0607B0D0C01A334661EB02012A4601F0ABFA9A
:203CE00005FB01F2A5FB005300FB0621D4E938020B44451943EB0203C4E938539AE790F8A4
:203D0000C800FEF71BF8002384F8F03092E7FF214FE740F203114CE7D0F8CC00704710B5BC
:203D2000044690F8F030EBB1FF2380F81831012100F0C5FD94F8F030A3B194F8C800FEF7F5
:203D400069F994F8C800FEF711FB94F8C800FDF7F5FF20B940F2EB113020F9F70BF8002303
:203D600084F8F030002010BD10B590F8182142B990F8D02042B1D0E93531994202D9FBF707
:203D8000D9FA0022104610BD0122FBE708B540F2E31100F0F6FB40F64803984228BF1846A2
:203DA00080B208BDF8B5044621B1012931D040F2D2712BE0C68C36B1FAF766FDE68CB0FBEE
:203DC000F6F303FB16062046D4E9385700F089FC0023281884F8F8304FF0020347EB01013A
:203DE0008019A4F8003141F10001C4E94201C4E938012046FFF7B3FE70B904F1F80194F8A4
:203E0000C800FEF713F838B940F2FB613020F8F7B1FF002380F8D030FCF70EF8BDE8F840FB
:203E2000FDF77EBE90F8F000003818BF01207047002313B5CDE9003301238DF80630684692
:203E4000F9F796FB08B100200AE0009C2046FFF7E9FF0028F3D0204600F046FC0028EED0D5
:203E600002B010BD002307B5CDE9003301238DF806306846F9F77CFB08B1002004E00098B2
:203E8000FFF7D0FF0028F4D003B05DF804FB1FB5002240F6881303A90092FCF7FBFA05B0C8
:203EA0005DF804FB38B5054600F00BFCF0B12846FFF7B8FF08B9002038BD2846FFF72CFF5E
:203EC00004462846FFF72BFF054688B9002CF2D02088FAF7F3F829462088F9F725FB0028BD
:203EE000E9D041F6E5313920F8F744FF4220E3E70C20E1E710B5F9F7D5FD044600F0BEFC96
:203F000040B9204600F0B6FC80F00100C0B200F0010010BD0020FAE708B5FAF795F80020A3
:203F200008BD10B50446FAF755FD2070002010BD10B5FFF77DFF044630B9FAF745FD2046EA
:203F4000FAF712FA204610BD0C20FCE710B50446FFF76EFF50B92078012809D8611CFAF797
:203F60003FFD002814BF0020072010BD0C20FCE71220FAE738B50546FFF75AFF044640B90A
:203F80002878012803D8691CFAF758FD18B9122038BD0C20FCE72046FAE710B50F24002349
:203FA000692130220470C470592441708270047143718171C271184610BD082108B5F9F70E
:203FC0002BF8002008BD10B504466FF07F00FFF75EFFFAF701FB20707F20FFF758FFFAF73F
:203FE000FBFA6070002010BD10B50446F9F75AFD00F03DFCFAF7F0FA2070002010BD0A46E8
:2040000000F1100108B5072301F0C8F8002008BD10B5014604460020FAF776F808B920600B
:20402000A080002010BD10B50446FAF707F828B900202146FAF750F8002010BDFFF712FFDF
:204040000028F5D0FFF756FF0028F1D10C20F4E710B50446FFF706FF28B901202146FAF7D3
:204060003BF8002010BDFFF745FF0028F5D10C20F8E708B5F9F710FC002008BD2DE9F34105
:204080000546477801210078F9F738FA044600285FD000F0DCFBEB78984228BF1846042F3D
:2040A00086B23DD0206BFFF710FD304480B21F2803D9122002B0BDE8F081FB1E012B2CD821
:2040C000204600F0E9FB6B78032B2CD107F0FD08B8F1010F39D1204600F0DEFB002831D180
:2040E000012F08BF4FF002084246216B6846F9F721FB33466A680121206BFFF752FC50B373
:204100006B78023B012B22D8206BFFF7DEFC01210246206BFFF775FC19E0002ED0D1C8E72B
:20412000002ECDD0C5E70028C3D1042BCED12046FFF778FE0028BCD0206BFFF7DCFC002877
:20414000C4D1B6E74FF00008CEE7042FD1D10020B0E74220AEE70720ACE72DE9F7438046DE
:204160004578C77801210078F9F7C8F90446D0B100F084FB0028206B08BF0027FFF7B0FC7B
:20418000C6191FFA87F9B6B21F2E10D8042D0ED0032D12D05FB12046FFF744FE58B10C2006
:2041A00002E0042212E0422003B0BDE8F0831220FAE70720F8E7012D0CD1204600F06CFBF7
:2041C0000028EED1012D0CBF06220522216B6846F9F7B0FA4B46D8F804200021206BFFF7B5
:2041E000E0FB0028E5D0023D012D04D832460021206BFFF706FC0020D6E713B50446F9F7C3
:2042000051FC4FF440736846ADF8003000238DF8023014F8013B8DF803300194FFF79DFFD7
:2042200002B010BD38B5012105460078F9F766F90446A0B1FFF7F6FD28B92046691C00F09E
:2042400058FA002038BD204600F018FB08B10C20F8E7204600F00EFB0028F8D1EDE7422044
:20426000F0E713B50446F9F71DFC684614F8013B8DF803304FF440730194ADF8003000231B
:204280008DF80230FFF7FAFE02B010BD73B50546F9F708FC04462B7863B100230DF101016F
:2042A00001208DF80030F9F72FFF18B16846FFF7B9FFA0B9002620468DF8006000F0E2FA4F
:2042C000B0428DF8036014BF80233346ADF801302B78012B05D169462046F9F7A3FC02B044
:2042E00070BD1BB92046FFF7DDFDF8E71220F6E708B500210088F9F701F920B10021BDE8B2
:20430000084000F079BB022008BD10B504460078FF280AD00121F9F7F1F858B16378A278C9
:2043200043EA0223C384002010BDB4F80100F9F7B3FBF8E74220F7E708B50078003818BF49
:204340000120F9F7A3FB002008BD10B50446F9F7A9FB6178C1F3400201F0010100F0B2FAC8
:20436000002010BD1220704710B5044604B910BD236898476468F9E703680BB90160704771
:204380001A465B6813B18A42FAD170478A4218BF5160704708B5F9F723FBFAF75DFE20B1F5
:2043A00040F235119320F8F7E5FC0120BDE80840FFF7C6BAFCF7B2BD704730B542400C787A
:2043C00018785D784440487868409D78044488786840DD780444C87868401D795B79044450
:2043E0000879497968404B4004442344D3420CBF0120002030BD024600200139C9B2FF2945
:2044000000D17047535C83F001030344D8B2F4E708B5F9F79FFE082803D0BDE80840F9F718
:20442000BBBE08BD08B500F01CFB18B1BDE80840FBF794B8082008BD03460868586670476B
:204440000378890123F0400301F040010B4303707047037803F07F0343EAC1110170704740
:204460001F2A38B50546144603D9B7212A20F8F781FC06340930FEF77DFA6C7038BD1F2AFE
:2044800038B50546144603D9D9212A20F8F772FC06340930FEF76EFA6C7038BD30B503780C
:2044A000024603F00F03032B40D0052B1FD1C37F90F82000034392F82100034392F8220084
:2044C000034392F8230020F01F0018432DD05378222B0CD1B2F81930B2F81740907D41B17A
:2044E000B3F5506F05D940F607518B420ED900201BE0991F40F67A4589B2A942F7D8411E19
:204500000729F4D88342F2D9A342F0D3B2F81B30B3F5FA7FEBD2B2F81D0040F676430A389C
:2045200080B298428CBF0020012030BD4078A0F10C0358425841F8E7FAF720B910B521B923
:204540004FF410711020F8F715FC4A600B72EFF3108472B6031D0B6042681AB1127A012AEB
:2045600008BF036003681960016004B962B6BDE81040FAF74DB90222FAF762B90422FAF7C4
:204580005FB9836901F19C02006B834228BF03469A423DBF581A9C3840080020704710B525
:2045A0000B7901284C790A6843EA0421104608BF41F4803110BD07B5FFF7F1FF0DF107024C
:2045C000FAF7ACF903B05DF804FB0B46142203F8032BD0F80920C1F80320D0F80D205A6012
:2045E000704738B510220B460C4603F8032B00F10902293052F8041B824243F8041BF9D173
:20460000127800211A700123A588A3712846F8F775FF70B1E37863B10088F9F74FFD0021BA
:204620002846F8F781FF20B14FF40A712D20F8F7A1FB38BD0121FAF70BBCFFF7FBBF90F82F
:204640007A300BB10120704790F8B22002F0FF03002AF7D190F8A4201846704737B50D463C
:204660004FF490720021044600F04CFEFF2323701323638042F21073E384F9F72FF800222B
:20468000014620636846F9F755F8206B00220121FFF7B7F9216B68460422F9F74BF800223B
:2046A000206B1146FFF7ADF904F12800A57403B0BDE8304000F03EB9FF23086B0B70FFF791
:2046C0006DB90078FF3818BF0120704710B50446283000F07FF928226188FAF759FE6D306F
:2046E00010BDD0E902017047C07C003818BF012070470B68C0F815308B88A0F819300123CF
:20470000C37670472DE9F04F064691B00D46074606AC0DF110080FCE0FC40FCE0FC496E881
:20472000030084E80300404600F004F995F814906E78B9F1010F95F80AA095F800B006F059
:204740007F0607D0B9F1020F04D040F25F310620F8F710FB697A404600F0F3F82B7D2A7FF7
:204760004046022B02F101020CBF697D0121D2B204BF0131C9B200F0E6F816F0080363D1B6
:204780004046019300F026F928223146FAF700FE40F271212A7900F29920EC78019B44EA00
:2047A00002246A79B0FBF1F044EA024448434C43A0420BD9EC79AA7942EA04222C7A42EA64
:2047C000044201FB02F4A04200D804462A7E0393531EA97C386B5A4202915A410192FFF7D3
:2047E0009CF9386BFFF7A9F9039B019A0299ADF81A6006AE08943C468DF828208DF82B1097
:204800008DF82CA08DF818B08DF81C9009930FCE0FC40FCE0FC496E8030084E8030098E85D
:204820000300B8620020B985EB7A13F0FD0F14BF0123002387F85730EB68BB652B8AA7F8A2
:204840005C3011B0BDE8F08F00242346BEE7438813F0040F0CBF1F20002070474FF400436D
:20486000C38543881D2B08BF00214174704790F912007047408800F0010070474088C0F34C
:20488000400070474088C0F3C000704708B5006BFFF73AF9012008BD012070470120704748
:2048A00090F8503001624B72D0F85130C1F80A30B0F85530CB8170477047FAF72FB980F85C
:2048C0007010704780F8241080F825207047C0F34002C0F3800300F00100134418447047FB
:2048E000022808B507D0042807D0012807D039212E20F8F73FFA262008BD2720FCE72520AD
:20490000FAE7837813F0010202D0C178C9070DD5990702D5C27892070AD513F0040205D0F1
:20492000C37813F0040F14BF00220422104670470222FBE70023C0F80230012343700370A1
:2049400070478170704710B54270144601708078FFF7BDFF484304FB00F2FE2A03DD5C210B
:204960002E20F8F707FA10BD0023C37043710371704710B50446FFF7C4FF63796278013345
:20498000DBB29A4263710CD1E3780022A17803436271DBB29942E37001BF2379E2700133B1
:2049A0002371BDE81040FFF79BBF38B504468078FFF78DFF0146E078FFF789FF237822791A
:2049C00065789B1A6B4359436379C91A00FB1510C0B238BD014608B58078FFF778FF4A788A
:2049E0000B7853435843C0B208BD40F2EE20704740F25A335843704738B50446084694F8B3
:204A0000303213B10C25284638BD94F88730153B012BF7D894F8583203F0FF05002BF1D154
:204A200091B194F8C63123B940F66D213120F8F7A1F9052304F1F00204F5DB7100F0AEFB4A
:204A4000012384F83032DEE70223FAE708B5FBF70DF8FAF7DBFDFAF7CBFCBDE80840FAF776
:204A6000ABBDC82108B5FAF75FFD022807D1013911F0FF01F7D1EB213B20F8F77BF9431EAB
:204A80005842584108BD19B943780BB1C3788370704710B504460846FBF7C4FB4FF47A73B2
:204AA000B0FBF3F0201A10BD10B504460846FBF7B9FB4FF47A7300F2E730023CB0FBF3F059
:204AC000201A10BD08B5FDF7F1FEBDE8084000F038B870B5841A0E46154659B204F30704E3
:204AE00060B2FBF73FFD002330702844737040B270BD0023036070477047002070474FF03B
:204B0000FF3070474FF0FF30704770474FF0FF3070470020704700207047002303707047B3
:204B20009DF800300022FFF7D4BF002070474FF0FF3070474FF0FF3070474FF0FF307047BF
:204B4000704770470020FBF775BD0020FBF77ABE0020FBF78DBE0020FBF76CBD704718B141
:204B6000012803D1FDF78ABE0120704700207047FBF7CABEFBF7DCBEFBF7CCBE38B5054693
:204B800091F827000C46FDF7D9F818B9EA216A20FDF78AFC002309212846A38484F82630BA
:204BA000236A984718B103780BB1EE21EFE738BD426808B5034611441A78A1F19600596037
:204BC000012A06D1FDF746FB40B9CE216A20FDF76BFCFDF73FFB08B9D321F7E708BDF8B59E
:204BE00004460E4619B9012384F829303BE00D78032DF8D8DFE805F0390212154868C728EF
:204C000002D800252846F8BD0421FDF751FB0028F7D171682046FFF7CBFFF3E7FCF728FA2F
:204C2000F0E790F82470F7B94D682846FCF7F4F90028D8D02B78D3B9012222702B79003B3B
:204C400018BF012363726B79002B0CBF022304232372AB68A5336360EB6884F82520236183
:204C6000032384F82630FCF703FA0225CAE794F82630052B04D04FF4C9716A20FDF714FC83
:204C800027702B7994F82700003B18BF012363726B79002B0CBF022304232372EB68A968FC
:204CA000A5336360D4E906325B1842EBE1722146C4E90432042384F82630FDF7B7F8002863
:204CC000D1D14FF4CA71D8E738B5044620B94FF4D6716A20FDF7E8FB90F82850072900F2D8
:204CE000D980DFE801F0043333636D77907E90F82630033B012B02D940F2B711E9E70523CF
:204D000090F8241080F82630002380F82930C9B9FFF74EFF2378012B0FD1FDF71FF8C4E9F1
:204D20000601236A00212846984701462046FFF756FF022840F0B18038BDD4E90423C4E968
:204D40000623EEE7BDE83840FCF792B990F82630DA1E012A02D94FF4EC71BAE790F8242011
:204D60002AB121462846BDE83840FFF707BF042B0CBF02230123012980F82630036A0AD127
:204D80000521284698470028D6D00378002BD3D040F2ED119DE70621284698470028CBD09E
:204DA0000378002BC8D04FF4F97192E790F82630052B02D040F2F9118BE7036A0221B2E7D8
:204DC00090F82630052B02D040F2FF1181E7036A0121A8E790F82630052BB3D040F2052142
:204DE00077E790F82630052B02D040F20A2170E7036A0A212846984701462046FFF7EFFE4C
:204E000040F20D2165E790F82630052B07D090F825200AB1032B02D040F2112159E794F849
:204E20002420002A9DD194F8293093B102230821284684F8292084F82630236A9847002886
:204E40003FF47AAF0378002B3FF476AF40F21D213FE794F8252062B1214694F8270084F8E8
:204E60002530FCF7E3FF00287FF466AF40F222212FE702230721284684F82630236A9847D4
:204E800000283FF459AF0378002B3FF455AF40F229211EE740F22E211BE720B1012805D1FE
:204EA000236A04213FE7236A03213CE740F23F210FE770B50024FCF727F905462646E0B219
:204EC000854200D870BDFCF725F90134868480F82660F4E7F8B504460D460027FCF714F96C
:204EE0000646F8B2864204D8082D0CD96FF0150008E0FCF70FF990F826300137002BF0D0A6
:204F00004FF0FF30F8BD2CB129462046BDE8F840FCF70CB921462046F8E738B50546FCF750
:204F2000F9F8014688B190F824408CB990F8263073B1013B012B04D82846FFF71FFE2046A2
:204F400038BD012380F82430F9E76FF00100F7E76FF02200F4E770B50D46FCF7DBF804466A
:204F6000002848D090F82660731E012B49D8002D44D02846FCF750F800283FD02B78FBB98D
:204F8000012323702B79003B18BF012363726B79002B0CBF022304232372AB68A533636042
:204FA000EB6823610323214694F8270084F82630FCF73CFF40BB40F2BF216A20FDF774FAE1
:204FC000022E1ED1002323702B79003B18BF012363726B79002B18BF04262672EB68A96841
:204FE000A5336360D4E906325B1842EBE172C4E904320423D7E76FF0010070BD6FF0150065
:20500000FBE76FF02200F8E70020F6E7FCF7FCB808B50020FCF700FA0120FCF7FDF90220B4
:20502000BDE80840FCF7F8B970B58368D0E90052D1E900465B1942F100029C4276EB0203D7
:205040000DD30B7B012B0CD0037B012B09D1641BFBF76EFF8442B4BF0020012070BD0020B9
:20506000FCE70120FAE72DE9F843B2F808801C4692F80090054698FA98F80F46164600210D
:205080001022184600F03EF9A4F80C8084F80E90B9F1000F13D115F11C00D6E9042347F13A
:2050A0000001824273EB010133BF4FF47A73C4E900237368C4E90057A360BDE8F88322466F
:2050C00028463946FCF722FC73682A46A3603B46C4E9000121463069FCF792FC0028ECD1EF
:2050E000C4E90057E9E70020704701F11003013813F8012D8B4200F8012FF9D170472DE902
:20510000F04713F0010F8EB004460D4617469A46DDE9168913D006A8FFF7E7FFA30724D0BD
:2051200002AA04F110052068083454F8041C1346AC4203C31A46F6D106AD02AC16E013F0FB
:20514000040F0DD106AB0E4601F1100C1D463068083656F8041C1A46664503C21346F6D1B4
:20516000214602A8FFF7C1FFE7E706AD1AF0020F4346CDF800900BD0294620460AAAFDF796
:205180002BFA0AA93846FFF7B0FF0EB0BDE8F0873A4629462046FDF71FFAF6E713B500240F
:2051A000CDE90044FFF7ABFF02B010BDFDF732BB20BF704720BF70479142F8B503D37321DF
:2051C0009620FDF771F9B2FA82F33BB1C3F1200499409A4020FA04F4984021434FEA124C3E
:2051E00093B2040C87B2B1FBFCF50CFB151E05FB03F64FEA0E4E0EEB1040864205D9361A7D
:2052000096428CBF02260126AD1B04EB0141280405FB1211B1FBFCF40CFB1411634307EB74
:2052200001418B4205D95B1A93428CBF02220122A41A2043F8BD2DE9F0411D4607460E4684
:20524000144652EA050303D1AC219620FDF72CF985B9914204D2FFF7AFFF2946BDE8F08130
:2052600008462946FFF7A8FF05462246384604FB1561F0E7B5FA85F8B8F11F0F01DDC9218C
:20528000E3E70123400803FA08F3C8F11F0840EAC670A3FB0212710803FB0522FFF78CFFCF
:2052A00030FA08F04FF0000102D0013861EB010100FB05F3A0FB042C04FB0133BF1A6344C2
:2052C00066EB0306A74276EB0503C7D3013041F10001C3E7431A934200EB020310B508D3B8
:2052E000013902469A4207D011F8014F02F8014BF8E70A448A4200D110BD12F8014D03F8F0
:20530000014DF7E770B5C9B20446A30711D141EA0123960843EA034522F0030323449C422C
:205320000DD16FF0030404FB06221A44934209D170BD002AFCD0013A04F8011BE5E744F877
:20534000045BECE703F8011BF0E700280CBF6FF0150000207047002070470723037000205B
:20536000704700207047002070472DE9F04786468C460846089E154674461946002B40F01A
:20538000C1808542B2FA82F245D94AB1C2F1200300FA02FC954094402EFA03F343EA0C0CF2
:2053A0004FEA154EA8B2230CBCFBFEF80EFB18CC08FB00F943EA0C43994528D9EB1808F1DB
:2053C000FF3704D2994502D9A8F102072B44A3EB0903A4B2B3FBFEFC0EFB1C330CFB00F010
:2053E00044EA0344A04214D92C190CF1FF3304D2A04202D9ACF102032C44241A43EA07409E
:205400001EB1D440002334607360BDE8F0874746DDE76346F1E792BB431B01214FEA154EC8
:20542000AFB2200CB3FBFEFC0EFB1C330CFB07F840EA0343984561D9EB180CF1FF3004D24D
:20544000984502D9ACF102002B44A3EB0803A4B2B3FBFEFC0EFB1C330CFB07F744EA03441D
:20546000A7424DD92C190CF1FF3304D2A74202D9ACF102032C44E41B43EA0040C0E7C2F137
:2054800020039540944020FA03F12EFA03F34FEA154E9040AFB20343B1FBFEFC0EFB1C1026
:2054A000190C0CFB07F841EA0041884522D969180CF1FF3004D2884502D9ACF10200294456
:2054C000A1EB08019BB2B1FBFEFC0EFB1C110CFB07F743EA01439F420ED9EB180CF1FF31A0
:2054E00004D29F4202D9ACF102012B44DB1B41EA004193E76046E3E76146F7E76046A4E709
:205500006346B8E7834206D916B9002108467CE7C6E900E0F9E7B3FA83F78FB9834201D387
:20552000724508D8BEEB020460EB030301209C461EB9002169E73846FAE7C6E9004CF8E750
:20554000C7F1200CBB400EFA07F522FA0CF42EFA0CF1BA401C4320FA0CF3B8404FEA144927
:2055600001431FFA84FEB3FBF9F809FB18300B0C08FB0EFA43EA00439A4540D9E31808F1E3
:20558000FF3004D29A4502D9A8F102002344A3EB0A0389B2B3FBF9F809FB183308FB0EFE77
:2055A00041EA03418E452CD9611808F1FF3304D28E4502D9A8F10203214443EA0040A1EB80
:2055C0000E01A0FB02984145CE46434602D306D14D4504D20138B9EB020E68EB0403002EDB
:2055E000A7D0B5EB0E0261EB030101FA0CFC22FA07F3F9404CEA0303C6E9003199E74046C0
:20560000C5E74346D9E700002DE9F04F824617461C4600259FB00391387810B9284600F0DA
:20562000A9BD252809D00399D0470028C0F2A2857B1C01350593059FEEE71822002110A839
:2056400011F01FFE7B78252B00F0BC80002398469E469C461846791C0E4611F8012B2B2A25
:2056600000F0E38000F2DA80202A00F0E180232A00F0E1802BB19DF8483043F040038DF86E
:205680004830B8F1000F05D09DF8483043F020038DF84830BEF1000F05D09DF8483043F0D2
:2056A00010038DF84830BCF1000F05D09DF8483043F008038DF8483028B19DF8483043F0E8
:2056C00004038DF848309DF8483003F04401442903D16FF386138DF848309DF848302A2AE7
:2056E00043F080030E968DF8483040F0A9809DF8493043F001038DF84930731C1A782E2A3E
:205700000CBF012100219DF8492061F341028DF849200CD15A1C0E925A782A2A40F0A0808F
:205720009DF84920023342F004028DF849201A786C2A00F0C18000F2A380682A00F0A980F7
:205740006A2A00F0C2804C2A00F0C78013F8012B782A05938DF84B2000F209816D2A00F270
:20576000C980692A00F20381572A00F2E280412A04D0A2F14503022B00F2F98004219DF896
:205780004A3002F0DF02A2F1410961F30203D9F100029DF8491042EB090262F3C7110A0657
:2057A0008DF84A308DF84910CBB200F11F8103F07802182A40F009816FF3C6038DF849306C
:2057C0000023F8E08DF84B30BB1C05939DF849309DF84A20DE0702F0070040F1098154F86D
:2057E000041B0029049108DA9DF8481041F004018DF84810049949420491590740F100811B
:2058000054F8046B002E80F2FF809DF849306FF341038DF849304FF0FF36F5E02D2A0DD07F
:20582000302A7FF427AF012316E74FF0010C13E74FF0010E10E74FF001080DE701200BE7CA
:205840000EA801F0A9FE0E9BB3423FF457AF9DF848201390C00F60F341028DF848204DE7FD
:205860000EA801F099FE9DF848301490C3F3400242EAD07262F341038DF848300E9B56E757
:20588000742A26D07A2A7FF461AF06219DF849200CE05A78682A9DF8492006D1012161F38D
:2058A000C6028DF84920023350E7022161F3C6028DF84920013349E75A786C2A9DF84920CF
:2058C00001D10421EBE70321F0E705219DF84920ECE707219DF84920E8E7BDF8482022F4E5
:2058E000F04222F0020242F4804242F00202ADF84820DFE76E3AD3B201229A4040F282433E
:205900001A429DF8493039D112F0240F61D1D1072DD503219DF84A2003F07803A3F1400865
:2059200061F30202D8F100038DF84A2043EB080341E00120A2F15801C9B200FA01F111F481
:20594000624F7FF41BAF40F6010319429DF849301AD111F4043F0AD09DF84A2060F3020253
:2059600003F07803402B8DF84A207FF429AF9DF8483043F001038DF8483021E702219DF813
:205980004A2061F30202EBE702209DF84A1003F0780360F30201402B8DF84A1002BF9DF8FE
:2059A000481041F001018DF84810632A7FF408AF003B18BF01239DF84820C2F340010B4351
:2059C00063F341028DF8482000E713F0380FCED1F6E603219DF84A2013F0780F61F3020290
:2059E00014BF012300238DF84A20E4E70123E2E79DF948100029ACBF4FF0FF311399FBE668
:205A00009E077FF508AF149E00230428CDE913339DF8493007D1990705D49DF94910002942
:205A2000ACBF06260D2602F00702012AC3F3C30332D1DA1E042A04D8DFE802F02045452072
:205A400020002268012B4FEAE271CDE910211BD19DF94020D117CDE9102104349DF8482017
:205A6000069292074FD03A465046059B03990FF002FE0028C0F27E830544DCE554F8042B25
:205A8000D117CDE91021E9E7022BE6D111B242F3C032CDE91012E0E7022A24D1DA1E042AB3
:205AA00004D8DFE802F0181010181800012B4FF0000154F8042B14D0022BCDE91021CDD16C
:205AC00092B21092CAE7073424F00704F4E80201CDE91001C2E754F8042B109200221192A4
:205AE000BCE7D2B2CDE7042A08D1073424F00704D4E900010834CDE91001AFE7032AADD168
:205B000054F8042BDDE79DF84B80B8F1780F3FF692ADB8F1570F5CD8B8F1250F00F0A4800E
:205B2000B8F1240F7FF687ADB8F1410F04D0A8F14503022B3FF67FADDDE91023002BC0F2CE
:205B40004D810699080700F14C81C1F300194FEA4919C3F30A51C3F31303002940F04481A8
:205B600052EA030014BF4FF0010C4FF0000CD80240EA5250D702CDE90C70B8F1460F47EA9C
:205B8000010740EAE17008BF4FF06608384300F0B781BCF1000F10D01B0343EA1253170305
:205BA0003A4618464FF0000C002880F25681BCF1000F40F05981CDE90C730D9BA1F2FE3BDC
:205BC00043F000430D930021DDE90C230F46052060E1A8F15802202A3FF62DAD01A151F8A7
:205BE00022F000BFAF5D010037560100375601003756010037560100375601003756010073
:205C00003756010037560100395B0100375601005B5D01006F5D0100395B0100395B010095
:205C2000395B0100375601006F5D010037560100375601003756010037560100B55D010029
:205C4000AF5D0100FF5C01003756010037560100795C010037560100AF5D010037560100C0
:205C600037560100AF5D010040460399D0470028C0F280820135DEE4002E109F3BDB314612
:205C8000384611F085FC002F3FF4D5AC4FF000093E18F31B9DF84A2012F01001069100F0DC
:205CA0005E82023312F04002DDF84C80089218BF149A434418BF9B18049ACDF81C80002A91
:205CC00040F36882D31A9DF8482004935007C2F3800B00F15F82510640F14F82B9F1000FAB
:205CE00007D048460399D0470028C0F24382D9460135302242E23846FDF770FBC6E71098F0
:205D0000002800F027820DF175030093002117AB12AA01F057FC4FF000090746BDF84A3012
:205D200003F0EF0343F4F04343F01003ADF84A30002E0CDB9DF848200DF17503DB1B6FF3CF
:205D400086129E428DF8482001D9F31A1393002F3FF471AC0DF175066DE0109B4FF0000919
:205D60008DF85C300DF15D06012317AF92E7069B1F0754BFC3F300194FF02B09DDE9102339
:205D800058BF4FEA4919002B06DA4FF02D09524263EB4303CDE91023DDE910010DF1750373
:205DA000009312AA17AB01F00DFC0746C0E74FF00009F1E7109A072B3FF63DACDFE803F010
:205DC0000C04060C08080C0C157034E4158032E4EB17C2E900532EE415602CE44FF02D0925
:205DE000B7E64FF02B09B4E640F2FF70814231D1A34908F101085FFA88F811F80810134355
:205E000001F003011ED101290BBF492369234E216E210CBF462266228DF85C309DF84830DB
:205E20008DF85D106FF386138DF85E208DF848300DF15F0617AFF31BB9F1000F3FF42AAF79
:205E4000013327E7012915BF6E234E23612141211A46E1E74FF0000C89E692184FF0010C44
:205E600001F1FF3140419FE6CDE90C20A5E6520842EAC3725B08B3F1333F59460BF1010BB2
:205E8000F5D201F1020B012100FB03FCA2FB0023013F63441BF1020FE9DB09B1CDE90C23F9
:205EA000DDE90C32BBF1000F2DDCCBF10401A1F120000BF11C0B02FA0BFB22FA00F0CA406C
:205EC000CB40079208F0DF0243EA0B03472A43EA00037BD1F91C01DBBE422ADAA8F1020885
:205EE000002E5FFA88F87ADD9DF84820013E920675D4B6F1000B18BF4FF0010B721C26E0BF
:205F00004FF0000B5FE6023342F100020CA80BF1FF3B0137CDE90C320FF07EFBDDE90C32F6
:205F2000DB185241002A0BF1FF3BF9DACDE90C32B6E79DF84820F61B90064DD4B6F1000BA0
:205F400018BF4FF0010BF2194FF066084AD4102AA8BF10229FED487B10208DED0E7B0B9059
:205F6000DDE90E01002A3FD1079A1B1842EB0101B1F1805F47D2CDE90C31069BB8F1660FC3
:205F800003F0200240F0C680002F47DC30238DF85C30002A76D1002E40F3BD812E238DF8DA
:205FA0005D3087B17B42B342A8BF3346002B1393A6EB0306D4BF002301239DF84A2063F3F0
:205FC00045128DF84A200DF15E0340E0B8F1660F4FF0000BB7D091E74FF0000BB3E74FF072
:205FE000000B8BE70022B5E7400840EAC1704908CDE90E010EA8CDE908230FF00DFB089A6D
:20600000099B013AACE75B0843EAC1730CA84908CDE90C3101370FF0FFFAAEE717AB0B9927
:2060200000290BDD0BA90CA8CDE906320FF00CFB069B013F079A03F8010BF0D11397AAB99C
:20604000002E40F366812E2103F8011B0027002E21DD0B9A002A1EDD0BA90CA806930FF075
:20606000F3FA069B013E03F8010BF0E72E2203F8012BEBE7AFF30080000000000000000802
:2060800085BC02002E238DF85D30002F9BD0002E88DC0DF15E03BBF1000F4FD114961E46E6
:2060A00008F0DF03452B24D1002FBABF7F422D232B23632FC8BF64227370C4BFB7FBF2F3FE
:2060C00002FB13774FF00A02C8BF03F13001B7FBF2F3C8BFB17003F1300102FB137386F8DD
:2060E000008003F13003D4BF02360336317073700236139B002B2BDC149B002BD4BF0023C9
:2061000001239DF84A2063F3861200238DF84A2033708FE60BA90CA806920FF095FA069A16
:2061200030288DF85C0018BF07F1FF3712B9002E40F3F1802E238DF85D3044E71E4616F884
:20614000012C013B302AF9D02E2A08BF1E46A7E70123D6E7714E81460523771F9AE51107E6
:2061600048BF01339EE5104609920399D0470028099A05DA1FB0BDE8F08F2022DDF810B049
:20618000594600290BF1FF3BEDDC049BCDF810B02B445D1AB9F1000F05D048460399D0475F
:2061A0000028E7DB0135089B002B77D09DF94930002B28DB3B46DFF8689118789B4619F89A
:2061C0000020013352073FD49DF84A30EF1B98065F4407D44246002A08F1FF383BDC079B2F
:2061E0003B449F1A9BF800002E280AD10399D0470028BFDBB8F1000F07F1010731DC0BF16D
:20620000010B5D4638E0B94699F80000C846702809F1010913D1EF1B149D47443D44EB1BCC
:20622000002B33DC33464246504603990FF023FA00289FDB3844049E0546064464E00399A0
:20624000D0470028E0DA95E706930399D0470028069BB2DA8EE730200399D0470028B9DAF5
:2062600088E730200399D04708F1FF38C0E70399D0470028FFF67EAF2878A84619F8003009
:2062800001355907F3D4A7EB0B07C5E730200399D0470028FFF66EAF0137C0E79DF84A3026
:2062A000DA0601D41B0706D530200399D0470028FFF660AF0135069B3BB103999DF84B00BE
:2062C000D0470028FFF656AF0135A84406E030200399D0470028FFF64DAF0135A8EB050390
:2062E000002BF4DC33463A46504603990FF0C3F90028FFF63FAF28449DE720200399D047CF
:206300000028FFF637AF0135731B002BF5DCFFF792B91746BFE60DF15D03BCE61B950200C5
:2063200086BC02000000000008B5094BD3E8AF3F43B1FAF7E3FD04A1D1E90001BDE808404D
:2063400005F0C2BF08BD00BF389C1C0000000000B41D00200000000037B50024164D6FF090
:2063600009034FF480622846144900940AF07CFB1349284610F032FC124913480AF0DEFA9C
:20638000224604211C2001F01DFF01220F4BD3E8EF1FC3E8E02F0028F9D105A1D1E90001D4
:2063A00005F092FF204603B030BD00BFAFF30080389C1C000000000068170020E8260020B3
:2063C0000AA502008DC20100E81D0020B41D00202DE9F04F476A97B08346209E08910C929B
:2063E000129355EC104B8DED000B7FB910200DF049FC0246CBF8240020B9A74BEA21A74839
:206400000DF010FCC0E901770760C760DBF82430196859B15A680123584693404A608B6026
:206420000EF0F8FBDBF8243000221A602B1EB7BF23F00043002301220193A8BF3360019F1F
:20644000974BB8BF3260BB4319D142F20F73129A1360C7F31303234300F0DB85219B53B946
:20646000904B21E0904B03930833219A1360039817B0BDE8F08F8B4B03930333F5E79DEDD8
:20648000007B0022002351EC170B8DED0A7BFCF71BFF804650B10123129A1360219B13B147
:2064A000824B219A1360824B0393E0E7C7F30A5614AA15A958469DED0A0B0EF033FE029023
:2064C000002E76D00B9BA6F2FF36CDF84C80C3F3130343F07F53DDE90A0143F440131946B9
:2064E0000022744BFCF7D0FA65A3D3E90023FCF783FC65A3D3E90023FCF7C8FA04460D466C
:206500003046FCF70FFC62A3D3E90023FCF774FC02460B4620462946FCF7B8FA04460D4610
:20652000FCF71AFF00220746002320462946FCF7D5FE40B13846FCF7F5FB22462B46FCF704
:20654000C3FE00B9013F162F52D85B4B03EBC703DDE90A01D3E90023FCF7C0FE002849D012
:20656000013F00231193149B9B1B5A1E4CBFC3F101030023079245BF0693002306930793C5
:20658000002F39DB079B10973B44079300230993089B092B66D8052BC5BF043B0024012446
:2065A0000893089B023B032B67D8DFE803F02D3A3859DDE914631E4406F23243202BC9BF62
:2065C000C3F14003C3F120039F4006F21243D8BF04FA03F006F1FF36C4BF24FA03F347EA45
:2065E0000300FCF78FFB0122A1F1F873139276E70123B7E71190B6E7069BDB1B06937B420C
:20660000099300231093C3E700230D930C9B002B56DC012399461A4604930C920CE00123FF
:20662000F3E700230D930C9BFB1803F1010904934B46012BB8BF0123DBF8240000210422D8
:2066400002F114059D423FD9416058460EF0A2FA039000283BD1194B02464FF4D571CEE6AE
:206660000123DFE7012400230D9408934FF0FF330022994604931223CFE701230D93F5E718
:2066800061436F63A787D23FB3C8608B288AC63FFB799F501344D33FD6BD0200EDBD02001B
:2066A0000000F07FD2BD0200C9BD0200E7900200E69002000000F83F3089020061BE02004E
:2066C0000C9B99460493B7E701315200B8E7DBF82430B9F10E0F039A1A606FD8002C6DD027
:2066E000002F36DD07F00F02A04BF8054FEA271403EBC20393ED007B8DED0E7B17D59C4B70
:2067000004F00F044FF00308D3E90823DDE90A01FCF79CFCCDE90001954D5CB9DDE90E2340
:20672000DDE90001FCF792FCCDE900012BE04FF00208F1E7E10709D508F10108DDE90E0191
:20674000D5E90023FCF758FBCDE90E0164100835E3E700F007817C42844B854D4FF00208B2
:2067600004F00F02241103EBC203DDE90A01D3E90023FCF741FB0023CDE90001002C40F017
:20678000E580002BD0D1119BDDE90045002B00F04C810022774B20462946FCF79FFD0028B9
:2067A00000F04381B9F1000F00F03F81049B002B00F3E480DDE90A34CDE90034159B002BD2
:2067C00002DB0E2F40F342820D9A002A40F06782099C0025DDF81880B8F1000F0DD0079B50
:2067E000002B0ADD4345069AA8BF4346D21AA8EB03080692079AD31A0793099B0BB30D9B1B
:20680000002B00F0A682002C00F0A1822946224658460EF029FB029A0146054658460EF095
:2068200079FA0299064658460EF0F4F9099B1B1B099300F09182099A314658460EF014FB37
:206840000290012158460EF04FFA109B0446002B00F084821A46014658460EF005FB089BA3
:206860000446012B03DC009B002B00F07C820026236904EB8303186911F020F8C0F120007D
:206880001096079B184410F01F0000F09182C0F12003042B40F38182C0F11C00069B034444
:2068A00080440693079B03440793069B002B05DD1A46029958460EF031FB0290079B002B28
:2068C00005DD21461A4658460EF028FB0446119B002B00F076822146029811F03EF80028E7
:2068E00080F26F8200230A22029958460EF0B4F90D9B7E1E0290002B00F05C8200232946A1
:206900000A2258460EF0A8F9049B0546002B03DC089B022B00F35E82B8F1000F05DD29466E
:20692000424658460EF0FAFA0546109B002B00F0D082696858460EF02DF90746002840F0A4
:206940007F820D4B024640F2EA2158E5E20706D508F10108D5E90023FCF74EFA01236410A2
:2069600008350BE74FF002080DE700BF30890200088902000000F03F61BE020020460022C6
:20698000AC4B2946FCF738FA7E1E08F10108049CCDE900014046FCF7C5F9DDE90023FCF764
:2069A0002BFAA54B0022FCF771F8A1F15073CDE90E010F93002C3BD10022A04BDDE900017C
:2069C000FCF762F802460B46CDE90023DDE90E23FCF7A2FC002840F05781DDE90E2101F159
:2069E0000043DDE90001FCF779FC00283FF4E2AE002425460C9BDDF80CA0DE434FF000081B
:206A0000214658460EF006F9002D00F0A980B8F1000F05D0A84503D0414658460EF0FAF8CC
:206A2000294658460EF0F6F89AE03E464C46B1E7834B03EBC40353E90201039B1C440D9BCD
:206A4000002B4AD002460B4600207E49FCF7FEFADDE90E23FCF718F8DDF80CA0CDE90E0146
:206A6000DDE90001FCF778FC0546FCF75BF9024630350B46DDE90001FCF706F80AF8015B42
:206A800002460B46CDE90001DDE90E01FCF744FC002865D100206C49DDE90023FBF7F4FF9D
:206AA00002460B46DDE90E01FCF736FC002840F00D81A24500F0EA8000225E4BDDE90E017C
:206AC000FCF79AF900225B4BCDE90E01DDE90001FCF792F9CDE90001C2E7DDE90E23FCF714
:206AE0008BF9A046DDF80CA0CDE90E01DDE90001FCF732FC0546FCF715F9024630350B46B4
:206B0000DDE90001FBF7C0FF0AF8015B02460B46A245CDE900234FF0000223D1494BDDE9B7
:206B20000E01FBF7B3FF02460B46DDE90001FCF7F3FB002840F0CA8000204249DDE90E231D
:206B4000FBF7A2FF02460B46DDE90001FCF7C6FB70B1C24608F1FF381AF8013C302BF8D0C3
:206B6000374655E0334BFCF747F9CDE90001BDE7DDE90A34CDE90034159B002BFFF628AEC3
:206B80000E2F3FF725AE2E4B03EBC70393ED007B0C9B002B8DED047B02DAB9F1000F64D0EF
:206BA000DDF80CA0DDE90045DDE9042320462946FCF74CFAFCF7D0FB0646FCF7B3F8DDE9E0
:206BC0000423FCF719F90246204606F130040B462946FBF759FF0AF8014B039C02460B4620
:206BE000AAEB0404A14540F08280FBF74FFF04460D46DDE90423FCF78FFB002865D12046D5
:206C00002946DDE90423FCF75FFB08B1F3075CD4029958460DF0FEFF002301378AF80030A8
:206C2000129B1F60219B002B3FF421ACC3F800A01DE400BF0000244000001C400000144012
:206C4000308902000000E03F0000F03FA24B03EBC70393ED007B0C9B002B8DED047B9FDA47
:206C6000B9F1000F9CDC7FF4C3AE00229B4BDDE90401FCF7C1F8DDE90023FCF743FB04461C
:206C800000287FF4B5AE3E462546B4E0DDE90A34CDE90034159B002B01DB0E2FD6DD089A3C
:206CA000012A36DC139A82B303F23343099CDDF81880069A012158461A440692079A1A44E3
:206CC00007920EF011F8054686E53E4653469A4613F8012D392A06D1039A9A42F7D130225B
:206CE000039901360A701A7801321A7038E700227B4BFCF781F80022002304460D46FCF7B0
:206D0000E3FA00283FF450AF82E7149BC3F13603CCE709F1FF34099BA34208DBB9F1000F32
:206D2000A3EB04040EDBDDF818804B46C1E7099B109AE31A0994DDF8188000241A444B46C6
:206D40001092B6E7069BA3EB09080023B1E7029E71E5099A029970E5029672E5089B012BB2
:206D600017DC009BABB9019BC3F313039BB9019B23F00046360D360536B1069B012601330F
:206D80000693079B01330793109B002B7FF470AD1096012075E50026F6E73FF486AD1C33AB
:206DA000069A1A4498440692079A1A4407927CE50346F4E7049B002B2BDC089B022B09DCBE
:206DC00027E0B9F1000F1DDC089B022B1ADD3E46CDF81090049B002B7FF40CAE21460522C5
:206DE00058460DF039FF01460446029810F0B5FD00287FF7FFADDDF80CA0312301360AF88B
:206E0000013BFBE50D9B3E46CDF81090002B7FF483AD039F2146029810F0C6FB039B00F104
:206E20003009049A07F8019BFB1A9A4240F3CB8000230A22029958460DF00EFF0290E9E77D
:206E40002A6905F10C010C300232920010F00CFA0122394658460EF061F8039BA846054626
:206E600003F1010ADDE9032313440793009B03F0010309930AF1FF3321460298049310F043
:206E800093FB4146069000F13009029810F065FD2A462146074658460EF0ACF8C26801464C
:206EA00002B358460DF0B6FE002F3ADA0122029958460EF033F82146029010F04EFD00289A
:206EC00003DC29D119F0010F26D0B9F1390F1DD132E02846C1E700BF3089020000001440F4
:206EE000000024400A90029810F037FD0A990C9058460DF08FFE0C9A5ABB089B53B9099B51
:206F000043B9B9F1390F17D0002F05DD069B03F1310901E0002F2ADADDF810A00AF8019B85
:206F20006EE5089B3B4304D1009B03F00103002BBCD0B9F1390F36D1049F392307F8013B8C
:206F4000BA46013F1AF8013C392B5AD001333B7056E5002F06DB089B3B4306D1009B03F064
:206F6000010313B9002AA1DCD6E7002AE1DC079B57460AF8019C53452ED000230A22029998
:206F800058460DF069FEA84502904FF000034FF00A02414658460BD10DF05EFE8046054678
:206FA0000AF1010A66E7DDF810A009F10109B5E70DF052FE2946804600230A2258460DF0ED
:206FC0004BFE0546ECE7049B4FF00008002BCCBF1F460127039B1F440122029958460DF0C7
:206FE0009DFF2146029010F0B8FC0028A8DC02D119F0010FA4D1BA4617F8013D302BFAD0C9
:20700000FEE4039BBB429BD13123039A01361370F6E4219B002B7FF425AA014BFFF744BA99
:20702000C9BD02002DE9F04112F0FC6F1346D0E9014706690ED0424940F2DF33414A424889
:207040000EF039FB41480EF036FB40F2DF313D480EF028FB02F03002302A0CD13C4940F24C
:20706000E233384A38480EF026FB3A480EF023FB40F2E231EBE7384A384D1A40AA420CD1FB
:20708000374940F2E6332F4A2F480EF014FB35480EF011FB40F2E631D9E703F00602042A6F
:2070A00009D1314940F2E933264A27480EF003FB40F2E931CBE713F4402216D09D030CD486
:2070C0002A494FF47B731F4A1F480EF0F4FA28480EF0F1FA4FF47B71B9E7B2F5402F18D02A
:2070E000244A9A4301D183F44023012524688D40254223F4801219D11F494FF47F73114A28
:2071000011480EF0D8FA1D480EF0D5FA4FF47F719DE71B494FF47C730A4A0B480EF0CBFA5D
:2071200018480EF0C8FA4FF47C7190E73468DB074CBF2C43AC4334603B68BDE8F041184735
:20714000C58E0200948E0200228F02003F8F0200638F02009C8F020002000300020001000A
:20716000D98F0200209002006F900200A2900200E89002000100100090910200CE910200AF
:20718000239102006491020070B50124184B1C700FF093FD4FF47A75A0FB0506002347F642
:2071A000122205FB0161FCF7FFF81249024612480EF01BFA114B18681B7904FA03F1436832
:2071C0001B6819420ED10E4940F2B6630D4A0E480EF071FA0D480EF06EFA40F2B6610948E5
:2071E0000EF060FA8368BDE870405B69184700BF3C260020E0910200E6910200A8030020DC
:2072000090910200948E0200228F0200CE91020070B54B4D28460FF039FC044628B92968F8
:2072200048480EF0E2F9204670BD0D212846464AFFF7F8FE044630B10D2301462A6843487B
:207240000EF0D3F9EFE7D5E90126B4692B692CB3126892040ED43E4940F293333D4A3E489B
:207260000EF029FA3D480EF026FA40F2933139480EF018FA1B684FF0A07213F4005F14BFB6
:207280004FF000734FF080630D212846A047044638B10D2321462A683148D1E76FF0570450
:2072A000F7E73049304B4B604FF400538B60F36913B10122284698472C4C2D480D22296893
:2072C0000EF093F9206850B10FF0E0FB054630B9236801461A6827480EF087F9256020683F
:2072E00078B1E288217942F40032FFF79BFE23790146E8B12268204812680EF076F90023F2
:2073000023601E480EF071F91D4C1E4D2378002BFCD029461C480EF068F901200EF096FBD4
:20732000014610B119480EF060F900232370EDE721681A46096816480EF057F9E1E700BF76
:20734000D87A020007920200110001002D92020090910200948E0200228F0200CE91020010
:2073600056920200801C002089710100A80300208C920200A8920200DB9202002893020019
:207380003C260020E09102003A9302008F9302000F930200F8B50F4600293BD0066801229A
:2073A00030460DF084FF0146044630460DF047FFC3070DD4AF23184A184919480EF07BF97A
:2073C000394618480EF077F9AF2113480EF06AF9214630460DF049FF25182946002230466E
:2073E0000DF02DFF2D1AAC420BD0B7230A4A0E490B480EF060F939460C480EF05CF9B72127
:20740000E3E7214630460DF036FF2146BDE8F8400EF072B8F8BD00BFBA930200DD930200F2
:20742000228F0200EE930200269402004C940200B2F5802F2DE9F04110D2042A28D843493F
:207440004FF40773424A43480EF035F942480EF032F94FF407713E480EF024F90823D21A06
:20746000CC1D114424F0070421F00701091B17294FEAD1060ED8394940F22523344A354845
:207480000EF019F934480EF016F940F22521E2E70423E4E70027046031463046A660E7605B
:2074A0000DF018FF0121421D804630460DF009FF9200D51DED082844B0423AD8B8F1FF3F26
:2074C0003946A2F1100204F11000B8BF3A460FF0D8FE2A46394620460DF0E5FE3B463A4681
:2074E000394620460DF0B6FEA6EB05082046394601220DF0C0FE424629460DF0D4FE2B465E
:207500003A46294620460DF0A5FE314620460DF0CAFE43463A46314620460DF09BFE3146E1
:20752000204601220DF0A7FE2946BDE8F0410DF0A1BF0B4940F23A23054A06480EF0BBF84D
:2075400005480EF0B8F840F23A2184E788940200BA930200228F0200A9940200C294020081
:20756000EB940200014B1B68184700BFB0030020014B1860704700BFB003002007B50B46B0
:207580000021024600910348FEF73EF803B05DF804FB00BF65750100F0B5024601680A2753
:2075A0000020074E0B461C780131355D6D0701D41360F0BD07FB0043A3F13000F2E700BFA3
:2075C00086BC02002DE9F84F15469A46D378234A6F2B12F803B081460F460BF0030B2BD0A0
:2075E00026D8582B0CBF10260A26DDF828803246002348463946FBF7D7FE092A08F1FF388A
:20760000D4B21ED83034B145E4B277F1000788F8004001D3D04511D82B789B0605D5082EA9
:2076200015D1AB7843F00803AB704046BDE8F88F03F0F703702BD5E70826D6E781460F46EB
:20764000D5E7BBF1010F0CBF37345734DBE7102EEBD1AB7843F01003E6E700BF86BC0200FC
:207660002DE9F84F0446A38B08461907154612D4022803F0070165D120460EF029F888B16D
:207680000138042800F23781DFE810F05C0035018200D400040101280CBF43F0100143F0BC
:2076A0002001A183143420460AF078FD002840F09D819A4940F23113994A9A480DF0FBFFDD
:2076C0002146B1E003F00702501F01281ED80020062A2768C4E9000014D13A4603E0E08BE9
:2076E0000130E0831268002AF9D123F0070343F002022046A2830DF0EBFF90B342F020022B
:20770000A2832EE023F007039AB2F2E7042A33D123F007039AB22046A2830DF0D9FF10B138
:2077200042F02002A283A38B03F00709894540F0EC80A18BCA0640F1508121F01003A383ED
:2077400001F00701D4F81880A38BB8F1000FB9DA0022276823F00703C4E9002243F001037F
:20776000A383A38B03F00709894540F0CF80002FDFD00026B24644E06B4940F21B136B4A7C
:2077800068480DF098FF40F21B1168480DF08AFF49B167494FF4AB73644A62480DF08BFF27
:2077A0004FF4AB71F1E723684BB9624940F257135E4A5C480DF07FFF40F25711E5E7236903
:2077C0001E684EB95C494FF4AD73584A55480DF072FF4FF4AD71D8E70F4688464FF00609D6
:2077E000A38B23F0070343F006039BB2A383A268002A40F08D80002F40F08D80002E98D01C
:20780000BA4643F0080304F1140B5846A3830AF0C5FC002840F09A80404940F23113404A9C
:2078200040480DF048FF594644480DF044FF40F23111ADE0022909D0414940F25D133B4A5B
:2078400038480DF038FF40F25D119EE7E78B4FB13C494FF4AF73354A32480DF02CFF4FF48F
:20786000AF7192E723695E684EB9334940F261132E4A2C480DF01FFF40F2611185E7A38BAF
:20788000B84623F0070343F004039BB24FF00409A383ACE7012909D02B494FF4B273234AF5
:2078A00020480DF008FF4FF4B2716EE723684BB9204940F265131D4A1A480DF0FCFE40F20D
:2078C000651162E723699E684EB91B494FF4B473164A14480DF0EFFE4FF4B47155E7002711
:2078E000A38BB84623F0070343F005039BB24FF00509A3837BE70C4940F26B130B4A094837
:207900000DF0D9FE40F26B113FE7002700266EE74FF0010A75E7924673E700BFEF95020000
:20792000C2950200228F0200E69002001C950200419502004D9502007095020006960200AF
:20794000879502009D950200AC95020085F31188BFF36F8FBAF1000F1CD177BB16B12046CB
:207960002549B047EFF31185402383F31288BFF36F8F58460AF004FC38BB88231F4A2049FF
:2079800020480DF098FE59461F480DF094FE88211A48FBE6A1680029DFD00D680029DCD040
:2079A00043464A462046D1F804A0D0471DB12B6829461D46F2E72B46FAE7394643464A46CE
:2079C00020463F680DF0B0FEC7E758460AF0FCFBA38B23F00803A383ABE68B067FF562AE9A
:2079E00021F02003A38301F0070145E685F31188BFF36F8FBDE8F88F0D7A0100C29502003B
:207A00001B960200228F020030960200F8B504460D4600F11406EFF31187402383F31288F6
:207A2000BFF36F8F30460AF0ABFB68B988230C4A0C490D480DF03FFE31460C480DF03BFE79
:207A4000882107480DF02EFE30460AF0BDFBA5613A462046BDE8F8400121FFF701BE00BF7E
:207A6000C29502001B960200228F0200309602002DE9F04704460F460DF046FE051E68DBEC
:207A800004F11409EFF3118A402383F31288BFF36F8F48460AF074FB804660B98823384A31
:207AA000384939480DF007FE494638480DF003FE8821334842E048460AF086FB4FF6FF72B0
:207AC000E38BA68B934206F0070645D0022E15D135460133E38348460AF060FB002841D1D2
:207AE00040F23113264A2A4927480DF0E4FD494628480DF0E0FD40F23111DAE7062E13D8B3
:207B0000DFE806F0092D1212090409006FF085054FF00008DFE700233B60636883B9C4E9D0
:207B2000007786B13546F3E71B4917484FF4E4731A4A0DF0C0FD4FF4E47118480DF0B2FD23
:207B40001F606760EDE7524602212046FFF788FD35462846BDE8F0876FF00A05D8E76FF0DE
:207B60000405D5E78AF31188BFF36F8FB8F1000FEFD000233246394620460DF0D5FDE8E7E5
:207B8000C29502001B960200228F020030960200EF95020006960200AC9502001C95020044
:207BA00008B54268034602F00302022A81600AD0032A4FF0000103D0012A0AD1596006E052
:207BC0001868596008BD186800225A6058B90020F8E7064906484523064A0DF06CFD45211A
:207BE00004480DF05FFD0AF0F5FEF0E7E6900200228F020046960200014B0360002070478D
:207C0000F889020070B5104B0D461C68B4B10F4B196800238B4202DB6FF0010070BD224688
:207C200012F8106B864202D014460133F2E7E0680EF02CFF28B100202C60EFE76FF00C0087
:207C4000ECE76FF01200E9E7B4030020F889020008B504480DF0C9FCBDE8084002480DF0B7
:207C6000C4BC00BF6C960200A196020030BFFFF7FDBF00BF054B9A699B689A421FBF044ACA
:207C8000536843F080535360704700BFD41F002000ED00E0154B9A6A12F0007F9A6A14BF5E
:207CA0001E201D2012F0807F9A6A18BF1F2012F4801F9A6A18BF022012F4002F9A6A18BF7C
:207CC000212012F4802F9A6A18BF222012F4003F9A6A18BF232012F4803F9A6A18BF24204A
:207CE0006FEA02426FEA12429A62704700ED00E010B5194B0246986A9C6A10F4805F14BF8B
:207D00001720162014F4006F9C6A18BF1820A40509D5986B986A000404D51AB19A6A22F41C
:207D200000429A6219200C4B9A6A12F4806F9A6A18BF1A20D2050CD49B6A13F4005F18BF6E
:207D40001C20054A936A43F47F43936200230B7010BD1B20F5E700BF00ED00E010B5264B69
:207D60000246986A9C6A10F0100F14BF1120102014F0080F9C6A18BF1220A40709D5586BEA
:207D8000986A000604D51AB19A6A22F080029A621320194B9A6A12F0010F9A6A18BF1420E7
:207DA00012F0200F9A6A18BF1520D20602D49B6A9B0712D5104B9B6ADC060ED50F494FF486
:207DC00095730F4A0F480DF076FC0F480DF073FC4FF495710A480DF065FC074B9A6A9206D2
:207DE00042BF5A6A22F400525A629A6A42F0FF029A6200230B7010BD00ED00E00197020095
:207E0000CF960200228F02004B97020070B5594B05465B6800269CB0C3F3080386F3118848
:207E2000BFF36F8F02F07F40B0F17F4F08D102F00C00082804D012074CBF0D46012675B9CB
:207E40004D4940F211434D4A4D480DF034FC4D480DF031FC40F2114148480DF023FC00229C
:207E6000033B8DF80720032B7CD8DFE803F002737756404AD46A14F0020473D1D36A002B1C
:207E80001ADBD36A5B0058D55369A96943F480735361BFF34F8FBFF36F8F536931F8021C39
:207EA00023F480735361BFF34F8FBFF36F8F4DF60273994219D12C689DF807309BB9682209
:207EC000294602A80FF0D0F9099B002E4CD0C3F3080222B96FEA53236FEA432309932046A8
:207EE00002A90DF0BAFC1CB070BD936ADBB233B101200DF10701FFF731FF0446DCE7936A66
:207F000013F47F4F05D001200DF10701FFF7F0FEF3E7936AB3F5803F02D3FFF7BBFEECE717
:207F2000194940F2EA23154A15480DF0C4FB17480DF0C1FB40F2EA218EE7134940F2ED23C0
:207F40000E4A0F480DF0B7FB11480DF0B4FB40F2ED2181E700200DF10701CCE700200DF11F
:207F60000701D3E70024A7E723F4FF7323F00103B4E700BF00ED00E0AF970200CF96020017
:207F8000228F0200C2970200E69002000098020024980200064B5A6942F010025A615A692D
:207FA00042F480625A615A6922F008025A61704700ED00E0EFF30880EFF3098101B572468C
:207FC000FFF724FF01BD00BF002080F31488BFF36F8F002080F30A8880F30B880F4880F337
:207FE000088804F0B5FC00200D490860BFF34F8F00F02CF8402080F311880A484FF4006168
:20800000401880F30988EFF314800221084380F31488BFF36F8F00F019F9000028700020A7
:2080200094ED00E0E82A0020002318460649D1F89020C2F30722934200DB7047C1F898309E
:20804000C1F8A0000133F6E700ED00E010B572B6002484F31388FFF7E7FF23464FF0FF3013
:208060000C4A03F120010133102B42F82100F8D100234FF0FF30074A03F160010133102B5C
:2080800042F82100F8D162B6BFF34F8FBFF36F8F10BD00BF00E100E0084B9B6883420BD120
:2080A000EFF3058343B1064B5A6842F080525A605A6A22F400425A6209F098BDD41F002058
:2080C00000ED00E023498A6882F8D1E04FF030001044EFF3098C80E8F01F1EF0100F03D198
:2080E00002F1900080EC108A402080F31288BFF36F8F194F4FF000668A698A603E6092F9C7
:20810000D1E0D2F888000023C2F8883080F311881EF0100F03D00023E1EE103A03E002F1A9
:20812000900090EC108AEFF3148323F0040383F31488BFF36F8F02F1300090E8F01F8CF31B
:20814000098802F1000004B50DF09CFBBDE8044070470000D41F002004ED00E01EF0040FA9
:208160000CBFEFF30880EFF30980816911F8021C0229FFD001B572460DF075FB01BD00BFFC
:2081800000B2002807DB01234109034A00F01F00834042F82130704700E100E000B20028B9
:2081A0000CDB01220649430900F01F008240203341F82320BFF34F8FBFF36F8F704700BFC4
:2081C00000E100E038B5D30704460D4612D48B1C072B10D96B23114A114912480DF06BFAD3
:2081E00029461148062322460DF065FA6B210B480DF058FA002320B20028ACBF00F1604083
:208200000A4A4FEA4313DBB2ABBF00F5614000F00F0080F80033135438BD00BF549802003B
:208220008B980200228F0200A698020014ED00E0044B054A23F07F039360BFF34F8FBFF3DD
:208240006F8F704700C8000000ED00E008B5FFF7EFFF104BD3F8882022F47002C3F888207A
:20826000D3F8882042F4A002C3F888204FF04042C3F83422BFF34F8FBFF36F8F0023E1EE4C
:20828000103A07F097FB09F0A7FF00F077F807F0D1FB00BF00ED00E042F8203C009B0D4937
:2082A00042F81C3C019B21F0010142F8183C029B42F8081C42F8143C4FF0807342F8043CBE
:2082C0000023C0F888304FF47D43203A0265C0F8D030704705560200104B9B6883421AD16D
:2082E000EFF30580B8B9EFF31181402282F31288BFF36F8F1A7B22F002021A73EFF3148360
:2083000023F0040383F31488BFF36F8F81F31188BFF36F8F70476FF015007047D41F0020CF
:208320000E461546002300B5E1EE103AEFF3148323F0040383F31488BFF36F8FBFF36F8F98
:20834000084B9860836F83F30B882C4686F309880020054B98472046002100220023034CF1
:20836000204700BFD41F00208D580200055602001022014B1A61704700ED00E00023402080
:2083800040F20F1210B5044CE1180133934281F80003F9D110BD00BF00E100E008B5EFF341
:2083A0000583064A103B02EBC30152F8330049688847BDE80840FFF75DBC00BF587C02005B
:2083C0001FB5094C094A23460121094800F0FAF800230393074B0121E41A01A80193029465
:2083E00000F014F904B010BD00000420000000206C8A02004008002010B50C7A0B6804F0A9
:208400001F0223F01F031A43CB68640923F01F03054943EA440343F00103C1F89800C1F8D1
:208420009C20C1F8A03010BD00ED00E010B5074BD3F89030C3F30723013B984202D8FFF7F5
:20844000DBFF10BD6FF01500FBE700BF00ED00E02DE9F04F0F46144606464FF000084D4D62
:2084600085B0B84580F29280D6F80490B9F1000F36D0B9F11F0F40F2878019F01F0F40F0AD
:208480008380D6F800A01AF01F0F7DD150460DF020FA834609EB0A0001380DF01AFA83455F
:2084A00072D11BF1160F6FD05C456DDDC5F898B0D5F89C10C5F898B0D5F8A03021F01F01CD
:2084C00043F01F0AD6E900321A44994202F1FF391ED1CA4508D131465FFA8BF00DF002FAD0
:2084E00008F101080C36BCE73146C5F898B0D5F89C3022F01F0203F01F031343C5F89C3059
:20850000E0B20DF0EFF910F1160F3DD0441CE7E7C5F898B0D5F8A020013B23F01F0302F08E
:208520001F021343CA453146E0B2C5F8A030E8D00DF0D8F910F1160F26D0C5F898B0D5F8AB
:208540009C209DF808300AF1FF3A62F304038DF80830D5F8A0309DF808205B0863F34712D9
:208560008DF80820D6E900321344009323F01F035344A3EB0903013023F01F036946C0B286
:208580000393FFF753FFBEE76FF01504204605B0BDE8F08F00ED00E00522044BC3F89420EF
:2085A000BFF34F8FBFF36F8F704700BF00ED00E0BFF35F8F0022024BC3F89420704700BF44
:2085C00000ED00E038B50C4D0C462A78FFF740FF287016300FD14FF4BB73084A084909483C
:2085E0000DF069F8214608480DF065F84FF4BB7102480DF057F838BD3D260020E69802000F
:20860000E6900200228F0200159902002DE9F74F314E894605464FF00008B3462F4FC845BF
:2086200002DB03B0BDE8F08FD5F804A0BAF1000F4CD02968084601910DF04BF901990446A9
:208640000AEB010001380DF044F984424FF01402234B15D002FB08F36FF015024BF803206F
:208660004FF4C3731F4A204920480DF024F849461F480DF020F84FF4C3711A480DF012F843
:2086800014F1160F3460EBD01978A142E8DD02FB08B0C7F89840C7F89840D7F89C4000F1A9
:2086A0000801007B64F304000871D7F8A0000C79400860F347140C71D7F89C1021F01F014F
:2086C0007160D7F8A01021F01F01316108F1010814360C35A3E700BF8C1C002000ED00E01C
:2086E0003D260020E6980200E6900200228F0200419902002DE9F041574C584ED4F8903054
:208700003568C3F307239D4286B013D940F2AD13534A544954480CF0CEFFD4F8902029465F
:208720005248C2F307220CF0C6FF40F2AD114C480CF0B8FF0020FFF73BFF4D4BC4F8C03035
:2087400085421AD14B4C01A82570FFF755FA002506464FF04108484FAE4215D1002023782C
:208760003D49D1F89020C2F3072293426DDB0020FFF712FF06B0BDE8F081716801EB001136
:20878000FFF73AFE0130DBE7019A290102EB0513D3F80CC00CEA0700B0F5001F27D0B0F5FA
:2087A000800F40D0B0F5801F4DD1586852589B68CDE902022122013B20F01F010B4423F080
:2087C0001F038DF810200593207802A9FFF72EFE002835DA234940F2D713214A22480CF035
:2087E0006AFF26480CF067FF40F2D7119FE758689B685258013B20F01F010B4423F01F0343
:208800001CF0010FCDE902028DF810800593DBD01B497B23124A14480CF04DFF19480CF0CB
:208820004AFF7B2183E758689B685258013B20F01F010B44CDE9020223F01F030222C0E707
:20884000237801332370013586E7C1F89830C1F8A000013385E700BF00ED00E0788A020009
:20886000E6980200E6900200228F020070990200AAFF44003D2600200000F0FFF99902004F
:20888000A4990200CA99020008B50B4BC3F1005303F58023B3F5006F0CD208499223084A32
:2088A00008480CF008FF08480CF005FF922104480CF0F8FE002008BD588E0020629A02003B
:2088C000329A0200228F0200AB9A0200014B1860704700BFBC030020F8B506460D46002447
:2088E000064FAC4208DA3B6898470A28305504F1010401D00D28F4D12046F8BDB80300205F
:20890000F8B50D46094F461EC0F10104A3199D4201DC2846F8BD73780A2B02D10D203B6887
:2089200098473B6816F8010F9847EFE7BC03002010B5074C2368C2180648C0F1005101F540
:2089400080218A4236BF22604FF0FF30C01810BDA01C0020588E002010B5044658B91149C4
:2089600040F29713104A11480CF0A5FE40F297110D480CF097FE14200BF084F9206060B9C4
:208980000B4940F29F13084A08480CF094FE09480CF091FE40F29F11EAE7BDE810400EF0ED
:2089A000B9B800BF339B0200329A0200228F0200329B02006E9B020010B558B909490A48E2
:2089C00040F2C713094A0CF076FE40F2C71107480CF068FE4FF0FF32BDE810404FF0FF3337
:2089E00007F032B9339B0200228F0200329A020008B558B90749084840F2E313074A0CF061
:208A00005AFE40F2E31105480CF04CFEBDE8084007F0EAB9339B0200228F0200329A02006D
:208A200008B505480CF0E1FD002383F31188BFF36F8F0423184602DF919B020070B541690D
:208A40000446867A0A4D59B1437ADB0706D4342303FB0653DB6A1B689B68984700236361B3
:208A60003420214606FB0050BDE870400EF070B86C0700203422024B02FB0030704700BF96
:208A80006C0700203421827A064B01FB02331A6B93F82430801A1B3323F00303B0FBF3F07D
:208AA000704700BF6C07002038B53424827A064B04FB0233DB6AD3E901240C601568FFF7E2
:208AC000E1FF04FB005038BD6C07002008B5437A4BB10C495A230C4A0C480CF0ECFD5A218D
:208AE00009480CF0DFFD43683BB109495B23064A06480CF0E0FD5B21F2E703824369C360C6
:208B000008BD00BFBF9B02009A9B0200228F0200D09B02002DE9FF470546684617461C460A
:208B200003910EF0CCF8DDE9008945B95E49EE235E4A5F480CF0BFFDEE215C4818E005F132
:208B40001C06EFF3118A402383F31288BFF36F8F304609F015FB68B98823564A564954482D
:208B60000CF0A9FD314655480CF0A5FD882151480CF098FD304609F027FB6B8C002B5CD0EF
:208B80002A8C9A4239D900220023284607F0E6FA0446002831D0304609F000FB68B940F277
:208BA0003113444A464942480CF085FD314645480CF081FD40F23111D9E78AF31188BFF3D2
:208BC0006F8F039D002D5ED042464B4668460EF09AF83421A27A3C4B204601FB0233DB6A71
:208BE00003A91B681E68DDE90023B0476061002839D12046FFF722FF30E06C8C3046631E71
:208C00006B8409F0CBFA0028C9D08AF31188BFF36F8F95F824302A8C1B33121B2C6B23F064
:208C2000030302FB0344284B284AEB1A9B105343A37295F82430E372C3E7304609F0AEFAB3
:208C40000028ACD08AF31188BFF36F8F23463A46284607F083FA04460028B2D10024204660
:208C600004B0BDE8F087039B9D420DD9184940F245130E4A0E480CF01EFD16480CF01BFD9F
:208C800040F2451159E76561012300212381039BE27A6160638204F118000EF0F2FA204660
:208CA000FFF714FFDBE700BFEA9B02009A9B0200228F0200C29502001B96020030960200E5
:208CC000EF950200069602006C070020C54EECC4EF9B0200009C020070B5044698B13426DE
:208CE000104D2046037A6468013BDBB203724BB9C3604360837A06FB03539B6A7BB19847FC
:208D0000002CEED170BD0849084840F2AB13084A0CF0D1FC40F2AB1105480CF0C3FCFFF7A3
:208D20008DFEEDE76C070020D79D0200228F02009A9B020008B558B90749084840F2D51359
:208D4000074A0CF0B8FC40F2D51105480CF0AAFC027A0132027208BDD79D0200228F0200FA
:208D60009A9B020008B548B90B492B230B4A0C480CF0A1FC2B2109480CF094FC83883BB1FA
:208D800008492C23054A06480CF095FC2C21F2E783680B44036008BDD79D0200089C020065
:208DA000228F0200349C020008B5034600689A68821A91420BD90949094840F25513094ADB
:208DC0000CF079FC40F2551106480CF06BFC9A88401A11441860998008BD00BF539C020002
:208DE000228F0200089C020008B5828803468A420BD20949094840F2C313094A0CF05BFC10
:208E000040F2C31106480CF04DFC521A828000680844186008BD00BF439C0200228F020007
:208E2000089C0200F8B5858803680E4604465F190CF0A5FDB04209D2064907483E23074A96
:208E40000CF039FC3E2105480CF02CFC3544A5803846F8BD779C0200228F0200089C0200D2
:208E600008B5234A234B1A6001F0CCF84FF47A612148D0F82436C3F30802C3F309434B4332
:208E800082F480721D49883201FB02334FF4FA215B00B3FBF1F201FB12331949B3F57A3FCB
:208EA00028BF0132C1F80429D0F820364FF47A60C3F30802C3F30943434342F21C5082F419
:208EC000807202F2172200FB02334FF47A701B0AB3FBF0F200FB1233B3F5FA7F4FF00103BD
:208EE00028BF0132C1F81C27C1F80036002008BD0020A1075404002000C0FF00F82A0080E7
:208F00000000125048B1054B054A1B68B3FBF2F35843044B43F00103184770475404002092
:208F200040420F00F088020008B504480DF0AEFD00280CBF6FF01200002008BD587B020057
:208F400008B50CF045FD08F08BFB044B1B680BB10A209847BDE8084008F0F0BBA41C002091
:208F6000811EC9B21E2938B5044604D81A4820FA01F1C9070CD419497023194A19480CF0AA
:208F80009AFB19480CF097FB702115480CF08AFB16480CF0DDFC0546D0B1082C1AD00CD8DD
:208FA000022C10D0042C15D011490E485223114A0CF081FB52210F48E8E7102C01D0202CA4
:208FC000F2D1052100E0042105F10C000CF0EBFC284638BD0221F7E741000040DD9C02005E
:208FE000AE9C0200228F0200229D0200D4070020E6900200429D020010B5044608F030FB2B
:20900000024B1C60BDE8104008F098BBA41C00200E38012810B50AD809480CF099FC044625
:2090200018B104210C300CF0BEFC204610BD09B10448F2E70220BDE81040FFF791BF00BF22
:20904000080800206C0700202DE9F8430F461646814600286FD00023DFF8F080D8E8EF4FB5
:20906000C8E8E23F002AF9D1002C64D02046FFF709FD0C23314D03FB005043884B4513D030
:20908000D8E8EF3FC8E8E24F002AF9D1002B52D02B492C4840F6C4132B4A0CF00CFB40F61D
:2090A000C41129480CF0FEFAA64208D02046FFF70DFD328AF16804F10C000CF068FC204674
:2090C000FFF7E0FC0C2606FB005043689BB197B92046FFF7D7FC012106FB00504268D2E9ED
:2090E0000003127A03F01F06B1405B09EAB100EB83000CF085FC2046FFF7C4FC0C2606FB9F
:209100000050836863B12046FFF7BCFC70432F542046FFF7B7FC06FB0055A86807F0AAF8A8
:209120002046BDE8F843FFF7D7BDC94300EB83000CF071FCDFE7BDE8F88300BFA81C0020F3
:20914000D69D0200228F0200749D020000020020054BD3E8AF2F02F00B02D3E8EF1FC3E856
:20916000E02F0028F9D17047C4010020F8B502460B4610480CF0ECFB0446C0B104210C30B5
:20918000FFF7F0FD2046FFF77DFC0C2700260A4D07FB005046802046FFF774FC07FB005031
:2091A00086602046FFF76EFC07FB00556E602046F8BD00BFA0070020A81C0020034B0146C4
:2091C000D3F8380182689268104700BFF0000020042101480CF014BCC4010020014807F022
:2091E0003DBC00BFC003002070B505460C4659B94FF0FF304FF0FF31FFF7B8FF044618B95B
:209200006FF06805284670BD2046FFF73BFC0C22154BA61802FB003330465D800CF0ABFBE3
:2092200003280BD903213046FFF7BEFD0580238A0121033B837030460CF08EFB40F63543A6
:209240009D4208D12046FFF7B9FF054648B12046FFF742FDD6E7214604480DF06EFCFFF796
:20926000BDFF0025CEE700BFA81C00200C02002038B502460B46244DD5F81C1109B90020B4
:2092800038BD05F1F80007F079F80028F7D10022002305F58E7006F061FF044668B940F65F
:2092A0001B431A4A1A491B480CF005FA84F31188BFF36F8F0323184602DFD5F8100120B157
:2092C000FFF70AFD0023C5F810312046FFF732FDC5F810012046FFF771FF98B10E4806F0B6
:2092E000C9FF2046FFF7CEFB0C220C4B1F2102FB003022464088FFF7A7FE2046FFF7ECFC80
:20930000FFF76CFF0120BBE7F0000020749D0200D79D0200228F0200E8010020A81C0020F0
:209320002DE9F04F064617460C4687B069B94FF0FF304FF0FF31FFF719FF0446B8B96FF07F
:209340006805284607B0BDE8F08F887AFFF792FB414B83420BD04149414840F2C513414AFE
:209360000CF0A9F940F2C5113E480CF09BF90122002168460DF0FAFB2046FFF783FB0C2344
:20938000DFF804A103FB00A0C0F808D02046FFF7D1FC01463046FFF727FF054618B12046A7
:2093A000FFF79AFCCDE708F01BFC2F4B83421FD1DFF8B0B02D480DF0D5FB002181462C485A
:2093C000FFF756FF804688B94FF4F9735A46294923480CF070F9314627480CF06CF988F3E8
:2093E0001188BFF36F8F0323184602DF4C45E1D1002368461E4A06F0C1FF804698B14FF43B
:20940000FC73184A1D4916480CF055F9424631461B480CF050F9002383F31188BFF36F8FE4
:209420000323184602DF2046FFF72CFB0C2358431AF800604EB1093E2046F6B2FFF74CFC76
:20944000092E06D80F4B9D577BE7002FA7D03C6077E76FF0040574E7A0070020E6900200A5
:20946000228F0200749D0200501A00200C020020B4C40400DB9D0200E39D0200039E020053
:209480000C9E0200519E0200A81C0020F7B5002240F603401146FFF743FF0446002853D1DF
:2094A000FFF756FE214641F2030001AAFFF738FF0446002848D1019A854DD16805F178034B
:2094C000D1F80100D1F8051003C31046FFF704FC214641F2010001AAFFF722FF044698BBD8
:2094E0000198C3685A7885F870205A88A5F872201A7985F87120B3F80720A5F87420B3F869
:209500000530A5F87630FFF7E7FB214641F2020001AAFFF705FF0446B0B9019F05F18006EB
:20952000FA68531C4132344618685968083303C493422646F7D13846FFF7CEFB95F87C30AB
:20954000580604D46FF01204204603B0F0BD002142F2030001AAFFF7E3FE04460028F3D18A
:20956000019A5C4BD168D1F80100D1F8051003C31046FFF7B1FB1F23A5F8E83095F87C30DA
:20958000990619D44FF0FF304FF0FF31FFF7EEFD0646002800F0998002210C30FFF742FC71
:2095A0000123447022460370314640F66D40FFF7B7FE04460028C7D195F89C301A0712D588
:2095C000002142F21C0001AAFFF7AAFE04460028BAD10198C368D3F80120D3F80530C5E976
:2095E0003823FFF779FB4FF0FF304FF0FF31FFF7BDFD0446002868D008210C30FFF712FC06
:20960000022700222146077042708270C270027142718271C27142F20100FFF781FE04460B
:20962000002891D14FF0FF304FF0FF31FFF79EFD0646002849D008210C30FFF7F3FB8023B9
:2096400043702023047084700471447184712246C770C371314640F60140FFF761FE04462D
:2096600000287FF471AF014601AA4FF60140FFF757FE044620BB0198FFF72EFB21464FF6E3
:20968000024001AAFFF74CFE0446C8B90198C368B3F80130A5F8C130FFF71EFB95F8C13017
:2096A0005B070DD521464FF6034001AAFFF738FE30B90198C3685B7885F8C030FFF70CFBB6
:2096C00003B0BDE8F04000F0A1B96FF068043BE7F0000020C801002010B5FFF7D7FE0446F8
:2096E00008B9FFF775FD044B1B681BB12046BDE81040184710BD00BFB41C0020F7B5144B62
:20970000054693F99B300C46002B1DDA14B9204603B0F0BD082C4FF0000142F2180001AA35
:20972000264628BF0826FFF7FBFD0028F0D1019F3246F968284601310DF096FD3846FFF7B4
:20974000CBFA3544A41BE1E76FF08500E0E700BFF0000020F8B506460024094DEF79E3B25A
:209760009F4202D86FF0010007E0294630460CF065F90735631C08B12046F8BD1C46EEE7E2
:20978000F000002070B5144E0622314604460DF05BFDE0B14FF0FF304FF0FF31FFF7E6FCAE
:2097A0000546B0B1062221460C300CF0F0F80022294642F20500FFF7B3FD48B933462268DA
:2097C00043F86929A288B280012283F86820002070BD6FF06800FBE75901002037B5044694
:2097E0000D4689B1284618490CF028F960B9174A2968C4EBC4041151A318AA889A80AA79E2
:209800009A71002003B030BD68460CF0D3F80028F8D16846FFF79EFF0028F5DA0B4A0098F2
:20982000C4EBC40410519DF80610BDF80400A31898809971002DE4D012592A609A88AA80ED
:209840009B79AB71DDE700BF9B9C0200F000002070B5044611B16FF0150070BD80B11B49A5
:209860000CF0ECF860B92046FFF774FF002827DA2378012BEFD1A37903F0C003C02BEAD1F8
:20988000134DEB79012B1ED005F1D403D3E8AF3FDB0707D4002CDED020460C490CF0CEF860
:2098A0000028D8D1EE792146731C3046EB71FFF795FF08B93046D0E7EB79013BEB71CCE781
:2098C0006FF07700C9E76FF00B00C6E79B9C0200F00000202DE9F3410446D8B1002141F231
:2098E000090001AAFFF71CFD054698B9019E0622D6F80C80104908F1010738460DF0A4FC73
:2099000028B1062238460D490DF09EFC30B93046FFF7E2F9002002B0BDE8F081D8F80130C2
:209920003046C4F80130BB882570A4F80530FFF7D3F90120EFE700BFA89C0200A29C02001D
:2099400007B56846FFF7C6FF044BD87118B169460020FFF743FF03B05DF804FBF000002063
:20996000F0B5294D89B0EE79002E46D195F8C230DB0722D56A4631464FF60940FFF7D0FC18
:20998000D8B9DDF800C0DCF80C406378012B1E4628BF012673B1A31C02AA12341746186856
:2099A0005968083303C7A3423A46F7D1186838609B88BB806046FFF78FF9EE71002416265B
:2099C0000127EB79E0B2834202D8B3B1002012E008AB06FB003353F8182C33F8143C6946B4
:2099E000CDF80120ADF805308DF80070FFF7F6FE01340028E5D009B0F0BD0021084609B028
:209A0000BDE8F040FFF724BFF000002010B50A4CE3790BB1002010BDFFF792FF0028FAD1EE
:209A2000E379002BF6D1FFF79BFF0028F3D1601CBDE81040FFF7A6BEF000002030B50C464A
:209A400087B01422002101A80DF01BFC217901F01F03C1F30402072B8DF8142003D96FF02E
:209A6000150007B030BD6279501E0B28F7D83B4811F0200150F8222003921FD0A2790C2ADE
:209A8000EDD8DAB150F8222004922278023A082AE5D801A050F822F0C39A01003D9B01005F
:209AA000419B0100459B0100499B01004D9B01005F9A0100519B0100C99A01004FF0FF325F
:209AC000E2E707228DF804206278042A04D0052AC5D101228DF805206288002A3AD0C2F3AA
:209AE0000D00920B012A14BF01224FF47A7210FB02F07D2280B2B0FBF2F2013A92B2B2F5E9
:209B0000A07FACD27C28AAD90125ADF80620144A05FA03F392F86800DBB2E9B1A17909B150
:209B20008DF8085020EA030301A882F8683004F0B5FE0C4B984292D1002092E70622C1E7D9
:209B40000522BFE70422BDE70322BBE70222B9E70122B7E74F22D7E70343E5E7EC8A020069
:209B6000300200200000AD0B08B500220C490D480DF0EAF8002004F047FE0B4B98420CD10D
:209B800000220121D520FEF71DFB0848C36813B9043006F06FFB002008BD6FF00400FBE77A
:209BA0001D9C0100A80200200000AD0B3002002008B5094B014693F83C2042B1986B08B129
:209BC00008F008FF0548BDE8084006F053BB00B158630348F7E700BF30020020340200204C
:209BE0004C02002008B50A4B93F8523023B1BDE80840084805F0A8B804F0CAFF064B98428A
:209C000005D0BDE808406FF00400FFF7D1BF08BD30020020799E01000000AD0B074BD3E8A5
:209C2000EF2F511CC3E8E01F0028F8D10AB9FFF7D9BF6FF00F025A63704700BF30020020B8
:209C40002DE9F043476806467B1EFE2B85B004D96FF0150005B0BDE8F08300252C4627FAF3
:209C600005F3DA0706D504F04FFEE840C307EFD50134E4B20135082DF1D1002CE8D0337CAE
:209C8000083B062BE4D801A252F823F0C79C0100519C0100CB9C0100519C0100A99C0100A6
:209CA000519C0100CF9C01000221012C727C10D0002ACDD10020584B83F8B0003846574B56
:209CC00004F03EFE39E00021EFE70121EDE70321EBE7082ABCD8DFE802F0050505050505BB
:209CE000050505003368002BE4D0186801387F28E0D88DF8082000228DF809201B885A1E2B
:209D00007F2A0BD94649474840F25523464A0BF0D2FC40F2552144480BF0C4FC1B01013B4E
:209D2000ADF80A3001233C4A8DF80C3082F8B03038463A4B02AA04F049FE3C4B984287D1DC
:209D40003268630012B1928902FB0333F2689A425ED3314D214685F86940B06895F8B030FE
:209D6000A84628672BB133689B89013313FB04F189B204F0B3FE2D4B814698427FF468AF11
:209D800037462B4C0FCF0FC43B68002723606F633368C3B30FCB261D86E80F006B6D2E64EA
:209DA000A5F864707BB3D8E8EF3FC8E8E27F002AF9D195F8B020EAB96B6D1F3342F10002B2
:209DC0005B0943EAC2635209CDE9003204F128000022002308F036FD95F83C30B3B94FF059
:209DE000FF324FF0FF33134806F0C8FA00B16863686B2FE704F0CCFE4845EDD06FF00400DE
:209E0000FFF7D6FEE8E7FFF7EDFEE5E7002021E76FF00B001EE700BF30020020799E01003C
:209E20008B9E0200228F02005B9E02000000AD0B700200204C02002070B50C4616464FF07F
:209E4000FF324FF0FF330A4806F098FA0123094D204685F83C30AE63FFF7F2FE95F83C30CD
:209E6000044603B110B1024806F004FA204670BD34020020300200202DE9F0410778002FB5
:209E800040F08680494C626C94F868C025461CEA020F0AD10022464BC3F80025236C6BBBD0
:209EA0000020BDE8F041FFF783BE0123B0F808E0266F4FEA4E0ED0B218420AD094F8B02085
:209EC0000CEA030192B121B132460EEB0601914204D15B009BB26345EED9DBE732F9028BC2
:209EE000B8F1000FB8BF22F8027CF0E721B1B6F900100029B8BF32800236EAE7A36DB4F81C
:209F0000642033B12B492C489847012820D0022833D0B4F86430B4F860209A422DD901334A
:209F2000A4F8643094F8B030B3B9236F94F8692003EB4203236794F86910206F04F0CEFD62
:209F40001E4B984208D06FF00400FFF731FE03E094F8B030002BEED0636D1BB9BDE8F041AC
:209F6000FFF740BED5E8EF3F5A1EC5E8E12F0029F8D1012BF2DCBDE8F081636D002B8FD071
:209F800094F8B030002B8BD10D480CF0E9FE87E7022F07D104F0FCFD084B9842EBD06FF0EB
:209FA00004007EE7052FE6D17AE700BF3002002000500D5070020020B87B02000000AD0BAF
:209FC000A802002038B50C464FF0FF324FF0FF330A4806F0D3F90023094D204685F83C30BB
:209FE000AB63FFF72DFE95F83C30044603B110B1024806F03FF9204638BD00BF3402002092
:20A00000300200200122024BC3F80424704700BF002008E037B540230C460A490093411A3B
:20A02000491105462346084A08480BF017FD011E05DA2846234603B0BDE83040184703B0B2
:20A0400030BD00BFCC1C0020C75A0200987A0200C9B2012908B509D9084909487F23094A3A
:20A060000BF029FB7F2107480BF01CFB0C22036901FB0233986C00F0070008BDFD9E020098
:20A08000228F0200C09E020070B5C9B2012903690BD91949194840F2D113194A0BF00BFB56
:20A0A00040F2D11116480BF0FDFAEFF31185402484F31288BFF36F8F0C2606FB0134A46C27
:20A0C00014F0C00408D0A24206D085F31188BFF36F8F4FF0FF3070BD012206FB01339A6474
:20A0E00085F31188BFF36F8F436803EBC1035B6898470020EFE700BFFD9E0200228F02009B
:20A10000C09E020070B50D4606490446411A491140220548FFF7B8FF2B4601462046BDE8FA
:20A1200070401847CC1C0020987A020070B500220121044640F20510FEF744F80F4802F080
:20A140006DF90F4B984215D10CF059FA26690D4930460BF0FFFA00280BDB0125B564246907
:20A16000084904F120000BF0F5FA002801DB0020656570BD6FF00400FBE700BF45A2010088
:20A180000000AD0B1C8B02007FB500220123CDE9022304ABCDE90433094A6B46CDF800D0D4
:20A1A000CDF804D00BF088FC002805DB43F609520023684606F0E2F807B05DF804FB00BF80
:20A1C000DF5A020010B5EFF31184402383F31288BFF36F8F074A136823F00201DB071160B0
:20A1E00002D4012002F0FAF884F31188BFF36F8F10BD00BF241D00200C22104B014602FB0A
:20A200000033002030B4D3E910521864EFF31180402484F31288BFF36F8F9C6C04F0C00415
:20A2200044F002049C6480F31188BFF36F8F1DB12B4630BC0248184730BC7047CC1C0020A9
:20A24000987A020008B5062818D8DFE800F02121090B042121000020BDE80840FFF7CCBF2E
:20A260000120F9E70B494FF43D730B4A0B480BF022FA4FF43D7108480BF014FA05494FF4FC
:20A280004173054A05480BF016FA4FF44171F2E708BD00BFE6900200C09E0200228F020086
:20A2A00010B4EFF31182402383F31288BFF36F8F1748016841F002040460C80708D482F3BF
:20A2C0001188BFF36F8F01205DF8044B02F05CB81049D1F80C14C903F1D5EFF3118083F3AD
:20A2E0001288BFF36F8F0C498B6C03F0C00343F002038B6480F31188BFF36F8F82F3118821
:20A30000BFF36F8F00205DF8044BFFF775BF00BF241D002000E01050CC1C00202DE9F041F0
:20A32000012206464049D1E8EF3FC1E8E02F0028F9D1A3B93D493E484B60CB608A60FDF778
:20A3400097FB00280BDA3B494FF429733A4A3B480BF0B1F94FF4297137480BF0A3F95EB34B
:20A36000731E012B56D8012E06D1354BD3F8503403F00303012B1FD00CF02AFC0546E8B9FB
:20A38000304B1B78D3B1042207462D4BC3F808232B4CDFF8B880D4F84C24D4F84C34D20377
:20A3A00015D503F00303012B01D0012E0FD165B387F31188BFF36F8FBDE8F081EFF3118743
:20A3C000402383F31288BFF36F8F0125E0E7BDB138460BF06FFAD4F8403413F0FF03DAD12D
:20A3E000D4F80821002AD6D0C4F80831D4F8083120220123C4F84034C8F8A0212361CAE752
:20A400000021202007F04CFBE5E704220C4BC3F80423D1E70C4940F2B623074A07480BF0BF
:20A420004AF940F2B62197E7C81C0020B81C0020EC1C0020219F0200C09E0200228F02005D
:20A4400000E01050E0260020E690020000E100E008B507480CF01AFB38B10648FEF736FAE4
:20A460000448FDF785F8002008BD6FF01200FBE7787B020079A401000A2838B50446074D17
:20A4800004D1AB680D2128465B689847AB6803485B68E1B29847204638BD00BF787B0200F4
:20A4A00038B508461446EFF31185402383F31288BFF36F8F114602F04DFC85F31188BFF317
:20A4C0006F8F064B984201D1204638BD044B984214BF6FF00A006FF01500F6E70000AD0BB8
:20A4E0000400AD0B08B502F015FC034B984214BF6FF00400002008BD0000AD0B0023024A76
:20A500000020C1E90023704700D0170000487047388B0200024B0B6001231360704700BF27
:20A52000408B020008B50122054811460CF01EFB01F0F6FF034B044A0020C3F80C2508BD62
:20A54000281D002000B004508000008010461A46084B10B5994209D8C1F5BE1404F58054B3
:20A56000A24203D80CF080FE002010BD6FF01500FBE700BFFFCF170038B542F201030F4D3A
:20A580001446C5F80035A1B10CF06EFEBFF35F8FD5F81834DB0706D4C4F308041CB101238C
:20A5A000AB60BFF35F8F4FF40052044BC3F8002538BDFF210CF065FEE8E700BF00B0045026
:20A5C000F0B51D4B054698420F46144687B030D8C0F5BE1303F580539A422AD8FAB14FF042
:20A5E000FF324FF0FF33154805F0C8FE0CF00AF80646B8B101238DF81430114B4FF4FA5018
:20A60000009302AB04940193CDE9027501F090FF684601F093FF0446084805F02BFE2046D2
:20A6200007B0F0BD224639462846FFF7A5FF3446F2E76FF01504F2E7FFCF1700281D0020D9
:20A640002F5B0200004870477C8B02002DE9F34743680F1E05461646D3F818907DDBBB18F9
:20A660004B457AD847EA0204C4F30B04002C74D100690BF0A3FA214628460BF0F5FA4FF08B
:20A68000FF3A0446002E45D1012128460BF0ECFA002C08BF044628690BF08EFA204602B019
:20A6A000BDE8F08780462E4B5A7882B10AFA02F137EA01010BD101219140B14207D8B8F1D6
:20A6C000000F1ED098F80110914238BF98460134042C03F10203E7D1B8F1000F13D0002360
:20A6E000812298F800102846CDE900333B460BF06BFA012398F80120044693401F44F61A7A
:20A7000021E09846E3E76FF01504012128460BF0ABFAC0E7002CF8D12346CDE90044802247
:20A72000062128460BF050FA04460028EDD14E45B8D10346CDE900008022C72128460BF001
:20A7400043FA00260446002CDFD140F21B62002328460BF0B7FA044694E76FF015049DE7C3
:20A76000749F020010B5036961B920493F23204A20480AF0A0FF20480AF09DFF3F211C4881
:20A780000AF090FF486850B91C494023184A19480AF091FF1A480AF08EFF4021EFE7586882
:20A7A000F8B1884219D19C680868A142586000D19860002008602AB15A680A609A6859601A
:20A7C00002B99960002010E0814206D10868206098688142EDD19C60EBE704460068002802
:20A7E000F2D1002AE8D16FF0150010BDB89F02007C9F0200228F0200C19F0200D09F020076
:20A80000E29F020008B503685F2B4FEA531107D80C4A03F01F0352F82120DA40D2070BD4BF
:20A8200009490A4840F2CA33094A0AF044FF40F2CA3107480AF036FF0360064B53F82100EA
:20A8400008BD00BF908B02002CA00200228F0200F99F0200848B0200F0B5406801F01F04CA
:20A86000057B87B044EA45140569002D77D0B2F5001F00F1100506D1214628460BF0FEFF48
:20A88000002007B0F0BD0027B2F5800F01AE0197776033D1B3F1007F14BF052304238DF8EB
:20A8A00004300023CDE9046303938368CB40D90739D4B2F1A07F36D168460094FFF7A2FF09
:20A8C000009B203350F82330DB072CD46A462146284602F0DFFE254B98421AD0CDF808D0E8
:20A8E0002146284603AA02F045FD214B984239D101222146284602F061FFC1E7B3F1C06F8D
:20A9000005D0B3F1007F14BF01230223C7E70323C5E76946284602F049FF154B9842DDD065
:20A920006FF00B00ADE76A462146284602F0B2FE0F4B06469842D3D128469DF8001002F0C9
:20A940002DFFB042CCD00B490B4840F2E1130B4A0AF0B1FE40F2E11108480AF0A3FE6FF004
:20A9600085008EE76FF015008BE700BF0400AD0B0000AD0B7BA00200228F02004FA0020003
:20A980002DE9F043466840F20635337BD00601F01F0747EA431748BF032302EA050558BFF3
:20A9A000C2F3401387B0B5F5837F14468DF8033043D00FD8062D42D007D8B5B1022D14D003
:20A9C0006FF0150007B0BDE8F083B5F5807FF7D101250AE040F20222954232D0B5F5407F1B
:20A9E00031D0B5F5007FEBD1042522032DD5012372688B405360336973BB03A80397FFF7A0
:20AA000001FF039B00EB830084F48033C3F30043C4F34044D0F8802044EA43049DF8033026
:20AA200022F4706244EA830422F00F0244EA05231343C0F880300020C4E70925D5E7082560
:20AA4000D3E70625D1E70525CFE7630341BF012372688B409360CEE71036394630460DF169
:20AA6000020202F017FE14F4403F804617D1394630460BF001FF254B9845DCD130469DF8A1
:20AA8000021002F08BFE4045D5D021492148DE23214A0AF010FEDE211F480AF003FE4FF018
:20AAA000000901AB3946304603AACDE90439CDE90199CDF80C9002F05DFC144B98427FF4A4
:20AAC0007FAF14F4003315D09DF8033084F48034C4F300448DF80E3039464B46304603AA43
:20AAE0008DF80C508DF80D4002F02CFD074B9842C1D065E7CDE9043339460DF10303304699
:20AB000003AA039302F036FCF0E700BF0000AD0B7BA00200228F02004FA002004209022A48
:20AB2000034670B503D0012A1FD002B370BD154E326951680029F9D0012503F01F030C6880
:20AB40009D400029F2D08A682A4014D04B6883B90D4964230D4A0E480AF0ADFD0D480AF081
:20AB6000AAFD642109480AF09DFD0B4EE0E70B4EDEE7304698471CB1236821461C46E0E749
:20AB80002346FAE7F87A02005DB002007C9F0200228F0200E29F0200D87A0200B87A02000D
:20ABA00038B545682B69E3B11035284602F0E8FD0446B0B90146284602F09CFD0B4B984226
:20ABC00011D1224628460A4902F056FD22460121DB20FDF7F7FA2246012140F20D10FDF7EE
:20ABE000F1FA002038BD6FF00400FBE70000AD0B1DAB010008B503685F2B4FEA531107D861
:20AC00000C4A03F01F0352F82120DA40D2070BD409490A4840F2CA33094A0AF04CFD40F2D1
:20AC2000CA3107480AF03EFD0360064B53F8210008BD00BFF08B02002CA00200228F0200F3
:20AC4000F99F0200E48B02002DE9F04F1546824640F2FF19DFF868B185B000EB8108D04579
:20AC600003D1002005B0BDE8F08FDAF80020C2F3C3210829C2F3080400F29D804F4B4C4550
:20AC800008BF4FF0FF34B2F1D05F5F5C4FEA126110D2192910D8DFE801F01219205B23298C
:20ACA0005B0F0F0F0F0F0F0F0F0F0F0F0F0F0F0F5E72757838296BD06FF08500D2E7C5F8A5
:20ACC0000446631C51D10AF1040AC8E7C5F80C46621CF8D00026314616E0C5F81046F0E7FF
:20ACE000661CC5F80046EED0002604E0601CC5F80446E8D0012603A80394FFF77BFF0121D1
:20AD0000039A01FA02F28260DAF80020039402F40040002818BF002103A818BF01260192AA
:20AD20000091FFF767FF039C019A00EB8400D0F88040C2F3412C00993A0242EA8C020A43F7
:20AD400004EA0B04224342EA4602C0F88020BAE7C5F80846BCE7C5F86045611CDAF80020A5
:20AD6000B1D0C2F30042002AC4D0012603A80394FFF740FF039A06FA02F24260ABE7C5F87D
:20AD80006445EAE7C5F86845E7E7C5F86C45E4E703A80394FFF72EFF039A631C00EB8200DA
:20ADA000D0F8802022F0E04242F08042C0F8802089D001268FE76FF0150053E7B1A00200B4
:20ADC000F0F0FCFF032908B50BD90849084840F23D33084A0AF06FFC40F23D3105480AF0EA
:20ADE00061FC01F5AC7150F8210008BDECA00200228F0200BAA0020008B503685F2B4FEA2D
:20AE0000531107D80C4A03F01F0352F82120DA40D2070BD409490A4840F2CA33094A0AF007
:20AE20004AFC40F2CA3107480AF03CFC0360064B53F8210008BD00BF088C02002CA0020016
:20AE4000228F0200F99F0200FC8B0200F7B5044600220121D220FDF7B5F960682369234A8D
:20AE600000F1080103F0D2F9214B98423AD166680021B56B01AA28460BF050F9002805DB55
:20AE8000019B2A6819791868FFF7DEFE00273D463068E9B2FFF796FF00280DDB019001A8EE
:20AEA000FFF7AAFF019A0368D34013F001031CBF0123AB403B43DFB20135042DE8D1002397
:20AEC00001206268916A00FA03F23A420CBF01220022D20321F813200133042BF1D10020AB
:20AEE00003B0F0BD6FF00F00FAE700BF436102000000AD0BF7B5054600220121C620FDF771
:20AF000061F9C620FDF73CF96C680121E0680BF0D4F96B6819686369C1F82435E28BA38BF5
:20AF2000A07E1343228C1343628C1343627E9BB20243207E02431343C1F86C3569680B680C
:20AF4000D3F8002242F48022C3F800220822C3F800254A6A0121C3F83C270022C3F840270D
:20AF60001965D3F830110029FBD0C3F800256B680021D8680BF0A1F96C680021E0682568E0
:20AF80000BF09BF90823C5F8003594F82C3073B10021E06801AA0BF0C1F8002807DB002304
:20AFA00040F2FF1601990879DAB290420FD8227A52B9A36AC5F804370123C5F80837C5F861
:20AFC0004C21D5F84C21AB62002003B0F0BD0A6852F82320C2F30802B24204D094F92D708D
:20AFE000B7EB521F01D10133DEE7074940F26133064A07480AF05FFB06480AF05CFB40F299
:20B00000613102480AF04EFBE690020002A10200228F020036A102002DE9F04104460D4684
:20B0200047680BF0D5FDA0B9274B1B788BB14FF04008642663681B68D3F830318BBB012008
:20B040000BF040FB013EF5D10021202006F028FDEFE74021EFF311831A4681F31288BFF36C
:20B060006F8F60680068D0F8300120B983F31188BFF36F8FEEE77B6A00201D706368796AFC
:20B080001B68C3F83C170121C3F84017C3F83001D3F83001196582F31188BFF36F8FBDE822
:20B0A000F081EFF311831A4688F31288BFF36F8F61680968D1F830110029DCD183F311885B
:20B0C000BFF36F8FC0E700BFE026002008B503685F2B4FEA531107D80C4A03F01F0352F851
:20B0E0002120DA40D2070BD409490A4840F2CA33094A0AF0E0FA40F2CA3107480AF0D2FA01
:20B100000360064B53F8210008BD00BFCC8C02002CA00200228F0200F99F0200C08C0200C8
:20B12000012310B503FA01F1436804691B6819420ED10E4940F28D630D4A0E480AF0BBFA8D
:20B140000D480AF0B8FA40F28D6109480AF0AAFA2368194218BF82F0010222B18368DB68AC
:20B16000BDE81040184783681B69F9E790910200948E0200228F0200CE9102002DE9F84380
:20B180004468066905460021E06B0BF0BDF8002822DB216C481C16D10127636B9847B4683F
:20B1A0000834D6E9023203EBC203A4F10802934214D830460BF0EAF86B680021D86B0BF0C8
:20B1C000A3F8002008E004F1440000F053FA10F1130F01D0411DDFD1BDE8F88354F8080CD4
:20B1E0000BF054FC002858D054F8080C14F8041C34F8023C03F03002302AD0F81080D0E92E
:20B2000001C90ED1264940F2E233264A26480AF052FA26480AF04FFA40F2E23121480AF052
:20B2200041FA03F00602042A09D1214940F2E9331C4A1D480AF03FFA40F2E931EEE7DCF825
:20B2400000C0DA0707FA01FE54BF43F4B01383F4D0131EEA0C0F23F480120CD115494FF49C
:20B260007F73104A10480AF026FA13480AF023FA4FF47F71D2E7D8F800C0DB074CBF4EEAFD
:20B280000C032CEA0E03C8F80030D9F800309847002804F1080484DA9EE76FF012009BE7A9
:20B2A000638F0200948E0200228F02009C8F02006F90020090910200CE9102002DE9FF41BB
:20B2C00005690646AA6DD0F804802B6E002A35D1002B53D0B8F83840686D9C4228BF1C4616
:20B2E000EF6DEB6D53B12A6E42B107F06042B2F1005F03D0082C28BF08246F6F6A6DAC668F
:20B300001AB1AA6D002A18BF224601921BB12B6E002B18BF23460090002269464046039302
:20B32000029704F0AFF8184B984229D06FF00401304604B0BDE8F0410BF04AB8696DEF6D10
:20B340000846B8F83840ABB1934228BF13469C4228BF1C460029C4D001F06043B3F1005F8B
:20B36000BFD0082C28BF0824286F22460BF07CFF286FB6E7944228BF1446EBE71946D7E748
:20B3800004B0BDE8F08100BF0000AD0B2DE9F04F91B001934368074602938B880469980499
:20B3A000884691462DD44FF0FF324FF0FF3304F1100004F0E3FFC4F80480D7F804B0D7F899
:20B3C00010A0DBF8083003939AF86D3023B1DAF80030984500F08180B8F804C01CF4006F56
:20B3E00016D06FF0850523689B8813F4005304D1636004F1100004F03DFF284611B0BDE8D5
:20B40000F08FA369002BCED163689942CBD1D4E71CF0090F02D06FF01505E4E7CCF3451389
:20B42000082BF8D1D8F800E07A4B9E45F3D906AD0BF10C060FCE0FC50FCE0FC5039B96E8AD
:20B440000300734594BF0B93CDF82CE01CF0020F85E803000CF004032FD0002B14BF0323BC
:20B4600002238DF83030CCF300138DF83130DBF80030D3F80036591C0AD01CF0020F059302
:20B4800005A81ED1FFF722FE0123059A934083609AF86D302BB1584603F098FF00238AF8A9
:20B4A0006D303B4658465C4A06A903F049FF5B4B98420DD06FF0040595E7003B18BF0123C9
:20B4C000CFE7FFF703FE0123059A93404360DFE70123CAF800808AF86D30012384F86C30FF
:20B4E000029B196C4A1C03D003F1440000F0F2F8B9F1000F68D1C4F844900023A36404F13E
:20B50000580204F1480104F144000AF0EAFE019B6065002B60D1E3640023236504F1600272
:20B5200004F1500104F14C000AF0DBFE002501212A46E065256420460AF007FF3846FFF752
:20B54000BDFE2A462B46A06C83424DD100231946256DA9424FD19A4238BF1A4626464FF45F
:20B56000FA534FF0000803FB02F556F8283B47F6122C1B684146B5FBF3F540F2E730C8352E
:20B580004FF47A720023E5FB0C01F7F70DFF02460B46304604F0F2FE024618B9256C15F1CF
:20B5A000740F2FD10298C4F8688003F00FFF6FF07301384684F86D800AF00AFF304604F0A2
:20B5C00057FF6FF073050EE7D9F800306364002B93D0D9F8043091E7019B1B68E364002BE5
:20B5E0009AD0019B5B6898E7616C01EBC301496801330A44A8E7E06C00EBC10040680131F2
:20B600000344A6E7002D3FF4EEAE014638690AF09CFEE8E647E80100F36302000000AD0BD0
:20B6200008B503685F2B4FEA531107D80C4A03F01F0352F82120DA40D2070BD409490A4870
:20B6400040F2CA33094A0AF036F840F2CA3107480AF028F80360064B53F8210008BD00BF06
:20B660005C8D02002CA00200228F0200F99F0200508D02000123F0B587B08DF80230022309
:20B6800000248DF804306B4403930F4601AB0DF10301049305460291059402F087F80C4BAF
:20B6A000064698420FD13946284603AA01F062FEB0420BD028469DF8031002F06FF86FF0FE
:20B6C000040007B0F0BD6FF01200FAE72046F8E70000AD0BF7B50C4605460BF0D1F8002284
:20B6E00021460646284602F069F801A80194FFF797FF019B00EB8302D2F88010154B0B40FB
:20B7000043F00C03C2F8803000F08AF807462B689B59B3B10026214628460BF0AFF801A88D
:20B720000194FFF77DFF019B00EB8300D0F88020084B134043F00403C0F88030304603B01F
:20B74000F0BD00F06DF8C01BC728E0D96FF07306E1E700BFF0F0FCFF70B514461D460AF04E
:20B76000A1FEA042A94113D30A4AD2E90061A41B24F01F0365EB01009B1941EB0001C2E936
:20B780000031640944EAC060BDE8704006F0B0BE70BD00BFF814002010B500220121E420DF
:20B7A000FCF710FD174A0020D2F8183723F44033C2F8183702F0C4F9134B0446984208D152
:20B7C0000120124902F070FAA04205D0104B984214D04FF0FF3010BD0AF064FE67220D4B49
:20B7E00020F01F00C3E900010B4BC3E900010B4B02201A60FEF792FD0020ECE76FF00B0097
:20B80000E9E700BF00200E500000AD0B500400200200AD0BF8140020F0140020941D002014
:20B8200038B5EFF31185402383F31288BFF36F8F174806F0A5FC68B98823164A16491748A0
:20B8400009F039FF1249164809F035FF8821114809F028FF0E4806F0B7FC0AF023FE04464B
:20B860000B4806F09BFC68B940F23113094A0D490A4809F020FF06490B4809F01CFF40F256
:20B880003111E4E785F31188BFF36F8F204638BD981D0020C29502001B960200228F0200EB
:20B8A00030960200EF9502000696020008B50AF0F9FD054AD2E90032C01A61EB0201400941
:20B8C00040EAC16008BD00BFF814002037B5431C0CBF6FF0004420EAE0740AF0E3FD0D4B24
:20B8E000D3E90025801A61EB05032021C4FB0103402873F100042CBF20F01F0100235218FD
:20B900004FF0010145EB03030091034802F060FA03B030BDF81400204804002002460B46B7
:20B92000014804F091B900BF38070020014804F05BBA00BF3807002004460D46094E08B541
:20B94000324640F23B130849084809F0B4FE214607482A4609F0AFFE40F23B11304609F0EA
:20B96000A1FE00BF27A30200E6900200228F020060A3020070B5064686B00D4618481949B1
:20B9800004F0DCFF01A8F1F719FB17480BF07EF800B3164B68460093F1F736FBE8B94FF015
:20B9A000FF304FF0FF31FFF7B9FF044638B910491048F1F7C1FA044620B1FFF7B7FF20467F
:20B9C00006B070BDFFF7B2FF33690B481D60FDF713FBF4E76FF01204F1E76FF01504EEE7FA
:20B9E000A01D00202F650200587B0200FDB901000015002089BB01005DBB010003460A461C
:20BA000010B5114881680C6864B910495B23104A104809F050FE104809F04DFE5B210C4852
:20BA200009F040FE1946A04768B10C4940F2B5230B4A084809F03FFE0A4809F03CFE40F27F
:20BA4000B5210748ECE710BD587B0200BCA3020088A30200228F0200DCA30200039E0200E7
:20BA600027A3020002A4020030B52A4885B0F1F7D9F90446002845D1F1F7B2FA054600287D
:20BA800045D1022101AA8DF80440F1F705FA041E38DB08230721284601AAADF80430F1F7B0
:20BAA000FBF9041E2EDB4FF01B13019340F203230321284601AAADF80830F1F7EDF9041E04
:20BAC00020DB01230421284601AA8DF80430F1F7E3F9041E16DB1F230621284601AAADF852
:20BAE0000430F1F7D9F9041E0CDB40F262239C420BDD85F31188BFF36F8F0423184602DFAB
:20BB00006FF00B04204605B030BD2C46FAE76FF08504F7E739B9010008B50A490A480BF046
:20BB200047F800280CDA09492F23094A094809F0C2FD094809F0BFFD2F21054809F0B2FD6D
:20BB400008BD00BFA01D002068170020E69002003CA40200228F020065A40200094B93F8EE
:20BB60004730042B02D1810709D47047022B02D1020704D47047082B03D1830601D5FFF73C
:20BB8000CBBF70475026002070B53B4C94F84730E3B194F84730042B41D120783E2827D052
:20BBA000FF282BD0002563780233472B5AD8002200232946FDF72CFA064620BBBDB1002304
:20BBC00084F84730BDE87040FFF7A6BF4FF0FF304FF0FF31FFF7A2FE48B9204604F14701AB
:20BBE00000F0C0FA0546FFF7A1FE002DD1D070BDA578022D14BF00250125D4E7A57805F089
:20BC0000FD05802DF6E762781B4902320C3009F0BEFE3146194B1B6819489847CFE7022BB4
:20BC200014D1002200230820FDF79AF905460028DDD062880432472A14D80F4905F10C0034
:20BC400009F0A5FE0D4B29461B68E5E7082BB6D1002200232020FDF783F962880546002826
:20BC6000E8D1C4E7002383F31188BFF36F8F0423184602DFA3E700BF502600209C1D002060
:20BC8000987B0200F7B5C74D06462B78002B40F0628204238DF80730C34B04881F68B7B135
:20BCA0000DF106030DF10702691CB84701280ED09DF80630002B40F028819DF807300E2220
:20BCC000AB7001236A70EB70AC80A87126E1A30A082B6BD009D8032B0ED0042B1FD001205D
:20BCE00040F206439C427DD10FE13F2B00F07381012001280AD0E0E740F60142B6F900301C
:20BD0000934205D040F60342934205D00120FCE0F01CF7F7D9FCECE7F1F740FAE9E7338808
:20BD2000A3F58053013B082BF0D801A252F823F055BD010067BD01007BBD01000DBD010025
:20BD40000DBD01000DBD01000DBD01000DBD01009BBD01009DF80730944808338DF80730BF
:20BD6000F7F73CFDC5E79DF80730904840338DF807300AF0DEFB00209FE700229DF80730B6
:20BD800008338DF80730894B1A605A60EB7A23F0600343F06003EB72EDE79DF8073083486B
:20BDA00006338DF80730F7F71BFDA2E7304642F21C0130F8033B1AB28A4259DCB2F5005FFF
:20BDC00042F2640214DC9442A0D000F2C28142F219039C4200F2BB8142F20C039C424FF0A2
:20BDE000010067D840F21D439C4200F08E8080E7A3F50053013B1B2BE5D801A151F823F006
:20BE00008BBE0100C3BE0100D5BE0100C7BD010027BF01002DBF010033BF010045BF010071
:20BE20004BBF010051BF0100C7BD0100C7BD0100C7BD0100C7BD01005DBF01006FBF010086
:20BE400075BF01007BBF0100C7BD0100C7BD0100C7BD0100C7BD010081BF010093BF0100CA
:20BE6000C7BD0100C7BD0100C7BD0100B1BF010042F24B039A4200F0A58042F27C039A42C0
:20BE800069D042F264039C429EE7F7F7ABFC42F264039C4239D042F264039C4200F2038165
:20BEA00042F219039C4200F2468142F20C039C427FF616AFA4F500530D3B41F241229BB229
:20BEC00032E19DF80730394803338DF80730F7F78EFCDCE79DF80730344808338DF8073096
:20BEE0000AF04AFB42F264039C420DD000F2DA8042F219039C4200F21D8142F20C039C4282
:20BF000040F20B810020D5E700200F236B700423AB700123E8702B71A5F8054001230020DA
:20BF20002B7003B0F0BDF7F764FCB0E7F7F763FCADE79DF807301D4801338DF80730F7F731
:20BF40005CFCA4E7F7F75BFCA1E7F7F75AFC9EE7F7F759FC9BE7F7F76AFC98E79DF8073004
:20BF6000124801338DF80730F7F74FFC8FE7F7F74EFC8CE7F7F74DFC89E7F7F74CFC86E7D3
:20BF80009DF80730094910338DF80730F7F745FC7DE79DF80730054808338DF80730F7F7F3
:20BFA0003EFC74E798260020B01D00209F2600209DF8073008338DF807300323EB710023D4
:20BFC000EB728FE79DF80730644802338DF80730F7F72BFC5BE730464FF60C5230F8033B4F
:20BFE000934236D84FF60152934206D803F2FF3292B20A2A20D901203AE0A3F57D43023BAC
:20C000000A2BF8D801A252F823F000BFF9C00100FFC0010005C101000BC10100F7BF010097
:20C02000F7BF0100F7BF0100F7BF0100F7BF0100F7BF010011C10100A3F57C43013B0A2BD2
:20C0400069D8DFE803F00D1B6868684D68683B4450004FF61D529342CDD1F7F7BDFB07E0E5
:20C060009DF807303D480C338DF80730F7F731FB4FF6025224F008039342B6E600229DF87A
:20C08000073040338DF80730344B1A80EB7923F0230343F02303EB712B7A23F0070343F0DA
:20C0A00007032B72002042F285039C42E0D842F267039C4233D842F2660395E69DF80730FC
:20C0C000264817338DF80730F7F721FBD0E79DF80730224820338DF80730F7F73CFBC7E713
:20C0E000F7F713FBC4E79DF807301C4801338DF80730F7F74DFBBBE7F7F760FBB8E7F7F7CB
:20C100005FFBB5E7F7F75EFBB2E7F7F761FBAFE7F7F760FBACE70120BDE6002062E6A4F5C8
:20C120000153283B0E4A9BB222FA03F3DB077FF5E0ADEAE6002042F232039C423FF4E5AEB1
:20C14000A4F50153033B012B7FF6DFAED1E50120F1E70120A7E74FF0FF30E2E69F2600200D
:20C160002F80402038B5094C0D4623781BB9BDE83840F7F799BAA278611C02320BF074F81C
:20C180000020042320702B7038BD00BF9826002070B506460C460F4D28460AF077FCA8B148
:20C1A000A2B2AB681B6863B90B495B230B4A0C4809F081FA0B4809F07EFA5B21074809F002
:20C1C00071FA31462846BDE8704018476FF0120070BD00BF587B0200BCA3020088A302009B
:20C1E000228F0200DCA3020004460D46094E08B5324640F233130849084809F05CFA214613
:20C2000007482A4609F057FA40F23311304609F049FA00BF93A40200E6900200228F0200CA
:20C22000C0A40200322337B50125ADF8043000231C216846134A8DF80630ADF800508DF8B8
:20C240000230F6F75DF90446C8B909F04EFC80B2F4F7D2FE29460C48F8F73CFE044670B90F
:20C2600001462A468520FBF7ADFF2A462146E520FBF7A8FF2A4621468A20FBF7A3FF2046D4
:20C2800003B030BDE9C10100B81D002008B54FF0FF304FF0FF31FFF741FB48B107490848F9
:20C2A000D123084A09F007FAD121064809F0FAF9F8F77CFFBDE80840FFF738BBD7A4020055
:20C2C000228F020093A40200024608B50A480B460A4904F039FC00280CDA09494723094A31
:20C2E000094809F0E8F9094809F0E5F94721054809F0D8F908BD00BF68170020E80200203F
:20C30000E69002003CA40200228F0200E4A4020008B50A490A480AF04BFC00280CDA094983
:20C320002F23094A094809F0C6F9094809F0C3F92F21054809F0B6F908BD00BFE81D00205B
:20C3400068170020E69002003CA40200228F020065A402000122014B1A63704700E0105043
:20C360000122014B5A63704700E0105028B1022806D10420034B1B681847024B1B68FBE7BA
:20C38000704700BFF81D002010B538B101280BD1BDE8104000200B49F4F72EBD0A4B022089
:20C3A000BDE810401B68184708493823084A094809F081F9084809F07EF93821044809F086
:20C3C00071F900BF6DC30100F81D0020E690020014A50200228F020051A5020008B598B1EA
:20C3E000012804D1BDE808400020F4F72DBD07494B23074A074809F05EF9074809F05BF913
:20C400004B21034809F04EF908BD00BFE690020014A50200228F020051A50200014B1860FF
:20C4200001487047F81D00200000AD0B38B5304C0D46237E834209D02E495F232E4A2F482C
:20C4400009F039F95F212C4809F02CF904F14003D3E8AF3F2BBB09293DD8DFE801F0053C98
:20C460003C3C3C24241F3C22236AD3E900209047012808D0224B984203D00223E06384F804
:20C48000343020480EE047F230532363032384F834301D4B84F82900A363F2E7144803F05F
:20C4A000E9FE002038BD002384F82930174B207E15492363F8F74FFD04460028F1D05723BC
:20C4C0000D4A13490D4809F0F6F82146114809F0F2F85721B7E79223074A0F49074809F00E
:20C4E000EAF829460D4809F0E6F89221ABE700BFFC1D00209BA5020061A50200228F020085
:20C500001F646602301E0020201E0020FF3F420FBDA50200C6A50200E6900200E9A50200FC
:20C520000122002101480AF021BB00BFFC1D0020014BD861704700BFFC1D0020F8B54FF080
:20C54000FF3106464FF0FF30FFF7E8F9054648B14349BE23434A444809F0ADF8BE2141484A
:20C5600009F0A0F841494248F4F790FD0446FFF7DDF9002C70DB40F201133E4C2385E3694D
:20C5800026626433E36247F2305323636FF0730384F82450E36304F14006D6E8EF3FC6E815
:20C5A000E25F002AF9D1A36837463BB13249D4232C4A2D4809F07FF8D421D0E74FF0FF30EB
:20C5C0004FF0FF31FFF7AAF938B12549D723254A254809F070F8D721C1E7207E04F124016D
:20C5E000F8F7B9FC054658B1D9231E4A23491E4809F061F82946224809F05DF8D921AEE705
:20C60000FFF794F9002320461E4A03F0B7FE002806DA0123D7E8EF2FC7E8E13F0029F9D133
:20C620004FF0FF304FF0FF31FFF778F938B10C49E4230C4A0C4809F03EF8E4218FE7207E7F
:20C64000F8F76BFCFFF772F9D6E8AF3F13B1094803F00EFFE06BF8BD6FF00B00FBE700BF57
:20C66000D7A4020061A50200228F0200141E00202DC40100FC1D002001A60200BDA50200F8
:20C68000C6A502000E720B00F0B585B06E4681680546103921F00F0409F0D8F832460A4BDD
:20C6A00003F1100C374618685968083303C763453E46F7D110232146284609F096F80038EC
:20C6C00018BF012005B0F0BD848E02002DE9F0431D4685B006460F46904609F0B0F86C1E69
:20C6E000044440420440102C06D94FF4B471104B104A114807F096FA304609F0A7F881463F
:20C700002A46414668460AF0AFFD4946621B0DEB05000AF0B6FD23466A463946304609F011
:20C7200064F8003818BF012005B0BDE8F08300BFE6900200B7A602002DA6020030B50D46FD
:20C74000816887B0102302AA1039044609F038F8002802DA012007B030BD1022204602A912
:20C7600009F065FF00283AD110221E4902A80AF06BFD00280CBF012302232B70204609F04E
:20C7800050FF012301460DF10702204609F018F80028DFDB9DF80730204603F00F021B092D
:20C7A0006A702B7101220DF1070109F040FF10B96B78042B03D901236B7000232B71A26823
:20C7C0002046203A22F00F02103AA91C09F042FF0028BFD12046E91C09F069FFBBE70323E1
:20C7E000CBE700BF848E02000E2A13B5044606D90C4B4FF4CF710C4A0C4807F013FA0E29CC
:20C8000001D90B4BF5E741EA02118DF8071009F008FF012301460DF107022046FFF756FF0F
:20C8200002B010BD70A60200A2A602002DA6020082A60200F7B50D1E69460CBF17462F46F5
:20C840000446FFF77BFF78B99DF80060022E22D0032E0BD0012E26D135B19DF80330032BC8
:20C8600002D1204609F01CFF03B0F0BD002DFBD12046FFF709FF0028F6D157B1204609F058
:20C880000FFF0028F0D1002231462046FFF7ACFFEAE70226F7E76DB90146A268204608F055
:20C8A000B9FF0320E0E740F24F21034B034A044807F0B8F90420D7E7E690020094A602000F
:20C8C0002DA6020013B50C4B0C4603EBC00001A90079FBF797F9014660B9221E18BF012225
:20C8E0000198FFF7A7FF0446019808F068FF204602B010BD0124FAE7748D0200064BD3F8B7
:20C9000040231C2A05D1D3F84403431E5842584170470020704700BF00C0FF0003689A07DA
:20C920000CD50368DB070DD50922074BC3F80C250F22C3F8042501221A60FEE7034B036036
:20C94000EF3B0360704700BF00801050F000FA5008B50123434A4448C2F80038434AD2F877
:20C9600040231C2A04BF424AC2F80C34FFF7D6FF0830FFF7D3FF0830FFF7D0FF0830FFF7CF
:20C98000CDFF00F5F470FFF7C9FF3A4AD2F88C3043F44063C2F88C300022D30003F57F03EB
:20C9A00003F54043D3F8001401310AD0D3F8001439B1D3F800140132D3F80434402A0B605E
:20C9C000EBD1284BD3F84024002A47D0FFF796FF48B1264BD3F83423274B9A429EBF214B8A
:20C9E000264AC3F84026FFF789FF18B1244B254AC3F8AC27FFF782FF48B13422194BC3F80E
:20CA00002426D3F83C2622F40022C3F83C26174BD3F840331C2B08D11B4BD3F80026D2075A
:20CA200044BF6FF00102C3F8002603231749C1F81835104BD3F88C2042F44062C3F88C2013
:20CA4000D3F8882042F47002C3F88820BFF34F8FBFF36F8F0023C1F8A03508BDC822C3F8FD
:20CA60004024B3E70000125000C50D5000C0FF000030055000ED00E0001D0A1840E0A91EFD
:20CA800000A0085078000A0400E0105000B0045030B50468ACB1B4FA84F30122C3F11F0308
:20CAA000DBB29A4024EA0202D0E8EF5FA54204D1C0E8EC2FBCF1000FF6D1EAD102480B7075
:20CAC00030BD0248FCE700BF0000AD0B0200AD0B10B50368CB40DB0710D401238B400268B1
:20CAE00043EA0201D0E8EF4F944204D1C0E8EC1FBCF1000FF6D1F2D1014810BD0148FCE72A
:20CB00000000AD0B0400AD0B1022054911F8013D013A01330B701B0A01D0002AF6D1704752
:20CB200090180020254B90B004931123244A2549CDE9062308AB059340F61102224BCDE940
:20CB40000A12089320330C9321230CAA09921F4A0090CDE90E230123CDE901320D932023C7
:20CB60001B4A0393D2F8003443F00103C2F800344FF0A34304AA1A600322C3F810D05A63CD
:20CB8000BFF35F8F9A639A6A12F0240F12D1D86B10F02300F7D14FF0A34310225A63002278
:20CBA0005A630B4AD2F8003423F00103C2F8003410B070474FF0FF30EDE700BF7C8D0200DD
:20CBC00004000020200000206018002010000020008004502DE9F04104464FF000088CB041
:20CBE0006F4608EB0700FFF78FFFFFF79BFF3D46064608BB08F11008B8F1300FF0D11CB159
:20CC000004F13002944210D10FCD0D4C0FC495E80F0084E80F0010340CAB13E90F0084E8B5
:20CC20000F0030460CB0BDE8F081396854F8043B4B4047F8043BE5E74FF0FF36F1E700BF91
:20CC400060180020F0B500204FF480744FF400752C4A2D4ED2F800348DB043F00203C2F86A
:20CC600000342A4B00211C60186458645D631E601A6B12F00E0FC2F34207F9D0052FF1D098
:20CC800071B95A68032AF3D9D3F880201A61D3F880205A61D3F880209A61D3F88020DA6197
:20CCA0005A68012192002F2AE2D9D3F880206B4630211846154C1D1D03F8012B9D424FEA45
:20CCC000122201F1FF3115D00029F5D10123104C0C4A84F83930D2F8003423F00203C2F89F
:20CCE0000034FFF777FF50B901220023C4E90C230DB0F0BD0029E9D0D4F88020DBE74FF0B0
:20CD0000FF30F5E70080045001000400001080516018002010B50B4C94F83830012B0CD09E
:20CD20004022002120460AF0ACFAFFF78BFF30B90123054884F8383010BD0448FCE7044864
:20CD4000FAE700BF601800200000AD0B0C00AD0B0100AD0BF0B5234D064695F838300C46BE
:20CD600085B05BB92049214840F2F713204A08F0A2FC40F2F7111E4808F094FC19B170B347
:20CD8000B1F5803F2BD86B6BB3F5803F17D3FFF759FFA0B1174805B0F0BD102C684627464D
:20CDA00028BF1027FFF7B0FEFFF7BCFE0028F1D130463A4669460AF057FAE41B3E44002C7A
:20CDC000EBD12046FFF706FF0028E3D1D5E90C32013342F10002C5E90C320748DBE70748A9
:20CDE000D9E700BF6018002008A70200228F0200CAA602000100AD0B0000AD0B0400AD0B19
:20CE00005F2898BF074B4FEA50129FBF53F8223000F01F0023FA00F000F0010088BF0020D8
:20CE2000704700BF8C8D0200034A4309D35C00F01F001844C0B270472BA8020070B50546C0
:20CE40000846FFF7F1FF3C212A791E4B01FB0202083233F81200C10527D578240026C0F387
:20CE6000432120F4F85023F812002A7904FB02340E3434F8020F10F4807F03D0C0F3432082
:20CE8000814212D00136232EF3D10020C2EB02120A4443F8320078202A7900FB023060300D
:20CEA000FFF716FE084B984200D170BD0749084840F2EB13074A08F0FEFB40F2EB110548B0
:20CEC00008F0F0FB401E00200000AD0B7BA00200228F020078A7020010B501680446084682
:20CEE000FFF78EFF58B9104940F2CA330F4A104808F0E1FB40F2CA310C4808F0D3FB01F059
:20CF00001F035F2923604FEA511209D9094940F2D333064A064808F0CEFB40F2D331EBE775
:20CF2000054B53F8220010BD2CA00200F99F0200228F0200E6900200808D0200072808B5D9
:20CF40000BD90849084840F2D133084A08F0B3FB40F2D131054808F0A5FB800000F58070A0
:20CF600008BD00BF6EA70200228F020039A70200F0B50646002487B0114F019117F8012B08
:20CF800006AB03EBD20313F8143C02F00702D34013F0010306D10134032CEFD10023184631
:20CFA00007B0F0BD074A03AD07CA85E8070055F824100A6A46F824200A62002AEBD0EEE72A
:20CFC0003BA802009085020010B504460846FFF72BFF3C2303FB0400024B083033F81000B7
:20CFE000400B10BD401E002010B504460846FFF71BFF3C2303FB0400034B083033F810000C
:20D00000C0F3400010BD00BF401E002010B504460846FFF709FF3C2303FB0400044B0830D0
:20D0200033F8100010F01C0018BF012010BD00BF401E002010B504460846FFF7F5FE3C23F2
:20D0400003FB0400034B083033F81000C0F3401010BD00BF401E002010B504460846FFF7AD
:20D06000CFFE58B91B4940F21E231B4A1B4808F022FB40F21E21184808F014FB2479204643
:20D08000FFF7B2FF48B1164940F21F23124A134808F011FB40F21F21EDE72046FFF7B6FF0B
:20D0A00048B910494FF408730B4A0C4808F003FB4FF40871DFE72046FFF7BCFF30B12046D9
:20D0C000FFF782FFBDE81040FFF738BF4FF4A27010BD00BFB6A7020078A70200228F0200E3
:20D0E000D7A70200F5A7020010B504460846FFF79BFE3C2303FB0400034B083033F8100004
:20D1000000F0010010BD00BF401E002078232DE9F04F6F4C0E460C1BB4FBF3F4D0F8141369
:20D12000DFF8B8B1C9B28BB041F400315BF83420009009F050FB8103054638D50023E70032
:20D140000BEBC404CDE907330993636807A819460193FFF70DFF3B1D03934FF0000A5D4B37
:20D160000DF11C090293029A12F8013B0292039A02EBD3021BF8022003F0070322FA03F3DE
:20D18000DA071AD40AF1010ABAF1030F09F10409E9D14FF400310022009809F01CFB019964
:20D1A00007A8FFF7E5FE0028D7D125F400350124002D76D10BB0BDE8F08F474B5344049391
:20D1C000D9F800100029DDD091FAA1F1B1FA81F1049B1C7841EA44142046FFF725FE0830F1
:20D1E00036F81080C8084FEA98030593012319F8002001F0070103FA01F122EA010209F8E8
:20D20000002006A80694FFF767FE069A059B203250F82220C8F382075B07B846C2F3014293
:20D2200023D521463046D7B2424609F04DFA06A80694FFF751FE069B203350F82330C3F3F6
:20D2400001439F4207D10021204609F0A9FA3946204609F0A5FA06A80694FFF73DFE012295
:20D26000069B02FA03F30362AAE7022A0DD10321204609F095FA07F00503012BEBD142469A
:20D280002146304609F020FAE5E702212046059209F086FA032FF2D0059A032ADBD1022F9C
:20D2A000ECE795FAA5F3B3FA83F3009904FA03F225EA020503F5A27251F8222006EB4303E1
:20D2C0003046B3F86410C2F3014209F0FDF96FE7401E00203BA802003BA80200988D02000D
:20D2E000F7B5044600790D46FFF7FEFE002836D0204609F09CFA277929463846FFF79AFE3C
:20D3000058B13846FFF760FE0022266800B206EB8003C3F81025C3F8102529462046FFF7B1
:20D320008DFD2846FFF780FD3C222379019502FB030000220B4B083023F8102001A8FFF758
:20D34000CBFD019B00EB8300D0F88020064B134043F00203C0F88030044803B0F0BD044857
:20D36000FBE700BF401E0020F0F0FCFF0000AD0B0400AD0B2DE9F04F9046044685B0084647
:20D38000FFF752FDD8F800900D4607462679B9F1000F1ED0204609F012FA50BB4B46CDE945
:20D3A00000008DF80E008DF80F000DF10F020DF10E01284609F0A7F93C2303FB06735E49A6
:20D3C000083331F8132022F0020242F0010221F81320D8F80430002B3FD02946207993F84E
:20D3E0000090D3F804A0FFF7FFFD20B1BAF1000F26D0524835E03C227243DFF83CE102EB18
:20D40000070C0CF1080C3EF81C3023F02003DB04DB0C2EF81C30BAF1000F11D0B9F1030FA1
:20D42000E7D8D8F804102068496891F800A000EB8A00B9F1000F17D1C0F81095C0F8109517
:20D440003C2303FB06763C4A083632F8163023F01C0343EA890322F81630D8F8083063BB4E
:20D46000374805B0BDE8F08FD0F810B552442BF0030BC0F810B5206843EA4A3300EB8A01E3
:20D48000D1F810050EEB420220F4473020F47C70C1F8100541F6F070D1F810B500EA0510F4
:20D4A00040EA094040EA0B0043F02003C1F81005A2F864502EF81C30C2E72946D3E9008686
:20D4C0002046FFF7BBFCB8F1000FC9D078232079194D4343EA18EB58984504D153689E4236
:20D4E00001D100220CE0782303FB00500DF10F016030FFF7CDFA124B9842B2D19DF80F208A
:20D500003C212379C3EB0313134445F833802379C3EB0313134405EBC3035E60237901FB44
:20D520000373083335F8131041EA422242F4807225F8132094E700BF401E00200400AD0B6F
:20D540000000AD0B2DE9F043054685B0084690461F46FFF769FC0E460446B8F1000F2DD013
:20D5600095F804904846FFF73FFD18B94846FFF761FD50BB31464846FFF748FD18B198F873
:20D580000130012B21D001238DF80F30002308F10102CDE900830DF10F0108F1020330467B
:20D5A00009F0B1F83C222B792F4902FB0343083331F8132042F0030221F81320002F50D0A3
:20D5C00031462879FFF710FD18B9284805B0BDE8F08300214FF03C0E38782B68820003EBC5
:20D5E0008003C3F81015C3F810152B791E490EFB0343083331F813C02CF4604C2CF0200C43
:20D6000021F813C097F801C0BCF1000F29D02B68BF781A44D2F81085154B4FEA0C4C08EAAF
:20D620000303C2F8103541F6F0730CF4403C03EA06133F05D2F8108543EA0C0307F4801758
:20D640003B4343EA0803C2F810352B790EFB0344083431F8143043EA403343F0200321F869
:20D6600014300448B2E700BF401E00200400AD0B0FE0ECFF0000AD0B30B578250479044BA8
:20D6800005FB0434A160017905FB0133DA6030BD401E002070B514465AB91049104840F289
:20D6A0004D33104A08F007F840F24D310D4807F0F9FF06793046FFF7BDFC68B10846FFF7A4
:20D6C000B3FB3C2303FB0600074B083033F8103006485B0B237070BD0548FCE716A80200E0
:20D6E000228F020078A70200401E00200000AD0B0400AD0B2DE9F8438046077978201C4ECB
:20D7000000FB076393F8744084BB1846A14646222146103009F0B5FD98F80420154BD8F843
:20D72000005053F83280A04513D10023C5F30830C5F844310130D5F84431FAF721FD782371
:20D7400003FB076601230C4886F874303366BDE8F883E0B2FFF7F2FBA0F580739B08112B2F
:20D7600004BF45F800902B580134DCE70348EEE7401E0020988D02000000AD0B0C00AD0B5D
:20D7800078210279044B01FB023393F87400003818BF0120704700BF401E00200079024B0C
:20D7A00003EB8000FFF794B9580400200079024B03EB8000FFF76CB9580400202DE9F74321
:20D7C00090F80490044648460D461646FFF71EFC58B9354940F25343344A354807F06BFFE3
:20D7E00040F25341314807F05DFF4846FFF722FC276800B34846FFF7F7FB8046D8B9484658
:20D80000FFF7E2FB0546FFF799FB47F800803B5823682AB203EB8203D3F8102542F00102FF
:20D82000C3F8102526B101232268AB40C2F8143303B0BDE8F083D7F814339B035CBF4FF4AA
:20D840000033C7F814334EB91A4940F26D43174A174807F030FF40F26D41C3E72846FFF76F
:20D86000E3FA3C22237902FB0300134B083033F81030C3F38203042B11D0052B11D001A8CB
:20D880000195FFF729FB019BC168D94001F001010231284603B0BDE8F04308F081BF03217F
:20D8A000F7E70221F5E700BFF5A7020078A70200228F020020A80200401E0020014902487E
:20D8C000FFF724BC401E002000A00D5001490248FFF71CBCB81E002000C0105008B5154B62
:20D8E000027AD3F8101521F001010A43C3F810250268B2F5803F0BD30F4940F2A4730F4AC4
:20D900000F4807F0D8FE40F2A4710C4807F0CAFEC3F8A4264268FF2A09D90A4940F2AF73A8
:20D92000064A074807F0C7FE40F2AF71EDE7C3F8AC2608BD00200E5071A802003EA8020093
:20D94000228F020099A802000B2808B50BD90A490A4840F243730A4A07F0ADFE40F2437194
:20D96000074807F09FFE0023000100F1A04000F56220C0F82C3508BDBFA80200228F02005E
:20D980003EA8020070B5044648B910491048CD23104A07F090FECD210E4807F083FE0E4E97
:20D9A000007A331893F85450FFF7CEFF0C2303FB05632268DA6062681A610122217A1975C6
:20D9C000B3688A401343B36070BD00BF0FA90200228F0200D3A80200180300200B2808B5F8
:20D9E0000BD90B490B4840F2EB430B4A07F063FE40F2EB41084807F055FE000100F1A040C5
:20DA000000F56220D0F82415D0F8200508BD00BFBFA80200228F02003EA802000B2808B529
:20DA20000BD9114940F2DB43104A114807F043FE40F2DB410D4807F035FEB3F5801F09D37D
:20DA40000C4940F2E143094A094807F034FE40F2E141EFE7000100F1A04000F56220C0F823
:20DA60002025C0F8243508BDBFA802003EA80200228F02001BA90200012303FA00F010F0B0
:20DA8000670F0AD0064B5B68DB4303F067030342044B054818BF184670470448704700BF18
:20DAA000180300200000AD0B0400AD0B0800AD0B2DE9F0481B4B1B78012B0BD01A494FF403
:20DAC0008B731A4A1A4807F0F6FD4FF48B71174807F0E8FD48B9174940F21713134A1448A8
:20DAE00007F0E9FD40F21711F1E7EFF31181402383F31288BFF36F8F4FF0FF356FF040442A
:20DB00000D4ED6E900BC5D4574EB0C07F9D3CCF31303C0E900B381F31188BFF36F8F074812
:20DB2000BDE8F0881803002038A90200D3A80200228F020061A9020040270E500000AD0BF1
:20DB4000F0B54F4D85B02C78002C40F095804D4A01AB07CA83E807004B491846D1F81025C4
:20DB600022F00202C1F81025FFF7B8FE0723672202F001012144013BCCB24FEA5202F7D1DA
:20DB8000052C7BD119464FF0010C3D4E00246720CFB204E00CFA02F220EA0200013490FAFD
:20DBA000A0F25FFA84FEBE45B2FA82F2F2D30131327505292A4482F8547006F10C06E5D19E
:20DBC0000121002431489A0801FA02F212F0670F18BF1C500433302BF5D1E420FAF7D0FA23
:20DBE000294B0124D3F810255D2022F00202C3F8102540F6FF72C3F828230022C3F88021DE
:20DC0000C3F88020C3F88421C3F88420C3F88821C3F88820C3F88C21C3F88C20C3F89021E8
:20DC2000C3F89020C3F89421C3F89420C3F89821C3F89820C3F89C21C3F89C20C3F8A02148
:20DC4000C3F8A020C3F8A421C3F8A420C3F8A821C3F8A820C3F8AC21C3F8AC201C660C4B5B
:20DC60000C4A1B68B3FBF2F358430B4B234398470A482C7005B0F0BD0948FBE70948F9E74E
:20DC8000180300209C85020000200E5000210E505404002040420F00008902000000AD0BDD
:20DCA0000C00AD0B0100AD0BF7B53D4C064623780D46012B0BD03B4940F213233A4A3B487E
:20DCC00007F0F9FC40F21321374807F0EBFC49B937494FF40573344A344807F0ECFC4FF43C
:20DCE0000571F1E7277D4FB1324940F215232E4A2E4807F0E0FC40F21521E5E7636804F198
:20DD0000140103F0010301A80193FEF7C1FE2A4B98423CD12F70636823F001036360A3685B
:20DD200043F00103A360254BD3F81025950732D4D3F8102542F00202C3F81025C6B1D3F82F
:20DD4000482712F0010202BFD3F8481741F00101C3F84817194BD3F84017D3F844174C001F
:20DD6000F9D42AB9D3F8482722F00102C3F84827134B144A1B68B3FBF2F3104A03EB43130A
:20DD80005BB1D2F84017D2F84417490001D403B0F0BD013BF4E70C48F9E70C48F7E700BF77
:20DDA0001803002038A90200D3A80200228F02006BA902007DA902000000AD0B00200E50A1
:20DDC0005404002040420F000C00AD0B0700AD0B2DE9F0472A4D1F462B78044690469DF836
:20DDE00020905BB9274940F2F623274A274807F062FC40F2F621244807F054FC48B9244905
:20DE000040F2F723204A214807F055FC40F2F721F1E7007AFFF730FE1E4B064698422CD14F
:20DE20002046FFF7AFFDEFF3118A402383F31288BFF36F8F227A184B9200134400221A60B6
:20DE4000207A42463B46FFF7E9FD8AF31188BFF36F8FB9F1000F10D00123227A883503FA6A
:20DE600002F2D5E8EF1F1143C5E8E01F0028F8D1227A9340094AC2F824333046BDE8F0878D
:20DE8000180300209FA90200D3A80200228F02000FA902000000AD0B00210E5000200E505E
:20DEA0002DE9F7432C4B2D4FD3F82C6307F1880916B903B0BDE8F08396FAA6F80123B8FA9E
:20DEC00088F803FA08F3D94326EA030607EB080393F854500C2303FB0573187D40450BD0CF
:20DEE0001F49204840F2B7331F4A07F0E4FB40F2B7311D4807F0D6FB1C4CDB684FEA880242
:20DF000014441BB3D9E8EF3F03EA0102C9E8EC2FBCF1000FF6D123FA08F3DB0711D5FFF7D7
:20DF20005DFD02460B4621680029C1D0002121600C2101FB0575296940460091E96888479D
:20DF4000B6E707EBC503D3E91823ECE72268002AAED02360ACE700BF00200E5018030020E0
:20DF6000CAA90200228F0200D3A8020000210E5010B55AB92D4940F251332D4A2D4807F096
:20DF80009AFB40F251312A4807F08CFB13684BB9294940F25E33264A264807F08CFB40F206
:20DFA0005E31F0E7242404FB0104C4F8043793884BB9224940F26B331D4A1E4807F07BFB24
:20DFC00040F26B31DFE75B00B3F5004F09D31C4940F26D33164A174807F06DFB40F26D315A
:20DFE000D1E7C4F808379368B3F1807F09D3154940F27A330E4A0F4807F05DFB40F27A31DC
:20E00000C1E700EB4110C0F82835D368B3F1807F09D30D4940F28333054A064807F04BFB35
:20E0200040F28331AFE7C0F82C3510BDEEA90200BAA00200228F020003AA02001BAA020060
:20E0400027AA020058AA020079AA020008B503685F2B4FEA531107D80C4A03F01F0352F8E1
:20E060002120DA40D2070BD409490A4840F2CA33094A07F020FB40F2CA31074807F012FBD5
:20E080000360064B53F8210008BD00BFB48D02002CA00200228F0200F99F0200A88D020047
:20E0A000142370B505790A4C6B43E618E35833B90221006808F0F7FB08B10123337214232F
:20E0C00003FB0544207A023818BF012070BD00BF301F00202DE9F74F0B7F06460C461BB380
:20E0E000677F218B94F815C0A57D94F81AE0E07E33685FB9D4E90198E7682268C3F8602505
:20E10000C3F86495C3F86885C3F86C750A0440D53A493B4840F246333A4A07F0CCFA40F2C0
:20E120004631384807F0BEFA4FF00108DFF8D8A00D1F01F1100701F10C0955F804BFBBF1AA
:20E14000FF3F1AD03B78CDF804B001A8D3B1FFF77DFF019B08FA03F3436001A8CDF804B073
:20E16000FFF774FF019B00EB8300D0F8803003EA0A0343F00303C0F88030A94507F101072B
:20E18000DBD1ADE7FFF762FF019B08FA03F38360E3E7C3F80CC5C3F8045500254EEA002288
:20E1A000C3F80815C3F8102530680F34C0F81051D0F81021C0F80851D0F80821C0F80C5193
:20E1C000D0F80C21C0F30830F9F7DAFF012014F8011F336800FA05F251B1D3F818150A4376
:20E1E0000135042DC3F81825F1D103B0BDE8F08FD3F8181521EA0202F2E700BF9CAA020040
:20E20000228F0200BAA00200F0F0FCFF2DE9F041142690F804800D4C06FB08F6A71997F8E0
:20E2200008C0BCF1000F0ED1A2517B6019B10B7F3B74FFF74FFF142303FB08440123044875
:20E240002372BDE8F0810348FBE700BF301F00200000AD0B0C00AD0B2DE9F0411546142264
:20E260001F46037904462B4803EB830600EB860602FB0300037A88465BB9274940F2671397
:20E28000264A274807F017FA40F26711234807F009FA4DB923494FF4B473204A204807F0E3
:20E2A0000AFA4FF4B471F1E70B6803F06043B3F1005F09D01C4940F26913184A184807F069
:20E2C000FAF940F26911E1E70A4620680021FFF74FFE424601212068FFF74AFE226805F0AC
:20E2E000010303EB5505C2F81455FA0710D417F0020203D0002B14BF0822042221682046AF
:20E30000C1F800223A463146BDE8F04108F0F5BA1022F3E7301F002001AB0200BDAA02001C
:20E32000228F02002DAB020040AB0200142370B5164D0679044603FB06531B7A5BB914497E
:20E34000144840F2BF13144A07F0B5F940F2BF11114807F0A7F900220368C3F800220122DB
:20E3600003685A6069B12046FFF79AFE0028FAD000222368C3F80025142303FB0655012337
:20E380002B722046BDE87040FFF78ABE301F002001AB0200228F0200BDAA0200142108B5BC
:20E3A0000A4B027901FB02331B7A5BB90849094840F2DD13084A07F07EF940F2DD110648C1
:20E3C00007F070F9BDE80840FFF76ABE301F002069AB0200228F0200BDAA0200B22110B599
:20E3E0001A4808F060FAC106044608D5184BDA68520704D51A6812B1012059689047A00600
:20E4000008D5134BDA68110704D51A6812B1022059689047220608D50D4BD86810F01000E2
:20E4200003D11A680AB159689047A3070DD50022064BC3F800250122054B1A721A6822B100
:20E44000BDE8104003205968104710BD00200D50301F0020064C08B50649074840F2A92328
:20E46000224607F028F940F2A921204607F01AF9ADAB0200E1AB0200228F0200202908B50F
:20E4800001D9FFF7E7FF054B40EA0120C3F80005D3F80024D207FBD508BD00BF00B004504B
:20E4A000054B93F86000431E012B03D9043818BF0120704700207047441F0020002010B58E
:20E4C000154A1649C2F8000591F86140D2F8043381F860400C6823F033030CB143F02303A8
:20E4E000C2F81C01D2F81C41C2F81801D2F81841C2F80801D2F8082191F86520D00791F804
:20E50000662048BF43F08003D207034A48BF43F04003C2F8003310BD00500D50441F00202B
:20E5200070B5002301264FF0FF340D4A92F8621018B90BB182F8621070BD90FAA0F3B3FA37
:20E5400083F306FA03F5043342F8334002EBC3035C6020EA0500012321EA0501E8E700BF28
:20E56000441F002038B548B914498123144A154807F0A1F88121124807F094F8FF2807D958
:20E58000114982230E4A0F4807F095F88221F2E70E4B082493F8625001220023104203D0A0
:20E5A000154208D00133DBB2013C4FEA4202F5D107480B7038BD0748FCE700BF44AC020049
:20E5C00007AC0200228F020058AC0200441F00200000AD0B0400AD0B73B50023044601AA96
:20E5E0000E464FF48071019308F0B1F94FF48A71204608F0ACF94FF482710546204608F03D
:20E60000A6F920B11EB115B1144BD3F8343601AA4FF48471204608F09AF94FF486712046ED
:20E6200008F095F94FF48871204608F090F90C4B234083B14FF48E75294601AA204608F085
:20E6400086F9291F0835204689B2ADB208F07FF9B5F5AE7FF0D1019802B070BD00500D5089
:20E66000C0FF3F0010B58368013309D12A492B4898232B4A07F01FF89821294807F012F88F
:20E680004288017CB2F5A07F0AD3264940F24C53254A224807F00FF840F24C512248EDE76C
:20E6A0008379072B09D9214940F24F531E4A1B4807F001F840F24F51F0E71B0743EA024314
:20E6C0004278120302F4805213430278120202F4E06213434279D20202F400621343027979
:20E6E000D20392B213430A0102F1502202F55022C2F8183584680E4B0A1D43F83240C0688A
:20E7000003EBC2025060012202FA01F193F862200A4383F8622010BD7BAC0200228F020086
:20E7200007AC0200E7AC0200B3AC020005AD0200441F0020F0B50025314C059E84F86550DC
:20E7400084F86650A5602561266084F86300A5832C4CC4F8F015C4F8F42516B32322C4F897
:20E76000002300254FF0010C254F264E0CFA05F2024005F1510417D1210106EB04147250BE
:20E78000626006EB0514D4F81815013521F4006141EAC222082DC4F8182507F10807E5D10E
:20E7A000F0BDC4F80063DCE7D7E90821B2F1FF3F23D05FEA123E05BF4FEA521E02F01F02F4
:20E7C000A2F5805242EA0E2214BF42F0004242F080424FEA041E46F80E204A1C0FBF00211D
:20E7E0004A0901F01F0141EA022118BF41F0804106EB04141A466160C3E70022E9E700BF19
:20E80000441F002000500D5070B51F4D95F86040002C37D10126FF2085F86060FFF780FEDF
:20E820001A4B1B49C3F80041D3F80021C3F80441D3F80421C3F81041D3F81021C3F814411F
:20E84000D3F814311C239A0806FA02F212F0330F1FBFA3F1AF22A2F57202146012681A1F1A
:20E86000920806FA02F212F0330F1CBF5C505A5808335C2BE7D1D520F9F782FC0023054840
:20E880002B6070BD0448FCE7441F002000500D50FC500D500000AD0B0C00AD0B08B5134B21
:20E8A000024693F860305BB911494FF4B373114A114806F000FF4FF4B3710E4806F0F2FED2
:20E8C00048B90E4940F267130A4A0B4806F0F3FE40F26711F1E7FFF7E3FD20B91046FFF729
:20E8E000C1FE074808BD0748FCE700BF441F002022AD020007AC0200228F020016A80200D8
:20E900000000AD0B0B00AD0B08B5094B93F860205AB90849084840F27513084A06F0CBFEE1
:20E9200040F27511054806F0BDFE93F8620008BD441F002022AD0200228F020007AC0200B3
:20E940002DE9F0431B4F994697F8603005468846164685B05BB91849184840F28D13184A53
:20E9600006F0A9FE40F28D11154806F09BFEFFF797FDE8B928460DF10F01FFF7F3FD114B55
:20E980000446984210D1331E18BF0123324641462846CDF80090FFF7CDFE9DF80F3087F850
:20E9A0006430022387F86030204605B0BDE8F083054CF9E7441F002022AD0200228F020024
:20E9C00007AC02000000AD0B0B00AD0B2DE9FF47374E994696F8603080468A4615465BB924
:20E9E000344940F2B713344A344806F064FE40F2B711314806F056FE4AB931494FF4DC7380
:20EA00002D4A2E4806F057FE4FF4DC71F1E7FFF747FD0746002847D140460DF10F01FFF705
:20EA2000A1FD284B044698423AD16B8833B19DF80F30012B3AD8B9F1000F37D02A786B7868
:20EA40002AB123B99DF80F1001292FD8012751464046CDF80090FFF76DFE6B881A4A8BB18C
:20EA6000A3F10801B1F5FF6F0AD31849134840F22553174A06F01FFE40F225511448B9E78A
:20EA800043F48053C2F8F8359DF80F3086F864302B7986F8687086F86730042386F860305B
:20EAA000204604B0BDE8F0870A4CF9E70A4CF7E7441F002022AD020007AC0200228F0200FA
:20EAC000F8AA02000000AD0B00500D5076AD0200B3AC02000B00AD0B0300AD0B38B5224BCF
:20EAE00093F860205AB9214921484FF4FA73214A06F0E1FD4FF4FA711E4806F0D3FD1C69D7
:20EB000064BB00F06044B4F1005F29D193F86440B1FBF4F504FB151525BB0DB2002D21DD8D
:20EB2000052A05D8032A0BD8022A0ED0124838BD062AFBD1114A4C00C2F82C06C2F83046A1
:20EB40009A6842B1C3E9040103E08C420AD1C3E902040B48EBE7C3E90201FAE70948E6E7FE
:20EB60000948E4E70948E2E7441F002022AD0200228F020007AC02000500AD0B00500D5039
:20EB80000000AD0B0C00AD0B0A00AD0B0600AD0B2DE9F341614C94F860205AB9604940F288
:20EBA0002D23604A604806F086FD40F22D215D4806F078FD012A09D15C4940F22E23594ADA
:20EBC000594806F078FD40F22E21F0E7A368002B00F0A180022A05D0042A36D0544802B007
:20EBE000BDE8F0810120534AC2F80005E168256881404DB1032584F86050C2F82C36C2F8C3
:20EC0000301610604C48EAE7C2F82C36C2F83016106000210120FFF7DFFC0028F9D0012325
:20EC2000444C464D636029460220FFF7D5FC0028F9D00023C4F80831D4F80821C4F80C319F
:20EC4000D4F80C21C4F80035DCE70120394AC2F80005216839B1052184F86010E168C2F81C
:20EC60002C368140CBE794F86410A58B019103EB450349000093C2F82C36C2F8301610605F
:20EC800000210120FFF7A8FC0028F9D094F868305BBB0123274D6B6069460220FFF79CFCAB
:20ECA0000028F9D00022C5F80821D5F80831C5F80C21D5F80C31A18B94F864300B44E1687D
:20ECC0009BB28B42A38321BF1C4BA283D3E9020122614FF0000228BFC3E90001154B2CBF26
:20ECE00015481748C3F8002579E74FF001080026104FD7F8F455EDB208FA05F5013DB54263
:20ED0000C7D9C7F8048000210420FFF765FC0028F9D00136F3E70B4861E700BF441F002095
:20ED200022AD020007AC0200228F02009DAD02000500AD0B00500D500000AD0B4C1F0020A1
:20ED40000B00AD0B0200AD0B70B5344E024696F8601059B93249334840F2D123324A06F0A9
:20ED6000AAFC40F2D121304806F09CFCFFF798FB002851D1072386F8603001232B4C86F89F
:20ED800061107260C4F80035D4F80453C4F80003E3603AB125F0C00545F033052448C4F8C0
:20EDA000005370BD00211020FFF716FC0028F9D00023C4F80431D4F804311E4BC4F82C36ED
:20EDC0000423C4F830360123236000210120FFF703FC0028F9D00123144CA3600021202033
:20EDE000FFF7FAFB0028F9D00023C4F80431D4F80421C4F80831D4F80821C4F8003596F8C9
:20EE0000612086F86020C4F81C31D4F81C21C4F81831D4F81831C1E70748C2E7441F002024
:20EE200022AD0200228F020007AC020000500D500000AD0B5C1F00200B00AD0B7FB533204F
:20EE40006349FFF7C9FB10F0100F0546604E0BD01022604BC3F80823B218C3F82C26042299
:20EE6000C3F8302601221A605B4CAA0694F8603010D5072B07D0574BD3F83436C3F34E03A5
:20EE8000E36000232361534BD3F80433DB0601D5FFF714FBA80718D50022A16894F8603049
:20EEA0000291E168062B8DF80420ADF80C1018D0072B35D0032B08D1464BC3F8002502231F
:20EEC00084F86030236801A89847E90750D594F86030033B042B4BD8DFE803F05B4A294288
:20EEE0005F0094F8673023B1236913B10122394B1A60236801A89847384B93E80300002314
:20EF000086E803002361A368002BDED1314AC2F80035042384F8603005238DF80430D1E7E1
:20EF2000FFF7CCFA02238DF804306368CBE7042301A88DF8043023689847264BD3F8F8256E
:20EF4000D20444BF01225A600623216984F8603031B163691F4A5B00C2F82C16C2F83036AE
:20EF600023692BB9032301A88DF804302368984794F86030072B0AD0164B1948D3F8043343
:20EF800000211840FFF728FB012685094DB904B070BD01220F4B5A60EAE701220D4B9A60C6
:20EFA000E6E795FAA5F3B3FA83F306FA03F225EA02055A08DB4303F001038DF809308DF875
:20EFC000046023688DF8082001A89847DEE700BF4C1F002000500D50441F0020541F00203B
:20EFE000C0FF3F0008B503685F2B4FEA531107D80C4A03F01F0352F82120DA40D2070BD41D
:20F0000009490A4840F2CA33094A06F054FB40F2CA31074806F046FB0360064B53F82100B2
:20F0200008BD00BFCC8D02002CA00200228F0200F99F0200C08D020073B51446421C06465B
:20F040000D4618D0012902D1BBB107F003FD01A80196FFF7C7FF019B094A00EB8300D0F8F4
:20F060008010A30043EA45032B430A40134343F4A063C0F8803002B070BD07F0F7FCE6E7A2
:20F08000F0F0FCFF03460E4A10B50E480E4CA34218BF1046B0FBF1F201FB120082420DD927
:20F0A00012F001000AD17E2A07D8A34214BF022304239A4234BF0020012010BD0020FCE707
:20F0C0000024F4000020A10700A004502DE9F74F91F8213006460C4690F804A0002B00F041
:20F0E000A4804FF0010891F8229032687E487F4D7F496369824208BF0D46B5FBF3F57D4B6B
:20F100007D4FD3F840331C2B14D1022D40F29180237E13F0FD0F40F08C806B080133DBB227
:20F12000994538BF9946242303FB0A739A7F42F008029A77242202FB0A7394F82300997F6C
:20F1400060F3000199773379217C02FB03739A7F61F341029A7794F823B0BBF1000F23D1C0
:20F16000237E5A46012B94BF0023012301212068FFF762FF5B465A4601216068FFF75CFF0B
:20F180005B465946A27EA068FFF756FF237C5A460121E06883F00103FFF74EFF01235A4695
:20F1A0001946E069FFF748FF2423B8F1000F47D04FF0FF3203FB0A731A62637EA07C217E51
:20F1C000D4F80CC094F81080019394F824E094F820A03368BEF1000F12D1D4E900B2D4F894
:20F1E00008E0E469C3F800B6C3F80426C3F808E6C3F80C46C3F810C6C3F8B885C3F8B09545
:20F20000C3F8C005384883420CBF04200220854229D23A494FF49C63394A3A4806F04BFA51
:20F220004FF49C61364806F03DFA98464FF002095BE7242303FB0A739A7F6FF3C30278E718
:20F2400003FB0A7AE2689AF81E30CAF82020227C4FF0FF3C62F341038AF81E30637EA07C82
:20F26000217E0193B1E77E2D09D9274940F2E143234A244806F01FFA40F2E141D2E7EA078A
:20F2800009D5224940F2E2431D4A1E4806F013FA40F2E241C6E7019AC3F82C55003A18BF14
:20F2A0000122022916D0032917D0012901D142F00202C3F854252422C3F8ACA5337953430D
:20F2C000FB586BB13068C0F3083003B0BDE8F04FF8F756BF42F00402EBE742F00602E8E78E
:20F2E00003B0BDE8F08F00BF00A004500024F4000020A10700C0FF00B01F0020F9AD02004E
:20F30000C6AD0200228F020045AE020093AE0200431C07B50ED0019001A8FFF763FE019B67
:20F3200000EB8300D0F88020044B134043F00203C0F8803003B05DF804FB00BFF0F0FCFF14
:20F340002DE9F84F0446914698460D4659B9184918484FF41673184A06F0ADF94FF4167197
:20F36000154806F09FF924230779DFF85CB05F430BEB070696F81CA0BAF1000F13D14969B9
:20F380000068FFF77FFE80B1204629464BF80790C6F80480FFF79AFE0123084886F81DA033
:20F3A0003377BDE8F88F0648FBE70648F9E700BFF8AA0200228F0200ACAE02000000AD0BEF
:20F3C0000C00AD0B0400AD0BB01F00202DE9F84324270679264D7743EB191B7F04465BB97A
:20F3E0002449254840F2B923244A06F064F940F2B921224806F056F90068C0F30830F8F767
:20F40000CDFEEB5953B123681D4A06EBC601C3F80823206805EB810107F003FB242707FB0D
:20F4200006572368D3F80006D3F80486D3F80896BB7FDB0714D4FFF76BFF4846FFF768FF06
:20F440004046FFF765FF386AFFF762FF2368D3F80C06D3F81046FFF75BFF2046FFF758FF47
:20F46000242303FB065500232B77BDE8F88300BFB01F002001AB0200228F0200ACAE02009C
:20F480000700F81F2DE9FF4724230679974F824603FB06731B7F0D4690465BB9944940F221
:20F4A000AD33944A944806F006F940F2AD31914806F0F8F80B685BB94B684BB18F4940F2AE
:20F4C000AE338C4A8C4806F0F6F840F2AE31EEE7D5E9022352B95BB1894940F2AF33854A28
:20F4E000854806F0E8F840F2AF31E0E71B0C01D1EB884BB183494FF46C737E4A7E4806F0B6
:20F50000DAF84FF46C71D2E718F008090FD0242303FB06731B6A013309D07B4940F2B3331C
:20F52000744A754806F0C7F840F2B331BFE724237343FA18517F002940F0C080FB5823B140
:20F5400018F0140F04BF01235377242495E80F0004FB067404F10C0C8CE80F00206A421C0A
:20F5600004D0A37F9B071AD507F074FA2B68DAF8004023B103F06043B3F1005F06D1AB68A3
:20F5800083B103F06043B3F1005F0BD02423002203FB06735D485A7704B0BDE8F08707F0A6
:20F5A00065FAE3E718F0010318BF0123C4F84C3718F0020318BF0123EC46C4F8143795E81E
:20F5C0000F00C4F83C078CE80F000020039BC4F84017C4F80427C4F80837C4F80801D4F856
:20F5E000083107234A49C4F80035D1F840331C2B40D124237343FA18957F2D073AD5822583
:20F60000FB58C4F8845C002B5AD0C4F80001D4F800310123C4F80433B9F1000F45D10123E2
:20F62000236024237343FA18FB58002B3DD13849D1F840131C2904D1927F120748BFC4F808
:20F64000843C242303FB0673186A431C07D0242303FB06739B7F9D0724D507F007FAB9F15D
:20F66000000F1DD106EBC606204607EB860107F0D8F915E0B9F1000FD3D124237343FB5887
:20F68000002BCCD101232360D4F80831002BFBD062460421204607F086F9C2E707F0DAF9E4
:20F6A0001C4879E707F0D6F9D9E7042318F0040F14BFC4F80833C4F80433F1E716486BE779
:20F6C000B9F1000FDED0D1F84013106A1C2907D0411CE5D0937F9A07E0D507F0C7F9DFE71A
:20F6E000C4F8843C431CB2D1DAE700BFB01F002001AB0200ACAE0200228F0200E8AE0200E8
:20F700002FAF020076AF020025B002000A00AD0B00C0FF000000AD0B0B00AD0B70B5264B79
:20F72000D3F840331C2B15D1244B9B7F180711D5234BD3F80423D1070CD5D3F800214AB1D0
:20F740000022C3F80021D3F80011C3F8842C0122C3F808231B4D04212A46194807F023F9EA
:20F7600048B355F80C3CA5F10C045BB91649174840F21943164A05F09EFF40F21941144819
:20F7800005F090FF206A421C04D0A37F9B070FD507F06CF9637F1BB10849094807F041F9A4
:20F7A000002323720B48D4E90031BDE87040184707F050F9EEE770BD00C0FF00B01F0020AC
:20F7C00000A00450BC1F00205BB00200228F0200ACAE0200B81F002008B50A4A0A4B9342EC
:20F7E0000ED90A4919230A4A0A4805F064FF0A4805F061FF1921064805F054FF2033EEE7F6
:20F80000FCD308BD587C0200987A02008CB0020069B00200228F0200A4B0020070B5044699
:20F82000EFF31186402383F31288BFF36F8F0E4B9D6807F03EF9042C0CD10C4987230C4A3E
:20F840000C4805F038FF0C4805F035FF8721084805F028FF86F31188BFF36F8F2846BDE8C2
:20F860007040F8F719BC00BFD41F0020E5B00200C3B00200228F020002B1020038B50A4B8C
:20F8800053F82040013053F82050A54200D838BD606830B1037FDB0701D407F00DF9083402
:20F8A000F3E723689847FAE7D88D0200012270B5374B032086B01A70FFF7E0FFF8F7C8F98A
:20F8C0000420FFF7DBFF334C334DAC42264628D932494223324A334805F0EDFE324805F0B4
:20F8E000EAFE42212E4805F0DDFE54F80C3C059354F8103C049354F8143C039354F8183C4A
:20F90000029354F81C3C019354F8203C009354E90A2354E90C0101F09BF954F8303C5E652B
:20F92000D3E7AE4204F13004DFD301F099FE194C1E4EAC421FD919496623194A194805F05F
:20F94000BAFE194805F0B7FE6621CBE7D4E90A23B3F1FF3F08BFB2F1FF3F05D052EA030122
:20F96000206803D102F0E4F83034E2E73146183002F07CFCF8E7E9D301F0E0FEF7F748FC6B
:20F980000B4A137B23F00103137306B070BD00BFE0260020D0840200D084020058B1020068
:20F9A00037B10200228F0200A4B00200436C02007819002008B50348034A0021121A07F059
:20F9C00092F808BD40080020E4260020D82370B5134E012203FB0066002386B0CDE9042308
:20F9E0000F220193CDE9023218234FF4A0720D4D0D4903FB0055044602FB00110B4B3046A1
:20FA0000009501F025F9737B2C7423F004037373074B013403EBC423EE606B6006B070BD5C
:20FA2000A0180020D41F0020E832002001FC0100E82A0020BFB50020FFF720FF2A4B03F55B
:20FA4000006282F3088883F30A88E023274C002584F822302023E37725766576A57684F824
:20FA60002050636A224F43F4E023636284F82350F8F790FAF8F77CFC4FF0FF33A362E3624F
:20FA8000F8F738FEF8F79CFC1A4801F07FF9FFF7A3FE0120FFF7F2FE0220174CFFF7EEFEEA
:20FAA00001F0DCFE154B16499C61164B4FF47052059301232046CDE90353CDE901553B469E
:20FAC000009501F0C5F80646627B204622F00402627301F0D7FA2846FFF778FF3A463146D3
:20FAE0002046F8F71DFC00BFE82A002000ED00E0ADF80100481B002078190020D41F0020ED
:20FB00002834002085B1020038B50D4C0D4DAC4213D90D491A230D4A0D4805F0CCFD0D4865
:20FB200005F0C9FD1A21094805F0BCFD2046D4E9011206F0DCFF1834E9E7F7D3002038BDCE
:20FB40008006002098060020F2B102008AB10200228F0200A4B00200F8B505460E4600F119
:20FB60001404EFF31187402383F31288BFF36F8F204602F005FB68B988231B4A1B491C487F
:20FB800005F099FD21461B4805F095FD8821164805F088FD204602F017FB28463146F7F7CB
:20FBA000F9FB05F10C0007F05AF828B139462046BDE8F84001F0FABC204602F0EFFA68B962
:20FBC00040F23113084A0C49094805F074FD21460A4805F070FD40F23111D8E787F31188F0
:20FBE000BFF36F8FF8BD00BFC29502001B960200228F020030960200EF9502000696020036
:20FC000008B50D4B9B6893F90E30002B09DB4024EFF3118384F31288BFF36F8F05F03DFE28
:20FC2000F6E7064906481C23064A05F044FD1C21044805F037FD00BFD41F00202CB2020021
:20FC4000228F02000BB202002DE9F341044617461E46EFF3058565B158496F23584A5948E5
:20FC600005F029FD584805F026FD6F21544805F019FDEFF31188402383F31288BFF36F8FDC
:20FC8000524802F07DFA60B98823514A51494D4805F011FD4D49504805F00DFD88214C4866
:20FCA000E5E74A4802F090FAE3684C4A9BB1A0689168884229D057EA06032ED1434802F0B3
:20FCC0006DFAA0B188F31188BFF36F8F6FF00F0002B0BDE8F081916891F90E100133E3605A
:20FCE00093683A482161A36002F058FA78B940F23113374A3A49334805F0DDFC33493948CD
:20FD000005F0D9FC40F23111C9E72169E6E788F31188BFF36F8F0020DAE791F90E1090F9C8
:20FD20000E306FF07E029942A8BF19469142B8BF11468B4202DD06F0E5FE054622464146A5
:20FD4000CDE90076214801F087FA0028E3D0EFF31186402383F31288BFF36F8F1B4802F0D0
:20FD60000FFA002890D0194802F02EFAA068C0B1236821699C420AD04BB193F90E30994290
:20FD8000A8BF19466FF07E039942B8BF194606F0B9FE30B131460D4801F008FC6FF00A0054
:20FDA00096E7002DF6D1094802F0F8F900289ED086F31188BFF36F8FF0E700BF76B2020086
:20FDC00054B20200228F020088B20200F81F0020C29502001B96020030960200D41F00200E
:20FDE000EF95020006960200F8B50546EFF3058363B15549D723554A554805F05CFC5548AB
:20FE000005F059FCD721514805F04CFC8368002B00F09380504A9268934240F09180C368DC
:20FE20003BB94E49EF23494A494805F044FCEF21E9E7012B03D0013BC3600020F8BDEFF3D7
:20FE40001187402484F31288BFF36F8F444802F097F960B98823434A43493D4805F02BFC59
:20FE60003F49424805F027FC88213E48CCE73C4802F0AAF92969A86806F044FEEFF311830D
:20FE800084F31288BFF36F8F83F31188BFF36F8F5BB93749B023374A2D4805F00CFC36480A
:20FEA00005F009FCB0213348AEE72C68A54215D100232B48C5E9023302F070F9002837D102
:20FEC00040F23113274A2D49214805F0F4FB24492B4805F0F0FB40F23111C6E7002CE7D0B4
:20FEE000A3683BB927499923224A194805F0E3FB9921D8E70026D4E9003213605A60637B9E
:20FF0000C4E9006623F002036373A66004F1180002F090FAAC6094F90E3020462B61C4F8CC
:20FF20008C6001F0AFF839460D4801F03FFB84E787F31188BFF36F8F7FE76FF015007DE7D2
:20FF40004FF0FF307AE700BF76B2020054B20200228F020088B20200D41F0020ADB202007E
:20FF6000F81F0020C29502001B96020030960200EFB20200C4B20200009C0200EF95020037
:20FF80000696020007B3020008B583684BB90B490B4899230B4A05F08EFB9921094805F025
:20FFA00081FBD0E9003213605A600023427BC0E9003322F002024273836008BD07B30200C2
:20FFC000228F0200C4B202002DE9F04704460F4691469A469DF8208000F10805EFF31186A7
:20FFE000402383F31288BFF36F8F284602F0C8F860B98823504A5149514805F05CFB294672
:020000040002F8
:20000000504805F058FB88214B481DE0284602F0DBF8B8F1000F00D06768EFF31183402265
:2000200082F31288BFF36F8F83F31188BFF36F8F63B94549B023454A414805F03CFB4448F5
:2000400005F039FBB021414805F02CFB234653F80C8F984519D0B8F1000F16D04046FFF7D2
:2000600093FF08F1180002F0E5F900234046C8F88C30C8F8109001F005F83146284601F0C4
:2000800095FA00242046BDE8F087BAF1000F14D0082002F09BFD002846D00122C0F804902E
:2000A0000260016801F003015FB922680A430260626820606AB960600BE04846C9F800A028
:2000C000EFE73A68032A24D801606168D9B9C4E9000004F11400042102F024FC0446002864
:2000E000CBD1284602F05AF808BB40F23113124A1849134805F0DFFA2946174805F0DBFAFB
:2001000040F2311180E70A6802F0030202430A60D1E722F003020A4302603A6802F00302D5
:2001200040EA02033B60D4E76FF00B04D9E786F31188BFF36F8FA5E7C29502001B960200B2
:20014000228F020030960200EFB20200C4B20200009C0200EF950200069602002DE9F743F7
:20016000064690461F4600F10805EFF31189402383F31288BFF36F8F284602F001F868B9E1
:200180008823254A2549264805F095FA2946254805F091FA8821204805F084FA284602F0A5
:2001A00013F83468FCB12368726823F00303944220464FF00101336008BF736006F0B1FC20
:2001C0000446284601F0EAFFE8B940F23113124A1549134805F06FFA2946144805F06BFADE
:2001E00040F23111D7E758EA0703EAD049462846CDE9008706F10C0201F02EF838B90C4B29
:200200009B681C6903E089F31188BFF36F8F204603B0BDE8F08300BFC29502001B960200B2
:20022000228F020030960200EF95020006960200D41F002008B583684BB90B490B489923FD
:200240000B4A05F038FA9921094805F02BFAD0E9003213605A600023427BC0E9003322F017
:2002600002024273836008BD07B30200228F0200C4B2020070B50446EFF31186402585F371
:200280001288BFF36F8F334801F07AFF60B98823314A3249324805F00EFA2E49314805F019
:2002A0000AFA88212C4818E02A4801F08DFFEFF3118385F31288BFF36F8F83F31188BFF33D
:2002C0006F8F63B92849B023284A254805F0F3F9274805F0F0F9B021244805F0E3F9256818
:2002E000AC4213D095B12846FFF7A4FF05F1180002F0A0F800232846C5F88C3000F0C2FE8E
:200300003146BDE87040134801F050B9D4E902329A4218BF01330221A36004F1100002F0C7
:2003200001FB0028ECD10B4801F038FF68B940F23113094A0F490A4805F0BDF905490E487E
:2003400005F0B9F940F23111ACE786F31188BFF36F8F70BDFC1F0020C29502001B960200B9
:20036000228F020030960200EFB20200C4B20200009C0200EF95020006960200F7B504462F
:2003800016461D46EFF305837BB152EA05030CD02D4988232D4A2E4805F08DF92D4805F0F5
:2003A0008AF98821294805F07DF9EFF31187402383F31288BFF36F8F274801F0E1FE60B940
:2003C0008823264A2649224805F075F92249254805F071F988212148E5E71F4801F0F4FE67
:2003E000A368D3B1013B1C48A36001F0D7FE68B940F23113194A1C49154805F05CF91649A0
:200400001A4805F058F940F23111E4E787F31188BFF36F8F002003B0F0BD56EA05030BD18E
:200420000D4801F0BBFE0028E2D087F31188BFF36F8F6FF00F00EEE722463946CDE90065DB
:20044000054800F009FFE6E73EB302001EB30200228F0200009C0200FC1F0020C2950200DF
:200460001B96020030960200EF950200069602002DE9F0470446EFF31188402787F3128850
:20048000BFF36F8F354801F07BFE064660B98823334A3449344805F00EF93049334805F05A
:2004A0000AF988212E481CE02C4801F08DFE4FF000096FF00A0AEFF3118387F31288BFF337
:2004C0006F8F83F31188BFF36F8F63B92849B023284A254805F0EFF8274805F0ECF8B0212B
:2004E000244805F0DFF82568AC420ED06DB12846FFF7A0FE05F1180001F09CFF2846C5F886
:200500008CA000F0BFFDB146D5E700230221A36004F1100002F006FAA0B9B9F1000F11D11C
:200520000E4801F03BFE98B940F231130C4A13490D4805F0C0F80949114805F0BCF840F23A
:200540003111AFE74146BDE8F047044801F02EB888F31188BFF36F8FBDE8F087FC1F002022
:20056000C29502001B960200228F020030960200EFB20200C4B20200009C0200EF950200B5
:200580000696020007B5074B4FF40062009306494FF0FF33054800F067FA002003B05DF8F1
:2005A00004FB00BFF08D020028700020501A00202DE9F0430446764E764F85B0EFF31188F0
:2005C000402383F31288BFF36F8F304601F0D8FD68B98823704A7149714805F06CF86C49B5
:2005E000704805F068F888216B4805F05BF8304601F0EAFDD4F8DC50F5B9022104F1F4004A
:2006000006F0C4FA002840D004F1EC0500220121284601F013FC0028F8D100234FF0FF32D2
:2006200002934FF0FF334146CDE90023304604F1E40201F061FCC1E7D4F8E0202B689542D7
:2006400008BFC4F8E030C4F8DC30D4F8F430304643F00203C4F8F430EB68D5F8049023F0FA
:20066000040343F00103EB6001F098FDF8B940F23113494A4C494A4805F01DF844494B4860
:2006800005F019F840F23111AEE7D4F8F430DD06C3D5C4F8F4003E4801F080FD0028E6D05E
:2006A00088F31188BFF36F8F05B0BDE8F08388F31188BFF36F8FB9F1000F0AD13C4938484C
:2006C00040F2AB233B4A04F0F6FF40F2AB2139488BE72846C847EFF31188402383F3128850
:2006E000BFF36F8F304601F04BFD00283FF471AF304601F069FDEB68D90623F0010231D406
:20070000EA60EB689A0716D5386823F00203EB6088B10021036870B14268954230D10368DA
:2007200041BB7A683B60824200D17B60002340F8083BFFF79FFDD4F8F430304623F0020322
:20074000C4F8F430C3F3002501F028FD00288ED088F31188BFF36F8F002D7FF42FAF01F00F
:2007600085F82BE723F01103EB6005F11000FFF781FDC6E70B607B68834208BF7960D5E7E2
:2007800023B11A68014618461346C4E71A46F9E70820002000200020C29502001B96020086
:2007A000228F020030960200EF95020006960200D7B3020095B30200F8B5C36804469A0701
:2007C0000F46C3F340063BD45B0727D40B680BB983680B60E368DD0723D5A3685BB9294917
:2007E00029484FF4AA73294A04F065FF4FF4AA71264804F057FF02263B603D68002D3ED0A4
:20080000234B9A68D5F8D8309A420CD0D5F8F430D807C3F3800216D46FF0120600233B60B4
:2008200027E00126E9E706F0D3F9D5F8F4300028EED1D907C3F3C002EED552B15B0708D4C4
:200840006FF00F06EAE7002AFAD1C3F3C003002BF6D100232360D5F8E03063B9C5E937442B
:20086000284606F09EF9E36843F00403E3603B68A3603046F8BD1C60C5F8E040F0E76FF055
:200880001506CBE7B6B30200228F020095B30200D41F002073B50446EFF31185402383F34D
:2008A0001288BFF36F8F1E4801F06AFC68B988231C4A1D491D4804F0FEFE19491C4804F08A
:2008C000FAFE8821174804F0EDFE154801F07CFC00230321201F0193A4F1100606F056F969
:2008E00028B1A369304601A90193FFF765FF0C4801F054FC68B940F231130A4A0D490B48DC
:2009000004F0D9FE06490C4804F0D5FE40F23111D8E785F31188BFF36F8F02B070BD00BF10
:2009200008200020C29502001B960200228F020030960200EF9502000696020038B50D4684
:20094000044648B90C4999230C4A0D4804F0B3FE99210A4804F0A6FE39B90A499A23074AF4
:20096000074804F0A8FE9A21F3E71022002106F088FC656038BD00BF2FB4020095B3020084
:20098000228F0200D7B3020037B50C46019059B928494FF4BD73284A284804F08CFE4FF4B0
:2009A000BD71254804F07EFE4B684BB9244940F27B13214A214804F07EFE40F27B11F0E76F
:2009C000EFF31185402383F31288BFF36F8F1D4801F0D6FB60B988231B4A1C49174804F074
:2009E0006AFE18491A4804F066FE88211648D9E7144801F0E9FB204601A9FFF7DDFE044651
:200A0000104801F0CBFB68B940F231130E4A11490A4804F050FE0B490F4804F04CFE40F2CF
:200A20003111E3E785F31188BFF36F8F204603B030BD00BF2FB4020095B30200228F020042
:200A4000D1B3020008200020C29502001B96020030960200EF950200069602000146014840
:200A600006F0A6B8501A0020F0B589B004460E9D58B92F4940F2F1232E4A2F4804F01BFEFA
:200A800040F2F1212B4804F00DFE49B92B4940F2F223284A284804F00EFE40F2F221F1E7E4
:200AA000D0F8F40010F0010009D0254940F2F323204A214804F0FFFD40F2F321E2E7C4E96B
:200AC000370004F1E400C4E9390004F1EC00C4E93B0055B32879002840F2011008BF01205B
:200AE000C4F8F40000204FF0FF364FF0FF37CDE90330CDE90100CDE906672046114B009424
:200B000000F0FEF855B1296811B1204606F066F86B791BB1237B43F001032373204601F06A
:200B200007F8C4F8D84009B0F0BD0120D8E700BF22B4020095B30200228F020028B402002A
:200B4000EEB30200B1050200F7B50C4616461D46019058B9334940F20D43334A334804F0F1
:200B6000AAFD40F20D41304804F09CFD49B9304940F20E432C4A2D4804F09DFD40F20E4151
:200B8000F1E7EFF31187402383F31288BFF36F8F284801F0F5FA60B98823274A2749234880
:200BA00004F089FD2349264804F085FD88212248DAE7204801F008FBE36813F01E0F27D1C8
:200BC00055EA060216D1204601A9FFF7F5FD0446184801F0E3FAE8B940F23113164A19499E
:200BE000124804F068FD1349174804F064FD40F23111DCE743F00803E360019B04F11000D9
:200C0000A36232462B46114901F030FB0124DFE70024DDE787F31188BFF36F8F204603B0C1
:200C2000F0BD00BFBCB3020095B30200228F02002EB4020008200020C29502001B960200A2
:200C400030960200EF95020006960200950802007FB50B9E04460F2E2FD12348834230D174
:200C600004F15800C4E916000C98002520730420073222F00702C4E91E12A6738E180A9A50
:200C80006073C4E90655A560E573C4F880500292099A20460192089A00923246F7F7FCFAD0
:200CA000124B65659B6884F870500BB1D3F884303046C4F8843004B070BD06F110001E287F
:200CC000CED940F205230A4A0A490B4804F0F3FC31460A486FF00F030E2204F0ECFC40F2BE
:200CE0000521034804F0DEFC01FC0100D41F002043B4020066B40200228F0200E6B4020040
:200D0000F0B587B00446DDE91276EFF3058575B1194940F29223194A194804F0CCFC1948A3
:200D200004F0C9FC40F29221144804F0BBFC0595109D04950F9D03950E9D02950D9D019568
:200D40000C9D0095FFF784FFB6F1FF3F08BFB7F1FF3F05D056EA070305D1204600F0E8FE19
:200D6000204607B0F0BD3A46334604F11800064901F07CFAF4E700BF76B2020043B4020030
:200D8000228F020017B50200436C020040F201138381002310B50446C0E91E3301F010FFAB
:200DA000014B9C6010BD00BFD41F00206FF00A01094A9368C3F88C100849C3F888004B68F6
:200DC00043F080534B60002383F31188BFF36F8F9368D3F88C007047D41F002000ED00E097
:200DE00038B590F90D200146002A437B11DA03F07F0343731B4B984209D11B491B485623B1
:200E00001B4A04F058FC5621194804F04BFC05F0E8FE184D2A4652F81C4FAB68944200D0F4
:200E200004B9EC688B4214D05BB91349D523134A0E4804F040FC124804F03DFCD5210F48D1
:200E4000E3E75A7BD20604D1DA897F2A01D9A2692AB1A34202D0204601F006F92346AB61F8
:200E600038BD00BFA01800205EB50200228F02003CB50200D41F0020ABB502007FB5020080
:200E8000009C020008B583684BB9094909489923094A04F010FC9921074804F003FC05F065
:200EA000A0FE437B23F0020343730023836008BD07B30200228F0200C4B2020070B590F9A8
:200EC0000D20437B002A50DBD9064ED163F07F034373274B984209D1264927484F23274A62
:200EE00004F0E9FB4F21254804F0DCFB244C224652F81C3F216A934207D1C0E9002108608B
:200F0000206211E09942F8D01B68002BF5D090F90E5093F90E60B542F4D0AE42F2DD59682C
:200F2000C0E9003108605860E569954200D005B9E568A3685BB91349D523134A0E4804F09D
:200F4000BAFB124804F0B7FBD5210F48CCE75A7BD20604D1DA897F2A01D9AA6932B1AB4291
:200F600002D0284601F080F8A56170BDA361FCE7A01800205EB50200228F02003CB502001B
:200F8000D41F0020ABB502007FB50200009C020070B590F90D200146002A437B314C10DA97
:200FA00003F07F03A042437309D12F4956232F4A2F4804F080FB56212C4804F073FB05F0B8
:200FC00010FE4B7BA14263F07F034B7307D126494F23264A264804F06EFB4F21ECE7254C1F
:200FE000224652F81C3F206A934207D1C1E900200160216211E09842F8D01B68002BF5D0F9
:2010000091F90E5093F90E60B542F4D0AE42F2DD5868C1E9003001605960E569A368954290
:2010200000D005B9E5688B4214D05BB91249D523124A0F4804F03FFB114804F03CFBD52162
:201040000E48BAE75A7BD20604D1DA897F2A01D9AA692AB1AB4202D0284601F005F82B46B7
:20106000A36170BDA01800205EB502003CB50200228F0200D41F0020ABB502007FB5020001
:20108000009C020038B50446EFF31185402383F31288BFF36F8F174801F072F868B988235A
:2010A000154A1649164804F006FB1249154804F002FB8821104804F0F5FA0E4801F084F8CF
:2010C0002046FFF7FBFE0B4801F068F868B940F23113094A0C490A4804F0EDFA05490B480A
:2010E00004F0E9FA40F23111E4E785F31188BFF36F8F38BD0C200020C29502001B960200CC
:20110000228F020030960200EF9502000696020038B50446EFF31185402383F31288BFF35C
:201120006F8F184801F02CF868B98823164A1749174804F0C0FA1349164804F0BCFA882196
:20114000114804F0AFFA0F4801F03EF8A36813B12046FFF797FE0B4801F020F868B940F2AC
:201160003113094A0C490A4804F0A5FA05490B4804F0A1FA40F23111E2E785F31188BFF36E
:201180006F8F38BD0C200020C29502001B960200228F020030960200EF9502000696020065
:2011A00070B504460D46EFF31186402383F31288BFF36F8F214800F0E3FF68B98823204A60
:2011C0002049214804F077FA1C49204804F073FA88211B4804F066FA184800F0F5FF0023E3
:2011E00094F87010627B84F8703091B18DB1134800F0D4FFE8B940F23113114A1449124823
:2012000004F059FA0D49134804F055FA40F23111DFE712F0280FEAD1A36813B12046FFF73A
:2012200031FE637B204623F004036373FFF746FEDDE786F31188BFF36F8F70BD0C20002012
:20124000C29502001B960200228F020030960200EF950200069602002DE9F047DFF800A11E
:20126000344D1746DDE90898DAF80820324BA84204460E461A600BD13049314840F272231C
:20128000304A04F018FA40F272212E4804F00AFAEFF31183402383F31288BFF36F8F284694
:2012A00000F06EFF60B98823274A2849244804F002FA2946264804F0FEF988212248E5E728
:2012C000284600F081FFDAF808503946284605F090FCB8F1FF3F08BFB9F1FF3F06D04A469C
:2012E00043461C4905F1180000F0C0FF204600F055FF68B9184940F26B13134A104804F0BE
:20130000DAF92146154804F0D6F940F26B11D5E7084800F043FF40B90F4940F26B130A4A32
:20132000074804F0C8F90349ECE73046BDE8F047FFF73CBD0C20002010200020D2B5020024
:20134000228F02003CB50200C29502001B96020030960200436C0200EF950200069602003E
:20136000D41F002070B50546EFF31186402383F31288BFF36F8F1B4800F002FF68B988232E
:20138000194A1A491A4804F096F91649194804F092F98821144804F085F9124800F014FF8F
:2013A0002C68A54215D014B12046FFF76BFD0D4800F0F4FE78B940F231130B4A0E490C4866
:2013C00004F079F907490D4804F075F940F23111E0E70024EBE786F31188BFF36F8F204647
:2013E00070BD00BF0C200020C29502001B960200228F020030960200EF950200069602000A
:201400002DE9F04104460D46EFF31187402383F31288BFF36F8F584800F0B2FE60B9882347
:20142000564A5749574804F046F95349564804F042F98821514818E04F4800F0C5FE637BCF
:2014400003F01F02002A0CBF012600265DD103F07F0363734D4B9C4209D14D4949485623CD
:201460004C4A04F028F956214A4804F01BF9DFF83881204605F0B5FB4246637B6DB263F03D
:201480007F03A573637352F81C3F93423AD1D8F82010C4E900210C60C8F820400FE0994233
:2014A000F7D01B68002BF4D093F90E008542F6D0A842F4DD5968C4E900310C605C60D8F87A
:2014C0001C40944200D00CB9D8F80C40D8F808309C4202D0204600F0C7FDC8F818402648D1
:2014E00000F05CFE00283FD140F23113234A2A49244804F0E0F82049284804F0DCF840F209
:20150000311197E7D8F82010CCE79B072AD5A16841B923491B489923224A04F0CCF899214B
:201520002048A2E720466DB205F05BFBA5730B68994209D14B68C4E900131C604C60CEE75A
:201540004A689342F6D01B68002BF3D093F90E209542F5D0AA42F3DD5A68C4E900321460A6
:201560005C60BCE7A573BAE787F31188BFF36F8F3046BDE8F08100BF0C200020C2950200A0
:201580001B960200228F020030960200A01800205EB502003CB50200EF9502000696020019
:2015A00007B30200C4B20200D41F002070B504460D46F9B9EFF30586E6B91A4B9A699B68F9
:2015C0009A4217D000F0EAFD78B940F26B13164A1649174804F06FF82146164804F06BF8FB
:2015E00040F26B11104804F05DF83046BDE87040FFF7DCBB204600F0D1FD68B940F2311389
:20160000094A0A490A4804F056F82146094804F052F840F23111E5E785F31188BFF36F8F99
:2016200070BD00BFD41F0020C2950200EF950200228F020006960200034648B9EFF30582C8
:2016400032B9064A91699268914201D0FFF7AEBB83F31188BFF36F8F704700BFD41F002010
:2016600010B5EFF31184402383F31288BFF36F8F264800F085FD60B98823254A254926481C
:2016800004F019F82149254804F015F88821204810E01E4800F098FDEFF3058363B120499A
:2016A0008F23204A1C4804F006F81F4804F003F88F211C4803F0F6FF1C4B9A68D37B012B83
:2016C0000AD11B499023174A134803F0F4FF164803F0F1FF9021ECE7013BD3730B4800F0EC
:2016E0005DFD68B940F23113094A12490A4803F0E2FF0649104803F0DEFF40F23111C6E78D
:2017000084F31188BFF36F8F10BD00BF0C200020C29502001B960200228F020030960200AA
:2017200076B20200C4B20200009C0200D41F00200BB60200EF9502000696020070B5EFF368
:201740001186402383F31288BFF36F8F374800F017FD60B98823364A3649374803F0ABFF6D
:201760003249364803F0A7FF8821314813E0344D2E4800F029FDAB68DA7B72B9314940F276
:201780000D33314A2C4803F096FF304803F093FF40F20D312C4803F085FFEFF3058161B1C0
:2017A0002B4940F20E33284A234803F084FF274803F081FF40F20E31ECE70132DA732A46D9
:2017C00052F81C4F944200D004B9EC685A7BD20604D1DA897F2A01D9A2692AB1A34202D098
:2017E000204600F041FC23461048AB6100F0D6FC68B940F231130E4A16490F4803F05BFFD5
:201800000A49154803F057FF40F23111ADE786F31188BFF36F8FEFF31180402383F312881F
:20182000BFF36F8FBDE87040FFF706BF0C200020C29502001B960200228F02003096020015
:20184000D41F00203CB602003CB50200009C020076B20200EF95020006960200024B03F161
:201860001C02C3E907227047D41F002070B5EFF3058373B1394940F22443394A394803F0E6
:201880001AFF394803F017FF40F22441344803F009FFEFF31186402383F31288BFF36F8FFB
:2018A000324800F06DFC60B98823314A31492D4803F001FF2D49304803F0FDFE88212C483B
:2018C000E5E72E4C294800F07FFCA168206A0B68814214BF1A46002249680B605960A368E8
:2018E000216A2AB9264AC3E900210B6023620CE093F90E0092F90E50A84225D0854223DD38
:201900005168C3E900210B605360E5691C4B9D4200D005B9E568A3689D4202D0284600F09A
:20192000A3FB1248A56100F039FC88B940F26B130F4A14490B4803F0BEFE0C49124803F039
:20194000BAFE40F26B11BAE78A42CBD01268C8E73046BDE87040FFF729BA00BF76B2020063
:201960003CB50200228F0200009C02000C200020C29502001B96020030960200D41F0020F0
:20198000F01F0020EF950200069602002DE9F04106460C46EFF3058777B1344940F23C434B
:2019A000334A344803F087FE334803F084FE40F23C412F4803F076FE50EA010304D1FFF730
:2019C00055FF0020BDE8F081EFF31188402383F31288BFF36F8F294800F0D2FB60B98823ED
:2019E000274A2849234803F066FE2449264803F062FE88212248DDE7244D204800F0E4FB96
:201A0000A868234B1860FFF7EBF9A868234632462049183000F02AFCAA680446537B1748B5
:201A200043F00403537300F0B9FB68B940F26B13134A19490F4803F03EFE1049174803F041
:201A40003AFE40F26B11D5E74046FFF7AFF9AB68D3E90A23B3F1004F08BFBA42B1D105F097
:201A600028F9201A20EAE070ACE700BF76B202003CB50200228F0200009C02000C200020A5
:201A8000C29502001B96020030960200D41F002010200020436C0200EF950200069602003A
:201AA00070B504460E46EFF3058575B11B4940F266431B4A1B4803F0FEFD1B4803F0FBFD8E
:201AC00040F26641164803F0EDFDFFF75FFFB6F1FF3F08BFB4F1FF3F0346204617D04FF436
:201AE0007A7247F611202946C3FB020147F61223984271F100030BD30C4B834243F608531D
:201B00008B4107D347F612220023F1F74DFC70BD2846FCE76FF00040F9E700BF76B2020074
:201B20003CB50200228F0200009C0200ED85FFFF38B50446EFF31185402383F31288BFF31D
:201B40006F8F204800F01CFB68B988231E4A1F491F4803F0B0FD1B491E4803F0ACFD882166
:201B6000194803F09FFD174800F02EFB637B5B0710D504F1180000F05DFC637B204623F02B
:201B800004036373FFF79AF92946BDE838400D48FFF70CBD0B4800F001FB68B940F2311369
:201BA000094A0D490A4803F086FD06490B4803F082FD40F23111D3E785F31188BFF36F8FB1
:201BC00038BD00BF0C200020C29502001B960200228F020030960200EF950200069602005A
:201BE000014B9868704700BFD41F00202DE9F8430446077BEFF31185402383F31288BFF356
:201C00006F8F7D4800F0BCFA68B988237B4A7C497C4803F050FD78497B4803F04CFD882198
:201C2000764803F03FFD744800F0CEFA637B190717D5714800F0B2FA68B940F231136F4AB4
:201C40007249704803F037FD6B49714803F033FD40F23111E4E785F31188BFF36F8FBDE8B5
:201C6000F883D90943F0080240F083806273A36813B12046FFF706F904F1180000F0DAFBC6
:201C8000A66D04F15808B04511D04FF0000976B13046FFF7F7F806F1180000F0CBFB304601
:201CA000C6F88C90FFF70AF9A66DB045EFD1DFF88881D8F808309C4270D1EFF30589B9F168
:201CC000000918BF4FF00109D8F81C60514A964200D00EB9D8F80C60B34202D0304600F01C
:201CE000C3F92046C8F81860F6F7F6FAB9F1000F02D04948FFF74AF8D8F808309C4260D142
:201D0000EFF30586002E5CD1237BDA071FD53A4800F044FA002890D085F31188BFF36F8F8F
:201D200086F31188BFF36F8F0423184602DFEFF31185402383F31288BFF36F8F2E4800F07A
:201D40001FFA00283FF461AF2B4800F03DFA2A4800F024FA28BB40F26B13284A2B492948FB
:201D600003F0A9FC24492A4803F0A5FC40F26B1156E703F07F0343F008036373274B9C4294
:201D800008D127495623274A1E4803F094FC5621244846E7204604F024FF68E74FF0000903
:201DA00092E72846FFF702F81F494FF4DD731D4A144803F080FC1D4803F07DFC4FF4DD71BD
:201DC000E6E70D4800F0EAF900283FF436AF85F31188BFF36F8FFB077FF541AF40F23D53E5
:201DE000104A1349074803F066FC2146114803F062FC40F23D51CBE70C200020C295020061
:201E00001B960200228F020030960200EF95020006960200F01F0020481B0020A0180020E6
:201E20005EB502003CB502006DB6020078B602009AB60200A5B60200D41F00202DE9F84332
:201E4000064688461746EFF31189402383F31288BFF36F8F214800F093F9054668B9882370
:201E60001F4A2049204803F026FC1C491F4803F022FC88211A4803F015FC184800F0A4F93A
:201E80003468A6421FD004B32046C4F88C802761FEF7F8FF04F1180000F0CCFA2046FFF757
:201EA0000DF80E4800F07AF988B940F231130C4A0F490D4803F0FFFB08490E4803F0FBFB2D
:201EC00040F23111D6E70025EBE72546E9E789F31188BFF36F8F2846BDE8F8830C20002000
:201EE000C29502001B960200228F020030960200EF95020006960200D3B5DDE90667089CD8
:201F0000CDE90067FFF7A8F91CB1034B9B681B69236002B0D0BD00BFD41F00202DE9F84386
:201F200006460F469046EFF31189402383F31288BFF36F8F1F4800F023F968B988231E4AE4
:201F40001E491F4803F0B7FB1A491E4803F0B3FB8821194803F0A6FB164800F035F93468EE
:201F6000A6421CD10025134800F018F9D0B940F23113114A1449124803F09DFB0D491348BE
:201F800003F099FB40F23111E3E741462046B84705460028E7D17368A342E3D02468002C3A
:201FA000F3D1DFE789F31188BFF36F8F2846BDE8F88300BF0C200020C29502001B9602002D
:201FC000228F020030960200EF9502000696020008B568B10F4B98420AD303F1180290429B
:201FE00006D21822C01AB0FBF2F302FB13034BB109490A4838230A4A03F05DFB382108480F
:2020000003F050FB0122074BC0105843064B1A5408BD00BF201C0020EBB60200228F0200AD
:20202000C3B60200ABAAAAAAE1260020C3897F2B12D80A4B1B6863B1094B90F90E201B68FB
:202040009A4209DB437BDB0606D1064BC31A18BF012303F0010070470023FAE760040020EE
:2020600014200020A018002070B50E4B0E4C1E7C054606EB460304EBC304204600F0DAF95E
:2020800000220A4B28469A55FFF7D0FF48B1084B2046BDE870401A680649013AD31700F0BA
:2020A000E5B870BDD41F0020201C0020E126002060040020D11F020038B5EFF31185402382
:2020C00083F31288BFF36F8F234800F059F868B98823224A2249234803F0EDFA1E492248DB
:2020E00003F0E9FA88211D4803F0DCFA1A4800F06BF81E4B1E4A9C681068A04213D1FFF775
:20210000B3FF154800F04AF808BB40F23113134A1849144803F0CFFA0F49174803F0CBFA00
:2021200040F23111DFE700211B7C1160134AD35C002BE6D02046FFF779FF0028E1D0637B44
:20214000DB0602D12046FEF723FF2046D7E785F31188BFF36F8F38BD0C200020C2950200CF
:202160001B960200228F020030960200D41F002010200020EF95020006960200E126002083
:20218000006838B1044B00F003001B7CC01A18BF0120704701207047D41F00200023026814
:2021A0000360EFF30581074B19B19968497BC90706D4197C98680843831A58425841704762
:2021C00001207047D41F0020024B1A7C9B68134303607047D41F0020074808B5074A0849FD
:2021E000121A04F082FCBDE808400648064A0749121A04F07ABC00BF400000203C0800208D
:2022000028BF0200400000204000002028BF0200024B1868984208BF00207047640400205F
:20222000034B1B680BB9F9F741BB0020704700BF1820002030B570B10B4B5B6898420AD05C
:20224000036843B1D3E90421D0E90445121941EB0501C3E90421D0E9003213605A600023D3
:20226000C0E9003330BD00BF64040020B3F1FF3F08BFB2F1FF3F2DE9F74F044690469B4667
:2022800015461F4600F0B880D0F80090B9F1000F0CD05B4972235B4A5B4803F00CFA5B484C
:2022A00003F009FA7221574803F0FCF98160EFF311830193402383F31288BFF36F8F544864
:2022C000FFF75EFF824660B98823524A52494E4803F0F1F94E49514803F0EDF988214D482E
:2022E000E2E74B48FFF770FFB8F1FF3F7BF1FF334B4A1FDBFFF794FF064601354BF1000BB7
:20230000474A2D184BEBE073D2E90017C4E904536D1843EB0707FFF77BFF0346DFF810E146
:20232000DEF80490F3B9C4E900E9C9F80040CEF8044029E06FF00103D2E900125B1A4FF0F9
:20234000FF3161EB0202B3EB080362EB0B02012B72F10001BCBF01234A464FF0000AC4E945
:202360000432D8E7D3E9041CD4E904208A4270EB0C0B2EDA891A5A686CEB0000C3E90410E9
:20238000C4E9003214605C60FFF742FF84420ED1244B1B685BB9BAF1000F02D1FFF740FF8A
:2023A0000646304604F06EFC0021F9F78FFA1848FFF7F4FEB0B940F23113164A1A4912481F
:2023C00003F079F91249194803F075F940F2311185E7521A60EB0C009945C4E90420A2D0B7
:2023E0001B689FE7019B83F31188BFF36F8F2846394603B0BDE8F08F00252F46F7E700BF7E
:20240000C0B802009CB80200228F0200009C02001C200020C29502001B960200309602006B
:20242000381C002018200020EF950200069602006404002070B50446EFF31186402383F363
:202440001288BFF36F8F2348FFF79AFE68B98823214A2249224803F02EF91E49214803F050
:202460002AF988211C4803F01DF91A48FFF7ACFE236833B3FFF7CCFE05462046FFF7DAFE71
:2024800000224FF00043A542C4E9042306D1FFF7C7FE04F0F7FB0021F9F718FA00240D48C9
:2024A000FFF77CFE80B940F231130B4A0E490C4803F001F907490D4803F0FDF840F231110F
:2024C000D0E76FF01504EAE786F31188BFF36F8F204670BD1C200020C29502001B9602003F
:2024E000228F020030960200EF950200069602002DE9F04D0446EFF31186402383F31288B4
:20250000BFF36F8F4348FFF73BFE68B98823424A4249434803F0CFF83E49424803F0CBF862
:2025200088213D4803F0BEF8DFF808813948FFF74BFEC8F80040FFF76BFE4FF0000A0446B2
:202540004FF0000B384FD8F80030D7E9001CD81754B1D4E90452AB4270EB020E1EDAED1A70
:2025600062EB0002C4E9045200245B184CEB0000C7E900302046C8F8004004F083FB21461C
:20258000F9F7A4F92348FFF709FEA8B186F31188BFF36F8FBDE8F04DFFF78EBD69184CEB50
:2025A000E5732046C4E904ABC7E90013FFF742FE1848FFF7F3FD68B940F23113164A1B4967
:2025C000174803F078F81349194803F074F840F23111A6E786F31188BFF36F8F2046A368E9
:2025E0009847EFF31186402383F31288BFF36F8F0848FFF7C5FD002888D00648FFF7E4FDB3
:20260000D8F800305B1BC8F80030FFF701FE044699E700BF1C200020C29502001B9602006E
:20262000228F020030960200381C0020EF950200069602001820002070B5EFF3118640232E
:2026400083F31288BFF36F8F1A48FFF799FD68B98823194A19491A4803F02DF81549194802
:2026600003F029F88821144803F01CF81148FFF7ABFDFFF7D5FD144AD2E90045041945EBD0
:20268000E0750C48FFF78AFD68B940F231130A4A0E490B4803F00FF806490D4803F00BF8EB
:2026A00040F23111DFE786F31188BFF36F8F2046294670BD1C200020C29502001B960200B4
:2026C000228F020030960200381C0020EF95020006960200F8B50446EFF31187402383F39D
:2026E0001288BFF36F8F4F48FFF74AFD68B988234D4A4E494E4802F0DEFF4A494D4802F043
:20270000DAFF8821484802F0CDFF4648FFF75CFD226892B14348FFF741FD00287DD140F2D8
:202720003113414A4449424802F0C5FF3D49434802F0C1FF40F23111E4E7D4E90A36581C8A
:2027400046F10001022871F1000127D3012B76F10001BCBF012316465D1E46F1FF3604F050
:20276000ACFA013041F10001401946EB0101012871F100014CDB04F0A0FA013041F100011E
:202780006FF00102401946EB01034FF0FF31121A61EB030320462A49FFF768FD236B013366
:2027A0002363236AD3B11F48FFF7F8FC0028B6D087F31188BFF36F8F2046236A9847EFF30C
:2027C0001187402383F31288BFF36F8F1548FFF7D7FC00288BD01348FFF7F6FC54F8185F8F
:2027E000A54297D0002D95D02846FEF791FC00230C48C5F88C30FFF7D1FC00288FD087F355
:202800001188BFF36F8F2846BDE8F840FEF73ABC6FF001024FF0FF33BCE787F31188BFF3FE
:202820006F8FF8BD20200020C29502001B960200228F020030960200EF95020006960200DA
:20284000D52602002DE9F843064614461D4691469846EFF31187402383F31288BFF36F8FCF
:202860002848FFF78DFC68B98823274A2749284802F021FF2349274802F01DFF882122483E
:2028800002F010FF1F48FFF79FFCB5F1FF3F08BFB4F1FF3F11D11B48FFF780FC60BB40F2AD
:2028A0003113194A1C491A4802F005FF15491B4802F001FF40F23111E1E7631C75F1FF33AE
:2028C0000ADB012C75F100032246BCBF0122002512F1FF3945F1FF383046FFF7ABFDDDE9D0
:2028E0000823C6E90A2300234A463363304643460B49FFF7BBFCCEE787F31188BFF36F8F10
:20290000BDE8F88320200020C29502001B960200228F020030960200EF950200069602008C
:20292000D5260200F8B505460E46EFF31187402383F31288BFF36F8F1F48FFF721FC68B916
:2029400088231E4A1E491F4802F0B5FE1A491E4802F0B1FE8821194802F0A4FE1648FFF795
:2029600033FC2C68A5421CD0D4E9003213605A60002331462046C4E9003304F00DFA0E4874
:20298000FFF70CFC78B940F231130C4A0F490D4802F091FE08490E4802F08DFE40F2311176
:2029A000D9E70024EBE787F31188BFF36F8F201E18BF0120F8BD00BF24200020C295020037
:2029C0001B960200228F020030960200EF9502000696020070B504460D46EFF31186402307
:2029E00083F31288BFF36F8F2148FFF7C9FB68B98823204A2049214802F05DFE1C492048D2
:202A000002F059FE88211B4802F04CFE1848FFF7DBFB01212068E5608442A16011D1144805
:202A2000FFF7BCFBE8B940F23113124A1549134802F041FE0E49144802F03DFE40F2311138
:202A4000E1E7D0E9003213605A600023C0E9003304F0A2F9314604460548FEF7A7FD2046FB
:202A600070BD86F31188BFF36F8F0024F7E700BF24200020C29502001B960200228F020083
:202A800030960200EF950200069602002DE9F84F4F1E0F4206460D469A460BD02F49172323
:202AA0002F4A304802F007FE2F4802F004FE17212B481CE0141D4DD241F0040B00F114087F
:202AC000EFF31189402383F31288BFF36F8F4046FFF756FB68B98823244A2549214802F087
:202AE000EAFD4146234802F0E6FD88211F4802F0D9FD4046FFF768FB224659463046D047DD
:202B000004464046FFF74AFB68B940F23113174A1949144802F0CFFD4146184802F0CBFD95
:202B200040F23111E2E789F31188BFF36F8F8CB144F8046B7DB13C420DD03423084A104920
:202B4000084802F0B8FD21462A460E4802F0B3FD3421ADE700242046BDE8F88F47BA02000D
:202B600023BA0200228F020062BA0200C29502001B96020030960200EF95020006960200AD
:202B80007FBA0200B1BA02002DE9F04105460E46174604F01DF830B9074B9B68D3F8844074
:202BA00014B9BDE8F081054C3B46324629462046BDE8F041FFF76ABFD41F00208006002065
:202BC000014BC0F884307047800600200146024A0020FFF7D9BF00BFE1550200F8B50D4EA0
:202BE0000D4C0E4D33680E48984767782B680C48984733680B489847022F08D12478E31F37
:202C00005C425C412B68074898472046F8BD0024F8E700BF90040020282000208C0400200F
:202C2000240700201007002038B504460D46FFF7D5FF30B12A462146BDE83840024804F0AB
:202C400023B96FF0880038BD2C20002070B51D4E1D4C33681D4898472378590744BF23F067
:202C60000403237023789A0705D500F0C1F8237823F002032370164D14482B6898473368E9
:202C800014489847637813B1134804F000F9002304211148637000F0CBF82B680D48984724
:202CA00033680A4898472378DB0705D504F0E8F8237823F0010323702B680448BDE87040A4
:202CC000184700BF9004002028200020100700208C040020240700202C2000202DE9F041D5
:202CE000FFF77CFF18B100242046BDE8F081364F36483B689847044620B16FF08F04FFF772
:202D0000A5FFF1E7324D2B78D80706D404F0B6F804462B7843F001032B702E4E2B48336871
:202D2000984710B1002CE8D0E9E7002CE7D13B682648984704460028DFD12B78990706D42C
:202D400000F04EF804462B7843F002032B7033681E4898470028E5D1002CD0D13B681B48EC
:202D600098470028C9D13368184895F8008098470028C2D13B681848984704460028BCD12F
:202D80006B7843B918F0010F05D0144804F079F8022304466B7033680F4898470028C1D1D1
:202DA000002CACD13B68094898470028A5D12B7806485A075CBF43F004032B70336898473D
:202DC000002890D099E700BF9004002010070020282000208C040020240700202C20002072
:202DE0000122024B002083F880257047302000202DE9F0410A4C002526464FF0010803275C
:202E00002046C4F820802777013504F01AF8202D04F12C04F4D1002386F88035BDE8F08173
:202E200030200020014B1B68184700BF6C04002010B50A46044619B1024B00211B689847AC
:202E400010BD00BF7004002010B50C4C206800F0AFFD0B4A1368591C11604BB9094A48209C
:202E6000D2F8003443F00703C2F80034F5F788F92068BDE8104000F0B5BD00BF7804002082
:202E8000B42500200080045038B5164D286800F08FFD154B1C68013C1C60ECB94820F5F773
:202EA0007DF90722114BC3F80823D3F8002422F00702C3F80024C3F80041D3F80021C3F8A5
:202EC0000441D3F804214FF48072C3F80841D3F80831074BC3F888212868BDE8384000F02D
:202EE00081BD00BF78040020B42500200080045000E100E070B50D4D0D4E2B68B34202D176
:202F00000024204670BDFFF79FFF00F0F1FC00F02DFD40B103F0C9FF0446FFF7B5FF002CA3
:202F2000EFD12E60ECE700F0E1FAF5E774040020117365004FF480732DE9F04796B08046B9
:202F400003A80393002404F03CF84FF010091E4E0DF12F0525F01F0506F1200A0122102140
:202F60001A4804F00DF82B1900935246102320211548CDF8049000F0F7FA0746F8B9D6E9BF
:202F80000C321034013342F10002302CC6E90C32E4D1B8F1000F04D022464146284603F06C
:202FA000E2FF2E46084C0FCE0FC496E80F00203584E80F0095E80F00103484E80F00384692
:202FC00016B0BDE8F08700BF401C0020601C0020F0B5184D184FAB6B8DB0BB4228D0174E1A
:202FE000306800F0E5FC402300221946284603F0D1FF684603F0F2FF044678B96846FFF7A2
:2030000099FF044690B9302302461946684603F0C1FF01220023C5E90C23AF63306800F06D
:20302000E1FC204603F041FF0DB0F0BD0E24F5E70020F9E7401C0020B4A5B4A57C040020D4
:203040002DE9F04F99B00DF1570802F10F0982460E46144628F01F084FEA191922B100294E
:203060006CD0B2F5803F69D8364F374D386800F09FFCD5E90C3213430BD15046FFF7A8FFD8
:20308000834630B1386800F0ADFC584619B0BDE8F08FD5E90C2319EB020243F10003B3F5EE
:2030A000803F13D302A803F099FFE8B902A8FFF741FF83460028E5D130230246194602A86A
:2030C00003F068FF00220023C5E90C234FF4807302A8029303F075FFDFF870A03CB9204656
:2030E000FFF728FF8346CDE76FF0920BCAE7102C4FF001024FF010015046A14628BF4FF018
:20310000100903F03DFF102352462021CDE900830D4800F029FA83460028B3D14A4630463F
:20312000414604F0A1F8D5E90C32013342F10002C5E90C32A4EB09044E44CFE76FF0860B56
:20314000A3E700BF7C040020401C0020601C00200022074BC3F81021C3F80C21C3F800214A
:20316000C3F80421C3F80821C3F81421704700BF0050045008B5FFF7EBFF01230360104B02
:203180000A6832B9D3F80C211AB9D3F80821002AF6D00B687BB90B4B99420ED0A3F58473DE
:2031A000D3F80831002B0CBF4FF0FF306FF00200FFF7CEFF08BD0020FAE74FF0FF30F7E771
:2031C000005004500851045070B506460D4619B34B6913F00F040CD011495023114A1248E6
:2031E00002F069FA114802F066FA50210D4802F059FA2146012003F0A7FB0D480D49C0F844
:203200000065C0F80455FFF7B5FF21460546204603F09AFB284670BD6FF00105FAE700BF4E
:2032200028BB0200D9BA0200228F020051BB0200005004500051045010B5044600210120B9
:2032400003F082FB064B0749C3F800450648FFF791FF00210446084603F076FB204610BD39
:2032600000500450085104500850045038B50C4659B1074D0749C5F800050748FFF77AFFE4
:2032800010B9D5F80835236038BD6FF00100FBE700500450105104500C5004502DE9F04F43
:2032A00089B006460F4690461D4603F0E2FE044678B973690090C3F3013262F305148DF865
:2032C000004014F0300408D1B168890710D06FF08604204609B0BDE8F08F102C08D1BDF81E
:2032E000023023F4F87343F4A873ADF802304EE0DBB2F82B02D06FF08504EAE700234FF026
:20330000010B9E4619461846D6F808C0DFF8CC9159F804AB1CEA0A0F08D00BFA00F343EA1A
:203320000E0303F07F0E012341EA0A0101300728EED12BB19DF803306EF347038DF803307C
:203340003CEA0101D7D17388FF2B35D005D8802B34D0C02BCFD1022303E0B3F5807FCAD112
:2033600004239DF8021063F306118DF8021014B91CF0030FABD13379022B2BD020D8012B1C
:20338000A5D1BDF8021063F3C811ADF80210012A6FD0032A23D0002A99D13388B3F5105F1A
:2033A000A9D1182D6DD0202D70D0102D8FD1DFF830A101251F261AE00323D2E70123D0E720
:2033C000032B01D0FF2B82D10221BDF8023061F3C8138AE7BDF8023043F4C07385E7412D9C
:2033E0003DD104254F26DFF8FCA008F101080024381903F012FE00286CD00134AC42F7D1E5
:203400001F2E07D02946384603F01BFE044600287FF45FAF009B4FF0FF39079300239B46EC
:20342000CDF818A0BDF802204344C2F3C112059201AC03F1100C224618685968083303C22C
:2034400063451446F7D101A907EB0B00FFF7BCFE044630B303F00DFE6FF0920439E7182DC6
:2034600019D0202D1AD0102D7FF431AFDFF874A09FE7302D7FF42BAF03253F26DFF868A015
:20348000B5E7DFF85CA002252726B0E7DFF850A002252F26ABE7DFF84CA0F4E7DFF844A084
:2034A000F6E71C2101A80BF1010B03F07EFDAB4506D00AEB0B12CDE906294FEA0B13B1E727
:2034C0001F2E3FF406AFFA20FFF7B6FE00283FF400AFC1E76FF08A04FBE600BFF88D02002D
:2034E00040008151000000201084045010B590B01C22002101A803F0C4FEF82003F08DFD5B
:2035000008B3202200200DEB0201FFF799FD0446F8B901A84FF4807103F089FD0E4B0F4905
:2035200004930F4BCDE901130E4BF821069320230DEB0302FFF7B2FE202104460DEB01005B
:2035400003F033FD05E0F92003F067FD0028D8D10446204610B010BD0010C00400240001EC
:20356000014B4E80F800FF7F10B543F0005392B0109321234FF480740E9201221193149BFA
:2035800001940293159B01AC41F0005106940C91112440F6110143F00053CDE903232023C9
:2035A000DFF864C00A90CDE908C40D9100200EA90AAC07940B910F92059300F00FF9BFF3AF
:2035C0005F8F4FF0A34306AA1A60BFF35F8FBFF35F8F02AA1A61BFF35F8FBFF35F8F0322E2
:2035E0005A63BFF35F8FBFF35F8F9A63BFF35F8F03F083FD431C0446FAD0002000F018F92A
:20360000204612B010BD00BF04000020BFF35F8F094A1368BFF35F8F43F48071BFF35F8FFC
:203620001160BFF35F8F23F48073BFF35F8F1360BFF35F8F704700BF0010805108B5FFF7B2
:20364000E5FFBFF35F8F064A1368BFF35F8F43F00103BFF35F8F1360BFF35F8F08BD00BF0D
:203660000010805170B50026C0E9006605460C46FFF7EAFB01232B70FFF7C8FFBFF35F8F7B
:20368000204BDB68BFF35F8F9B08013BACB3226842B19A4205D9FFF7F7FB6FF03F002E7043
:2036A00070BD1346D4E90115E068002908BF4FF40071002808BFF1202469BFF35F8F114A3D
:2036C0009360BFF35F8FBFF35F8F1564BFF35F8FBFF35F8F5064BFF35F8FBFF35F8F516356
:2036E000BFF35F8F44F4802444F00104BFF35F8F1460BFF35F8F0020D2E74FF40071F120C3
:203700002546DAE70010805170B503780D461446002B53D0BFF35F8F2D4A136BBFF35F8FCC
:203720005908C3F34203052B4BD011F0060F02D14FF0FF3070BD4368D3B9BFF35F8F5368CC
:20374000BFF35F8F032BF3D9224B2349BFF35F8FD2F88060BFF35F8FBFF35F8F43F8046BC2
:20376000BFF35F8F8B42F1D1FFF768FF01234360BFF35F8F164B9A68BFF35F8F0132B4EB81
:20378000021F21D8BFF35F8F5A68BFF35F8FB4EB820FCDD884B1BFF35F8FD3F88020BFF346
:2037A0005F8F291D05F8012B8D424FEA122204F1FF34EFD0002CF5D10020BBE76FF0200056
:2037C000B8E76FF05100B5E76FF03F00B2E700BF00108051101080512010805110B5044626
:2037E000FFF732FB104B186800F0E2F80CB101232370BFF35F8F4FF0A3430022DA61BFF3B9
:203800005F8FBFF35F8F4FF0FF321A63BFF35F8FBFF35F8F3422DA61BFF35F8F0122034B4B
:20382000C3F8042310BD00BF800400200080045010B5044638B9FFF727FBBDE81040074B43
:20384000186800F0CFB803783BB1FFF71DFB034B186800F0C7F80023237010BD8004002058
:2038600038B51C4CD4F80051C5B1BFF35F8F4FF0A343996ABFF35F8FBFF35F8F4FF0FF32E8
:203880001A63BFF35F8F0023C4F80031D4F80031114B1868BDE8384003F0B1BCD4F80831A0
:2038A00053B100F081F803F059FCC4F80851D4F808310121094BECE709494423094A0A4892
:2038C00001F0F9FE094801F0F6FE4421054801F0E9FE00BF00800450880400208404002059
:2038E000E690020063BB0200228F0200C9BB020008B5074B186803F071FC064B186803F044
:203900006DFCBDE80840002248201146F4F75ABC880400208404002038B5094B1C7864B131
:20392000084B4FF0FF311D68284603F059FC4FF0FF310446284603F060FC204638BD00BFFA
:20394000E02600208804002010B5064C236D3BB9214651F8503B986903F00DFC0123236516
:20396000014810BDB82500200826002038B500240B4D0C4BEC662B6003F5C0436B60FFF78D
:20398000E3FF50B16B6D2046B3F5007FCCBF4FF480634FF40073AB6038BD0E20FCE700BFA8
:2039A000B82500200020805100487047B825002008B54FF0FF324FF0FF33FCF745F948B155
:2039C000054906481723064A01F075FE1721044801F068FE08BD00BFBDA50200228F0200E7
:2039E000E1BB020008B5FCF7FFF948B1054906481F23064A01F05FFE1F21044801F052FE3F
:203A000008BD00BFBDA50200228F0200E1BB02002DE9F74F002782460C469346009700F16F
:203A20000C06EFF31189402383F31288BFF36F8F3046FEF7A5FB68B98823194A19491A48D7
:203A400001F039FE3146194801F035FE8821144801F028FE3046FEF7B7FBDAF80850504649
:203A60006C4004EA0B0205EA0B08554010496A46CAF808500195FEF751FA009C44B1204618
:203A8000C4F88C70A5660021646EFDF789FBF5E730464946FDF78AFD404603B0BDE8F08F3F
:203AA000C29502001B960200228F020030960200037202002DE9F04F85B09046DDE90E2BA9
:203AC00006460C46EFF3058179B152EA0B010CD03E49F9233E4A3F4801F0EDFD3E4801F08E
:203AE000EAFDF9213A4801F0DDFD0392002C5BD008F001030293FEF773F806F10C05074646
:203B0000EFF3118A402181F31288BFF36F8F2846FEF736FB039A60B98823304A30492D48AC
:203B200001F0C9FD29462F4801F0C5FD88212B48D9E728460392FEF747FB18F0020F1CBF2B
:203B40000021B160D6F80890029B039A09EA04019BB18C4213D12846FEF720FBF0B940F244
:203B600031131E4A20491B4801F0A5FD29461F4801F0A1FD40F23111D9E70029EBD152EA80
:203B80000B0115D12846FEF709FB0028E7D08AF31188BFF36F8F4FF0000903E08AF31188E6
:203BA000BFF36F8F04EA0904204605B0BDE8F08FC7E91A485146CDE9002B28463246FDF7B7
:203BC0004BFB0028E7D1D7F86890EBE73EB3020026BC0200228F0200009C0200C2950200A5
:203BE0001B96020030960200EF9502000696020008B5EFF305834BB1074908483623084AB8
:203C000001F059FD3621064801F04CFDC0E90233C0E9000008BD00BF76B20200228F020096
:203C200026BC02001FB514461A46094B05461B68D86854B9074B1C4600910749CDE9013423
:203C40002B4600F00DF8F4F7EBFE044BF4E700BF94040020029C020056BC020049BC0200CE
:203C60000EB403B503AB0146054853F8042B0068019300F0B3F802B05DF804EB03B0704717
:203C800094040020024B0146186800F04DB800BF9404002038B50546002941D051F8043CF1
:203CA0000C1F002BB8BFE41800F068FF1D4A136833B9636014602846BDE8384000F064BF41
:203CC000A34208D9206821188B4201BF19685B6809182160EDE71A465B680BB1A342FAD97F
:203CE00011685018A0420BD120680144501811608342E0D118685B68084453601060DAE796
:203D000002D90C232B60D6E7206821188B4202BF19685B680918636008BF21605460CAE72D
:203D200038BD00BF2C260020F8B5CD1C064625F0030508350C2D38BF0C25002D01DBA942CC
:203D400003D90C2333600020F8BD00F017FF21490A6814469CB9204F3B6823B92146304694
:203D600000F0CAFC38602946304600F0C5FC431C23D10C233046336000F006FFE3E723688A
:203D80005B1B17D40B2B03D923601C44256004E06368A2420CBF0B605360304600F0F4FE74
:203DA00004F10B00231D20F00700C21A1CBF1B1AA350C9E722466468CCE7C41C24F003043B
:203DC000A042E3D0211A304600F096FC0130DDD1CFE700BF2C260020282600202DE9F04F92
:203DE0000D469DB014469846064618B183690BB900F0F0FD874B9D421BD175686B6ED90716
:203E000005D4AB899A0502D4A86DF4F7D5FDAB891B0701D52B69EBB92946304600F0E0FC39
:203E2000C0B16B6EDC070ED54FF0FF301DB0BDE8F08F794B9D4201D1B568DFE7774B9D421A
:203E400008BFF568DAE7AB899805EDD4A86DF4F7CFFDE9E70023CDF80C804FF00109DFF8BB
:203E6000C081099320238DF8293030238DF82A3023469A4613F8012B0AB1252AF9D1BAEB19
:203E8000040B0BD05B4622462946304603F018FA013000F0A680099A5A4409929AF8003060
:203EA000002B00F09E8000234FF0FF320AF1010A049307938DF853301A93CDE905235446D2
:203EC0000522574814F8011B03F0EAFC049BD0B9D90644BF20228DF853201A0744BF2B2266
:203EE0008DF853209AF800202A2A14D0079A544600204FF00A0C214611F8013B303B092BE5
:203F00004AD970B914E0A0EB0800A24609FA00F018430490D3E7039A111D1268002A039147
:203F200001DB079204E0524243F002030792049323782E2B0AD163782A2B32D1039B023456
:203F40001A1D1B6843EAE37303920593DFF8E0A003222178504603F0A3FC38B1A0EB0A003C
:203F60004022049B013482401343049314F8011B06222C488DF8281003F092FC00283FD023
:203F8000294B1BBB039B073323F0070308330393099B3B4409936BE70CFB02320C46012052
:203FA000A9E7002301344FF00A0C19460593204610F8012B303A092A03D9002BC6D0059163
:203FC000C4E70CFB012104460123F0E703AB2A4604A930460093154B00F02CF80746781C9F
:203FE000D6D16B6ED90705D4AB899A0502D4A86DF4F7FEFCAB895B063FF516AF099815E7BA
:2040000003AB2A4604A930460093084B00F046FAE4E700BF588E0200388E0200188E020067
:2040200086BD020090BD020035400200C17202008CBD02002DE9F04F8DB00C4616461F4650
:20404000DDF85880054600F043FD036818460493EFF7C4F9002305900A93D8F8003094F854
:2040600018A00733D4F800B023F0070303F10802C8F800204FF0FF32D3E9008929F00043C6
:20408000CDF8188007939C4BDDE90601C4E91289EFF74CF970BB4FF0FF32974BDDE90601B8
:2040A000EFF726F930BB0022002340464946EFF715F910B12D2384F84330904A904BBAF162
:2040C000470F94BF9046984603234FF0000923612BF00403236033460BAA21462846009752
:2040E00003F0A1F9013040F096804FF0FF300DB0BDE8F08F42464B4640464946EFF716F94A
:2041000040B14B467F4A002BBCBF2D2384F843307D4BD4E763685A1C26D1062363604BF489
:20412000806200232846226003930AABCDE901A309AB49EC108B00930DF12303616803F0EE
:20414000D1F8BAF1670F8046099915D1CB1C3BDB6368994238DC0A9B994255DB23682161B3
:20416000D80745D54B1C42E00AF0DF02472AD6D1002BD4D10123D1E7BAF1470F07D1C81C61
:2041800025DB63688B4222DB4FF0670AE3E7BAF1650F1FD80139524604F15000099103F056
:2041A00009F90A9A81461318012A236102DC2268D20701D5013323619DF82330002B8AD07C
:2041C0002D2384F8433086E74FF0650AE2E74FF0450ADFE7BAF1660FBDD1002963680BDDDE
:2041E000216113B92268D00702D501330B4423614FF00009A165DFE713B92268D20701D519
:204200000233F4E70123F2E70029D4BFC1F1020201221344EBE723685A0507D423694246FA
:2042200031462846B84701302BD15EE7BAF1650F40F2DD8000220023D4E91201EFF744F843
:20424000002833D00123314A31462846B84701303FF44BAFDDE90938434502DB2368D8077C
:204260000FD531462846DDE90423B84701303FF43CAF4FF0000908F1FF3804F11A0AC8459C
:2042800009DC23689B0700F10381E0680B9B9842B8BF18462BE70123524631462846B84748
:2042A00001303FF422AF09F10109E8E7099B002B39DC0123154A31462846B84701303FF447
:2042C00014AFDDE9093959EA030302D12368D907D7D531462846DDE90423B84701303FF4AB
:2042E00004AF4FF0000A04F11A0B099B5B4253450EDC4B4693E700BFFFFFEF7F97BD020059
:204300009BBD02009FBD0200A3BD0200E690020001235A4631462846B84701303FF4E5AE6C
:204320000AF1010AE1E7A36DDDF828A05345A8BF5346002B994636DC4FF0000B29EAE9798F
:2043400004F11A02A36D0693A3EB09035B4531DC099B9A453ADC2368DA0737D4099BAAEB13
:204360000309069BAAEB03039945A8BF9946B9F1000F33DC4FF0000829EAE97904F11A0B33
:20438000099BAAEB0303A3EB090343457FF779AF01235A4631462846B84701303FF4A5AEBF
:2043A00008F10108ECE7424631462846B8470130C2D19AE60123314628460692B8470130A7
:2043C0003FF493AE0BF1010B069ABBE7DDE9042331462846B8470130C0D186E6069A4B46EF
:2043E000314628464244B8470130C3D17DE6DDF828A0BAF1010F01DCDB0736D5012342465D
:2044000031462846B84701303FF46FAE31462846DDE90423B84701303FF467AE00220023A8
:204420000AF1FF3AD4E91201EEF74EFFC0B9534608F1010231462846B84701300CD154E60C
:2044400001235A4631462846B84701303FF44DAE08F10108D045F3DB4B4604F15002DFE6D3
:204460004FF0000804F11A0BF4E701234246E1E701234A4631462846B84701303FF435AEAD
:2044800008F10108E3680B995B1A4345F0DCFCE64FF0000804F11909F4E700BF2DE9FF472C
:2044A0000F7E914680460C46782F9A460C9D01F1430207D8622F0AD8002F00F0E080582FC1
:2044C00000F0BB8004F1420684F842703AE0A7F16303152BF6D801A151F823F035450200A6
:2044E00049450200C5440200C5440200C5440200C544020049450200C5440200C54402005A
:20450000C5440200C544020065460200D94502001B460200C5440200C54402008746020070
:20452000C5440200D9450200C5440200C5440200234602002B6804F142061A1D1B682A60BB
:2045400084F842300123ABE0236829681F0601F10400286001D50D6803E05E06FBD5B1F9F3
:204560000050002D61687ADA2D200029A16084F843002DDA6D425E480A231646B5FBF3F1F2
:2045800003FB1157C75D06F8017D2F460D46BB42F4D9082B0BD12368DF0708D523696168D1
:2045A0009942DEBF302306F8013C06F1FF36921B22614B4603AA21464046CDF800A002F017
:2045C00032FF013071D14FF0FF3004B0BDE8F08723F004032360CDE72B682068191D2960CE
:2045E000050601D51D6802E04106FBD51D886F2F3F4814BF0A230823002184F843106668A9
:20460000002EA660B9DB216821F004012160002DB3D1002EB1D11646BBE7236843F0200372
:2046200023607827334884F84570296823680E1D2E601E0603D50D6804E02D48F3E75D06D0
:20464000F9D50D88D90744BF43F0200323600DB11023D1E7236823F020032360F8E7244803
:204660000A23CCE72B682668181D6169286035061B6801D5196002E07006FBD519800023C1
:204680001646236195E72B6800211A1D2A601E686268304603F004F908B1801B60606368B4
:2046A0002361002384F8433083E72369324649464046D047013086D023689B0714D4E068E6
:2046C000039B9842B8BF18467FE70123324649464046D04701303FF476AF0135E3680399B9
:2046E0005B1AAB42F1DCEAE7002504F11906F5E7A7BD0200B8BD020038B50023054D04461C
:2047000008462B60F4F714F9431C02D12B6803B1236038BD30260020F8B50E4614460546BB
:2047200018B183690BB900F055F9214B9C4210D16C68A369A360A3891A0701D5236993B9B9
:204740002146284600F04CF868B14FF0FF373846F8BD184B9C4201D1AC68EAE7164B9C4258
:2047600008BFEC68E5E72369F6B220683746C01A6369834205DC2146284600F0ADF800283B
:20478000E3D1A3680130013BA36023685A1C22601E706369834204D0A389DB07D7D50A2E82
:2047A000D5D12146284600F097F80028CFD0CCE7588E0200388E0200188E020038B50446F6
:2047C000064D0846114600222A601A4601F0ACF8431C02D12B6803B1236038BD30260020D9
:2047E000314B70B51D6806460C4625B1AB6913B9284600F0EFF82D4B9C420ED16C68B4F944
:204800000C301A072CD4DD0611D40922326043F040034FF0FF30A3813DE0254B9C4201D171
:20482000AC68ECE7234B9C4208BFEC68E7E7580712D5616B41B104F14403994202D03046F9
:20484000FFF728FA00236363A38923F02403A3810023636023692360A38943F00803A3814A
:2048600023694BB9A38903F42073B3F5007F03D02146304600F042F9B4F90C3013F0010201
:204880000AD00022A26062695242A261226942B913F08000BBD170BD990758BF6269A26072
:2048A000F4E70020F7E700BF94040020588E0200388E0200188E020038B50023054D0446A4
:2048C00008462B6001F034F8431C02D12B6803B1236038BD3026002038B50B6905460C467D
:2048E00013B90025284638BD18B183690BB900F071F8144B9C421BD16C68B4F90C30002B81
:20490000EFD0626ED00704D4990502D4A06DF4F753F82846214602F0D4FE636E0546DA070C
:20492000E0D4A3899B05DDD4A06DF4F761F8D9E7054B9C4201D1AC68DFE7044B9C4208BF67
:20494000EC68DAE7588E0200388E0200188E0200002310B504468360818119464366C28188
:2049600008228361C0E90033C0E904335C3002F088FC054B24626362044BA362044BE362E8
:20498000044B236310BD00BF0B7502002D7502006575020089750200014902F02BBF00BFCF
:2049A000D94802000148F4F707B800BFAC0600200148F4F71DB800BFAC0600200148F3F783
:2049C000FBBF00BFC00600200148F4F711B800BFC006002010B50446FFF7F0FFA3691BB10A
:2049E000BDE81040FFF7F0BFC4E9123323652046124B134A1B68A262A34204BF0123A3612C
:204A000000F020F86060204600F01CF8A060204600F018F800220421E0606068FFF798FF22
:204A200001220921A068FFF793FF02221221E068FFF78EFF0123A361D2E700BF148E020033
:204A400099490200F8B50746FFF7ACFF1E4B1E68B36913B93046FFF7BDFF4836D6E9013466
:204A6000013B03D533680BB33668F7E7B4F90C50D5B9164B04F158006566E360F3F76CFFA5
:204A8000FFF796FF0822294604F15C002560A561C4E90155C4E9045502F0F3FBC4E90D551E
:204AA000C4E912552046F8BD6834D9E70421384602F08AFE044630600028D5D1FFF778FF39
:204AC0000C233B60EEE700BF148E02000100FFFF00487047E805002038B50446064D0846F1
:204AE000114600222A601A4600F025FF431C02D12B6803B1236038BD302600208B89F7B518
:204B00009D0706460C4607D504F14703236023610123636103B0F0BD01AB6A4602F089FE14
:204B2000009F054630463946FFF7FEF848B9B4F90C309A05EED423F0030343F00203A381EA
:204B4000E2E70D4BB362A389206043F08003A381019BC4E904075BB1B4F90E10304600F008
:204B60005DFB28B1A38923F0030343F00103A381A3891D43A581CDE7994902000148F3F7E7
:204B80001BBF00BF980600200148F3F731BF00BF9806002070B5466A04460D4676B910204D
:204BA000FFF770F80246606220B9184B66211848FFF738F8C0E901660660C660666AF3687D
:204BC00083B1636ADB6853F82500B8B90121204601FA05F6721D920002F0DAFE60B1C0E98D
:204BE00001560EE021220421204602F0D1FE636AF060DB68002BE4D1002070BD026843F8AF
:204C000025200023C0E90333F7E700BFD6BD02007ABE020070B5466A05460C4676B9102010
:204C2000FFF730F80246686220B9094B8A210948FEF7F8FFC0E901660660C6603CB16B6AD1
:204C40006268DB6853F82210216043F8224070BDD6BD02007ABE02002DE9F04101F1140C57
:204C600007460C461E460D690020DCF80030013099B2854202FB01614FEA13464FEA1143D6
:204C800089B202FB063301EB03414FEA13464CF8041BEADC0EB3A368AB4219DC61683846C3
:204CA0000131FFF777FF804628B902460C4BB5210C48FEF7B7FF226904F10C010C3002323E
:204CC000920002F0D1FA214644463846FFF7A2FF04EB850301355E6125612046BDE8F08111
:204CE00061BE02007ABE020010B50C460121FFF751FF024628B9054B4FF4A0710448FEF7CC
:204D000091FF01234461036110BD00BF61BE02007ABE02002DE9F04F14460A690F4685B043
:204D200023699A42A2BF23460C461F46D4F810A0A368D7F8109061680AEB0906B342B8BF5B
:204D40000131FFF727FF30B90246454B40F25D114448FEF767FF00F11405002205EB860813
:204D60002B46434521D307F1140104F1140204F1150702EB8A0201EB89030293131B153B19
:204D800023F003030433BA4238BF04230193029B03918B420CD8002E03DD58F8043D002B69
:204DA0005BD0066105B0BDE8F08F43F8042BD8E7B1F800A0BAF1000F24D004F1140EA94662
:204DC0004FF0000C5EF8047BD9F800301FFA87FB72459BB20AFB0B334FEA174BD9F80070F4
:204DE00063444FEA174C0AFB0BC707EB13479BB24FEA174C43EA074349F8043BE2D8019B17
:204E000045F803C0039B0431B3F80290B9F1000F21D02B6804F1140CAE464FF0000ABCF83F
:204E200000B09BB2BEF8027009FB0B77574443EA07434EF8043B5CF8043B4FEA134ABEF851
:204E40000030624509FB0A3303EB17434FEA134AE5D8019FEB51043599E7013E9BE700BF8A
:204E600061BE02007ABE02002DE9F843154612F0030207460E4607D0013A254C002354F891
:204E80002220FFF7E9FE0646AD103DD07C6A7CB91020FEF7F7FE0246786228B91D4B4FF4FA
:204EA000D7711D48FEF7BEFEC0E901440460C460D7F82480D8F808404CB940F2712138464C
:204EC000FFF712FF00230446C8F8080003604FF00009EB070AD5314622463846FFF71AFFAE
:204EE0008046314638464646FFF794FE6D100BD0206838B9224621463846FFF70BFF206045
:204F0000C0F800900446E4E73046BDE8F88300BF788E0200D6BD02007ABE02002DE9F047BB
:204F20000C46074691464FEA621A2369496803EB6218A36808F10106B3420BDB3846FFF747
:204F400029FE054648B90246284B40F2D9112848FEF768FE01315B00EEE7002300F11401B1
:204F600000F110021846534533DB2AEAEA7A04F11403206919F01F0901EB8A0103EB800CFB
:204F80002BD0C9F1200E8A460022186800FA09F010434AF8040B53F8042B9C4522FA0EF2AE
:204FA000F3D8ACEB040304F11500153B23F003030433844538BF0423CA500AB108F1020621
:204FC000013E384621462E61FFF724FE2846BDE8F087013342F8040FC5E7043953F8042B98
:204FE0009C4541F8042FF9D8EAE700BF61BE02007ABE02002DE9F74F894606461146144680
:20500000484602F0AAFC051E12D129463046FFF7C1FD024628B9414B40F232214048FEF714
:2050200001FE0123C0E90435104603B0BDE8F08FBCBF4B46A1463046B8BF0125D9F8041053
:20504000B4BF1C460025FFF7A5FD024618B9334B4FF41071E2E7D9F8107004F1140E2669A3
:2050600000F1140BC56009F1140509F110030EEB860605EB8708D9464FF0000C0193019B3D
:205080005EF8040B53F804AF764501931FFA8AF3194683B24FEA1040A1EB0303C0EB1A4014
:2050A000634400EB23409BB24FEA204C43EA004349F8043BE3D8331B1534153B23F003035E
:2050C0000433A64238BF04231D445B442C461E4644450ED308F10301491B033D21F003019D
:2050E000A84538BF00210B4453F8041D99B117619AE754F8041BE6461FFA81FC080C7144B7
:20510000F44489B200EB2C4041EA00414FEA204C46F8041BDCE7013FE6E700BF61BE0200A7
:205120007ABE02002DE9F7430F460121164659EC108BFFF72FFD044630B90246234B40F2F5
:205140000A312348FEF76EFDC9F30A55C9F313030DB143F480130193B8F1000323D06846F3
:20516000009302F0CDFBDDE90012D0B1C0F1200302FA03F3C2400B4301926361019B002B55
:20518000A3610CBF012202222261A5B1A5F233450544C0F135003D603060204603B0BDE8F7
:2051A000F0836161EAE701A802F0AAFB019B203001226361E8E7A0F2324004EB82033860F7
:2051C000186902F07BFBC0EB4210E5E761BE02007ABE020038B50446064D08461146002271
:2051E0002A601A4600F09CFB431C02D12B6803B1236038BD3026002038B50023064D04462A
:20520000084611462B6000F09DFB431C02D12B6803B1236038BD00BF3026002038B50023A0
:20522000054D044608462B6000F087FB431C02D12B6803B1236038BD30260020704783687E
:2052400000EBC101B3F5004F2CBF51F8220031F81200704700EBC1018068B0F5004F2CBFEE
:2052600041F8223021F812307047012208B5FFF7E6FFD04008BD836800EBC101B3F5004F72
:2052800008D34B681AB143F001034B60704723F00103FAE74B881AB143F001034B807047CD
:2052A00023F00103FAE753000122FFF7D3BF8368B3F5004F34BF04230823C91A081AC00804
:2052C0007047B0F5004F34BF042308230731C818C00870470A4608B50121FFF7F2FF0132FE
:2052E000121AB2FA82F0C0F11F0008BD2DE9F041174603220E460446FFF7A1FF86420546BF
:2053000007F104080AD10122E368BA4023EA0203E360002344F82830BDE8F0813146022289
:205320002046FFF78CFF06462B4601460322204644F82850FFF78EFF334629462046BDE8CD
:20534000F0410222FFF786BF70B50D4686680446FFF78BFFB6F5004F014601D3012809D076
:205360003046FFF7B7FF294602462046BDE87040FFF7BCBF70BD2DE9F047054680688846AD
:20538000FFF7A8FF05EB800ADAF810900646B9F1000F1BD00327DAF8104028462146FFF77D
:2053A00064FF404507D3324621462846FFF79EFF2046BDE8F087032221462846FFF73FFF9B
:2053C000013FCAF8100001D08145E4D14FF0FF34EB680136B4401C40EAD094FAA4F2B2FA99
:2053E00082F2131D55F82340DEE72DE9F04114460E460546FFF739FFA4EB0608371B0744EC
:20540000424631462846FFF74EFF3A4621462846FFF749FF4346002221462846FFF71AFFBA
:2054200021462846FFF721FF3B46211800222846BDE8F041FFF70EBF2DE9F04116460446B1
:205440000F46FFF712FF314605462046FFF70DFF05442A4639462046FFF725FF3146204631
:20546000FFF703FF2B46311800222046BDE8F041FFF7F0BE2DE9F0410D4686680446FFF7B0
:20548000F4FEB6F5004F014601D3012832D03046FFF720FF04EB80010E6996B90122E368AB
:2054A00082401343E36002220D612B4629462046FFF7D0FE032229462046BDE8F041FFF72F
:2054C000C9BE022231462046FFF7B9FE0746034629462046FFF7BEFE032233462946204607
:2054E000FFF7B8FE39462B462046FFF7B3FE02223146E1E7BDE8F081F8B50C460546FFF74A
:20550000B4FE2618012231462846FFF798FEC3070CD431462846FFF717FF21462846FFF7A1
:20552000A4FE214622182846FFF786FF002221462846FFF784FE271A012239462846FFF789
:205540007EFE10EA020613D139462846FFF7FCFE214632462846FFF772FE2246211A284648
:20556000FFF76AFF214632462846FFF768FE241A21462846BDE8F840FFF77CBF70B506686F
:2055800009B9002070BDB068B0EBD10FF9D9FFF798FE014605463046FFF7EDFE04460028B0
:2055A000EFD001463046FFF760FEA84209D92544214630462A46FFF718FF29463046FFF7B1
:2055C00059FF304601222146FFF755FEB368B3F5004F34BF0423082303EBC4031844D1E70A
:2055E0001146FFF7CBBF002070470FB407B504A951F8040B0191F1F7C1FF03B05DF804EB48
:2056000004B07047044608B5084611461A46A047FCF7E6FAF2F740FDD0E9002130B54FF035
:205620003333A2FB0324D51843EB0405A1FB0313521844EB0304521944F10002891843F153
:205640000003C0E9001330BD10B50A680346002A0FDD013A0A6044680A201A68A2FB00125C
:2056600000FB0422100F22F07042C3E90012303010BD3020FCE72DE9F0410746884615464B
:205680001E461446B44205D30EB1601B08E02378002BFAD0414614F8010BB8470028F1DA3B
:2056A000BDE8F081002383F31188BFF36F8F0423184602DF70470FB407B504A951F8040B51
:2056C0000191F1F75BFF03B05DF804EB04B07047838B13F0070305D10368002B0CBF002022
:2056E00003207047022B05D1C08BB0FA80F0400980007047012B05D10368002B0CBF002065
:20570000052070470020704710B50C4600B111B96FF0150010BD081D00F02FF80028F9D1D5
:20572000A368032BF6D9F3E72DE9F0410D4607461946281D90461E46F2F732FA044638B17A
:205740003346424629463846A446BDE8F0416047BDE8F08138B50C46054658B151B10B68D6
:2057600043B14B6833B12022002101F08AFD00202C6138BD6FF01500FBE7034640B14268E7
:2057800002F00302022A06D0032A04D0012A05D06FF0150070471A68002AF9D00020986057
:2057A00070477047002908DB8068884205D9401A904234BF0020012070470020704770473A
:2057C00070B516461A4605460C46FFF7EBFF48B16968E8682144826814683246A446BDE87F
:2057E000704060476FF0150070BD70B516461A4605460C46FFF7D6FF48B16968E8682144E9
:20580000826854683246A446BDE8704060476FF0150070BD10B50B460446FFF7C3FF40B1DA
:205820006168E068194483689B682BB1BDE8104018476FF0150010BD6FF05700FBE708B546
:20584000C0688368DB689847006808BD08B5C0688368DB689847407908BD012801D1EFF399
:205860000583F9F7DBBF01460068FFF7F6BF08B5F2F7FCF9BDE80840F2F7FCB90021012054
:20588000FFF7EBBF836F83F30B88704761B662B680F31188BFF36F8F704772B6002383F353
:2058A0001188BFF36F8FBFF34F8F30BF62B6BFF36F8F704772B6002383F31188BFF36F8F97
:2058C000BFF34F8F20BF80F31188BFF36F8F62B6704740E800F313F4803FD8B208BF6FF03D
:2058E0001500704730B50C684B6885B00A894D890094013B24F01F04234402F01F0242EA85
:20590000451223F01F0369468DF808200393F2F78DFD05B030BD002070474FF0FF307047F8
:2059200008461146F2F7D8BF08461146F2F7E8BF4FF0FF307047002070470228CCBF00203C
:20594000012070474FF4005300204B6070477047C16A8968F3F7DEB810B50C460121F3F7E1
:2059600023FA047010BD10B5036801211C78F3F73BFA204610BD02688068101A7047838853
:20598000C2888168D21A03685B1AD01A704738B50D4614461146F3F745FA22462946BDE8D1
:2059A000384001F061BC10B50C460121F3F73AFA047010BD012310B50621044600F8013B3B
:2059C000F6F7E6FB18B9A37963F03F03A37110BD38B50446807AF3F74DF86169054649B127
:2059E000637ADB0704D4C36A20461B689B6898470023636121462846BDE8384001F0A8B8EE
:205A0000034610B5D3E8EF0F40EA0102C3E8E42F002CF7D110BDD0E8EF3F0B40C0E8E23F19
:205A2000002AF8D1704708B500200021F3F720FC18B1BDE80840F3F7D1BB08BD072208B5E1
:205A400001F002FCB0FA80F0400908BD08B500F034FE002818BF6FF00D0008BDF8B5069FCE
:205A60000469C9B2EFF31186402585F31288BFF36F8F0C2505FB0144A56C05F0070CBCF162
:205A8000010F0CD1A76486F31188BFF36F8FC4E91023436853F8313098470020F8BD05F06C
:205AA000C005AF4286F31188BFF36F8F0CBF6FF077004FF0FF30F1E713B580240094FFF791
:205AC000CDFF02B010BD0069CBB200EB4310002110470020F6F758BC0020F6F77FBC104620
:205AE000FAF7C8BB8022F4F7CFBA40F2563070470020704708461146F3F700BE08B50023A9
:205B0000F4F7CEFC00EAE07008BD084608B51146FDF78AF8002818BF6FF0040008BD08B515
:205B2000FDF7DCF8002818BF6FF0040008BD70B5037B04460BB100F071FD0026A06800B988
:205B400070BDB0F5007F28BF4FF4007005460246D4E90010F4F710FD63682B44636023687A
:205B60000BB12B442360A3685B1BA360002BE5D0237B0136002BE1D0304600F050FD002887
:205B8000DCD00120DCE708460021F4F719BD084611461A4609B1F4F713BD6FF015007047A0
:205BA00043681C330B60012313607047436800209B69C1E900307047FAF75CBB4FF0FF325A
:205BC0004FF0FF33FAF7DABBF0B58FB04468D0F810C00020DDE914658DF800100121CDE9DA
:205BE0000950CDF801008DF80500D007CDE90716CDE90B1602F08007CDF818D00D9514D5CA
:205C00009CF81C201BBAD107049357BFBDF81130CDF80130ADF801309DF813304EBF05238B
:205C20008DF80330042307930B9306AB0293211D0AAB7FB1002D14BF02220122CDE90323C1
:205C400002230593206883681C68002302AAA0470FB0F0BD0122CDE903230223059320682A
:205C600083681C6804ABF1E7002373B50D1E466814BF04210621CDE9003380220446FFF720
:205C8000A3FF96F830309B0609D540B93DB90346CDE90000802298212046FFF795FF02B00A
:205CA00070BD1FB5012301930DF10F030093002305211A46FFF788FF08B99DF80F0005B048
:205CC0005DF804FB2DE9FF41064615461C4601270DF10F08002305211A463046CDE9008778
:205CE000FFF772FF40B99DF80F30DB0704D528462146FBF7D5FEEDE704B0BDE8F0812DE967
:205D0000F3471F4643680D1E064690469B695CDBEA199A4259D80069FFF750FF002130465C
:205D2000FFF7A2FF0446002844D181462FB901213046FFF799FF044640E0B7F5807FBA465B
:205D400028BF4FF4807A2A4605EB0A03002D03F1FF334FEA1323B8BF05F1FF02B3EB222F93
:205D600008D06B42DBB25FFA85FA58BFC3F1000ACAF5807A0023802206213046CDE90099FA
:205D8000FFF722FF0446A8B92B46812202213046CDE9008AFFF718FF044658B901220023A6
:205DA0003046FFF78FFFA7EB0A070446D04455440028BBD001213046FFF756FF3069FFF72A
:205DC000FBFE204602B0BDE8F0876FF01504F8E7F7B51E4643680D1E044617469B6914DBBF
:205DE000AA199A4211D80069FFF7E8FE2B46012203212046CDE90076FFF7E6FE05462069DE
:205E0000FFF7DAFE284603B0F0BD6FF01505F9E7F7B54468054694F830309A0746D50769D2
:205E200000F04BFF4FF47A76A0FB060C002347F6122206FB01C1EDF7B7FABB69C31A13D474
:205E4000628DA68D9B1AB3420EDA47F6122740F2E7300021F61A4FF47A720023E6FB070163
:205E6000EDF7A2FAFBF71CFE94F8303013F004031CD18022AB212846CDE90033FFF7A4FE56
:205E8000A8B994F830309B0710D540F2E73147F612250E460146E48D4FF47A72E5FB0461F0
:205EA00000233046EDF780FAFBF7FAFD002003B0F0BD2DE9FF41044600694FF0FF320121E7
:205EC00000F054FE6668306800F0E0FD28B96FF01205284604B0BDE8F081F06818B100F0AD
:205EE000D5FD0028F3D02069FFF768FE2046FFF78FFF002803DA2069FFF75EFEE7E7204602
:205F0000FFF7CFFE051E40F38C80E80700F183802069FFF751FE2069FFF750FE4FF0030894
:205F2000002303AF1A469F212046CDF804800097FFF74AFE05462069FFF73EFE002DC6D11E
:205F40003846424606F1240101F07EF90746002840F0A48096F8283073B32069FFF72EFE37
:205F60002046FFF79EFE051E21DD96F82830802225EA030506213B462046CDE900778DF8A9
:205F80000B50FFF721FE03460028B4D101210DF10B020092204680220191FFF715FE002811
:205FA000A9D1002200232046FFF78CFE05462069FFF702FE002D8AD196F827506B1EDBB2CF
:205FC000FD2B35D92069FFF7F9FD636893F83030990774D500238022B9212046CDE9003389
:205FE000FFF7F2FD054600286BD16368266993F830309B0755D43046FFF7DEFD2069FFF737
:20600000DDFD2046FFF704FF05462069FFF7D4FD05EAE5755DE7002200232046FFF752FE2E
:2060200005462069FFF7C8FD002DBFF674AF4EE715F00B0F3FF44BAF2069FFF7BFFD15F00B
:20604000080319D00123802201930DF10B030093172100238DF80B202046FFF7B5FD0346F1
:206060002069002B7FF448AF037F43F0010303772069FFF7A1FDA5E7AA0705D400238022D7
:20608000B721CDE90033E7E7802206212046CDE90033FFF799FD0028F0D02CE76FF0150559
:2060A00017E700F00AFE4FF47A75A0FB050747F61222002305FB0171EDF776F9B06120691E
:2060C0009AE72069FFF778FD002D97DA15F1860F94D0FEE6436800205B68DB680B607047D7
:2060E000436802EA01005B6821EA02015860002099607047436800205B6859607047436806
:2061000000205B689960704743685A68136821EA03000B40506000209360704730B54368A1
:206120001360057A446804EBC504A34202D36FF0010030BD5C798C4201D00833F0E700205C
:20614000F7E7704743680020DB6BC2E9003070472DE9F743BDF82880032907461C464668D1
:20616000056908F001085DD84FF0010CB37F0CFA01F0012B04BF64085208002C55D094422A
:2061800056D22B689A4211D02B7983434AD19446BCF5004F41D22A606B71326896F81EE089
:2061A000C2F80C35C2F804E5C2F808C54FF0010C6B7924FA03F39BB27A6888F0010E926AC4
:2061C00043EACE3322F811305FFA80F9BCF1000F3AD13068C9B2F4F7F5FD00280EDBB8F1F3
:2061E000000F47D0B4FA84F4640924BB019001A8F4F702FE0123019A93408360297921EAC0
:206200000901297129B3AB7963BB10230122304606F12801F8F720F820E00133082B4FEA29
:206220005C0CB5D16FF0150019E0A4462346C3E747F6FF73C0E7019001A8F4F7DDFD01238D
:20624000019A93404360D9E72B7949EA03032B71D9E77868F8F76AF80123AB71002003B0F0
:20626000BDE8F0830023AB713046F8F797F80028FAD0CAE7003C18BF0124B6E743681B682D
:20628000D3F83031704743681B68D3F88004C3F88004704742681368D3F84C0150B100204A
:2062A000926A12780A70C3F84C01D3F84C2101229A6270474FF0FF30704713B501AA0446E6
:2062C000FFF72CFF002805DB019B226819791868F4F7BAFC02B010BD002201214A20F1F7A7
:2062E00071BF10B50B6813B91846136005E003685C681CB114600368186810BD08330360EE
:206300000B68013B0B60EDE713B501AA0446FFF705FF002805DB019B226819791868F4F7AD
:2063200093FC02B010BD38B50569446895F86D302BB12046F9F74AF8002385F86D3001214B
:20634000E06BFFF7E1FF002038BD10B503680446DBB19868C8B149B1197B0122F4F7E0FE0E
:2063600023681869BDE8104000F08CBB12B99A88D2040AD4186900F085FB23680022BDE801
:206380001040197B9868F4F7CBBE10BD10B5012200210446FFF7D9FFA36933B9636004F107
:2063A0001000BDE81040F9F765BF10BD10B5006903688B4206D190F86C4034B9FFF7E6FFBE
:2063C000204610BD6FF01500FBE76FF00F00F8E738B505690446296405F12800F9F74AFF5E
:2063E000002285F86C2020691146BDE83840FFF7ACBF38B502780346002A52D10C69A26E92
:2064000032B9606E6FF07301BDE83840FFF7E0BFE06D40B1216E31B1DB6823B1834202D0E1
:20642000616F00F021FFA36DA56E9BB19D4211D85B1BA3654BBB636C04F1580208336364A1
:20644000A36C04F14801013BA36404F14400FFF748FF6065236E9BB19D4211D85B1B2366CD
:20646000CBB9E36C04F160020833E364236D04F15001013B236504F14C00FFF732FFE06529
:20648000606EBDE83840F4F719BF636D002BE1D02B446365DEE7E36D002BF1D02B44E365B3
:2064A000EEE738BD07B56846F7F702FBDDE9000103B05DF804FB10B54FF0FF304FF0FF314D
:2064C000F5F72CFA044628B9E6F766FD044618B1F5F72CFA204610BDF5F728FA2046F2F78A
:2064E0008BFDF7E738B50B8A0D461BB96FF01504204638BD01F10C00FFF735FA0128F5D1A8
:206500004FF0FF304FF0FF31F5F708FA04460028EED1E868F5F7B6FB0446F5F707FA002C2F
:20652000E6D1F5F7F9FA2846F2F7D6FBE0E7F5F72BBB10B531220021044600F0A2FE6FF092
:206540003F0363712823A3730223E3736FF0080363766FF03C03A376E3767823237780231E
:2065600084F82330012384F82430802384F82630402384F82D3010BD002303604360037836
:2065800023F01D0343F01D030370437843F040034370704708B5FCF7A1FB48B1002383F389
:2065A0001188BFF36F8F0423184602DF6FF0040008BD684620F007018D4601B5EEF728FDAB
:2065C000BDE8014085467047684620F007018D4601B5EAF7BFFDBDE8014085467047684651
:2065E00020F007018D4601B5EAF736FFBDE801408546704708B5EEF765FA002008BD7047DF
:20660000EAF722BA08B5EBF7E1FF30B1EFF305800338032894BF0020012008BD704701205F
:2066200070478068203820F00F002038704738B515460C4661B15AB1FFF708F921462544B7
:2066400011F8013B834203D1A942F9D1012038BD0020FCE738B50C46012311462246054621
:20666000FFF7AEF800280FDB012221462846FFF7DEFF38B92378012B14BF022301230020AD
:20668000237038BD0323FAE70120FAE707B501238DF8042001AAF6F719F803B05DF804FB30
:2066A00081680122203921F00F01FFF7EFBF8268203A22F00F02FFF7CDBF01460020F6F773
:2066C00001B9004700F0DEB970B5044608461646F6F7AAFB083034F810300D46DA0509D5D3
:2066E000C3F3432304EBC3023146284654F8333052689847A3682BB131462846E268BDE8E2
:206700007040184770BD2DE9F3411746DDE90858019001A80C461E46F6F7DEFB019B391EC7
:2067200018BF012100EB8300231E18BF0123002E43EA410314BF0C210021002D43EA010398
:2067400014BF4FF470610021B8F1000F43EA010314BF4FF440310021D0F880200B4322EADE
:20676000030304B124780FB13F787F001C430EB13678B6003C438DB1297809023443B8F1C1
:20678000000F03D098F800804FEA0848214341EA0801C0F8801002B0BDE8F0812946EDE793
:2067A0001FB50DF10F03019300238DF80F101A4619460093FFF7A7FF05B05DF804FB10B5DE
:2067C00004792046F6F710FC10B12046F6F732FC00F0010010BD2DE9F04700250446884653
:2067E00017462E464FF00109AA46BE420CD1D4F8443133B10023C4F84431D4F8443145F4BF
:2068000000352846BDE8F087F0B2F6F797FBA0F580739B0809FA03F318EA030F05D0225811
:206820001AB144F800A022581D430136DDE770B50679044630460D46F6F7FCFBB0B130466A
:20684000F6F7D2FB90B93046F6F7BEFB012322688340C2F81833226803B202EB8303D3F826
:20686000102522F00302C3F8102570BD2846BDE870400021FFF794BFF6F732BDFFF7D7BF1A
:20688000F6F7EABB30B50124A2F58075AD08AC400C4207D0815829B10021815082581A6809
:2068A00022431A6030BD002313B50C4601934FF4887201ABFFF7E6FF21464FF48A72FFF7DB
:2068C000E1FF21464FF48E72FFF7DCFF21464FF48272FFF7D7FF21464FF48472FFF7D2FF8C
:2068E00021464FF48672FFF7CDFF4FF48C722146FFF7C8FF019802B010BD30B50224012586
:206900000C72CA600468C4F80055096879B112F0040F0CBF82219221150748BF41F020010C
:20692000D406046848BF21F08001C4F80013016812F0800008BF01224FEAC30303F11003CE
:206940000CBFCA50C81830BDC9B2F7F797BD10B50124A1F580739B0804FA03F318400CD08A
:2069600001F1502101F55021086830B1002008602046096811681943116010BD70B501263E
:20698000A2F58074A40806FA04F4054614EA010008D0A85830B100213046A950AA581A68B1
:2069A00022431A6070BD00232DE9F34104460D460193904601AB4FF48072FFF7DFFF4FF45F
:2069C000827229462046FFF7D9FF4FF48472074629462046FFF7D2FF064630B1B8F1000F19
:2069E0001DD017B13E46D4F80C374FF4A6722946204601ABFFF7C2FF30B1B8F1000F03D050
:206A000016B90FB1D4F80C374FF4B4722946204601ABFFF7B3FF019802B0BDE8F081464659
:206A2000E3E770B54B7F04460D467BB1012364264360002202212046FFF7B5FF20B9012034
:206A4000FFF740FE013EF4D100236B770023C4F8003570BD07B5019001A8F8F7C3FA0123F2
:206A6000019A9340436003B05DF804FB07B5019001A8F8F7B7FA0123019A9340836003B040
:206A80005DF804FB08B1F2F73DBA704740B1C368587810F001001EBF1878B0FA80F0400995
:206AA0007047EFF31183402383F31288BFF36F8FFEE708B5FFF7F5FF10B54369044633B953
:206AC0000020E268537843F00103537010BD98470028F5D00028B8BF4042FF28A8BFFF2020
:206AE000E3681870EDE700F0CCBB00F0BDBB10B400F10C04C0E90344002444615DF8044BEE
:206B0000F0F796BC90F90E308B4201D0FAF778BC0020704703460020C3E90033C3E90200E5
:206B2000704710B5044630B10268930703D0446809B100F074F9204610BD012307B500936E
:206B400000230A461946F9F73FFA03B05DF804FB002307B50A4600931946F9F735FA03B040
:206B60005DF804FB00210068FFF7DBBF5AB18A4209D300F11003C0E90212C0E90000C0E9E2
:206B80000433002070476FF015007047012302688B4022EA0303036022FA01F000F00100F0
:206BA000704720B10022E4301146FBF747B9704710B5F9F7E9FE041E08DDEFF3118040239E
:206BC00083F31288BFF36F8FFAF736FD204610BDEFF30580003818BF012070476FF057009A
:206BE0007047D0E9003213605A600023C0E90033704738B504460D46FAF7F2F8637B43F09A
:206C000002036373E5B1A5602B689D4209D16B68C4E900531C606C6012E06A689A42F6D031
:206C20001B68002BF3D094F90E2093F90E108A42F3D09142F1DD5A68C4E9003214605C607D
:206C400038BD01211838FAF7ABBA10B50446FAF75FFA04F11800BDE81040FBF7EBBB38B597
:206C6000054604680020AC4200D138BD002CFCD02046FFF7EAFF2046FAF704FA2C68012042
:206C8000A542F1E708B50246FBF7C2FA70B1D0E904319B1A61EBE272B3F1004F72F10001C7
:206CA00004DA002AACBF1846002008BD6FF00040FBE708B5FBF7C0FC08BDFBF7BDBCB3F15E
:206CC000FF3F08BFB2F1FF3F70B504461D46164613D01A4315D06FF001024FF0FF33921BFB
:206CE00063EB0501002904DAFBF7A6FC821941EB0501C4E90021204670BD4FF0FF321146B0
:206D0000F7E70022FBE7B3F1FF3F08BFB2F1FF3FF8B5074616461C4610D054EA020311D04B
:206D2000FBF78AFCB0420A46A14103460AD2F31A64EB0204C7E900343846F8BD4FF0FF33A8
:206D40001C46F7E70023FBE70023C0E9081200F11802C0E90622C0E900330363436370478D
:206D600010B50446FBF766FBA8B9636A0BB12046984704F11800FAF7F5FA60B1FAF782F918
:206D8000EFF31180402383F31288BFF36F8FBDE81040FAF751BC10BD2DE9F041846805461F
:206DA0000E46D4B16378012B22D114F8533C9A0711D5A4F160073846FFF747FF082E0CBF27
:206DC0006FF003030023E36214F8533CDB0602D13846FAF757F9002323700020EB68A860A7
:206DE000C3F38632164366F39433EB60BDE8F081022BF0D12378002BEDD054F8048CB8F155
:206E0000000FE8D004F11400FBF714FB0023A4F1140739464046E362F9F7B6FDDBE720B14E
:206E2000011F50F8040CF8F797BE704710B50446406A10B1A16A00F02EF80020C4E909006E
:206E400010BD38B50546FFF7F1FF2B7F0446012B0ED0023B012B0ED82B6A012B18BF6FF003
:206E600096042C220021284600F00BFA204638BD2B6A002BF2E76FF09604F2E7FCF73AB8FB
:206E800070470020FCF7A4B80020FCF7D9B8002000F0C1B8704710B5044608B1FBF7C8FF67
:206EA0002046BDE81040FBF7BDBF0A2840DCC31C22DA10F1400F47D010F13F0F2BDA10F124
:206EC000410F44D010F1550F44D010F1490F08BF6FF0840018BF6FF08600704709282AD82C
:206EE000DFE800F00529290816293829292F6FF09800704700207047C31C0D2B1BD8DFE82E
:206F000003F0072F1A1C1A1A1A1A1A1A1D1A1A1D6FF08500704710F1210F1ED00BDB10F167
:206F2000200F1DD010F1100F08BF6FF09400D1E764380928D2D96FF0860070476FF094009C
:206F400070476FF08C0070476FF0840070476FF0890070476FF0930070476FF08800704758
:206F60006FF09200704710B501380A44914200D110BD10F8013F11F8014B63400370F5E71D
:206F80000144814200D1704711F8013D1A440A70120AF6E710B58B4294BFC4184418A0424A
:206FA00000D110BD00F8012BF9E700231A4682B001908B4201D102B070470198C2540133FE
:206FC000F7E70368D90444BF43F48063036003689A0444BF43F400630360704737B5054614
:206FE00000216846FCF73EFB044668B9302229466846FCF789FB10F1520F044607D0431C63
:20700000F4D0684600F0A0F8204603B030BD684600F09AF8E4E70020704707B501A9FCF745
:2070200025F9003818BF012003B05DF804FBCA0448BF41F480618B0448BF41F40061816003
:20704000704730B589B0054618220C4601A8002100F017F9012344EA052401A9FA200794E0
:207060000593FCF7B1F8002818BF6FF0920009B030BDF7B5FA2001A9FCF7F8F8044610B1E8
:20708000002003B0F0BD019D2F0AEDB2AC4205D1FA20FCF7D1F80028F2D008E0E619304619
:2070A000FCF7CAF830B13046FFF7B7FF10B96FF09200E6E70134E9E7BFF35F8F4FF0A343C7
:2070C000DA69BFF35F8FBFF35F8F10215963BFF35F8FBFF35F8F00215963BFF35F8FBFF3D1
:2070E0005F8FD96BBFF35F8F4906F8D422B1BFF35F8FDA61BFF35F8F704708B5FCF70CFCE6
:2071000030B9BFF35F8F4FF0A343986ABFF35F8FBFF35F8F4FF0A342D36BBFF35F8F10F07D
:20712000240F03F0230304D0FFF7C6FF6FF01F0008BD4FF0FF30002BFAD1BFF35F8F1063BA
:20714000BFF35F8F1846F3E710B5037804461BB1FBF79AFE00232370002010BD38B50225C0
:20716000036804469D6000F02CF818B1236803F58053DD6138BDC0F30B03482B4B6028BF31
:20718000482310F4003F8B6008BF0023CB6010F4803308BFC1E9013300F47003B3F5700F57
:2071A00014BF00238B6800284FF0010C4FF008028B60B8BF0023C1E905C2B8BFC1E90533DA
:2071C00070470369186800F400307047F8F70CBE4FF0FF324FF0FF33F8F736BDFCF708BDFD
:2071E00007B54FF0FF334FF0FF32CDE90023002200F027F803B05DF804FB00F01EB800F02B
:2072000018B810B5C46E826E4B68E40703EA02030BD59A420BD1012380F870300B68436637
:2072200008601830FBF706F901E0002BF3D1002010BD4FF0FF32FCF7EBBB0A460021FCF783
:20724000E7BB5200FCF736BC0139024410B5904201D1002005E0037811F8014FA34201D0DD
:20726000181B10BD0130F2E70A44431E914200D1704710B511F8014B914203F8014FF9D1F8
:2072800010BD02440346934200D1704703F8011BF9E79368013B002B936010B408DA946946
:2072A000A34201DB0A2903D15DF8044BFDF734BA1368581C1060084619705DF8044B7047EF
:2072C000F8B506460F461446D518AC4201D1002007E03A4614F8011B3046FFF7DAFF431C06
:2072E000F3D1F8BD2DE9F04F85B00C469046194657EC106B002F3B46DDE90E9BBCBF07F1B4
:20730000004332462BF0200AAFBF00231F4616462D23BAF1460F0B7005D0BAF1450F00D1AB
:207320000134022100E0032103AB2246019302AB47EC106B00934B46EFF74AF8BBF1670F7E
:20734000054619D118F0010F0ED005EB04080022002330463946EBF7B7FF08B1CDF80C802A
:207360003022039B434521D3039B2846109A5B1B136005B0BDE8F08FBBF1470FE2D0BAF1CA
:20738000460F00EB0408E2D10378302B0AD10022002330463946EBF797FF18B9C4F1010400
:2073A000C9F80040D9F800309844D0E7591C03911A70D6E7F7B500290270BABF49422D234D
:2073C0002B230929437028DD0DF107030A271D461A46013BB1FBF7F607FB1614303402F81A
:2073E000014C0C463146632CF2DC3031941E03F8011C411C2346AB420AD30DF109039B1AA0
:20740000AC4288BF002302330344181A03B0F0BD13F8016B01F8016FEDE7302330318370AB
:20742000031DC170F1E72DE9F047164698468A6807460B690C46DDF820909342B8BF13466D
:20744000336091F843200AB1013333602368990642BF336802333360256815F0060506D129
:2074600004F1190AE36832689B1AAB422BDC94F843302268003B18BF0123920630D404F116
:20748000430241463846C847013023D023681A3454F80A2C03F00603042B0ABF54F80E5C6A
:2074A000002533684FF0000608BFED1A54F8123C08BF25EAE5759342C4BF9B1AED18B54226
:2074C0001AD1002008E00123524641463846C847013003D14FF0FF30BDE8F0870135C1E77C
:2074E000E1185A1C30200233224481F8430094F8451082F84310C2E701232246414638468E
:20750000C8470130E6D00136D9E710B50C46B1F90E10FDF75FFE0028ABBF636DA3891B188D
:2075200023F48053ACBF6365A38110BD2DE9F0411F468B8905460C46DB05164605D50223A5
:207540000022B1F90E10FDF7C7FAA3893246B4F90E10284623F48053A3813B46BDE8F0414A
:20756000FDF72CB910B50C46B1F90E10FDF7B4FA431CA38915BF606523F4805343F4805399
:20758000A38118BFA38110BDB1F90E10FDF794B90246014410B58A42134603D01C780132E5
:2075A000002CF8D1181A10BD2DE9F74F036907460C69A342C0F28380013C00F1140501F17A
:2075C0001408A30055F8242008EB8409009305EB8403019358F8243001339A42B2FBF3F6F3
:2075E00031D34FF0000AC446AE46D3465CF8043B98B2E1454FEA134306FB00A04FEA104269
:2076000080B206FB0323DEF8002092B24FEA134AA2EB00029BB2DEF800005A44C3EB2243DE
:2076200092B203EB104342EA03424FEA234B4EF8042BDBD2009BEB582BB9019B043B9D420F
:207640001A4630D33C61384600F087F9002826DB2946002058F8042BD1F800C01FFA82FEE3
:20766000C1451FFA8CF34FEA1242A3EB0E030344C2EB23429BB202EB1C4243EA02434FEAA4
:20768000224041F8043BE5D255F8242005EB840322B9043B9D421A460BD33C6101363046D0
:2076A00003B0BDE8F08F1268043B002ACAD1013CC5E71268043B002AEFD1013CEAE70020BB
:2076C000EEE7B1F90C202DE9F041170705460C4656D44B68002B02DC0B6C002B3DDDE66A0B
:2076E000002E3AD0002312F480522F68216A2B6025D0626DA389580705D56368D21A636BFC
:207700000BB1236CD21A216A0023E66A2846B047411C24D00023636023692360A389DA047F
:2077200000D56065616B2F60B9B104F14403994202D02846FCF7AEFA002363630DE00123FE
:207740002846B047461C0246D4D12B68002BD1D01D2B01D0162B2AD12F6000202EE02A6872
:20776000B4F90C3042B11D2A01D0162A21D10023636023692360D5E7626022692260CEE7AE
:207780000F69002FE9D093070E680F600CBF4B690023A6EB07088B60B8F1000FDDDD4346E2
:2077A0003A46216A2846A66AB047002808DCB4F90C3043F040034FF0FF30A381BDE8F08136
:2077C0000744A8EB0008E7E770B568234D1E0E465D4305F17401FCF7A7FA044640B100218B
:2077E00005F16802C0E900160C30A060FFF749FD204670BD2DE9F8430646884600F14804B7
:207800000027D4E90195B9F1010905D52468002CF7D13846BDE8F883AB89012B07D9B5F954
:207820000E30013303D029463046C04707436835E9E770B50C46B1F90E1096B01546002957
:207840001E460CDAA389002113F0800F14BF40234FF48063002031602B6016B070BD6A46C4
:20786000FDF7CAFC0028EDDB019901F47041A1F50053594259414FF48063EBE782B001B91C
:2078800001A942B14BB113780B601278101E18BF012002B070471046FBE76FF00100F8E7C9
:2078A000C9B20346024410B59342184601D1002003E0047801338C42F6D110BDB0F5803F7B
:2078C000034636BF030400201020B3F1807F3CBF1B020830B3F1805F3CBF1B010430B3F1AE
:2078E000804F03D3002B0ADB013070479B0001D5023070475B0001D503307047202070477F
:207900000368024613F007000BD0D90721D4980747BF5B0801209B0802204CBF136013601B
:20792000704799B209B91B0C1020D9B209B908301B0A190704BF1B090430990704BF9B0841
:207940000230D90703D45B0800F1010003D013607047002070472020704703460A690069F9
:20796000801A30B50ED11433143103EB820401EB820154F8045D51F8042D954203D005D292
:207980004FF0FF3030BDA342F3D3FBE70120F9E738B502FB01F52946FCF7C6F9044618B1EA
:2079A0002A460021FFF76DFC204638BD0346084641B1FF2A04D98A224FF0FF301A607047A2
:2079C00001200A7070470000A2D9FE7F01000000618E01000000000000000000987A020058
:2079E00009FB01000000000000000000D87A020000000000B87A020000000000F87A020086
:207A000025C2010000000000F56502000000000000000000187B020000000000587B0200B8
:207A200000000000387B020000000000787B020051A401000000000099B701000000000055
:207A4000298F010000000000898801000000000000000000987B0200596301000000000089
:207A6000850502000000000000000000F87B020000000000B87B020000000000187C02003A
:207A800000000000D87B0200956502000000000000000000387C02002A9F0200288B02005F
:207AA0005C85020066060020CC1C00202DA1010000000000000000008FA002009C8B020026
:207AC0002885020072060020601D0020A1AB010000000000000000009BA00200B48B0200F7
:207AE00028850200740600206C1D0020A1AB01000000000000000000A6A00200CC8B0200A6
:207B00002885020076060020781D0020A1AB01000000000000000000379F02000000000040
:207B2000E08402006806002000000000F15A020000000000000000004A9F02000000000019
:207B4000F08402006A06002000000000E5A401000000000000000000469F020000000000AE
:207B6000E88402006C060020000000001F5B0200000000000000000075A102006C8C020077
:207B8000788502007A0600208C1D0020F5AE0100000000000000000088A4020000000000AB
:207BA000688D02007E0600209C1D002069BA01000000000000000000B69E020000000000D7
:207BC000D08402006406002000000000699B010000000000000000004E9F020000000000D1
:207BE000F88402006E0600200000000025A501000000000000000000F8A00200148C02006C
:207C00004C85020078060020841D00204DAE0100000000000000000080A10200D88C0200AD
:207C2000548502007C060020D00300207DB101002763020000000000679F0200488B02003C
:207C40001085020070060020401D0020B35E02000000000000000000000000007D58020090
:207C6000000000007D580200000000007D580200000000007D580200000000007D580200A8
:207C8000000000007D580200000000007D580200000000007D580200000000007D58020088
:207CA000000000007D580200000000007D580200000000007D580200000000007D58020068
:207CC000000000007D580200000000007D580200000000007D580200000000007D58020048
:207CE000000000007D580200000000007D580200000000007D580200000000007D58020028
:207D0000000000007D580200000000007D580200000000007D580200000000007D58020007
:207D2000000000007D580200000000007D580200000000007D5802000000000011C30100E9
:207D4000000000007D580200000000007D580200000000007D580200000000007D580200C7
:207D6000000000007D580200000000007D580200000000007D580200000000007D580200A7
:207D8000000000007D580200000000007D580200000000007D580200000000007D58020087
:207DA000000000007D580200000000007D580200000000007D580200000000007D58020067
:207DC000000000007D580200000000007D580200000000007D580200000000007D58020047
:207DE000000000007D580200000000007D580200000000007D580200000000007D58020027
:207E0000000000007D580200000000007D580200000000007D580200000000007D58020006
:207E2000000000007D580200000000007D580200000000007D580200000000007D580200E6
:207E4000000000007D580200000000007D580200000000007D580200000000007D580200C6
:207E6000000000007D580200000000007D580200000000007D580200000000007D580200A6
:207E8000000000007D580200000000007D580200000000007D5802000000000061380200C2
:207EA000000000007D5802001DF70100C3660200000000007D580200000000007D580200FD
:207EC000000000007D580200000000007D580200000000007D580200000000007D58020046
:207EE000000000007D580200000000007D580200000000007D580200000000007D58020026
:207F0000000000007D580200000000007D580200000000007D580200000000007D58020005
:207F2000000000007D580200000000007D580200000000007D580200000000007D580200E5
:207F4000000000007D580200000000007D580200000000007D580200000000007D580200C5
:207F6000000000007D580200000000007D580200000000007D580200000000007D580200A5
:207F8000000000007D580200000000007D580200000000007D580200000000007D58020085
:207FA000000000007D580200000000007D580200000000007D580200000000007D58020065
:207FC000000000007D580200000000007D580200000000007D580200000000007D58020045
:207FE000000000007D580200000000007D580200000000007D580200000000007D58020025
:20800000000000007D580200000000007D580200000000007D580200000000007D58020004
:20802000000000007D580200000000007D580200000000007D580200000000007D580200E4
:20804000000000007D580200000000007D580200000000007D580200000000007D580200C4
:20806000000000007D580200000000007D580200000000007D580200000000007D580200A4
:20808000000000007D580200000000007D580200000000007D580200000000007D58020084
:2080A000000000007D580200000000007D580200000000007D580200000000007D58020064
:2080C000000000007D580200000000007D580200000000007D580200000000007D58020044
:2080E000000000007D580200000000007D580200000000007D580200000000007D58020024
:20810000000000007D580200000000007D580200000000007D580200000000007D58020003
:20812000000000007D580200000000007D580200000000007D580200000000007D580200E3
:20814000000000007D580200000000007D580200000000007D580200000000007D580200C3
:20816000000000007D580200000000007D580200000000007D580200000000007D580200A3
:20818000000000007D580200000000007D580200000000007D580200000000007D58020083
:2081A000000000007D580200000000007D580200000000007D580200000000007D58020063
:2081C000000000007D580200000000007D580200000000007D580200000000007D58020043
:2081E000000000007D580200000000007D580200000000007D580200000000007D58020023
:20820000000000007D580200000000007D580200000000007D580200000000007D58020002
:20822000000000007D580200000000007D580200000000007D580200000000007D580200E2
:20824000000000007D580200000000007D580200000000007D580200000000007D580200C2
:20826000000000007D580200000000007D580200000000007D580200000000007D580200A2
:20828000000000007D580200787B02007D620200000000007D580200000000007D58020083
:2082A000000000007D580200000000007D580200000000007D580200000000007D58020062
:2082C000000000007D580200000000007D580200000000007D580200000000007D58020042
:2082E000000000007D580200DDE30100C3660200000000007D580200000000007D5802000D
:208300003DEE0100C3660200000000007D580200000000007D580200000000007D58020081
:20832000000000007D580200000000007D580200BDD80100C3660200000000007D580200F7
:20834000000000007D580200000000007D580200000000007D580200000000007D580200C1
:20836000000000007D580200000000007D580200000000007D580200A1DE0100C3660200CD
:20838000000000007D580200000000007D580200000000007D580200000000007D58020081
:2083A000000000007D580200000000007D580200000000007D580200000000007D58020061
:2083C000000000007D580200000000007D580200000000007D580200000000007D58020041
:2083E000000000007D580200000000007D580200000000007D580200000000007D58020021
:20840000000000007D580200000000007D580200000000007D580200000000007D58020000
:20842000000000007D580200000000007D580200000000007D580200000000007D580200E0
:20844000000000007D580200000000007D580200000000007D580200000000007D580200C0
:20846000000000007D580200000000007D580200000000007D580200000000007D580200A0
:2084800001660200C3660200000000007D580200000000007D580200000000007D580200C3
:2084A000000000007D580200000000007D580200000000007D580200000000007D58020060
:2084C000CDD80100C3660200000000007D5802003D9A0100C59F0100399E01008403000058
:2084E000F55A0200000000000B5B020000000000FD5A0200A1A401004DA501008F5B020045
:20850000875B02000DA50100FDA4010015A50100D15D0200FF5C02004DA6010045A60100FA
:20852000AD5B0200A15B020081A90100D5600200E1600200F5600200FF600200096102006A
:2085400059A8010065A701000000000051610200456102008DB30100AD63020089A1010032
:20856000E55A0200B95A02000000000051A0010000000000000000009562020019B00100F0
:2085800087620200FFFFFFFFFFFFFFFFFFFFFFFF00A0105000820D500004055005000000BF
:2085A0000400000001000000FCDE41EBA2D1422400B5F8579FAC9D9EAAC9B434F401FA0003
:2085C000960064004B0032001E0014000A00050002000100010001000001010000010001DA
:2085E000000001000100000001000B0002000A00050009000A000800140007001E00060002
:20860000320005004B0004006400030096000200FA000100F4010000020301000C080217B2
:208620000D0101020909010106020918180301010909030305030201230202240910040440
:2086400005050B0B040B2B1B1B151A1A1C021D16130501490D150508061B1B0F0202080107
:20866000010000FEFEFEFEFEFEFEFEFEFEFEFEFEFEFEFEFE16FEFEFEFEFEFEFEFEFEFEFE1B
:208680001F1FFEFE26FEFEFEFEFEFEFEFEFEFEFEFEFEFEFEFEFEFE3E3EFEFEFEFE3B3B00B4
:2086A000F401FA00960064004B0032001E0014000A00050002000100A201B003BE05EE0207
:2086C0004806A209C405F40B24120E021C045A03B4063006600C0000040F00200200000B7A
:2086E000680000200200000B700F00200200000C720F00200200000B720F00200100000CDC
:20870000740F00200100000C0100000007000000000000000000000000000000000040065B
:208720000C0300000000000048A3000014A000000406080A0C0E10121416181C1E20222451
:2087400026282A2C2E30323436383A3C3E40424446484A4C4E021A500000000028000000C3
:208760001800000000000000F023000024130000000000004006000040060000000098086B
:208780006B03000000000000F0230000241300000001030200000000000001010101010115
:2087A000010101010101020202020202030304040505060607070808090A0B0C0D0E0F1001
:2087C0001112131415161718191A1B0010010000D200000030010000D800000001000000BA
:2087E000E400000002000000EA00000002000000EC00000003000000EE00000004000000C6
:20880000F000000005000000F200000006000000F400000007000000F60000000800000072
:20882000F700000009000000F80000000A000000F90000000B000000FA0000000A0000002E
:20884000FB0000000F000000FC00000011000000FD00000013000000FE00000015000000DE
:20886000FF00000018000000000000001B000000010000001F000000020000002300000081
:208880000300000028000000040000002D0000000500000033000000060000003900000005
:2088A000070000003F0000000800000008090A0608080102060000100200FA000000FCDE4A
:2088C00041EBA2D1422400B5F8579FAC9D9EAAC9B43400004B530100575301005B530100B5
:2088E000635301006753010000000000000000000338FDD87047000000000000000000003F
:208900000338FDD8704700000080E03779C34143176E05B5B5B89346F5F93FE9034F384DC7
:20892000321D30F94877825A3CBF737FDD4F1575000000000000F03F0000000000002440EE
:2089400000000000000059400000000000408F40000000000088C34000000000006AF84042
:208960000000000080842E4100000000D01263410000000084D797410000000065CDCD418B
:20898000000000205FA00242000000E876483742000000A2941A6D42000040E59C30A24281
:2089A0000000901EC4BCD64200003426F56B0C430080E03779C3414300A0D88557347643D0
:2089C00000C84E676DC1AB43003D9160E458E143408CB5781DAF154450EFE2D6E41A4B44CE
:2089E00092D54D06CFF08044F64AE1C7022DB544B49DD9794378EA44070000000000000097
:208A00000000000000C00000D87B02000100000000C0000000080000D87B02000200000021
:208A200000C0000000001000D87B02000300000000C8000000F80F00D87B020004000000E6
:208A400000C8000000F80F00D87B02000500000000C0100000000700D87B020006000000BB
:208A600000C0170000100000D87B020040000020000000000600010002000000808A020045
:208A800000000000239A020002000000E0CF1700000000202B9A020021000000E0FF032045
:208AA000A98A0100000000004F590200A08A0200B88A02004700000028880020A08A020025
:208AC000C88A02002E000000088C0020A08A0200D88A020002010000DC8C0020A08A020019
:208AE000E88A020047000000F88D0020000000002400000025000000260000002700000080
:208B00002B0000002C0000002D0000002E00000000300000001000000020000015A001008D
:208B200005A1010000000000A1A20100C5A10100D35A0200D95A02001000000001FF00006F
:208B40007D01000000100000187C020000127A0000010000F87A02000500010000000000EA
:208B6000000080008000000000000100C228170000000100000001000200000001000000EE
:208B800000FF000000A0105000820D50000405507F000000FFFF0100FF0700001F000000FB
:208BA00000A01050000000000000000000C0105001000000FFFF000000820D5000000000B7
:208BC0000100000000A00D5000000000FF0700000004055000000000020000000000000036
:208BE0000000000000A0105000820D50000405507F000000FFFF0100FF07000000A01050B9
:208C000000820D50000405507F000000FFFF0100FF07000000200D5000000000000000001B
:208C20000000000000000000000000000000000000040000E80302010101000034260020C6
:208C4000040000000000000000000000548C02000024F40000200D50608C020001000000AA
:208C6000688C0200010000002A00001600600C5000000000000000009C8C020000C2010014
:208C80000000D6010000000000000040000000003F2600203E2600200101000000600C50F6
:208CA000A88C020001000000B08C0200040000002400000026000002250600012706000393
:208CC00000A0105000820D50000405507F000000FFFF0100FF07000000A0045000000000E4
:208CE0000048E801000000000000000000000000FFFFFFFF0000FF00000000000000000048
:208D0000FFFFFFFF0100000101000000D9620200FFFF0000288D0200FFFFFFFF0000000066
:208D2000000000000000000000A00450348D0200010000003C8D0200030000004100000468
:208D40004200000544000006F87A02000500010000A0105000820D50000405507F00000051
:208D6000FFFF0100FF07000075B90100B7640200E56402000200000005000000000100004F
:208D800000A0105000820D50000405507F000000FFFF0100FF07000008000000020000000D
:208DA000040000000100000000A0105000820D50000405507F000000FFFF0100FF070000F2
:208DC00000A0105000820D50000405507F000000FFFF0100FF070000D0790200D079020041
:208DE000387A0200487A0200987A0200987A02008CB302000001000000010000000200008E
:208E0000001400000028000000400000010000000200000098040020000000000000000017
:208E2000000000000000000000000000000000000000000000000000000000000000000032
:208E4000000000000000000000000000000000000000000000000000000000000000000012
:208E60000000000000000000000000000000000000000000000000000500000019000000D4
:208E80007D00000010002DE15D29410B8D77679C110F1F8A574553545F544F504449522FF2
:208EA0007A65706879722F696E636C7564652F7A65706879722F647269766572732F6770F8
:208EC000696F2E680028666C61677320262028283155203C3C20323129207C2028315520E5
:208EE0003C3C20323229207C20283155203C3C20323329207C20283155203C3C20323429EC
:208F0000207C20283155203C3C20323529207C20283155203C3C203236292929203D3D20E0
:208F20003000415353455254494F4E204641494C205B25735D20402025733A25640A0009AF
:208F4000496E7465727275707420666C61677320617265206E6F7420737570706F727465AC
:208F6000640A0028666C616773202620282831203C3C203429207C202831203C3C20352927
:208F8000292920213D20282831203C3C203429207C202831203C3C20352929000950756CBD
:208FA0006C20557020616E642050756C6C20446F776E2073686F756C64206E6F7420626591
:208FC00020656E61626C65642073696D756C74616E656F75736C790A00212828666C616763
:208FE00073202620283155203C3C2031362929202626202128666C61677320262028315583
:20900000203C3C20313729292026262028666C6167732026202831203C3C203129292900FA
:2090200009496E7075742063616E6E6F7420626520656E61626C656420666F7220274F7035
:20904000656E20447261696E272C20274F70656E20536F7572636527206D6F64657320777C
:209060006974686F7574204F75747075740A0028666C6167732026202831203C3C20312992
:209080002920213D2030207C7C2028666C6167732026202831203C3C20322929203D3D20B7
:2090A000300028666C61677320262028283155203C3C20313829207C20283155203C3C20A3
:2090C0003139292929203D3D2030207C7C2028666C616773202620283155203C3C20313720
:2090E000292920213D203000094F7574707574206E6565647320746F20626520656E6162E7
:209100006C656420746F20626520696E697469616C697A6564206C6F77206F7220686967AF
:20912000680A0028666C61677320262028283155203C3C20313829207C20283155203C3C00
:2091400020313929292920213D2028283155203C3C20313829207C20283155203C3C2031F9
:2091600039292900094F75747075742063616E6E6F7420626520696E697469616C697A65EE
:2091800064206C6F7720616E6420686967680A00286366672D3E706F72745F70696E5F6DE2
:2091A00061736B202620286770696F5F706F72745F70696E735F74292831554C203C3C2048
:2091C0002870696E29292920213D2030550009556E737570706F727465642070696E0A005F
:2091E000312E302E300056657273696F6E3A257309427574746F6E2070726573736564200F
:2092000061742025750A004572726F723A20627574746F6E206465766963652025732069E4
:2092200073206E6F742072656164790A004572726F722025643A206661696C656420746F96
:2092400020636F6E6669677572652025732070696E2025640A004572726F722025643A204D
:209260006661696C656420746F20636F6E66696775726520696E74657272757074206F6E9A
:209280002025732070696E2025640A0053657420757020627574746F6E2061742025732042
:2092A00070696E2025640A004572726F722025643A204C454420646576696365202573206A
:2092C0006973206E6F742072656164793B2069676E6F72696E672069740A004572726F7243
:2092E0002025643A206661696C656420746F20636F6E666967757265204C454420646576CD
:209300006963652025732070696E2025640A00536574207570204C45442061742025732057
:2093200070696E2025640A0050726573732074686520627574746F6E0A00737461727420B1
:2093400064656C7461207570677261646520746F2076657273696F6E202573212121206433
:2093600065766963652077696C6C20656E746572206D6375626F6F742C20706C65617365EC
:2093800020776169742E2E2E2E2E2E200D0A005B6572723D25645D2D2D2D666C6173682031
:2093A000696D6167655F6F6B20666C6167206661696C65642121210D0A00574553545F54C2
:2093C0004F504449522F7A65706879722F6C69622F686561702F686561702E63006368756D
:2093E0006E6B5F7573656428682C2063290009756E6578706563746564206865617020738D
:20940000746174652028646F75626C652D667265653F2920666F72206D656D6F7279206103
:20942000742025700A006C6566745F6368756E6B28682C2072696768745F6368756E6B283C
:20944000682C20632929203D3D20630009636F72727570746564206865617020626F756E13
:2094600064732028627566666572206F766572666C6F773F2920666F72206D656D6F727937
:209480002061742025700A006279746573203E20686561705F666F6F7465725F62797465D4
:2094A00073286279746573290009686561702073697A6520697320746F6F20736D616C6C98
:2094C0000A00686561705F737A203E206368756E6B737A2873697A656F6628737472756303
:2094E00074207A5F686561702929006368756E6B305F73697A65202B206D696E5F6368755E
:209500006E6B5F73697A65286829203C3D20686561705F737A00286E696C29005745535425
:209520005F544F504449522F7A65706879722F6C69622F7574696C732F6F6E6F66662E638B
:20954000007374617465203D3D20305500217379735F736C6973745F69735F656D707479D4
:2095600028266D67722D3E636C69656E747329007472616E73697420213D202828766F6990
:2095800064202A293029007374617465203D3D202831554C203C3C2028312929006D67721D
:2095A0002D3E72656673203D3D2030007374617465203D3D202831554C203C3C2028302998
:2095C0002900574553545F544F504449522F7A65706879722F696E636C7564652F7A65708C
:2095E0006879722F7370696E6C6F636B2E68007A5F7370696E5F756E6C6F636B5F76616CD0
:209600006964286C2900094E6F74206D79207370696E6C6F636B2025700A007A5F73706919
:209620006E5F6C6F636B5F76616C6964286C290009496E76616C6964207370696E6C6F63A0
:209640006B2025700A00574553545F544F504449522F7A65706879722F6C69622F757469B4
:209660006C732F6E6F746966792E63002A2A2A20426F6F74696E67206E524620436F6E6E6E
:209680006563742053444B2076332E312E302D366336653562333234393665202A2A2A0AF9
:2096A000002A2A2A205573696E67205A6570687972204F532076342E312E39392D31363114
:2096C000323638336434303130202A2A2A0A00574553545F544F504449522F7A6570687913
:2096E000722F617263682F61726D2F636F72652F636F727465785F6D2F6661756C742E6378
:2097000000212828285343425F54797065202A2920282830784530303045303030554C29D8
:20972000202B20307830443030554C2920292D3E434653522026202831554C203C3C202856
:209740003055202B2034552929290009537461636B696E67206F7220446174612041636316
:209760006573732056696F6C6174696F6E206572726F7220776974686F7574207374616380
:209780006B2067756172642C20757365722D6D6F6465206F72206E756C6C2D706F696E741B
:2097A000657220646574656374696F6E0A0A0065736620213D202828766F6964202A29305E
:2097C00029000945534620636F756C64206E6F7420626520726574726965766564207375F8
:2097E000636365737366756C6C792E205368616C6C206E65766572206F636375722E0A0036
:20980000094661756C7420657363616C6174696F6E20776974686F75742046535220696ECA
:20982000666F0A0009486172644661756C7420776974686F7574204846535220696E666F72
:20984000205368616C6C206E65766572206F636375720A00574553545F544F504449522FCB
:209860007A65706879722F617263682F61726D2F636F72652F636F727465785F6D2F697298
:20988000715F6D616E6167652E63007072696F203C3D20282831554C203C3C202833292904
:2098A000202D2031290009696E76616C6964207072696F7269747920256420666F722025FA
:2098C0006420697271212076616C756573206D757374206265206C657373207468616E2055
:2098E000256C750A0A00574553545F544F504449522F7A65706879722F617263682F61723A
:209900006D2F636F72652F6D70752F61726D5F6D70752E630009436F6E6669677572696EB3
:209920006720257520737461746963204D505520726567696F6E73206661696C65640A0A9C
:2099400000094D61726B696E6720257520617265617320666F722064796E616D6963207251
:209960006567696F6E73206661696C65640A0A00095265717565737420746F20636F6E660E
:2099800069677572653A20257520726567696F6E732028737570706F727465643A2025757E
:2099A000290A0A002128726567696F6E5B6964785D2E64745F617474722026202831554C20
:2099C000203C3C202830292929000952414D5F4E4F434143484520776974682044545F4D83
:2099E000454D5F434143484541424C45206174747269627574650A0A00094661696C6564B8
:209A000020746F20616C6C6F63617465204D505520726567696F6E732066726F6D20445429
:209A20000A0A00464C4153485F30005352414D5F3000574553545F544F504449522F7A65D1
:209A4000706879722F6C69622F6C6962632F6E65776C69622F6C6962632D686F6F6B732E1C
:209A600063002828282873697A655F7429283235362929203C3C20313029202D20282828EE
:209A800075696E747074725F74292028265F656E642929202D2030783230303030303030C7
:209AA0002929203E3D203230343800096D656D6F727920737061636520617661696C61620D
:209AC0006C6520666F72206E65776C69622068656170206973206C657373207468616E2031
:209AE000746865206D696E696D756D2072657175697265642073697A652073706563696613
:209B000069656420627920434F4E4649475F4E45574C49425F4C4942435F4D494E5F524570
:209B20005155495245445F484541505F53495A450A002A6C6F636B20213D202828766F692B
:209B400064202A29302900096E6F6E2D726563757273697665206C6F636B20616C6C6F6388
:209B60006174696F6E206661696C65640A0009726563757273697665206C6F636B20616CA4
:209B80006C6F636174696F6E206661696C65640A0061626F727428290A00574553545F5474
:209BA0004F504449522F7A65706879722F6C69622F6E65745F6275662F6275662E6300627F
:209BC00075662D3E666C616773203D3D203055006275662D3E6672616773203D3D2028282E
:209BE000766F6964202A29302900706F6F6C007265715F73697A65203C3D2073697A650057
:209C0000090A006C69737400574553545F544F504449522F7A65706879722F6C69622F6E2D
:209C200065745F6275662F6275665F73696D706C652E63006275662D3E6C656E203D3D2028
:209C40003055006275662D3E6C656E203E3D206C656E006E65745F6275665F73696D706C37
:209C6000655F68656164726F6F6D2862756629203E3D206C656E006E65745F6275665F7394
:209C8000696D706C655F7461696C726F6F6D2862756629203E3D206C656E0000000000005F
:209CA0000000FFFFFFFFFFFF000000000000574553545F544F504449522F7A657068797265
:209CC0002F7375627379732F626C7565746F6F74682F686F73742F6275662E630074797060
:209CE00065203D3D2042545F4255465F455654207C7C2074797065203D3D2042545F4255E5
:209D0000465F41434C5F494E207C7C2074797065203D3D2042545F4255465F49534F5F4960
:209D20004E0009496E76616C69642062756666657220747970652072657175657374656497
:209D40000A00574553545F544F504449522F7A65706879722F696E636C7564652F7A657023
:209D60006879722F626C7565746F6F74682F6275662E6800574553545F544F504449522FE6
:209D80007A65706879722F7375627379732F626C7565746F6F74682F686F73742F686369F4
:209DA0005F636F72652E630062745F6863695F6576745F6765745F666C6167732868647282
:209DC0002D3E657674292026202831554C203C3C202831292900216275660073756363656C
:209DE00073730009636F6D6D616E64206F70636F6465203078253034782074696D656F757F
:209E0000740A00657272203D3D20300009436F6E74726F6C6C657220756E726573706F6ECA
:209E2000736976652C20636F6D6D616E64206F70636F6465203078253034782074696D650E
:209E40006F75742077697468206572722025640A0091FBFBF3F4FBFBFBFBEA574553545FCC
:209E6000544F504449522F7A65706879722F647269766572732F6164632F6164635F6E7224
:209E800066785F73616164632E630028696E74657276616C5F7573203C3D20313238552952
:209EA0002026262028696E74657276616C5F7573203E2030290061646340643530303000DA
:209EC000574553545F544F504449522F7A65706879722F647269766572732F636C6F636BD4
:209EE0005F636F6E74726F6C2F636C6F636B5F636F6E74726F6C5F6E72662E6300747970D4
:209F000065203C20434C4F434B5F434F4E54524F4C5F4E52465F545950455F434F554E54A6
:209F200000657272203E3D203000636C6F636B4031306530303000656E74726F70795F6279
:209F4000745F686369007073612D726E67007272616D2D636F6E74726F6C6C65724035307A
:209F6000303462303030006D783235723634333566403000D810200C0000000057455354CE
:209F80005F544F504449522F7A65706879722F696E636C7564652F7A65706879722F6472D6
:209FA00069766572732F6770696F2F6770696F5F7574696C732E680063616C6C6261636B69
:209FC00000094E6F2063616C6C6261636B210A0063616C6C6261636B2D3E68616E646C653F
:209FE0007200094E6F2063616C6C6261636B2068616E646C6572210A00574553545F544F6E
:20A00000504449522F6D6F64756C65732F68616C2F6E6F726469632F6E7266782F68616C86
:20A020002F6E72665F6770696F2E68006E72665F6770696F5F70696E5F70726573656E74AD
:20A040005F636865636B282A705F70696E2900574553545F544F504449522F7A657068793F
:20A06000722F647269766572732F6770696F2F6770696F5F6E7266782E6300657272203D30
:20A080003D204E5246585F53554343455353006770696F40313061303030006770696F407D
:20A0A0006438323030006770696F4035303430300000010405020608090F574553545F5462
:20A0C0004F504449522F6D6F64756C65732F68616C2F6E6F726469632F6E7266782F6861E3
:20A0E0006C2F6E72665F70776D2E68006368616E6E656C203C20340070776D406432303023
:20A100003000574553545F544F504449522F7A65706879722F647269766572732F73657223
:20A1200069616C2F756172745F6E7266785F75617274652E6300094E52465F5359535F45DF
:20A1400056454E54206E6565647320746F20626520656E61626C656420746F20757365202E
:20A1600063726F737320646F6D61696E2070696E732E0A0A007561727440633630303000DC
:20A1800073706940346130303000574553545F544F504449522F7A65706879722F6472695B
:20A1A000766572732F74696D65722F6E72665F677274635F74696D65722E6300282828285A
:20A1C00031554C203C3C2028302929207C202831554C203C3C2028312929207C20283155C8
:20A1E0004C203C3C2028322929207C202831554C203C3C2028332929207C202831554C20BE
:20A200003C3C2028342929207C202831554C203C3C2028352929207C202831554C203C3C8D
:20A220002028362929207C202831554C203C3C2028372929207C202831554C203C3C202899
:20A24000382929207C202831554C203C3C2028392929207C202831554C203C3C202831305C
:20A260002929207C202831554C203C3C202831312929292026207E282831554C203C3C205B
:20A2800028332929207C202831554C203C3C2028342929207C202831554C203C3C20283728
:20A2A0002929207C202831554C203C3C2028382929207C202831554C203C3C20283929290B
:20A2C000207C202831554C203C3C202831302929207C202831554C203C3C202831312929EB
:20A2E00029292026202831554C203C3C20286368616E2929292026262028286368616E2918
:20A3000020213D2073797374656D5F636C6F636B5F6368616E6E656C5F646174612E636865
:20A32000616E6E656C2900574553545F544F504449522F6E72662F7375627379732F626C28
:20A340007565746F6F74682F636F6E74726F6C6C65722F6863695F6472697665722E6300A3
:20A3600009536F667444657669636520436F6E74726F6C6C6572204153534552543A202533
:20A38000732C2025640A0A00574553545F544F504449522F7A65706879722F696E636C75D2
:20A3A00064652F7A65706879722F647269766572732F656E74726F70792E68006170692D98
:20A3C0003E6765745F656E74726F707920213D202828766F6964202A293029000943616C0A
:20A3E0006C6261636B20706F696E7465722073686F756C64206E6F74206265204E554C4CDD
:20A400000A000954686520656E74726F707920736F757263652072657475726E656420611C
:20A420006E206572726F7220696E206120626C6F636B696E672063616C6C0A00574553547A
:20A440005F544F504449522F6E72662F696E636C7564652F6D70736C2F6D70736C5F776F28
:20A46000726B2E6800096B5F776F726B5F7375626D69745F746F5F71756575652829206643
:20A4800061696C65642E0A0062745F6863695F73646300574553545F544F504449522F6E72
:20A4A00072662F7375627379732F6D70736C2F696E69742F6D70736C5F696E69742E63008F
:20A4C000094D50534C204153534552543A2025732C2025640A0A00657272636F6465203D29
:20A4E0003D203000096B5F776F726B5F7363686564756C655F666F725F7175657565282912
:20A50000206661696C65642E0A004D50534C20576F726B00574553545F544F504449522FDC
:20A520006E72662F647269766572732F6D70736C2F636C6F636B5F636F6E74726F6C2F6E84
:20A540007266785F636C6F636B5F6D70736C2E6300094E6F7420737570706F727465640A4A
:20A5600000574553545F544F504449522F6E72662F647269766572732F6D70736C2F666CD8
:20A580006173685F73796E632F666C6173685F73796E635F6D70736C2E6300736573736937
:20A5A0006F6E5F6964203D3D205F636F6E746578742E73657373696F6E5F696400726574CB
:20A5C000203D3D203000096D70736C5F74696D65736C6F745F726571756573742066616944
:20A5E0006C65643A2025640A0009756E6578706563746564207369676E616C3A2025750A5F
:20A60000006B5F73656D5F636F756E745F67657428265F636F6E746578742E74696D656F06
:20A6200075745F73656D29203D3D203000574553545F544F504449522F626F6F746C6F61E7
:20A640006465722F6D6375626F6F742F626F6F742F626F6F747574696C2F7372632F626F9C
:20A660006F747574696C5F7075626C69632E630028696D6167655F6E756D29203C203078A3
:20A68000460028737761705F7479706529203C2030784600626F6F745F7365745F6E6578D4
:20A6A0007400626F6F745F77726974655F737761705F696E666F00626F6F745F77726974EA
:20A6C000655F747261696C657200574553545F544F504449522F6D6F64756C65732F68612F
:20A6E0006C2F6E6F726469632F6E7266782F647269766572732F7372632F6E7266785F63FF
:20A70000726163656E2E63006D5F63622E696E697469616C697A656420213D204E5246586E
:20A720005F4452565F53544154455F554E494E495449414C495A454400574553545F544F71
:20A74000504449522F6D6F64756C65732F68616C2F6E6F726469632F6E7266782F68616C3F
:20A760002F6E72665F6770696F74652E6800696E646578203C203800574553545F544F5086
:20A780004449522F6D6F64756C65732F68616C2F6E6F726469632F6E7266782F64726976CF
:20A7A0006572732F7372632F6E7266785F6770696F74652E63006E7266795F6770696F5F47
:20A7C00070696E5F70726573656E745F636865636B2870696E290070696E5F69735F696E25
:20A7E00070757428705F696E7374616E63652C2070696E290070696E5F6861735F74726968
:20A800006767657228705F696E7374616E63652C2070696E2900705F6368616E6E656C00E3
:20A82000696E745F656E61626C650000071823232323232323232323232323000102574582
:20A8400053545F544F504449522F6D6F64756C65732F68616C2F6E6F726469632F6E726671
:20A86000782F68616C2F6E72665F677274632E680076616C7565203C3D2028283078464688
:20A880004646554C203C3C202830554C2929203E3E202830554C29290076616C7565203C08
:20A8A0003D20282830784646554C203C3C202830554C2929203E3E202830554C29290063A9
:20A8C000635F6368616E6E656C203C20283132554C2900574553545F544F504449522F6DFC
:20A8E0006F64756C65732F68616C2F6E6F726469632F6E7266782F647269766572732F73FD
:20A9000072632F6E7266785F677274632E6300705F6368616E5F646174610063635F6820C6
:20A920003C3D202830784646464646554C203C3C202830554C2929006D5F63622E737461A5
:20A940007465203D3D204E5246585F4452565F53544154455F494E495449414C495A454466
:20A9600000705F636F756E74657200705F6D61696E5F63635F6368616E6E656C006D5F6308
:20A98000622E6368616E6E656C5F646174615B305D2E6368616E6E656C203D3D2030006D0F
:20A9A0005F63622E737461746520213D204E5246585F4452565F53544154455F554E494E84
:20A9C000495449414C495A4544006D5F63622E6368616E6E656C5F646174615B695D2E6395
:20A9E00068616E6E656C203D3D2069647800705F73657120213D202828766F6964202A29B7
:20AA0000302900705F76616C75657320213D202828766F6964202A293029006C656E6774F8
:20AA20006820213D2030006C656E677468202A2073697A656F662875696E7431365F742919
:20AA4000203C3D2028307837464646554C203C3C202830554C2929007265667265736820B1
:20AA60003C3D20283078464646464646554C203C3C202830554C292900656E645F64656C5A
:20AA80006179203C3D20283078464646464646554C203C3C202830554C292900746F705F59
:20AAA00076616C7565203C3D2028307837464646554C203C3C202830554C29290057455354
:20AAC000545F544F504449522F6D6F64756C65732F68616C2F6E6F726469632F6E726678CA
:20AAE0002F647269766572732F7372632F6E7266785F70776D2E6300705F636F6E6669673B
:20AB000000705F63622D3E737461746520213D204E5246585F4452565F53544154455F555A
:20AB20004E494E495449414C495A454400706C61796261636B5F636F756E74203E20300014
:20AB40006E7266785F69735F696E5F72616D28705F73657175656E63652D3E76616C75654F
:20AB6000732E705F72617729006D5F63625B705F696E7374616E63652D3E696E7374616EEA
:20AB800063655F69645D2E737461746520213D204E5246585F4452565F53544154455F555A
:20ABA0004E494E495449414C495A454400574553545F544F504449522F6D6F64756C657375
:20ABC0002F68616C2F6E6F726469632F6E7266782F68616C2F6E72665F7272616D632E6893
:20ABE00000705F636F6E6669672D3E77726974655F627566665F73697A65203C3D2028304D
:20AC0000783230554C2900574553545F544F504449522F6D6F64756C65732F68616C2F6EF3
:20AC20006F726469632F6E7266782F647269766572732F7372632F6E7266785F736161648C
:20AC4000632E630063685F746F5F61637469766174655F6D61736B0063685F746F5F616308
:20AC60007469766174655F6D61736B203C202831203C3C202838554C292900705F63686161
:20AC80006E6E656C2D3E70696E5F7020213D2028286E72665F73616164635F696E70757468
:20ACA0005F74292830786666666666666666554C292900574553545F544F504449522F6D95
:20ACC0006F64756C65732F68616C2F6E6F726469632F6E7266782F68616C2F6E72665F733E
:20ACE000616164632E6800636F6E6669672D3E6163715F74696D65203C3D20283078313324
:20AD000046554C2900636F6E6669672D3E636F6E765F74696D65203C3D2028307837554C1D
:20AD200029006D5F63622E73616164635F737461746520213D204E52465F53414144435F11
:20AD400053544154455F554E494E495449414C495A454400705F6368616E6E656C730063BC
:20AD600068616E6E656C5F636F756E74203C3D202838554C2900286363203E3D2028307879
:20AD8000303038554C292920262620286363203C3D20283078374646554C2929006D5F6340
:20ADA000622E73616164635F737461746520213D204E52465F53414144435F535441544568
:20ADC0005F49444C4500574553545F544F504449522F6D6F64756C65732F68616C2F6E6FEA
:20ADE000726469632F6E7266782F68616C2F6E72665F7370696D2E68007072657363616C53
:20AE00006572203E3D20282028705F726567203D3D2028284E52465F5350494D5F547970FF
:20AE2000652A292030783530303441303030554C2929203F20283429203A20283078303255
:20AE4000554C2929007072657363616C6572203C3D20282028705F726567203D3D202828FE
:20AE60004E52465F5350494D5F547970652A292030783530303441303030554C2929203F4C
:20AE8000202831323629203A202830783745554C2929002828287072657363616C6572298D
:20AEA0002025203229203D3D20302900574553545F544F504449522F6D6F64756C65732FF4
:20AEC00068616C2F6E6F726469632F6E7266782F647269766572732F7372632F6E72667810
:20AEE0005F7370696D2E6300705F786665725F646573632D3E705F74785F62756666657228
:20AF000020213D202828766F6964202A293029207C7C20705F786665725F646573632D3EA0
:20AF200074785F6C656E677468203D3D203000705F786665725F646573632D3E705F7278B4
:20AF40005F62756666657220213D202828766F6964202A293029207C7C20705F78666572F0
:20AF60005F646573632D3E72785F6C656E677468203D3D2030002828705F786665725F641C
:20AF80006573632D3E72785F6C656E677468203C202831554C203C3C202865617379646D67
:20AFA000615F737570706F72745F626974735B705F696E7374616E63652D3E6472765F69A5
:20AFC0006E73745F6964785D2929292026262028705F786665725F646573632D3E74785FB4
:20AFE0006C656E677468203C202831554C203C3C202865617379646D615F737570706F728D
:20B00000745F626974735B705F696E7374616E63652D3E6472765F696E73745F6964785D57
:20B0200029292929002128666C6167732026202831554C203C3C20332929207C7C202870A9
:20B040005F63622D3E73735F70696E203D3D20307846464646464646462900705F63622D59
:20B060003E68616E646C657200574553545F544F504449522F7A65706879722F6B65726E90
:20B08000656C2F6465766963652E6300646576203C3D205F6465766963655F6C6973745F6E
:20B0A000656E640009756E6578706563746564206C69737420656E64206C6F636174696FDD
:20B0C0006E0A00574553545F544F504449522F7A65706879722F6B65726E656C2F66617499
:20B0E000616C2E6300726561736F6E20213D204B5F4552525F4B45524E454C5F50414E4992
:20B10000430009417474656D7074656420746F207265636F7665722066726F6D2061206B42
:20B1200065726E656C2070616E696320636F6E646974696F6E0A00574553545F544F504404
:20B1400049522F7A65706879722F6B65726E656C2F696E69742E63007468726561645F6424
:20B16000617461203C3D205F5F7374617469635F7468726561645F646174615F6C697374AF
:20B180005F656E64006D61696E00574553545F544F504449522F7A65706879722F6B6572BE
:20B1A0006E656C2F6B686561702E630021617263685F69735F696E5F6973722829207C7C41
:20B1C00020282874696D656F7574292E7469636B73203D3D202828286B5F74696D656F75F4
:20B1E000745F7429207B307D29292E7469636B73290068656170203C3D205F6B5F68656122
:20B20000705F6C6973745F656E6400574553545F544F504449522F7A65706879722F6B65C9
:20B22000726E656C2F69646C652E63005F6B65726E656C2E637075735B305D2E6375727264
:20B24000656E742D3E626173652E7072696F203E3D203000574553545F544F504449522F2B
:20B260007A65706879722F6B65726E656C2F6D757465782E630021617263685F69735F69C7
:20B280006E5F697372282900096D7574657865732063616E6E6F74206265207573656420B3
:20B2A000696E7369646520495352730A006D757465782D3E6C6F636B5F636F756E74203E5A
:20B2C00020305500574553545F544F504449522F7A65706879722F6B65726E656C2F696ECE
:20B2E000636C7564652F6B73636865642E680021617263685F6972715F756E6C6F636B6550
:20B3000064286B657929007468726561642D3E626173652E70656E6465645F6F6E0057453B
:20B3200053545F544F504449522F7A65706879722F6B65726E656C2F73656D2E630028285F
:20B34000617263685F69735F696E5F6973722829203D3D203029207C7C20282874696D6596
:20B360006F7574292E7469636B73203D3D202828286B5F74696D656F75745F7429207B3036
:20B380007D29292E7469636B73292900737973776F726B7100574553545F544F5044495239
:20B3A0002F7A65706879722F6B65726E656C2F776F726B2E6300776F726B2D3E717565759B
:20B3C0006520213D202828766F6964202A29302900776F726B2D3E68616E646C657220214F
:20B3E0003D202828766F6964202A2930290021666C61675F74657374282671756575652DA8
:20B400003E666C6167732C204B5F574F524B5F51554555455F535441525445445F42495410
:20B420002900717565756500737461636B0064776F726B20213D202828766F6964202A296E
:20B44000302900574553545F544F504449522F7A65706879722F6B65726E656C2F74687221
:20B460006561642E6300282828287072696F2929203D3D203135202626207A5F69735F693C
:20B48000646C655F7468726561645F656E7472792828656E747279292929207C7C2028288A
:20B4A000283135202D203129203E3D2028282D31362929292026262028287072696F292935
:20B4C000203E3D2028282D313629292026262028287072696F2929203C3D20283135202DFF
:20B4E00020312929290009696E76616C6964207072696F7269747920282564293B20616CCC
:20B500006C6F7765642072616E67653A20256420746F2025640A0009546872656164732056
:20B520006D6179206E6F74206265206372656174656420696E20495352730A0057455354AF
:20B540005F544F504449522F7A65706879722F6B65726E656C2F73636865642E6300217AD7
:20B560005F69735F69646C655F7468726561645F6F626A65637428746872656164290057C6
:20B580004553545F544F504449522F7A65706879722F6B65726E656C2F696E636C756465FA
:20B5A0002F6B7468726561642E68005F6B65726E656C2E637075735B305D2E6375727265E3
:20B5C0006E7420213D202828766F6964202A2930290073697A656F66285F73636865645FA0
:20B5E0007370696E6C6F636B29203D3D2030207C7C206C6F636B20213D20265F736368652E
:20B60000645F7370696E6C6F636B005F6B65726E656C2E637075735B305D2E637572726504
:20B620006E742D3E626173652E73636865645F6C6F636B656420213D203155005F6B657257
:20B640006E656C2E637075735B305D2E63757272656E742D3E626173652E73636865645F0F
:20B660006C6F636B656420213D20305500217465726D696E617465000961626F7274656461
:20B68000205F63757272656E74206261636B2066726F6D20646561640A0021657373656EAC
:20B6A0007469616C000961626F7274656420657373656E7469616C20746872656164202531
:20B6C000700A00574553545F544F504449522F7A65706879722F6B65726E656C2F74696D82
:20B6E00065736C6963696E672E6300282874696D656F75742920262620282875696E7470DF
:20B7000074725F74292028736C6963655F74696D656F7574732929203C3D20282875696E6F
:20B72000747074725F7429202874696D656F7574292920262620282875696E747074725F51
:20B740007429202874696D656F75742929203C20282875696E747074725F74292028262837
:20B76000736C6963655F74696D656F757473295B282873697A655F742920282828696E7472
:20B78000292073697A656F6628636861725B31202D2032202A202128215F5F6275696C742D
:20B7A000696E5F74797065735F636F6D70617469626C655F70285F5F747970656F665F5F95
:20B7C00028736C6963655F74696D656F757473292C205F5F747970656F665F5F28262873E7
:20B7E0006C6963655F74696D656F757473295B305D2929295D29202D203129202B202873F4
:20B80000697A656F6628736C6963655F74696D656F75747329202F2073697A656F66282882
:20B82000736C6963655F74696D656F757473295B305D292929295D292920262620282828B7
:20B8400075696E747074725F7429202874696D656F75742929202D20282875696E747074D4
:20B86000725F74292028736C6963655F74696D656F75747329292920252073697A656F66B9
:20B880002828736C6963655F74696D656F757473295B305D29203D3D2030290057455354DF
:20B8A0005F544F504449522F7A65706879722F6B65726E656C2F74696D656F75742E63000F
:20B8C000217379735F646E6F64655F69735F6C696E6B65642826746F2D3E6E6F6465290003
:20B8E000574553545F544F504449522F7A65706879722F6B65726E656C2F706F6C6C2E63DC
:20B900000009696E76616C6964206576656E742074797065202830782578290A0A0065766E
:20B92000656E742D3E73656D20213D202828766F6964202A2930290009696E76616C6964B4
:20B940002073656D6170686F72650A0A006576656E742D3E717565756520213D20282876D9
:20B960006F6964202A2930290009696E76616C69642071756575650A0A006576656E742D27
:20B980003E7369676E616C20213D202828766F6964202A2930290009696E76616C6964206F
:20B9A000706F6C6C207369676E616C0A0A006576656E742D3E6D73677120213D2028287675
:20B9C0006F6964202A2930290009696E76616C6964206D6573736167652071756575650A1B
:20B9E0000A006576656E742D3E7069706520213D202828766F6964202A2930290009696EB6
:20BA000076616C696420706970650A0A0009696E76616C6964206576656E74207479706520
:20BA20000A0A00574553545F544F504449522F7A65706879722F6B65726E656C2F6D656D8F
:20BA4000706F6F6C2E630028616C69676E20262028616C69676E202D20312929203D3D2025
:20BA6000300009616C69676E206D757374206265206120706F776572206F6620320A006132
:20BA80006C69676E203D3D2030207C7C20282875696E747074725F74296D656D20262028AB
:20BAA000616C69676E202D20312929203D3D203000096D6973616C69676E6564206D656D1C
:20BAC0006F72792061742025702028616C69676E203D20257A75290A00574553545F544F06
:20BAE000504449522F6E72662F7375627379732F6E72665F73656375726974792F73726307
:20BB00002F647269766572732F63726163656E2F63726163656E7073612F7372632F6C6902
:20BB2000625F6B6D752E63002828282875696E747074725F74296B6D755F7372632D3E64F1
:20BB400065737429202520313629203D3D203029000944455354206D6973616C69676E6556
:20BB6000640A00574553545F544F504449522F6E72662F7375627379732F6E72665F7365EA
:20BB80006375726974792F7372632F647269766572732F63726163656E2F737873796D63EF
:20BBA000727970742F7372632F706C6174666F726D2F626172656D6574616C2F696E7465F0
:20BBC0007272757074732E630009556E68616E646C656420696E746572727570742E200A23
:20BBE00000574553545F544F504449522F6E72662F7375627379732F6E72665F7365637500
:20BC0000726974792F7372632F7574696C732F6E72665F73656375726974795F6D7574651F
:20BC20007865732E6300574553545F544F504449522F7A65706879722F6B65726E656C2FFF
:20BC40006576656E74732E63002C2066756E6374696F6E3A2000617373657274696F6E20BA
:20BC600022257322206661696C65643A2066696C6520222573222C206C696E6520256425AB
:20BC80007325730A0000202020202020202020282828282820202020202020202020202027
:20BCA000202020202020881010101010101010101010101010100404040404040404040424
:20BCC00010101010101010414141414141010101010101010101010101010101010101015B
:20BCE000011010101010104242424242420202020202020202020202020202020202020231
:20BD00000210101010200000000000000000000000000000000000000000000000000000C1
:20BD2000000000000000000000000000000000000000000000000000000000000000000003
:20BD40000000000000000000000000000000000000000000000000000000000000000000E3
:20BD60000000000000000000000000000000000000000000000000000000000000000000C3
:20BD8000000000000000232D302B2000686C4C0065666745464700494E4600696E66004E4C
:20BDA000414E006E616E003031323334353637383941424344454600303132333435363779
:20BDC000383961626364656600496E66696E697479004E614E005245454E54206D616C6C12
:20BDE0006F6320737563636565646564002F5F5F772F5F74656D702F776F726B737061636B
:20BE0000652F6275696C642F2E6275696C642F484F53542D7838365F36342D7736342D6D20
:20BE2000696E677733322F61726D2D7A65706879722D656162692F7372632F6E65776C6927
:20BE4000622D6E616E6F2F6E65776C69622F6C6962632F7374646C69622F64746F612E6315
:20BE60000042616C6C6F632073756363656564656400504F534958002E002F5F5F772F5FFD
:20BE800074656D702F776F726B73706163652F6275696C642F2E6275696C642F484F5354D5
:20BEA0002D7838365F36342D7736342D6D696E677733322F61726D2D7A65706879722D6514
:20BEC0006162692F7372632F6E65776C69622D6E616E6F2F6E65776C69622F6C6962632F8E
:20BEE0007374646C69622F6D707265632E6300647261676F6F6E2F6C6962732F7363686554
:20BF000064756C696E672F7372632F72656D5F68616C5F6576656E745F74696D65725F6759
:20BF20007274632E63000000FFFFFFFFFF1F00001F000000000000005D4000000000000051
:20BF4000FFFFFFFF1FFF0000BAABBABA101010100100000000000000005008500000000005
:20BF6000000000000C00000000FF7F00000000000000000000000000CDDF0000000000008B
:20BF80009543010000000000000000000000000000000000B0000020F34A0100F94A010076
:20BFA000FB4A0100214B0100FF4A01002F4B0100054B01003B4B01000B4B0100414B01004D
:20BFC000174B01001B4B01000D4B0100134B01002B4B0100354B01000000000000000000E7
:20BFE000000000000000000000000000000000000000000000000000000000000000000041
:20C00000000000000000000000000000000000000000000000000000000000000000000020
:20C02000000000000000000000000000000000000000000000000000000000000000000000
:20C040000000000000000000000000000000000000000000000000000000000000000000E0
:20C060000000000000000000000000000000000000000000000000000000000000000000C0
:20C080000000000000000000000000000000000000000000000000000000000000000000A0
:20C0A000D99601000000000000000000000000000000000000000000000000000000000010
:20C0C000000000000000000000000000000000000000000000000000000000000000000060
:20C0E000000000000000000000000000000000000000000000000000000000000000000040
:20C1000000000000000000000000000000000000987B0200000000000000000034020020B4
:20C1200034020020000000000100000044020020440200204C0200204C0200200000000000
:20C14000010000005C0200205C0200200000000000000000000000000000000000000000E2
:20C160000000000000000000000000000000000000000000000000000000000000000000BF
:20C1800000000000000000000000000000000000000000000000000000000000000000009F
:20C1A00000000000000000000000000000000000000000000000000000000000000000007F
:20C1C0000000000000000000000000000000000000000000296301000000000000010000D1
:20C1E00000000000000000000000000000000000000000000000000000000000000000003F
:20C200000000000067000000000000000000000000000000000000000000000000000000B7
:20C220000000000000000000000000000000000000000000000000000000000000000000FE
:20C240000000000000000000000000000000000000000000000000000000000000000000DE
:20C260000000000000000000000000000000000000000000000000000000000000000000BE
:20C2800000000000000000000000000000000000F87A020009000000E7550200FC8902005C
:20C2A000175902001B59020000000000275A02000000000000000000000000000000000013
:20C2C000488D020001000000E0030020E00300200000000001000000F0030020F003002059
:20C2E000F8030020F8030020000000000100000008040020080400200000000000000000AF
:20C3000000000000000000000000000000000000000000000000000000000000187C020087
:20C320000000000000000000482600204026002059B7010000000000FF0000000090D00376
:20C34000FF0000000F000000710200006404002064040020956E0200837202006774200055
:20C36000D4060020FC060020E80600205C0700204C070020CD710200D1710200980400205D
:20C3800000000000588E0200388E0200188E02000000000000000000000000000000000045
:20C3A00000000000000000000000000000000000000000000000000000000000000000007D
:20C3C00000000000000000000000000000000000000000000000000000000000000000005D
:20C3E0004300000000000000000000000000000000000000000000000000000000000000FA
:20C400004300000000000000000000000000000000000000000000000000000000000000D9
:20C420004300000000000000000000000000000000000000000000000000000000000000B9
:20C44000430000000000000000000000000000000000000000000000000000000000000099
:20C46000430000000000000000000000000000000000000000000000000000000000000079
:20C48000430000000000000000000000000000000000000000000000000000000000000059
:20C4A000430000000000000000000000000000000000000000000000000000000000000039
:20C4C000AD7902007D7802000000000085BC020078BE0200029C0200029C0200029C0200E2
:20C4E000029C0200029C0200029C0200029C0200029C0200029C0200FFFFFFFFFFFFFFFF84
:20C50000FFFFFFFFFFFF0000010041534349490000000000000000000000000000000000B7
:20C52000000000000000000000004153434949000000000000000000000000000000000092
:20C540000000000000000000000000000000000000000000000000000000000000000000DB
:20C560000000000000000000000000002878002000100000000000000000000000000000EB
:20C58000980600209806002000000000000000000E000000AC060020AC060020000000006D
:20C5A000000000000E000000C0060020C006002000000000000000000E000000D406002099
:20C5C000D406002000000000000000000E000000E8060020E8060020000000000000000037
:20C5E0000E000000FC060020FC06002000000000000000000E00000010070020100700206D
:20C6000000000000000000000E000000240700202407002000000000000000000E00000068
:20C62000380700203807002000000000000000000E0000004C0700204C0700200000000048
:20C64000000000005C0700205C0700200000000000000000000000000000000000000000D4
:20C66000780700207807002080070020800700200000000003000300000000000000000028
:20C68000BC8A0200948C0020000000000000000000000000AC070020AC070020B407002091
:20C6A000B407002000000000010001000000000000000000DC8A0200408E00200000000047
:20C6C0000000000000000000E0070020E0070020E8070020E8070020000000000A000A001A
:20C6E00004000000418F0100AC8A0200F08A00200000000000000000000000001408002057
:20C70000140800201C0800201C08002000000000010001000000000000000000CC8A0200FB
:20C72000E08D002015E015E00769D50012004000FF40BD2EE8E6701ACA057F10EE637EB389
:20C74000056D4B1C627078EFB3D3FD0A05F493C4DD66E72F542C4A7C7E3BC06B793766044D
:20C760000494CB64CE47D4AF11145E2D1D19835C250001000101004000E3E129B49F1218C3
:20C78000E18E4614ACB2523389C75852EBB98B4D2C6171A2FC65706BA3D1DDF85F52E714A6
:20C7A00050C3E572E624695FAFD41CE4D9354D6C2B19F7D6001A6AE8B024004000EA98F8E8
:20C7C000279CE2AC5F76565C509C2EEBE84F7CCBF85AB9BCD37D1E072B220085BF18EE33F8
:1DC7E000674B5954C10DB7E9C674C77A1477ABB3ABA3FBAE689F54F1BA2B935307F6
:020000040010EA
:20C000003DB8F3960000000000080000AEE401000000000000000000000000000000000007
:20C02000FFFFFFFFFFFFFFFFFFFFFFFFFFFFFFFFFFFFFFFFFFFFFFFFFFFFFFFFFFFFFFFF20
:20C04000FFFFFFFFFFFFFFFFFFFFFFFFFFFFFFFFFFFFFFFFFFFFFFFFFFFFFFFFFFFFFFFF00
:20C06000FFFFFFFFFFFFFFFFFFFFFFFFFFFFFFFFFFFFFFFFFFFFFFFFFFFFFFFFFFFFFFFFE0
:20C08000FFFFFFFFFFFFFFFFFFFFFFFFFFFFFFFFFFFFFFFFFFFFFFFFFFFFFFFFFFFFFFFFC0
:20C0A000FFFFFFFFFFFFFFFFFFFFFFFFFFFFFFFFFFFFFFFFFFFFFFFFFFFFFFFFFFFFFFFFA0
:20C0C000FFFFFFFFFFFFFFFFFFFFFFFFFFFFFFFFFFFFFFFFFFFFFFFFFFFFFFFFFFFFFFFF80
:20C0E000FFFFFFFFFFFFFFFFFFFFFFFFFFFFFFFFFFFFFFFFFFFFFFFFFFFFFFFFFFFFFFFF60
:20C10000FFFFFFFFFFFFFFFFFFFFFFFFFFFFFFFFFFFFFFFFFFFFFFFFFFFFFFFFFFFFFFFF3F
:20C12000FFFFFFFFFFFFFFFFFFFFFFFFFFFFFFFFFFFFFFFFFFFFFFFFFFFFFFFFFFFFFFFF1F
:20C14000FFFFFFFFFFFFFFFFFFFFFFFFFFFFFFFFFFFFFFFFFFFFFFFFFFFFFFFFFFFFFFFFFF
:20C16000FFFFFFFFFFFFFFFFFFFFFFFFFFFFFFFFFFFFFFFFFFFFFFFFFFFFFFFFFFFFFFFFDF
:20C18000FFFFFFFFFFFFFFFFFFFFFFFFFFFFFFFFFFFFFFFFFFFFFFFFFFFFFFFFFFFFFFFFBF
:20C1A000FFFFFFFFFFFFFFFFFFFFFFFFFFFFFFFFFFFFFFFFFFFFFFFFFFFFFFFFFFFFFFFF9F
:20C1C000FFFFFFFFFFFFFFFFFFFFFFFFFFFFFFFFFFFFFFFFFFFFFFFFFFFFFFFFFFFFFFFF7F
:20C1E000FFFFFFFFFFFFFFFFFFFFFFFFFFFFFFFFFFFFFFFFFFFFFFFFFFFFFFFFFFFFFFFF5F
:20C20000FFFFFFFFFFFFFFFFFFFFFFFFFFFFFFFFFFFFFFFFFFFFFFFFFFFFFFFFFFFFFFFF3E
:20C22000FFFFFFFFFFFFFFFFFFFFFFFFFFFFFFFFFFFFFFFFFFFFFFFFFFFFFFFFFFFFFFFF1E
:20C24000FFFFFFFFFFFFFFFFFFFFFFFFFFFFFFFFFFFFFFFFFFFFFFFFFFFFFFFFFFFFFFFFFE
:20C26000FFFFFFFFFFFFFFFFFFFFFFFFFFFFFFFFFFFFFFFFFFFFFFFFFFFFFFFFFFFFFFFFDE
:20C28000FFFFFFFFFFFFFFFFFFFFFFFFFFFFFFFFFFFFFFFFFFFFFFFFFFFFFFFFFFFFFFFFBE
:20C2A000FFFFFFFFFFFFFFFFFFFFFFFFFFFFFFFFFFFFFFFFFFFFFFFFFFFFFFFFFFFFFFFF9E
:20C2C000FFFFFFFFFFFFFFFFFFFFFFFFFFFFFFFFFFFFFFFFFFFFFFFFFFFFFFFFFFFFFFFF7E
:20C2E000FFFFFFFFFFFFFFFFFFFFFFFFFFFFFFFFFFFFFFFFFFFFFFFFFFFFFFFFFFFFFFFF5E
:20C30000FFFFFFFFFFFFFFFFFFFFFFFFFFFFFFFFFFFFFFFFFFFFFFFFFFFFFFFFFFFFFFFF3D
:20C32000FFFFFFFFFFFFFFFFFFFFFFFFFFFFFFFFFFFFFFFFFFFFFFFFFFFFFFFFFFFFFFFF1D
:20C34000FFFFFFFFFFFFFFFFFFFFFFFFFFFFFFFFFFFFFFFFFFFFFFFFFFFFFFFFFFFFFFFFFD
:20C36000FFFFFFFFFFFFFFFFFFFFFFFFFFFFFFFFFFFFFFFFFFFFFFFFFFFFFFFFFFFFFFFFDD
:20C38000FFFFFFFFFFFFFFFFFFFFFFFFFFFFFFFFFFFFFFFFFFFFFFFFFFFFFFFFFFFFFFFFBD
:20C3A000FFFFFFFFFFFFFFFFFFFFFFFFFFFFFFFFFFFFFFFFFFFFFFFFFFFFFFFFFFFFFFFF9D
:20C3C000FFFFFFFFFFFFFFFFFFFFFFFFFFFFFFFFFFFFFFFFFFFFFFFFFFFFFFFFFFFFFFFF7D
:20C3E000FFFFFFFFFFFFFFFFFFFFFFFFFFFFFFFFFFFFFFFFFFFFFFFFFFFFFFFFFFFFFFFF5D
:20C40000FFFFFFFFFFFFFFFFFFFFFFFFFFFFFFFFFFFFFFFFFFFFFFFFFFFFFFFFFFFFFFFF3C
:20C42000FFFFFFFFFFFFFFFFFFFFFFFFFFFFFFFFFFFFFFFFFFFFFFFFFFFFFFFFFFFFFFFF1C
:20C44000FFFFFFFFFFFFFFFFFFFFFFFFFFFFFFFFFFFFFFFFFFFFFFFFFFFFFFFFFFFFFFFFFC
:20C46000FFFFFFFFFFFFFFFFFFFFFFFFFFFFFFFFFFFFFFFFFFFFFFFFFFFFFFFFFFFFFFFFDC
:20C48000FFFFFFFFFFFFFFFFFFFFFFFFFFFFFFFFFFFFFFFFFFFFFFFFFFFFFFFFFFFFFFFFBC
:20C4A000FFFFFFFFFFFFFFFFFFFFFFFFFFFFFFFFFFFFFFFFFFFFFFFFFFFFFFFFFFFFFFFF9C
:20C4C000FFFFFFFFFFFFFFFFFFFFFFFFFFFFFFFFFFFFFFFFFFFFFFFFFFFFFFFFFFFFFFFF7C
:20C4E000FFFFFFFFFFFFFFFFFFFFFFFFFFFFFFFFFFFFFFFFFFFFFFFFFFFFFFFFFFFFFFFF5C
:20C50000FFFFFFFFFFFFFFFFFFFFFFFFFFFFFFFFFFFFFFFFFFFFFFFFFFFFFFFFFFFFFFFF3B
:20C52000FFFFFFFFFFFFFFFFFFFFFFFFFFFFFFFFFFFFFFFFFFFFFFFFFFFFFFFFFFFFFFFF1B
:20C54000FFFFFFFFFFFFFFFFFFFFFFFFFFFFFFFFFFFFFFFFFFFFFFFFFFFFFFFFFFFFFFFFFB
:20C56000FFFFFFFFFFFFFFFFFFFFFFFFFFFFFFFFFFFFFFFFFFFFFFFFFFFFFFFFFFFFFFFFDB
:20C58000FFFFFFFFFFFFFFFFFFFFFFFFFFFFFFFFFFFFFFFFFFFFFFFFFFFFFFFFFFFFFFFFBB
:20C5A000FFFFFFFFFFFFFFFFFFFFFFFFFFFFFFFFFFFFFFFFFFFFFFFFFFFFFFFFFFFFFFFF9B
:20C5C000FFFFFFFFFFFFFFFFFFFFFFFFFFFFFFFFFFFFFFFFFFFFFFFFFFFFFFFFFFFFFFFF7B
:20C5E000FFFFFFFFFFFFFFFFFFFFFFFFFFFFFFFFFFFFFFFFFFFFFFFFFFFFFFFFFFFFFFFF5B
:20C60000FFFFFFFFFFFFFFFFFFFFFFFFFFFFFFFFFFFFFFFFFFFFFFFFFFFFFFFFFFFFFFFF3A
:20C62000FFFFFFFFFFFFFFFFFFFFFFFFFFFFFFFFFFFFFFFFFFFFFFFFFFFFFFFFFFFFFFFF1A
:20C64000FFFFFFFFFFFFFFFFFFFFFFFFFFFFFFFFFFFFFFFFFFFFFFFFFFFFFFFFFFFFFFFFFA
:20C66000FFFFFFFFFFFFFFFFFFFFFFFFFFFFFFFFFFFFFFFFFFFFFFFFFFFFFFFFFFFFFFFFDA
:20C68000FFFFFFFFFFFFFFFFFFFFFFFFFFFFFFFFFFFFFFFFFFFFFFFFFFFFFFFFFFFFFFFFBA
:20C6A000FFFFFFFFFFFFFFFFFFFFFFFFFFFFFFFFFFFFFFFFFFFFFFFFFFFFFFFFFFFFFFFF9A
:20C6C000FFFFFFFFFFFFFFFFFFFFFFFFFFFFFFFFFFFFFFFFFFFFFFFFFFFFFFFFFFFFFFFF7A
:20C6E000FFFFFFFFFFFFFFFFFFFFFFFFFFFFFFFFFFFFFFFFFFFFFFFFFFFFFFFFFFFFFFFF5A
:20C70000FFFFFFFFFFFFFFFFFFFFFFFFFFFFFFFFFFFFFFFFFFFFFFFFFFFFFFFFFFFFFFFF39
:20C72000FFFFFFFFFFFFFFFFFFFFFFFFFFFFFFFFFFFFFFFFFFFFFFFFFFFFFFFFFFFFFFFF19
:20C74000FFFFFFFFFFFFFFFFFFFFFFFFFFFFFFFFFFFFFFFFFFFFFFFFFFFFFFFFFFFFFFFFF9
:20C76000FFFFFFFFFFFFFFFFFFFFFFFFFFFFFFFFFFFFFFFFFFFFFFFFFFFFFFFFFFFFFFFFD9
:20C78000FFFFFFFFFFFFFFFFFFFFFFFFFFFFFFFFFFFFFFFFFFFFFFFFFFFFFFFFFFFFFFFFB9
:20C7A000FFFFFFFFFFFFFFFFFFFFFFFFFFFFFFFFFFFFFFFFFFFFFFFFFFFFFFFFFFFFFFFF99
:20C7C000FFFFFFFFFFFFFFFFFFFFFFFFFFFFFFFFFFFFFFFFFFFFFFFFFFFFFFFFFFFFFFFF79
:20C7E000FFFFFFFFFFFFFFFFFFFFFFFFFFFFFFFFFFFFFFFFFFFFFFFFFFFFFFFFFFFFFFFF59
:20C800004E45575086E40100FF40BD2EE8E6701ACA057F10EE637EB3056D4B1C627078EFFF
:20C82000B3D3FD0A05F493C404958B1D4480632020D17D8CDC089CF6D9241324B20993237E
:20C8400041D0B551D7FDA007F007F007F007F007F007F007F007F007F007F007F007F007B2
:20C86000F007F000EC9483F19B804822B868140273B881C02020704031E0017A9C384C4CCE
:20C8800044161BD38901FF01FF01FF01FF019195F6E06132115099201FF01FF01D7FFF6AFA
:20C8A0000683FEA74A000508A5C6EF10095D3FE10081E0EC118DFC0A4503B04237F0191484
:20C8C000129743B07FE47C2B8C0EE570A3C037FF888C02412880C220106A541E979BBC402F
:20C8E000AC14FFA462E5C3B8C024782C04224503B960AE22307D9A6C0A0027062307DB1134
:20C90000849B08C878E9623131BBC88C1ED0460BFE2319A7A388C2CB7D3F7A1F123B0094E6
:20C9200041A8D24F841E090CDFC024120A3407E128FC41E3D04ED5BFE10B8040F61BDF475E
:20C94000C3070EDCFF285F7EA4DE9B69C4CA3130398DAEF703984AAF789D96036513F87D10
:20C96000FF3018F7ABB73CA26AEF1EABC4025D04F8C0E0913A24208A0A49F081C1207FB8E3
:20C980000FC631BF2783C57E64144876E60128EAF6E57798251B67B1B4DF63344B5DE63389
:20C9A00044FFCA799DC81CC2012E9562B93B2907C207073F839C0BC178BF3048F6FCAA0817
:20C9C000660A59BBEDC064100F8757FFC8D8EA6F7B9D8E57F12C9841E690095AB4141E2BF0
:20C9E000BFA048E4B23A7FD303729448A012E8A6FE7146804820BF0997EA091ED08EC36748
:20CA00007B7ABBE78F632BBCE6F6233052ED4DF06A0CC61615F09318C16344E0ACC2705083
:20CA2000AED623CF00DFFE22300901AC1E7FFF10D8EAEF70095F93A374A5C6ED193D8EA6DA
:20CA4000F381D8C0C7E0BD43F04A30F98A3C123DFFFB5BB5F3CA24587E0BFFF6B4EBED421C
:20CA6000B058BD8CA6FB791584148FAC8A445535F60A5F4FF100C06E3E30087C5BA169BE29
:20CA8000E845E12577E1883840C4140327186482F5DF7557DE00E424F072226FAF83A74178
:20CAA000543FF984882C48D426A86A10CE1603F09ABE417FFED2417888FEBF6DFAC37E32B7
:20CAC000BF892C029FEAAC46341B1F3C73D77F94DFE4FF083C1E3344A1D1A8FF08241F93CC
:20CAE000B29D0DC156C6E1210371103D7E57F126884025359E841CC60A558D920C4118C283
:20CB0000C4FE114FC8AC1FCB5C2B0FEDD747B6329C6CE28D0FF8633F995FC4806A0A81D0EB
:20CB2000CAFE24930804AE79D0B56307E0E05F192408820A12410748A364B6513F87CBF132
:20CB4000072182E86BA9E43072FFFFDB97AE81CDF56990C3B05004E8DFF1C426E4E2236994
:20CB6000AE9F6C6D58CA4518DA0E1132C96CA1FF0AAFF2576BADEC6EDB19658E0120D37948
:20CB8000A1F46DAF9E012EFAF42012288D1A2146F782C17CFA320A366BCD289A7EFAB95F15
:20CBA00036B20100906C0060B6900D445F75018000036001220016F71090589CF41627B537
:20CBC00088D32D146B1DEF1BF880CC2460505009858F13ADFC41261230282814C20FF0A375
:20CBE000FFA31B1F44873920FFFDF5DFF905FA0FF0D1FFA11B1F5C87EDE7F05F60FF0CB89A
:20CC00002C17B243F0F3C0B6110DEFE22300904DF6B05A34025159E8447E116FEC83734F59
:20CC2000F87FE6920A340F6130DEC43E140FCEC3EBFABFFD7B128A64A29165B1C024B00F8B
:20CC400086B7FB2A914A68DA08E613F138A8496E184FC4B2A125B1E13F139A8463E1CCFD1A
:20CC6000D03E50189C06432AA358F011B91C86E308A348F0363C0D03E50391E86EDA3C0C9F
:20CC80000E47A3B9C7E4723C153FE902B9D8F0544FB40627E3C17DE4763C27EE4723C2E569
:20CCA0003F13B984032794FC4EA6106F85C7F501A3483634FFA582E2BB0750FFC1BE18EF82
:20CCC000D4128D10D8D03E58598FD7CFEFF9C430B72DB407E14EFCC025BACE8D8B6DAAF3D0
:20CCE000DBFE1158269FCF00DFB1C1E37A100804DF6B146582A07C3AF80B6D372BF89C4C47
:20CD00002072B807C39D80E0EC635B91482803541C06731694C03E5C7C077FD101F8432335
:20CD2000B209AD7ED1869DDAEDD80A0D1EAB5AC663F3BA0D1E574DAA8064A071C80402919D
:20CD4000000003D27FC0C10001A03008401416B20B852D02ED79E2778F5DC3DBE789DE6053
:20CD600012BE9742A60505CFE844B11FB95733B11A9558F11C9ECC6E77E095F1BB123B4684
:20CD80008B11ABB0532979AC07605E0AD579C9D0B79D395DC7A40B052A0582DB762D771E1C
:20CDA000602C36C3B16BBAF18160A012BD5F42A77880CEFB7B2FC4AF4DD889E232578F5EAB
:20CDC0000A7B4BCD5C371E7885E2D17686FC3ADFED98942663A1ABBB6BBCF0190403E16B18
:20CDE000FEC8EF108D8C06578FECEAEE7A5F3C4F112BC1688420B5771CFF9E0E1D055CFEC9
:20CE0000C437323BC4065780EC8341D57FB18D8C8C7A0A7FF4BCEBE4778F5DD31A290508A7
:20CE200095CFFED72D7CAEEB871D82FF82C15B35FABBA605BA0EED7E028287044158F5F25D
:20CE4000BBBDE3CF23B4472952BB158ED153B048F1313C0DC0360AD777B689C1DDED46F0DC
:20CE6000777B38141617F12A9858FCF95FC4EE6195FC4E64100C9D86F195FC4EA6120BC4FC
:20CE80001BE186FCC02517FFA5035F634582BFFDAA5AF87FC31FFA0883A6EBE67E7A7FC399
:20CEA000FF309979EDFF0964025FE7806FFF111804820112804821C0305188967203918111
:20CEC000C00005210162B00AF0244473FC050710805D40A0A31258340329058040265FF107
:20CEE000E8FDC424A2360D00CC4160F008140A1B009A7EC2A1C4624006761828111C541EA6
:20CF00000140FF03C2D297E288E0EE8070568948A874041A126C2A1D500382C6C0611B5826
:20CF2000652F27F89C48315B9C9FE25930ADEC60FF0B17F6114980C8201F0B57F20120833F
:20CF4000D2601F0B301C14237B07F84EBFBF2F3D3FE1FF987E3CFF888C024181E640201A98
:20CF6000D018282D2E21B51F82A04737315F8676A70B590A8889818785E4A961E39860F0B9
:20CF8000C820781C2250111500E04281654000F29019A44A0120FBED6094696D3A0F1D96DD
:20CFA0005226F60847C341FD814A20B468374653499051A25F0A27EA514681EC3E1BD8243D
:20CFC000A285D199DE2132B857424D2B8F74263469051A01F0A1FE361F5C0DFE5BD3B94866
:20CFE000625E082C867D20897C201FA804A3E1D19F478CA3601008601427D01A1B61059EA4
:20D000007F6342F09EAFCC0251DAE8DCED169A340751C3F9C3E47ADFC412611191E37F10C2
:20D0200069844BE1C4FDC0251B7E859643E6F3C0251B3E8686F120BC44BE1D21782DC74757
:20D0400059E7844A36BD18127C24BBF5B0F3CE1860A5BE9FC50E177882D1A194680CEF0716
:20D060002B807CB8F82EFFA227F0CD4033D00D1402A701E2C0A370190C064F0196C06670BC
:20D0800019BC067301A4C069F01C24038B02D380C16AE013D80D0E035D80D8E03571382BAF
:20D0A000480C15F203AC80ECA03B80482DF4079501E801C1402050E8158A05408155205528
:20D0C000C8151A054E81452051A814820526814B20532814DA053A8167605A3816C605B760
:20D0E000815A2056E8163205748171403FC0222F502C040B0D02D8642073C80000E44BF361
:20D100007B80C2412120D009487484667D2385DC20523D1DC3CDE7048385C8FF3E794C82B5
:20D1200001F0B8FEA5107858985423DFE785058159FF50A880F45830240A40803A21051F2A
:20D14000914027A243E0033FC804021732CB6CA6146DEFA3F18380C8E13241A238144E4538
:20D1600000CD408528FFC0B15F005AAFB04C502C58DCB88C381C2EB6050D91D37CF3E91C0B
:20D180002EE10191D2EE11191D1C16120C0B051291D041612120B051391CEC160A077092C6
:20D1A00048201F0D8FE601288AEFE49238748E272687C9A6546D0C73D11CD5DC223F0F0F74
:20D1C000EAE51CB889424944A0B3DF9E06C64B238549B5770EA7E20530E2FE20730EA7E27A
:20D1E0000C0705079858F13A5FC42E61F08E78AF504F8C320328A2447E1C4FD78AF5019957
:20D200004CA8952F3C3E47071882B1E234A2F0523BCDAEE363BCEAEE3A3BCFAEE3A3BD4A3A
:20D22000EE5E3BD5AEE5E383C8D6A13F40305FD80677FED5120B17BE8279BCC87072643835
:20D240002AE2B4249A471891C5E4D13936A5A21208D1052791F50460A9FF0804230346818E
:20D26000DC25123A351B0770E8AA41527F1039FEAAF35FFD623E79AA1417B1728EE4B6502D
:20D280000954FFE9A8D741BCFB28ECCE3B08F8C0611A18C68AB109F5C0E00290520834C6DD
:20D2A00063F8814F20D30900141443F101BE4EA8D069BC47E15EFD4FA89B6D976CD60A5587
:20D2C0002085DC201F08D7E631B195C8EC7709548F35E68E81C146647963D8285DC20E8716
:20D2E000051A91E401612400B052C91E281612980B052D91E101611560E5D23BF02C248803
:20D30000160A5F23BC02C2458160A6123B902C24C6476E03849948ED40709020D8299C8E97
:20D32000C80B091405829148EBC0B090BBE56E010F99D2EE11D91D581E12061B051E91D403
:20D3400003616FB5B8044C360A3723A479AAD3A8000017F8060BF900F9FFC160FF80F08040
:20D36000B0A000A0B2FA2814ABCDFF27828696C160A472405844783C1C8E3C0B08CF07847F
:20D3800091C60160B851C81DC30323C1DC3A3F881CC207F194406A7F88242F1742A10141B6
:20D3A0007E7A329912542C305A0A472380F9A254B8DDE2012B8A6FFFF230A83A7FC21D03AB
:20D3C000A5DC229BFC2C8E6F23F9F94220E1427053591FB7CB08138EFF09C261A472B91FD1
:20D3E0007FCB40F958A43CEF2C037F3C89F0B2F03CB4096424006F090B13A51DC7815022EB
:20D4000074EDD410E707F10087403CBFA67CD001BF47F0AF55DE9C001E174C89C024103A87
:20D420005C0FD78080503E3098485C440A9913D5427750E2317EF2F8552118E22433CC00CA
:20D44000FE0027F60992C242C0614003F01043CCBEF7F00E161900BCFF8DE34CE445614577
:20D4600021400241E3C00DCF644B20BFE692A2B162D2E35141719F639967995279D1F8F0F7
:20D48000003FFC03BC450465160D131417921E93000585C0279050C89068B85C02E506210D
:20D4A0009985C02421D1D3A88FC21DBEFC44E0120B86D61D468251A23F0AB7FA0B4698017C
:20D4C000C154BFD04A5CAA3121A3462D1BDF45C28111F86BB7F00DF89C1C069718B4447E6B
:20D4E00017705828365A06B33EB70BC45B88004D8A42CE35665FC73828552E3789D9FD7F95
:20D50000F7FA7FAB27008374AB508CDC6B37B2CC50A71BF8C51AE147D9FD7DD6F80F63FFAC
:20D5200022FA79E81F2B958FE7E7FE44E059281B8EA8020C420136FE8E5AE6A07FC89C0266
:20D54000412DF4FE28705A34328DF7904164391A3447E137FEC1A3D22EDC777306FDC13E4A
:20D560001BDF47E30715F840E0F03E86624319907FBEF4BFF77FF134C0723F110A869765B8
:20D58000A8FC452C1BBD967685EAECEE3F114E052E8DD8FC4420105917DE4307FDC320101B
:20D5A00019BC47E1D7FE7BFCF4FF87FE61DCF3C037F108A4024107DAF37D30091C2E8D033F
:20D5C000A4C0A8D088EC47E1F4FFC0F615DFC413F7280D8289ED60D4C0E858151A09F1845A
:20D5E00040609F18640223F0F1FFE05B0886F43E0E11B5A5C7A072B81F664721C82141420D
:20D600003FD0094407E30180C537F0C91C1647C9D940FD78180C0E970198C87E10180C667C
:20D62000E108DEC037F388A40B25027FA0005CA443C0614161C000F25248551A0D489E48C0
:20D64000E05F881CEF8768E0FE2073081DA6A760A1DA72760B851E01BFA03A0140A975AC10
:20D66000640A875AC256ED518A383C1C0697009082C3C436B15A6437E15CFEC37E100FC47A
:20D68000831BFFFBFC7FF23BF58F6322A34429304F8C660152FC43277E3B058ED153B0687F
:20D6A000ED193B0457E19EFCC2E9722C6E4FD10380423E120FF48ED718C4423E148FEE8E84
:20D6C000D794FC4D22194FC4D60198A3C024784FC4F26110DE96C1EE7C900805B00E0A0759
:20D6E0004BC984C142F63FFFBF237E930F70DAC969906A358ED925B5C8EC995FC6526194B4
:20D70000FC522010BD8C0E3BD8D9657F175884BB73FF9440FA395FC5D2618BA1407A10DF11
:20D720008653F6230753D9F82D90DF87A3FB94FC4B261E1B64027720B64637F013782B8477
:20D74000C3ABE99E48F89E98C48E19F0DAFFABDB920829840E770195CAF1F94DFCA2410062
:20D76000904628980D9437E12EFF6A31D0DF879FF4550510804821BF0C37FA04AB0970DE74
:20D78000C80AA0B7BFD867C2FFFFF079D360E0338E06CA0728846D609D9A7FD31D61834843
:20D7A0003FDF7FE7F2034B8C57211BD806FEE1078240211B584B441C82052A8274281F29AA
:20D7C0008C864E2105EBFE76AF542F840605DAB96F7D108A07FFEF53DFB9C2C0E510BA5C1D
:20D7E000436B04A3417A39AB7F4AF10295407A300904437BD8B7C47E142FE40251F9E8C043
:20D80000E59F6E841BE1D4FF603E1018070365F13F849C6D6414C82D1BA9F8C04C331478DD
:20D8200046E603209C6F729F89A4C2012BFCF45F20E37B980CB607D080483E7E7804B7F6B7
:20D84000110584987760DC3F9C022105EAE8EDF18BC403E103807FFEFC4FFD8ED9D4FC621C
:20D860002411BBC064144E55B9DA7E3192089EC765FAC17CEB70921828858B1939D8E46055
:20D88000E3107D8BC40A7118DFC0641CCF3C0255C9E8C0251D2E8E0D120B8A870910DAC256
:20D8A00069845053091EE681F2E7505CA0EF1FC24838C51A436C81CCA21F0E1FEE416488F1
:20D8C0006F5CE165BE9F850E694CC3EC20D4687D1B29F89E4C2032BAFFEB07F98274281FB1
:20D8E0002EE0E4256FF925B5C1351A17B82A6FFB2AB3059DFC4430153D8C02430490617FD6
:20D90000184887FFEFADFF36C1C2F6385FC61B21B8F8C0E1F3BE8E57F18A7582D0DBE05208
:20D920000FFFDF3DFE81C8E01E080C8F0A130595FC65261D3D88B41C86D7009DE53F14892A
:20D940000647F1758030C148E0792EAFA67989C27E2E130E27A63189FFFDE37FF804860780
:20D960004681E6A0191814821D49867C27FFD936C60FB0DEFA3E143FFFDF07BE804BFF1D7E
:20D9800009851BFFF7A47FE0128F9F442E1F67BECEFE22930804AF91D08148F8FE76D85CE9
:20D9A000837C27CE8374A64024725B5E37F1054183901E414C215B1824CFB7B2CAFE2E91A4
:20D9C0000946E7FF2B81ACC15D6618BA140BA1FF90437E13AFD3041C0E5700F96FF01DFFC6
:20D9E000440FE1029D6735F94FC63A6164A46B7F10698697F1649841BE1AEFEE0363A1B7E6
:20DA0000D3FE980B87FFEF2CFF40643A3B7E17F1858876EF11B95C77A305F8C42010DF854C
:20DA200047F518F0437E30581437E30680F82DF11F873FF5A0B3E636395FC73E6183DCE702
:20DA40005120A57B981E020321C1DC3416F8A7C22BFFD1DBF7BF883482B57080C8F09F8CBF
:20DA60007CC203E0A552F4767D0DBF2BF8C5C821778E940207F081C1A07F0F9C0E05F084E5
:20DA800040A614689D0F2BF8C64832500817C2090289D0E47F08840E168505A7FF402504D4
:20DAA000B05BF8848E0123815E321F880E02274381DC229F0FC7FB2BF8C9CC20F1E8C6FE97
:20DAC0000327804AEB1D0DC7C6010FAAF43C16C86FC241FCCA7E25930F0DB367FAC1FCF499
:20DAE00016FADC2709F8B84C3ABE99D48F89E98C48E754686FC2B9FE8C6E7436FF05B219D6
:20DB0000F0F3FF2614688FC2DDFDF463A1BF091FE72BF8BAC42032086FC385FCD15BE032A4
:20DB2000388E2309F8F04C349F8C244323788ED2B09F89E4C32370816C37BE8F86076BF88B
:20DB4000B24C21BF182C0A1BF183407C16FD6FE20D3088FC299FAD059E0128C5F4681F2E7A
:20DB60008C864F20FF7DE59FB875220DF083FF621B9A07CBB721FAF9F476FEDDE2372BBF5A
:20DB8000FD2F7AF80C86B5E7A07CBD321F5F9F416F86FC395FB867C319FD9CD1B416F8B7E9
:20DBA000C3EBFADBF9E01BFA04520120DC00C1740060B88030506A5C436B93FC4F24102F9F
:20DBC00087FE0922DCC72ED08F8693F720A34437B0C927EFCE2B070AA5C2E9570DAC1A8D77
:20DBE0000DA346AC1FFFBFA3FF18D8FB50213D7FA835320321827C721008A7C2A3FEB3591B
:20DC00003CB64B86F7710080483B9F1804006E0E054B80C8B07F8F0C82E1473985F86D7000
:20DC2000BB0CAD3205AE8567F0DE881C0329F89E44203F0FFC1623B9856C607B193EE69F23
:20DC4000F4DF5C4AA0F81FACB0741413E32C86613F1E1A8613F1340182F100C14D4060BC94
:20DC6000003058FA85970925C2D8AC5C4FC60261A7B1E30560A4B6B86FC2B3F9867C233FCB
:20DC8000DCAFE6F90086FC36FF9D45AA1BF0997EE500505B7FCE57F1A40982DEFE729F89EB
:20DCA00064020128A07C34780CAFE2E920BA52E07EBC140EB368A7FD2F57380FD7F571D87E
:20DCC000FEFE7F1B74C61BF09EFEADF4BB7D3A0BF5C25DE316886FC22DFBB5DA7C767D5D66
:20DCE000A789F8F24C20BF1FC40E3168844CEA7F8824726546DDD0A07C28B51BEDD1ACDA4E
:20DD00003ABF884406476BB1D2A07C2C9FE31D20C9FE2E900D17C64D0180CA607D9C9FE3FA
:20DD20001F10934A6E5D13C8290402556BE8E4FF10A89447E158FE41A8D05F8CF20F31A334
:20DD40004E28D14F876FFD3102829AFEB6BF8A44C32BF8BAC433142946FE3146C27E31D0DA
:20DD600000E83CCFF8260F2BF8CA5C20929DAFE2A160846FE07218A7C23DFA87EE60930CE8
:20DD800006CB602B0530A371B6584FC7A2C107F8503F728D8C1FE143FDEC285380A843A884
:20DDA0002B8613F148B04025F55E8E57F1939862F630191BE4140309F8B84C3ABE99D48F4D
:20DDC00089E98C48FFFF781FF7F72281D1A6749824820197867C251FB80C80260BFD0091CD
:20DDE000C8EC163B068EC1B5FC6226163C04AF1123C0657F1A49848EE3ABB7C2F6301914E4
:20DE00006AC105D87C37A990520E24860320B279F27F8D144B25E790CEA032A8776249292A
:20DE200087741DE0F65B1C9FE25D31AD41E21D489FC20301C1F4607F08140701E7924A61F8
:20DE40005D10E839D0741C8727F8B6CC22740F679E0921B9F9E07288A6FE0D468249AE3E9E
:20DE6000776829864D5612EAAB0D3C5586D6FF200AB0508A4C032502904CA8D0CF8747F4C2
:20DE8000AD0754FE69FCF00DFD022900905C20F04806E2010090640160B50030508DAC46BC
:20DEA0009793FC4F2411ADCEF7D108A035C16F3267B0542DC84C14C2032B8974281F287C9E
:20DEC000864F20FF7DF0FF91283814AA0411051390FD7CF1BB5F4FF1E0808CC1C37E161D91
:20DEE000D4237A5B0701A5C62ED70A399C2C04AA0BC100B851C160E080B058F30828C637A7
:20DF000081F3804C2E14780C802E16054B0883E003410CC4F88661A5BE9FFD06654C81D181
:20DF2000A1D46816A2436C92DAE23F09EFEE27F080C233BF8865C207F08140257D08048F3B
:20DF400009F8F4CC321B1FFFDF6FFC86FC6050280EA7A9F8F240223F0A6FE6039888FC2664
:20DF60001F980C8A61609CD182617B1F8DC7C6010F877431DE285432010098400001F79066
:20DF800049E4CB2BF8C63A414337F0091C0647850582826C37BE8F8607285B050395C83B1B
:20DFA000101D154BF123F8677DB0080437DD008049C061A0128F5F43FFF7BF7F20122308B6
:20DFC00051984A0C47E1A7DC40251DEE80445C177340F95EA8327907FBEFE9FC3942CB7DBA
:20DFE0003F0A7C0247B2A661F6180A362A8D27B5F37D30299E53F13C9840A5704E8503E5EA
:20E000005FA88AC1F4FF123C6D660D06EA50241FFFBCDFF723C6D0FE14081C8F0B21B641D8
:20E0200035111F86F3F59DFC452C197FC65260D30700F8517039DFC443219DFC447617BDF9
:20E040008C33E13AFDD83735ED8E5D8E0AB74583F460323C27E26B30FFFDE37FB83A3C1EA6
:20E060003F63B2D27E31910FCEC5420E23F098FE389F8C4402478DCEFE22520A1FD2017373
:20E0800091E172FF8C5CC33542807C37B8092DAF2BF8C54C2012BA0742052B88F4605A9F3D
:20E0A00005BE21F0E17FE50CD0514A0EB7CE370510F179E990C804025D0000079F4EA650F9
:20E0C000090E53F12C98617F18A884EF6395FC61A6123D8C424185FC61A21FFFBF3BF5958F
:20E0E000FC616619BD8C024385FC6162106F8553F50090C40980A5741C479E10E405BEFD7B
:20E100001306EBA513A99655180A032B866FE012380C8F0A0B0523C6C024AA6056353036C3
:20E12000F03B7F420126A451A9FF08042623F0AB7EB2FF8C9CC367B13F83CBFE2E900D9F18
:20E14000EB07F3ADC2709F8B84C3AFE99D48F89E98C48FFFF7937EE012281D1AAD4980645A
:20E16000A0920FDC8A19F0A57E775F18043E01F0E8E021BF0E37E6012EA07C3E580A7FC2AC
:20E180000309C2914250F63B4FC41E41B4FC4166113A1EDFF1889044E8704E86D3F109986E
:20E1A00040667A40282DC0E42783001F06110705984024784FC78A6140A441FE1C0FFC0B50
:20E1C0003130D8C43E1F5FFC86D7009140AE507F859FF103CDCCF620D071AB94324503CC52
:20E1E00041FE12CFC6E4820AFFF49AEBE478D8DC1A7FF599EBF0120FFFDE8BFA91E3687F61
:20E200000C040E47859579E8B46C5F9F73F18143FA9F8986C24BD8168397F42EDB391E3790
:20E2200037F8CA6C287F4C054E4785867C347FD824A329F8F44C20FD1DD87C14537F1B9192
:20E2400047E4593A14A37F13A36CE852AE9F53F18898402573FFA5B35F94FC7866163D9CD2
:20E2600080C20A29FAB2154140E1F09E8C8F1B0190486D849078BFC6120123C2FFFEFFEF08
:20E28000CE6FF18C984067718DFC06478B0482804BA7FF4A76BFB7E99E4CA0333A17C601C8
:20E2A00002E58241517CF94FC4D261019050FE11081E10120A1DF0AEFEA77E7A351A75E763
:20E2C000A04520120C800C15B0060A17B1867C21BFACA7E3C53080CCF080504D505F4C058C
:20E2E0008E4785CBFE2EB3081CEE032B87F620320877C281FA867C284C1050CE8C6E5D4F05
:20E30000F84020D94DF81414269FF080C260BE083FC2E3F8804A3D7D18049B63469AD1A275
:20E32000075052C9013C1CEB6362C644A0F04EAE8ADFD2BC40A553FFA48B5F0195CFFED1DC
:20E34000FD7C05B60AEDFA804A2FFF48CEBE3DB181EA41E0FC9FD8001414D7F6C70715D730
:20E36000C0F53020682ED7F61FE781EA60720D8D1BFFF7EA7F613E7DA7E20EA305A402825B
:20E3800090F9E01BF94F9A0100A4FBA01009EF9E0100ACF96010096FA7E14F8251A3D4681A
:20E3A000048E1B46C851A5BED8162F17B0C87E2EB708364E27F0E77EF29F8E44C6172B82EA
:20E3C00076681F2FDCC60D20FEFDFF9FEC3D2A65F889EC329F8C7CC30744A24AE3FFAC5FC4
:20E3E000EE7BD0874AF29F8C748273D0A24EAA742A9D060793C47C203038264F71F18043E6
:20E40000EBFD1CA7E2193281CAEB7D181E6E012BAC74369F8D04CB5742AA747A9F88A4CA8A
:20E420004146DA7E3C921A0FDA9759E27E20132F1DA789F8824CB69F8AD4CA2744E27E21FE
:20E44000132857C2CDFBEA7E35132CA7E36922A5D1719BFA7FC20109A7FC20309A16E7C599
:20E4600069C9D0A37D0906222BF0A07FA2FE080C8F8DE705839BFFA31B9A07CA7D7198483F
:20E48000356F105B0997068D63C36D3F1B29960F027307A0FC43B0143C0C067703C1653F33
:20E4A00017E984025741E8EE53A0A828705A499613F17EC878EC5B4FC68A6523C31C41F8B4
:20E4C000EC3D4FC6B26563B140A47845D82DA7E2B1A2827D61573DA7E31190D2FAE150A88D
:20E4E00047BA213AD2FAE1309EFFE2318187FEB15F387FEB13F9804AF71BFEA7A72123758E
:20E5000082D16B37F32A3713D39491D7FF58AFD6FF7F0091C064584FC48E654BA36EBE3019
:20E52000387C03E5CEC0F7FD11AF844E012F80DCA014F80A0C1C17A14FF85362763B1C023E
:20E540004723C3EDFCF4FF865A27A4FC4E32163B1EC7CF94FC5D62194FC77A0313F855FF2C
:20E56000D07A3782D559A34E2890DF867FFF59A3713F11081782D30DF8667FECD0707D4CCE
:20E58000025718DFD3FE1028554289C4FC4520508D4433E1D8FFC1F37D4F4E520300C9F7EE
:20E5A0007D30891C5BE135FCE068D20A3447E156FC753F15C991641403A9F8966820D9385C
:20E5C0006FC213F98366E01F591503A9F88844B773BD8CC33544A7FD2F573D57AE030A9878
:20E5E0004C761FBF9FC2AF4491E3B4FEB84C1E07EBA0C067F1A1C838365E23F09F91C1C834
:20E60000A0D9BE47E20100CDC6B992BB376281F2EF50681E7806FF2907824025915804832B
:20E62000C6AF05D4FC41205185982A2ACC54FD6612012B842C414016219320E13F8DA7E35A
:20E64000C931F3DA8660B450095D03E197C04025D00F8653007107572182DAFE14A1A6495D
:20E66000F057BD8CC3773FD87EFF7F9FFA442753F1489947E89C38F753D3908940657A7FBD
:20E680005C060F74ECC37E19CFC403E5E79809417ED7E0EBF447083EA7E20132EA7E211213
:20E6A0002984C46E0E05FB81C46478E8365DB60E21F0EAFFE03236783C27E21932F3DA53A3
:20E6C000A0A13D4FC4526504F8CF201A7FAE8AEF06CCE13F128C97FE35D8FC402619FA148C
:20E6E000A37F1FA3753D39499713F1E0B8D6E3142F8C0205C4F4E3A6514F8727F338A2697B
:20E700003F158A9713F12C81753D38E91F13D39491C27E1EFFDC8363D4FC4B2651E9985C48
:20E7200014CB69F8E844709F89864A9B1B96ECA012DE26FE052306829940F36F507C17A8A3
:20E740002A07C37EF5050C994025700F875F01E1B4C63DD10852241F263513F87EBF980D8F
:20E7600094025100F872F0116CDC0F6318C040641D5F053FE13E85E37CF576F83997FE35E8
:20E780008BF38AC148BC3697282B962634EF0502A5D0E438E8364F69F8F24C73344FDD0F27
:20E7A0003227093099C03F70799E53F1758040BF70999C07D7437F82AAFFDFA0F03E7F05CF
:20E7C000A6B14383642ADB3188288CE77784FC48E2451051280FEE270ACA7E31D30934AF0A
:20E7E0009BF88C68207D0CA7E31E0B0509E8ED3F1A0997AE351B82413A994FC68D660A3183
:20E80000BF8FD1BA43B0731DDEEFA9E9C848FA9E9C94070542C5D0611D3A07CA655197F9B3
:20E82000B284F050094DFFE94ED7F4FCE7F07C38F406573DECC33E1C5FFC03EB22A053FE91
:20E8400097ABDEC661B0FDFEFE100F8EAE17D4FC522642307109D924144AB51A1583C95146
:20E860002522D05AEFF8A415CE01F2F38AC17CFE1AAF5C2E1550A241B20B10738A32B414AF
:20E88000CA9344ACD0E6131A4C020B91887C3D3FE9252B29F8BF4C20B9988582012B9FFD39
:20E8A000223AF836AFC16989FC393FC6D8281427CF4FFA626F7C9F3CFA41DBF3D03E54AAA2
:20E8C0008F7BCBE6D8ED3F1F888C65860BF521CA7E3F931A847348090502FDC0E6799A14ED
:20E8E0003BBB94FC4C2655BD8C0246130501C202C141BE19AFEC03E107804066184FC7F2B8
:20E900000318F74423594FC492050EF873FFB20DCD03E593A8EDBCB0AA376FCF04CDE13FEB
:20E9200012099402410BD86F7D902C5EF7D1F0C7CB22B00907C36B04A36176118DCEAA43CB
:20E9400030907F7EF4EFE41E5300F941B03DFF4447E10880514020A810082407E100FC40EF
:20E9600020501C80F4154F67B0FC47A65B0FC6224193A147BA3B0FC75243D38D6801A0B4A8
:20E980001F8EB4C64146EA7A71D23E27A7212384FC3D5FFCA7E3B731804AE01F0E56022BEE
:20E9A000F09FFEAE14B8DDA01A0F87809051A0BB03D82A04628F9A1C82EB48749F8C44C35C
:20E9C000C3E7D87E23855099B0983988341FCBCE270B0CF87037B15F86A3FDD42B82C04617
:20E9E000AC3EB81C060328B8FC601038176A81F28F58749E7B7FC20303C1D0A9FF08040FC9
:20EA0000174109838FD8735E7F2DA61BB1D87EFEBF5CA7E31F30A24AE29D0CA7E31D20A294
:20EA20004AA15D0874AE11D0D17C68706B950AE541DA7E23D12DA1EC14EB6209053280CC3B
:20EA4000F48050514F040645F2F3CAE899BD972A3515825537F4B8E406679BD90641E53F21
:20EA6000121994AF72290522DA7E3A931C9D0BCDD0DA7E2B532816B8820AA10199CE69FA1C
:20EA800040682DA7E385308ED1369F8E04C2033DF6C6B5BB29DDA2B65B07128048A41468B4
:20EAA0000CE713B2CC51CD20E314427828105C1DAE35188247BA90091C828D00CB46A8DF58
:20EAC000FFBDF3F998D9C065112E89942F4223BDFC4226113A254A35128266F6504EAFAA11
:20EAE0003512FA4029F18DFC2E8C8F07D0F3D03E576B0C97CF94FC64A6130A340F290095E5
:20EB0000C337F3E91C224784FC6C6610191E34720A0FF0CB7E241468AFC307F98048F29F9E
:20EB200089240B09F8864CA1DF0A77F2402305249941761F0DEC06410DF84CBFD05D86F762
:20EB4000D1F0A0443E176DEE40420A092B80F43A121FCF9A0123C003417AFCFD690FCFCDA9
:20EB6000DA90FC7CD00DFEF201009071201D0F142B010280000340601FF0282A44041E1C50
:20EB8000001E0D0085403C4151704E05C21D00B00DC10AC1D222212074880C044E0AE9FD4D
:20EBA0002487980B045203A121500D90AC11101C3A01A00282B44021900BF9E434EE514671
:20EBC00086FC2C1FC9451389F8A24062BF0CEFF66118A7FC20306D27E24D80A0FC60101CFB
:20EBE00027E23161E27A6A9019051A29F0A8FFFA1B1D2FCB554598D181A0F6BFE96CAE4ADA
:20EC00005E07F14D898927816A2E0720BDA814A02A1A1DFDFBF37F530A36BA7B15F8413F9F
:20EC20001E5F3C1330CE0D0E807C14815BC2A0D00B3FF1FC2E0225052381424BE1E2100F2D
:20EC4000FFEE01390688FD9CC29EC3C021D4C91C53E137FFD93CF7182C0A012C8AC4244402
:20EC6000A16F00D00FFC03D9FD8C03444420523E6FA60577C6FE21D30816A3FDF7CE7EA11E
:20EC80005A2470A0003854030F05FE81C14C5A80BA6360407071903848040260130C0D0697
:20ECA0002306000A19060017D9EDFFE01E90F090002847F7EF49FD4037F2C8AC1944300013
:20ECC00017F80305788603C4E7A572C8AC024108DAC33E133FC412979AB460A852ADFE624C
:20ECE000F30090603E101804237A1B07F0DAC128D85D8643F1DB98C0FE1FF82C02576EE843
:20ED0000E43F10C9940E576AE8C57E1BDFE753D39091E023561F5C0E0301945C7E30081D98
:20ED20007FB76FF84060783A15D7D70181C13B540F971EA330907F7EF03FD78AD3B4FC62B6
:20ED40002610AD8EC3F7F2F94066713A266F65A4FC47265B4FC75263B4FC472459B8D46FB0
:20ED6000650095D07BB94FC492050EF8523F900944EFA1FF91E13F1211082E14C21BF18775
:20ED800041C7A0AA11AA747689B4FC70261019EFB635ADD94CED163D88EC144A01229051C2
:20EDA000A0339C4ECB314706829946289802C838102C1FAE351B8245FA82309238089416E2
:20EDC000276500CBFFFEFA9FD5A3630194423A22107BDFC43A408B0FD6F3D03E50EB0E9F37
:20EDE000CF05D87C37BC480402412DF4FDE8704A341A5300F969301DFF4407E10493C524AE
:20EE000092B986760150A5E6EF303F87FE0553DCC03250191EC3F1D488FFFEF7FFD4C36342
:20EE200040F9772C330904C7C1045B82864CA19F0DAFE61DF0B4FE601235C8290693F15A5E
:20EE400099693F11E913441C0F61BDF47C3070391E004A0BF1E78AFC283F9E27A72501F9CB
:20EE6000F9E774B8DDA237B18151BA00D0598A3C4E4320C47FBEF4DFCC02515DE8653F1700
:20EE800059840A5757E8417B10195C23A1CD90ED241FDFBD6BF3039DC0657F8EC47A6100F8
:20EEA000F042A6185C408C1F53F1149140E77DFFC683210195F8ED394DFCA24F0093C1FEE5
:20EEC000B80BBEBE8534DFFB6370092EA6318BA162B7F9B8D4024B5D8DE67F1079846F732A
:20EEE000E3B5E768528DFC768DD4FC782C304F8CF20113F862FFB06F5C0211029043BE1D31
:20EF00003FE40A43A5F5C220D26F579AED8612828351A6146877C21DFD806E7614480C8E29
:20EF20007546A0D1A414689FC3EBFD1D8298F27F10880782D318A243BE18AFE402518DE871
:20EF4000D03E58A98DE3CF14986CBCF9692EC7CEF10943887C275BBA7FD3E761B679E01B29
:20EF6000F964560120E0402012080CAAE1B582D1A19468B51A2BD0814AA31D0A16EE17F0BD
:20EF8000F7FFA65468096C1443E14DFE4AA8D12A4E53F11080C37E1AEFDD037340F96AEEE4
:20EFA0003307D82EE7E217F0EE7FB8BF8AE40AE1BDE87E2B91280C885A0E6C2D05061686C1
:20EFC000CBFEE0128F821416F2E3E6F3D03E5C2B8F8CE60AD3F780402034BCC602E1473F24
:20EFE0008586D2E07218C5A261B586D1B21F8D2C8321F8A5D020332D97EFEBF381FAE870A4
:20F000003E9C6BB5B2A27EA07F3EDC1E07D480CE623F0FFC07E1D1C009414C37B00DFCE019
:20F02000760A034B8C5A221F0C3EF4160E11B582FC2ABFE0882B84237B5069828352E21B8A
:20F0400048E5A3057CC1DA209F1A140729F8A0C02BBF88252E25F0E86FC76165BE9F8506A9
:20F060000D46C851A3AF705D1DCC669F38B4403E35B81E43F15A90403E37880E43F17E8007
:20F0800044BE1BAFFDEED15BBCC225705E84EAD192FC53A21CB8D572855CA0CEED193FC5E6
:20F0A0005A610195C0FA3B3B454F730192413C183DCC0251F8E8C0259F6E8C13E101806F02
:20F0C0007D1F0C0EE3E30087FC7A325D8CC28DFFFBEEBFF04A37CBCF00927C3CE770702565
:20F0E000982B64C205F0E1EE50E1671B587D33FFF7FA7FECB68817C2E7F9B1DA251608C5C3
:20F10000A241B9A07CBD94199483FBF7957E221F0847FE200F05EEA0FDBCF0CF8753F1001E
:20F1200090433E13313828248A35719C6F4861E334D8251AD7688DDE6052B8276681F6F9D3
:20F14000C04760E19F895DA2057CC1FE349208D5138368CCD9B25F89248707F890486856E0
:20F160008E1FE3112081DEA052B8774217F0D6FFA19F0A8FE617F0C0FE21348867C31DF890
:20F180008401416140A0A17F0857FEC77C91EC65768ADDBA17B180C8A35609C6F4D60FA1DD
:20F1A0000080482AB55AAC03ADBEC4E3A11B5FFFDE87FF81D2EB0BB05A7FCC064108478853
:20F1C00082D1A194682FC207F8A141E09D4D1DE207F0F040E812B9874209F0FD7FF061112A
:20F1E00012095C9FA12304829FC0E492B9176217F0CD7F729F9804C34578804AEC7788175C
:20F20000C23F02D66FE3D21A7FD32D71A1FAA0523A5D0E351AD97D70F7F8774F314286767C
:20F2200020F4B94D1A316891E2341F890CC74778C07E24731DEFA2714088FC30BB93D824EE
:20F24000186846D60F4BC9FE60120BFCAA09D1A07CB253199483F9F7C1FFE0570BFC8A35F6
:20F26000705383A831C14436B04BC63B6104F843E0904D4C8A8D10F864BFDFFFBF6FFD0440
:20F28000964CFA31BA64173523B4442F193FC5E22188A14AFA3500482BC824149BA39004A6
:20F2A00082BD0241487A3D00482BD8241473A310BCE4FF17C04828BF46A209057D906468B0
:20F2C000512E8E77F1219064FF17E9866A850CE8C37E30F807FFEFB6FFE77F30F9841353B0
:20F2E00000C9C8EF722BD582D110F84B7FD039043B6110DEABC1CB7D3F0A7C128D89D841A6
:20F30000A5300F971F01DFF4447E162807A601078071402125100B7D3617F0F9FFA5F68C5F
:20F32000BFE2A930CF41E03D181C826DE0B75A36779804AFF3D086FC63E5F05862F828FCC7
:20F34000C2052290D1A05939851A577A80E4FFF238064E0FF1A140E21F0F47F7CDE7AFD37B
:20F3600045E1601F0CBE008E12419083C5FAA3B0B681D849851A0D228164E423B1DCAFECDE
:20F38000024709904AEE709D86F7D1F0C7F460F77EAD4E0F01EAC2FE1ACFF0EC2D28760E25
:20F3A000412BB440B252ABD50A6701C97FE4500C94190A0AD168E179E854D95DA326690572
:20F3C0005783CDFAB69B472AF300954CFA1420882ADC022D78C350AABD1AB5E327F8AE405A
:20F3E00030D42A87472C09055D0482A5F47AC09055E0482A37462D79C9FE2BE090541E8D66
:20F4000040120AC120C850A79D1B15F327F8AD4022D1AB950AE541C9FE2AD0080CA29DD0DD
:20F42000804AA99D1C9FE29D30844AE05D0A55E73542A2F4217F0AEFF9DA167BD07587909B
:20F440003AC37CBFCEB0B007592AA7F602EB096BB4769560B0BD1CD904160BA30BF84DBF66
:20F46000D46F3C0245C6F3F460F15EAD49FA125AFD0DCB26837E8290D19FE16D16880E4B4B
:20F48000FF228064A0122887C25BFD81C83B3E785483AFE7806FE711580482C94DC0DA2DA3
:20F4A000D689525C1602F904C9FCEF392FC5230105C9C43E155FD64BF15498623E101844D7
:20F4C0001E8D5B83D03E389C064BF14D984025700F8610120A9D60844BA01F0C0E026146B6
:20F4E00082FC2CDF9804A231BFC051A012FBD7426146D0DA20BF0CBFEA0D4695DA327F8A9C
:20F500000E421DB1A4FC20509C9BAC15420F46EAD88260AB710885E31142B3F46A178C9F58
:20F52000E2B910C450AC5D1C80241574120ABBD1E80241578120AB1D1885E727F8AF824112
:20F5400054FA3510482B04832342A7746C37CC9FE2B520C4C6BA3F18042E97EB80C2ED3625
:20F560008A4DE61129A2F4327F8A74C2B51AE97C6010AA57AE050A804BA7FD1DC7C6010F02
:20F580009F7424146FFFDE8DFD82E6E87B194DA323F8AB4420329A6F4223B9ADFAA1503A21
:20F5A0004F4617F0CBFF5420EA930CDC1E7FF4D1EBA17F0C7FF6099B804AE7FF4CEEB86E6A
:20F5C0000E55FD886E7ABF880603DDB186FC63F00FFFDE45FECEFE63F2095DA20592A14CCC
:20F5E000E557AE6FA6019280C8BAFE6BB5E6F7E78049B13E79F51B0FE7A7FC2010BDA81412
:20F600001C2B7BE780C8387E79851B83E7CC7E2AB20814EA032A9FFDAE5AE804BE7FF4B7EF
:20F62000EB89A17F7FD26829840B272BBD40727FE91C032708F8D0A07D6F3C0251B3E8428E
:20F64000A4195F34037F388AC02412DF4FC28388D845E9906A343E8C350BE0FED96D12BBF6
:20F66000CC0E5720E84AEF30695C337F4FF840E114FF84061123B450A6705C9C2FE13EFDDB
:20F68000A8C1CC68D05CDC0B2522BD737F10CC029C140A75469451A03F0AB7FE21B1B05A12
:20F6A000203F0F77FA11B0DEFA3E18153828478BCE670F32A76236105A342A8D74B468EFAC
:20F6C000323DCC024920A30942CDED197FC6566133DCC0EF100378280C8E0523C383C14845
:20F6E000CFA0BB3B292F420F298A20C1405060A0508508382E4BFFF7C77F617F0FD7E9BAA5
:20F700000E0B9A94D1A059399A1C3C0E0EE30520448288FFE0128E6F42D9788A7C2210483A
:20F720003746E09305A4FF71BCECB07DCF3EA6D302907FFEF2AFEC128DB8D8C024533B46E2
:20F740000FF196905AAD36AD8D46F1C1F9C0E2383FC65E2111BC54AF102F843E0541F54071
:20F76000A45A3FC66241A9F3FFE44170520D2F9C920F5FFED0B4C24369553B44436B19BC42
:20F78000C0A5304EC53FE9A5A8CCA41FCFBF3FF919BCC225302ECD07E5A1A0FDBCF1BBCCB2
:20F7A0004AD394AB44A000005C0804080C0C001B010A2003886D60B4CB1DEA57B185FC22B2
:20F7C0001FE857C281FD8048EC772886F601BF0D8791DE4360E041B05320D8291DC4360EEC
:20F7E000F11C0D8384D33FFF7F07FE0322B1DA235718048E4568D17E24331C17E24731FFA0
:20F80000FDE9FFC905A37BE88850223F0A66E08E0E11B58252EB0B40557FF6F7D108A044BC
:20F820003E17DDC97C2C1A5338DAC728D9DFC442A119ECC22531DEC40B63DDD8D0ED19BDE3
:20F84000CC4B7343BC76E0D17EA432975BB4462D110F85ABF700D8CD7732CDCC13E1CAFFA0
:20F86000C03E101824828D38DEC0641F9F3E77F114984025908DFC728DF5F3C0249F3F3C82
:20F880000649F1F395C1CE36B0D8F4128D14DFC0E4105904428905F8477F109A5D62E57070
:20F8A000D8D7773039E4065994DFD5649509242BE19EFE4828DBDF44E2810BF861F7B40977
:20F8C00027DBCF38DE8EC1FE36B3E6B82F77EECAAF056DFED8ED128B0462D120DCD03E54F9
:20F8E0009A0CCA41FCFBC93F910F840BF705A3440220A9741FAF9E4768C9FE34D30B5EC6EF
:20F9000047688D5B727F8D3C4387F88848727F8AA4821543C181414024583FC69A4120B418
:20F92000643F1A49840E8993FC492E363B4603F120B8C6AF352D8C6EF30195C1FA10090CE3
:20F9400043E1ECFEC6373BDF47E281FFFBD577F23B447E9593FC69661D0AE42FE116FD97EB
:20F9600041E9241131C83B0C0A5D2CE8413B10197417A140F97CEE3B8F3FCE3D0195FE7BD6
:20F98000101F8457FB31A3603650BF84BFF528A342FE186FE4C68D019042FE124FDDEE3DAE
:20F9A0002AA34E28D59A156683FFFBDDFFF62B4422430091D46E321B9486D1D3C044EE5EC9
:20F9C0003B9607F1959868EE523B9C0E4713B8FE37B0D9076FCF00DFBFC1EB20F0480443A6
:20F9E0006B0AA64164320B4443E19E4D848826C141D360A0320C9FE24111859CC158ED1068
:20FA0000B9146AE310DE8CC2C4A9510DAD4ED100DCCC77318A3407E164FE8C42FBB7D19BB5
:20FA2000CC225304EC507E570A0CCA41FCFBE1BF719BCC325302ECD07E571A0FDBCF1BBC1E
:20FA4000C4AD35289400000B0100840181800367A04530B05A5C6AD192FC552419283C0FFF
:20FA6000A15BB4462D101F874B7958B4DC28E1B0770DACC29B06A35AED11ABCC0E5502E8F6
:20FA800046AF30495427A31856829BFEA09469C6E683F2D44C4DE0EA1FBFFFDFB9FFFAF9F5
:20FAA000E5768C9FE2A9308985C16BA63F2F3DDB6312F85E3FD30D88F41C0A550E4E829749
:20FAC0004C7CFE79051A25F0C47FA0128F9F442E162E17058E98F6FCF1ABCC2254B1072FE1
:20FAE00098F55620A4146955A7D90F862B45403091ECC51E192889088170663C61708C7CFA
:20FB0000C7802E052AB4C0FE380A1D4AD3039DD4BF123986628FEAF3CAED3DBB46F7D17054
:20FB2000A054FF120984628EE80B38DAFFFEF8BFFC128D20DCD03E513A8AE01FDBF50BA650
:20FB4000FFE40B6072088C2FE147FCC828D0BF867BF60F093181CEE032BCA6FE5120804845
:20FB6000217F0FB7EED76883C8A35719C6F48E16274C8748246350D2CFCFFFEF60FFC14A55
:20FB8000A0A9FF4D0584AA0F97FA85FC2F7FB0F84228CE984C14AA8D009085C1407FFF7BB0
:20FBA00037FAC7688414C44436B07A6582D101F853FF9FFFBC57F520B440243A098447E115
:20FBC0003EFFEF7D110A07FFEF02DF08C2C128D8AD87FFEF05FD48EF103F843E070795C829
:20FBE000FA369A34828D10F8513F5680282F3FEB3BF8804C397B9CEFE20330EDC1E2BD5811
:20FC00006D320399915A33BF888C0205F1BC40F25F8BF48225F0E67E691B1905A2025D094D
:20FC20000FFFFFE4368A37FFEF2FFEC23730190403C1029042B6110DEC037E6B070794CBCA
:20FC40007D3F0A1C1A8D87D843E8D90A3516D165A648FA31DDDC025548E8F53D300886479D
:20FC6000F1549844FE103814637F019144FE10481E0AE303E84CEF15A8F54E8553A0F0EE74
:20FC8000391FC652614BD8C8ED1D3FC642015013828C7EE21B9B1DA203228D5CA0FB0DEF6B
:20FCA000A3E1839AECE5346B85F21FF0AAFFA0F2FC0D1AC9D1B1DEAC7B1AC6C771F1804333
:20FCC000EABD0B2DA225F0D7FE6C768B45C6B77991DCA0323D1DCAC768AC5E61128AC7466B
:20FCE000E368B85F227F0F47EAC56882D1AE36882CCAE17C827C305FD804A2BBD091DA324F
:20FD00007F8AA40221F081C0215D0B15A27346C9FE299309851A0395C95E60192A137C16B7
:20FD200017FB00F84060162B448ED190B88A42C120109E864FF14D984E44A0A6146E909C61
:20FD400035C7FB2DA58A41D96D11BB47A2E31BD8D068D30A36628F28B95CAD172D9DC6F978
:20FD600023B460FF17E88446D199B3E4B11A3FC5F24124F01DC1C82230194E93A328A341CC
:20FD80003E176FED82E563BD40257A6E86E5920B47D0CCF9E09AA86FC61F01827C2A3FD943
:20FDA00006E69FF49D5866520FE7DF7BF9826A73BF887C0227F0C1FEA0B46D0F9EC768EC4B
:20FDC0006023172B15A2277AD9EE7A788804EE31BF80C8F6168804A27FF4B4EBE0F2FBFF83
:20FDE000D2CDAFA8DE611299FFD2C5AF804AE7FF4AFEBE09F0B07F60323F1DCAB3E780C866
:20FE0000FD5E7806FE71158048399008048261B5C6EC20AC305F7FC446971B4B82AA4C2223
:20FE20007F08343E09D080C8B2D218048229F0ABFE65978816A54E0E1F049151A21F0CC790
:20FE4000E2012290D1A05A8FFFDE15FF03859D7EA0390FFFDF63FC80E621BB0986F4AE0E79
:20FE60005BE9FBD3E5F4DC9D1A0F46C551A5568C0DA3017CC97E2918080E4E1FF0BC7F6D42
:20FE800097AC47C203088351B99B1C91AC156E0F1FEAE4BF14D9878C1A0A9D40844B247DDB
:20FEA0000901A4162FF900944637F80A34025D36E87AEF573D9C4BE1CCFC4024704A37AE02
:20FEC000E501CDE2FF100A062BF100B060FF100C040F61BDF47C31F7BB444F636BB4572F08
:20FEE0003DFF3DAED118B4443E129FC40251F6E8F3B6395FC42B21B9F8C021F14E8D268DB4
:20FF0000B8B4413E1C2FE4128D68B940251DCE844BE19AFC422510AE85AED158B8F57CF2D5
:20FF20000A36E43A0B17FD8251B9FE7804939BE7A651B97E7806FD8E17E141CF53B11B08C3
:20FF40002D1A6F68CBFE2AF30804AE01F099E07ADF88260331F8834C277B9CC7E20F2091D0
:20FF60000141422410095403E126C0CB2F101965EBA10296403E1CEC04025940F8477039E9
:20FF80007FC552419183C03E118C0C8C4E0C82122581B5DE227F08843F87F38045E29BF8FC
:20FFA000448A0322997AA0703A07C20D818048F5568C6FE23930C6FE23A03051E984025575
:20FFC0004AE8437E31E81C1F550DF8C760328A37FFEF52FFCCED193FC506819D12822583F1
:20FFE000EC60289F081412012F9D09C147E010093FFFEF1BFCF5BD3009C50A6705C9C2BE36
:020000040011E9
:20000000183FF677F31F904A68D05CDC0B2532BD40F2FCDF4C020522A35028D01F8673F527
:200020000094403E1CDC06A6D301907FFEFBFFC0341F1B0133B460FF196B85AAD300955A45
:200040007A151BC707E70388E0FF19788446F152BC40BE10F81507D5029168FF1989040ADC
:200060004994F07FE49C4F3FFA49C2F3C868C9507F7FD69FC197FC482436BBC40A552DE889
:20008000C0FE11981C665740F867B00FD0530AD41E51D44D83FFFDF9DF84C829A2642CDB58
:2000A000FD00914173729A340F24A1069D069B07FF91481360A9C9B057FE82642DC9320AC5
:2000C000F3D099DA203224C82906C7CF03F8462071895F43CF69B44024728A36C7F581F833
:2000E000C6A8D4984FFBEFB0FFC025165E86AED332B466EF113F87820704E8E4BF14998483
:200100000257C1E8D6BC14095EF81A0A9530FBF9FFE4505979067BCE97079B83D37A16BBCD
:20012000C13C2D23A2A10B7DFC42BE1E9FEC0247FF91264164D320A6102C9CCD320E0707D2
:20014000F8D0A07404D82807EB21B34C8592FE2D1B399DA12A0A816AB4E0B6351BC707E76B
:20016000038897414422378A95E205F087C0A83EA8148B47F8CC4824146846C37BE8F8605E
:200180004F617EFE79451BFDF7A4AB415FFE924D7CCED193FC55661029DC065707EC677FEA
:2001A00011D9848F639DFC4716A0A7FF4A8EBE0724F0F9E71158048261B582D1B17B0FF788
:2001C000DE4FFF965E25146B4D1A534D827C21F0487FC2CFFF95DA20F2C8B74727F89044B4
:2001E0006D14687FC2D1FF8048A4346B451BFFF79F7F65657052098C0A5732E845FB101981
:200200005C6BA141F94A64332907EFEF9BFFE4FF1549044BE10687FA3A193FC6924113A2DB
:2002200064FF12490C0655E1E8E5A43009044FE161FFF73CF034682F37620F2C8CF820D242
:20024000C8174217D8814B217D82B85A37E2080505BDFD4828D0BD84C37B0796427A10AFD4
:20026000850BFF03927D3CF07967EFA39DFC402610195FDFA2290763FF7A5761271B58BD1C
:20028000365968CA7E2913089ECF19178840000121C060A00059695C67A114F87E7F3D4FD9
:2002A0004C824790A15C7D70381C47A6BA0748985CF732DB4413E1CEFD4128D14F87A7F3C0
:2002C00008A5693F702994623142F5C0605C5F4C820538DEC064104F8607F700947E7A1E5D
:2002E000A3404A050A1F00886D60946FF7DE29FF91DEA072B8274681F691445E40E49FF843
:200300005EE7FDF7B3FFA0D4B8DDA327F9AC40215F099FFBFFF7F2FEB7BE888503FFF7D8DE
:20032000EFE01BF1F83B86D63D4D8351A5568C97E24711AFCA69FEAA8C432DBF8D52E01287
:2003400048DC6325F890C0601F09FC0331BFEE5E215F092FF93E088A1221FEFF6C65768965
:20036000151B336E80C8215F0D685C14868D93FC65A610295C337F40907FC260A7FFDFFF16
:20038000DEE7FB95DA20C170595884677302A34828DFFFBE2BF530A36F7D170A042BE18984
:2003A000DFC8A8D7390F7D7E13590782403E1B596D320F46C2EC244851597DFCA6970092ED
:2003C000C6E31DDBC64EDD13D8C0641FFFBEABFF23B474FF1884082CF824164FF154906422
:2003E00060F03EA9E41442052982F42A5078782C1C82032A85F47D51E80CAA4DD8C9FE2B8B
:2004000033080CAE29BF94D1A07218048217F0887E24D68B1DA335368C5A3AFB987FC32D0B
:20042000FDB1DA207908C5A21FF0CBFF64F688151A0799CBFE24101CBB1C14032130A34364
:20044000FE192FF48ED183FC482A30091E8EE505D87C37B29A3773CF0FF8637FB01A30749C
:200460001DE3FDEFF3C037EBF0F08DAA7C1E73FF02A5C1A455BB446AE308DE86C2C236B015
:2004800000B82C805C14142E3221B58251BFDF79E7FA477A81CAE15D18CD2E3768CC5BA4AC
:2004A0001B1A07DA711199483F7F7A47FBFFF79A7FE477A80CAE0DD081F66053B80CAE25DF
:2004C000D9886F7FDF7C17F61D4C7B82FCD62010AF853BFB23B44024583FC654BE0BF9F9EC
:2004E000DEFA22140FFFDF91BE83124164FF1959846F72110BBFDF81C2EBF7E8F0F04A5D54
:2005000062D100F86E7FFFEFBDFFFB019029C4FFBEF77FEC16970090C62D1A098447E19FE3
:20052000FD6F7D1081B82B1EE43E165BE9F9D06994D8048E1D4683D1A5568A0FCAE17088A6
:20054000DB6A77285E22A781E5DA747F5BD5D30942CAEFE9FF4BD5C281F2F150367FBF87DD
:20056000CC060F31BF81FD6A163CDECA2784C5E32A784E5E332784A7FD2FF43E9E129FF6FF
:20058000FFDCE27858BECE03219851A25F09DFE20346985E38109965A329F8A44C209F185A
:2005A000A40BF7B187FC3CBF9F06C61768B1D871788945EB2780827C61D02844A295D08286
:2005C0007C61B01827C28FF9C46E683F2FBCC66520FDFDF67FDB4D1AD16988FC3B7FEB5D85
:2005E000A6D3468C5E381F3C0443B3E78048EC761F179E5968B1DEE09F18D42287F08140CB
:20060000EC773A3ECE006F0903FC40ED1C4FC46A6183C46A3F104984AED193FCD622118B24
:200620006C13E134FDCA2D115A4C4BE1A7FCCA2D114A4C0EDB2A9846B11A0FC4264193FC89
:2006400065A61C3B944BE1A4FCC0A4328B4407E136FD7FBEF36FEC0B61BDF47C30304F8DF8
:20066000E201D7F3E53F17E9858EE7A3B7F13F10E986D3F17C9864F0100919841F8F07CF40
:20068000F3CE22B009072E1102805A4060A11B5FFFDF3FF88252E0120ACDA7FFF7AB7FF771
:2006A000BE884503FDF7DB6F0460E5BE9F853E0D46C5EC3FDF7DA7F2677881FC21F03844E4
:2006C000AE0BD0A7FC20309A451A166B078FB4D1A614687FC315FCCEFE20190DCFC6010FDD
:2006E000F87473BF880CC207F081C0E072BF5746574C93DA32FF8A6CC2012B9CF432FF8AB0
:200700007602C77A804AE71D1804960FF1BC40F2FF8BF4820399CEFE2230088FC2D5FC8648
:20072000EE60128E97424A2D054898657F141D050A6B3BD8D028D04F871BF300944737F046
:200740005A31CC142B3BF8896C2A54681666B0710520FCCAE8D07A35628D11F8533F9C8D53
:200760008C82D10190E826111F863FF3FFFBCE7F131A340641FFFBFC7FDACF3D8ED193FCDB
:2007800041701C3F3C47E16EFE42251C2E8683D70881C82E55DA157683BDF3C025F9AE8470
:2007A0000B3263075A3182EEF4727E7806FDE617F143B7D3E012382D1B1346BC5A7AFF889B
:2007C00006020770A1DC215F0CAFF60D46946E60720827C255FD9851B7BE8FC60E072DBECF
:2007E0005A68FD191DE247F087C0E86F10523B84324763B8763F178985E2D3C0FC42661B8A
:200800008FC5F261A0FC4366198FC5FA2111F87A7FB0090DE2D313F8623F93B4A82A44825C
:2008200007F1A141327F8A0E0325B1C9FE2A920A941E81F1C960327F8A6C82012A807C3161
:20084000A09054E80413E1477E84823F41C224768A0A3C1703F1039868F11A0FC41DDA0BCF
:2008600067FDA352FA7F8864CA012BBBF4281F29A5866520FDFDEEDFC82CB77A93052291BE
:2008800048FE12F81D8AE143F55262341F84160321B84E6D10BB6C6ED5C4FC43E610AB6E84
:2008A0004ED5188578EE91B86482EB63BAE4BF17E8044F1D0094533A14FF859219B3FDFFB6
:2008C0003E7DBD968EEBD3B54025146E859241B3FDFC3E79BD9507E570B878EEB1B8548E50
:2008E000EDD3B4E8FEB7ABE6128B95DFD3FE97AB8503E5E2A0084180C1E637F03FAD42C7B7
:200900009BD958EED1B8568EED93C678C0E0A4777E9E32C7770782BBF4BF19798713F11F78
:200920009864BF19B98653F12490613F1239842EDB22F847E0593FC68A6103F847E0713ADD
:200940001E13F1240482B9FF03E08221287EAA0440260A0155F399C153362050740DB79E57
:20096000F768AC5E6E3E782CB6FFF49E6BE776890DA2356DE17E21510D0E23A3818DDB70CA
:200980007F884E0261E7806FE71158048201A08454221B5804860720FFFDE2BFF8C6E77B77
:2009A000E888503FDF7A36FE0F4C81C86416887FC3A7FD804A3E9D080C861146857C29FF60
:2009C000DB1DA213228D5C621BD1D859C6D6314DB5DA2302505AEFD4128D20DCD3FE9ABBE4
:2009E0000CCA41FBFBF1FF76BB442A450090CA2D11AB8C07E17CFC4AED1059046ADB23BC1F
:200A000064BF196A0413D5538A413E101824868DFFFBF77FC6F07383782876FE082D050F10
:200A2000F8670DA0BEBD095DA1460F2D409C19C34436B11A6432450190D8ED1202884A9FF3
:200A4000E2012182ABC16F47E115E0FDDBE832B425F07E12476880C8327F89044615F0FB52
:200A60007F0160A444D0920886F4960E5BE9F85060B46C96C21D46FF7DFBBFA95DE3374CBD
:200A800081FC21F0383CAE0FD080C96C168807C277FD9451A25B0DEFA3E181846A65146885
:200AA0007FC227FB905A211A9CD4C21FF0C37EE4768CEFE24110C992C16468540F856703EA
:200AC000039740FA393FC65E41FF9545BA19DFC486411583D03E34EC0C3734130510A85EE4
:200AE000363EB8847E81F0A36062578807C21F00D9FE33130A17AA0120CC0E414F30308DCB
:200B000044CA8D0790FFFEFC8FC582D1C3C446F7303BD4025700F84C7030091E37F11C98C0
:200B2000637F11D01828F4C2159B804AE8FD086FC63D0383EAA1BF18EC0611A8FFFDF63F5F
:200B4000991DA327F8A0D833A27050BD8D1BE1028324C15401A0B010196E77F11DB867463A
:200B6000E0A5FD0814B6FFD0804B681F083E045A0EA930CEC1E60A10730CC41EE3D5DC7C75
:200B80006010F85F4611A8FF7DECBFA9C6E43E0EAB30814EE032B8FF63EFB1FF49AC768861
:200BA000DDEA67B1ABD2E37688DEC61F98846C62399CC51E63461683CC7F6E1B1814967F3C
:200BC000E0FFC9B8BE725828048AD100F84261992FC66A21BCF8C261F04E8427730192CC60
:200BE0003C10083FEFAB92FC552415083C47A963B466EF30095FCFA0830B9A83FB9061333B
:200C00007078B753FF2128839DFF7CBE7B15A3A579804ABD3D0A118C24B3F5009478FA12A1
:200C20000B46826110F857BFF0094777A10C92C1BC0B10706E82142C87FBFEFBF6FFB2CF43
:200C4000382C1C145A0BE7D16089DF762012FDE743FD21E879FFF26CD79E45684383C8C1FF
:200C6000F67D0B0DA31379804A75E7D075082FC2130184CA753D1C941E0BF081416D1D58D5
:200C800004B673D02F83957421BF18FC00B60BF50090C0E41FFFBE3FFB05A3753D3009BD58
:200CA0000A6705C9C2BE13EFC4064505CDC235303C9677F31F9040B2522BD737D300814C63
:200CC000A8D38A3403E156FE4025B81E8402513FFA5FF5EB90B015C829FFD2F1AF85C9759F
:200CE0001E7804AF5DD05583D7FE60128E6F4751E79C4560120E440201203685D27EA53437
:200D0000681C820325FFFDEAFFD839BC1CE0DE160DF83383846A60B9B358381E54DA16801C
:200D20006D051FFE4025F3FFA5F75E61077A3786E4FFA0128E4746C168807C359FBB7F9EB3
:200D4000012D9FFD29FAF698380F426346A579CFA0EE07D05F8E8DA7CE2307CAFDCABCF03E
:200D60000DFC0EDB10DAC128D23DCD3FE956B8CCA41FBFBFB7F3029141E93908244A000079
:200D80002192A0447E1FDFEC024723B2C437B00DFF2E1102807E36B18A7C3A8D0190DE2CF1
:200DA000300907F3EF7AFCC168D20DCD03ED7C809201F2FF34FFA652E50090C4FE118FF460
:200DC000064308A37F3EF6AFCC128D20D88543C37FD3BB4C4C5A0B0D01F3F9E6146877C32F
:200DE000D7FE9451A1FF087FF249B19051B7BE8FC5021FF084EF3F06705388AC024101A5D3
:200E0000C0A951AB0DC28E0B07C08083C6F601E0A0768886D6464B0567889E41E3BF304A24
:200E2000544EC16C99D4EC113B4EF7D110A046ED118A391C2C236B04A5D61F40A9FFBDEF69
:200E4000A21140FF7DFB3BC0B859C6D721F8A04C2094689FC3FB0F827C685018A6FE03205D
:200E60008048309F8A0C0207F0CBFEF281B05029DF6F650195E537F0191C024784FC52261C
:200E8000118EC40FE1E2FE414620FF70AA5697F7029946231940B82A17AE0302E27A6410A2
:200EA0002A1EC52A0BE193FEC812A0A1F214A83A1FE671BDA050A1F0080D266D3088FC2B40
:200EC0009BDC5C220500886D6114C8148AC768905A23571807C37DFC9C6E64168877C3B163
:200EE000FF905A16E0E1FF0F4EF221BD7F849C4236BC0D942A9741D8C0E5101EC462B908FE
:200F0000DED03E5B988CCCAA0A31F981CA205D88C5120179FA79E81F2A4CC60D20FA79E0E5
:200F20001BFD941E0900846D61DF0F87E60B4AE97A29F3F80CCFB7B2E17A2833F804A7EFD9
:200F4000D1846F601BFA814C140A97A0F8C220358B47FFEFEA078496FA7F14F86D1A3D46CD
:200F600080486774BC9D1A096880D823578CEFE25170CEFE25980CEFE66190CEFE269A090A
:200F800096E7483309BDF47E29FFFFBF3B7F1A91413E3098044FE127FEC0647A3B96EFE3F5
:200FA0000687D3FB1DFF442FE10499CE69D43A74F601E3BD48FE11381D0C060BC77280C82F
:200FC000E09F18740A83469451A4775A3FDBFF73C27E23190F1E0A09F186C0E1DF0B4FFF41
:200FE000C77AADC1E6DD5DD47A09F18E40E032AC5EFF5568995A22368F158715BFF0D876AC
:20100000588C96233580F3DDA012391DCA2B4990518FA0E23F0DDEF0BA0E2A5D051581F37F
:20102000FCFE3BD50FE11081F2C0E0A47F08904C144A07C5F3F8AF54AF846A1522F846E082
:2010400050AF846E1542F542A05E2B96EFCF40F94AE8333907EFEF7BFC7FE47E3BB753CE6D
:20106000FB091F80C025BE9F851E0B46C76C21946804820321FE7DEA3F88351A41B9A07C0C
:20108000B8F111683B27E3513087FC28DFA8C6C72DF8AA4C2092B97F466146877C30DFDACB
:2010A000C6EF714C827C61107827C61908D75AB3DB99451BFFF7A97FE0523C6FE21960C6F5
:2010C000FE21B30CEFE2193080482C7F383C033A0D0563F9C3E410ED86F7D1F0C3EA6D503A
:2010E000BB46E685ABB153FE10081C2EE14BB862EE1CBB877BA141A2F73A160B47FFEF213C
:20110000FFF63CFAEB54DB67A2A5E7A8526E8412779EA148FA106F8CEE142D050881FC2219
:201120005F8C0D1B71F18043E81F09760609A9A821C171FFFB907828B74209F186C03DF7A7
:20114000A8BFC2210789F433BF8905C20F999D51A19F0AC7FE9FF080C2251E082FC6670A58
:20116000EEF9C160C8E0A15DAF3C13E31C8079FCF00977BC560A2130814AFD7D080D1B2B52
:20118000F8994C3CB22A851A23F0CF7E8160E0F4681D12A146C28241447E18D0883C06A38C
:2011A000D70086773E30084523D70C841D41CB3A30491C17E32380C8EE107F8C6207AABDE0
:2011C00054E87E2B848A3B0299D8EE105F8C2E0753FC412178BA15080A0BF3D1CAFE229AF3
:2011E0000CAFE22B90817C3DFFFE0FCE8121A851A0391FFFDF23FE80E66C173248381F42F5
:201200009146FFFDF13FED05CFCF769678391468049FD77AEC41A03D4ADC867BE7ACC1F594
:2012200057ACAFE21BE0827C60D0082FC61D0C97F57D37EFF4A659D188C8FC570C27E20B15
:20124000E091DC22701398380C8E4771EAFE21D30E27E20D30DE7E20930C1E024373F5DA8A
:20126000789F886CC2578CD27E2233095DFBC774A653E0FF18442AAD459D74647798149AFB
:201280000BF194402CDF3A344E4771877C283FE9420415CBFD0493CFFC107F8C2A07039048
:2012A000F8AE153A1C86E1029998C1D8EE0591B27B9C9E892BBF5EEE7EABD44BE10880404F
:2012C000BA1043D82E879E05F081C0E072B80F464171E579EA50780F560323F9F9E052BF11
:2012E0008F4217B990DC783E7D1487AFE683FC61909A75162BD13C83877C20FFEB55F6D501
:20130000B991DE60927B1214240A4C830730FF637F10CB8637F10DB0777CD0093FD3CF7E8C
:20132000D9EE3E30087C9BA0330508A051A1DF0F67F66346BC5A3FFF7867FB576A8048AA92
:20134000745C2FE26520CBF42974585B4C15028C490B0EF8767FB28A340A4DFFFBC27FD9FF
:201360005F3E77F1109840A57050F8280C9A47F0B440E4771C5F9C160DF6170BE7F7DEA21F
:20138000FF08841F87D091DE42217C3E7804A2FFF49E6BE0F468779EA11580482B803053A9
:2013A0004995C36B05A364B650CA347A8D0DF8627FF25D8C0E9555B0452E956BA452E170E7
:2013C000DEC037E270710DAC0E9960B4437E19CFFC8EF923B84437A130701A5D62F970A359
:2013E00087C2CE36B13A6DA03E0B25FF8251A41B9A07CA8F1199C83F5F7DA7FBABE8A7CF77
:20140000E033BEDECB8BE8A0CFE0129FBF4609F18440E69228C51A27F0FC7EA8FF6FFDCA2F
:201420000321F258BC583FFC8AC575C27E24720F15F2C3F3A344BC5749C17C24E36B43B59F
:201440004128D93DCC28B212CBFFB058A41B9A7FD361712C83C3964550A7F00957DFA36090
:20146000B54EE60370B03B44436B04A356F6359B55276301F8C220593A14137F0091C0EC40
:20148000106A5D62D1FFFBD7BFB21B44C76303A5C22720D0757FEC024723B033C2CE36B051
:2014A0004B44168D9CD8C4E9320A3447E17FFD44A97009146AE75AB9E6AE7DAB9FBFE710D6
:2014C000C15CB6DA1B54326799DCE8EC5E3B140B7362DB4B2D161308581E728503E841CB99
:2014E000A125E4F0563B1402472BB04E37BE1B542EC1E9F3C037F2D8FC06005F0770DAC1D8
:20150000AD104A355B6771B54569B411B84CF50A05D0B40D414506A0AE76290DA29D7DDB7E
:201520006C4760AE56BB96AEE5EBB91CC2E22D50AA5D03738BB172CE6124146DEFA2E1401E
:20154000FFFDF53BFE45AA0760FA79E11391F83FA7F24D60B830C2560060A5BE9F851E0988
:2015600068C8D1A0F4686D1B3546CEFE24120CEFE25960926E69FF4A45C66720FD7DFD3FD9
:20158000DEFFE35981CC7E20130D5EE6052E857420DD98181414EED15BDCC0241BDF47C304
:2015A0000FFFFBD7BFFF7F3FFFEF77FFFD00A0B49FFF8F9E81F29ECC7C3E7B1DAA17B9A006
:2015C000487BBE7AF5D39768BDEC6137C91E3A1744A07CAE561C5D0A0FDDFFFDF21FF9DD1A
:2015E000A2012BEEF4281F2AD4C797E791E1A0323D1DCB3BF9944C24776804BAC1D1915DF3
:201600006D7698DEC6B778E1FCE0713D1DD7D76989EC6B788D27E2333095DE3C57AAC47A9E
:201620008342A0D06C3F38040B2307F15CA99D4CCC7A9542A5507C37AB17CE8301F0DCA233
:201640003F08140631BFD9FEB07F1F1DEA31BFA4C26C3F3E1C0FC772D5DA237B1F1DEA8770
:20166000F08202C14AED513D8E4FF3009878EEB6BB450F6304F8C360704F8C3A059DFC49EF
:2016800022128A343BE126FE6AED18BD8EA7E30280C13E31C814065395DFF69F20A3368F5C
:2016A0001D87C361CA6FF75F8824C33788C9E0309F88DE435569C36E6012A99F432778A851
:2016C000DE207F08FC0EA3EA81C8E59D19C51BFFF7EB7FAE3E7B15D73BE780C8B67E78045D
:2016E00086C76A8CDC2B370CCDC3B370D0DAA13BBD1D8BC762D56C6A778C95E205F08FC02D
:20170000AA7EA8148E1DD1D15AB11F8844C311F88480C1428060A17308652EF5B91483807B
:2017200048E776085526414688FC29FF9B1DAA87B9A07CB2F119A79FC36A85D83B7E7F15B7
:20174000AA2760F6F9E012380C82C7629D79E01BFAC456012096C7E0300A801C14236B434A
:201760008F76F650395C2BB10EA541251D3AE40FE30581F6F6507E8E620300FAF22E108D7D
:20178000EFF6439E907EBEFFCFE40E5103E8C60260B7F70FA79E052885EFF311DAC47701D6
:2017A00000E0400AE0B7FBC83C120101A34436B04A343A910BF86C3FB2094613F11780C431
:2017C0007A121A34281E0B500F091E80C2FA3940A8285FC38DFD90274163E43212B82E8737
:2017E000F20120886F60320FE79E031581402034B8C5C2E147806FEA30080482FFB5C87E94
:201800002293181FC3FF0291EC681F2DB8B426E7F90CBC40F2514F84060718DFE36D1CDF08
:201820004C064518DFC072BA683C1FAB04D6F3AD105F5E0E0B0199F6F6545FC432D96509EA
:2018400084875A4262E033B88D3701F88ECC69768E07E39130E07E3F130A07CAE323D07EA6
:201860003F93081C8E2BF880C6E194285F4209A9807AF050680FAF050180CCAA3F88647391
:20188000A5B295CE78DF8E6442033B89FC3FF03F5F4609B0B86F601BFE03BC1643F1239018
:2018A000D7E554FF554A232DF4FC29F04A36276100F96A7018FA5C2E8993FC41F21B9F8C19
:2018C000121F04E8C02474FF840E1380FC47E6394FCC866302F847E0594FC48B430095E534
:2018E0003F12198D2BD502916B37F4FF847A114FFA65AF1DB84C23F702FD4537E0B057B010
:2019000098285C27E129FD6ABD70083C27E161FD0B414860FEB85C0F0146897C2810F80E9D
:201920004FA1448A6FE6525A7FD3F575887C3F3F880E6E0B44FB4BE07FB82FD6E34B82FD48
:201940006E92582FCA7F25DAFEFE7F5B6F6729F88ACC607F0FFC2A012BAFF46914684FC2BC
:2019600011FFB3D2E9FF4BD5CA07EBC4C0FBF6883FD64543D8CCF67FBF97CF5733CDD121ED
:201980007EBA2C2E17EB804184E0FE9FE80E400E0FF1FEC1D1A93469051A1DF0AEFF34FECC
:2019A000B85C1C760F193080E6E6144C6FE211A0C6FE223A0E1C6B6FFBF97DFBF1BEA7A6EF
:2019C000593281E5F093BA17C7FF3289FAE1103A17C60102ADC6EC40505CDF4C1A654CA556
:2019E000C62F1FE9440FA194FC552615A83C07A90AF8707FD8DFC4420102D4E53F11780F01
:201A000013F1D8B8713F118B0F77D30691F13D32E91C2FE12EFECE37340F96D6C321907EAF
:201A2000BEFC0FDD3FE10084D7FCF09F879FF70BF866FF7019042761BDF47C31F48A32341E
:201A400015EA13F0CF7FA654B6786F979E65B2FDFEBE5209956A8942A24AA89168C30C1EFB
:201A600039961B24CB11F7FDB2C1B1C1F53F1D8C84C289B7FDFEBEFC38D77E37B9A2C4FAAE
:201A80007A8F8C420702D440B295D8DE53F11C98C0F2D8DFC462610291C172AAD0530804CE
:201AA0008F1BF88CCC3FFF7F0FE779E78BD2F27F88068375F1FF43DAA16B70781354155BED
:201AC000FD82A369FD70983D428D0BF843BFF51A34665F38DFC664F87A14A37F07A34E027A
:201AE00060A95FF846C60120CF79CEE0A0138A23DC14030538E27E3C10085FC393FE804AA2
:201B0000381D1F879F790782402814287C02A30080482032996FA7E74782D1B154682F6618
:201B20000529807C34580A07DA0701A8783A1E99651E13F09B7E72BF8906060D46857C2012
:201B4000300A0D1A21F0A17EF0346A039C147BFDB4F8DBA0747F8FFE6FBAF8C061F3CE8E03
:201B6000E3E30487CF3A1B8F8C0C0A12050F866FE9FF4D35D29FF4FE5D3ED18A9D2E07EB24
:201B8000C40AC14020F16F5C260DD5FC443031BB50341F63F11CC840FE5E799C62894FFA76
:201BA0005EAE7B0FDFCFE1308D59FE3008341233460283F852BF905F8FA20783A145BA1409
:201BC000AA3737D300A3763D37280C47E1D8FDE068B23E9503E57A98C8641FAFBF93F463F2
:201BE00007CCF3D03EDE89A727CF40F961A89C6F3E63F17D8064363D5F4CEAF504F85FBFB6
:201C0000930DCEE3F3EC98EA3F1EC80F7E334AF5F8EF54AA34E28D51278488FC365FB96D2B
:201C20002D1E0A431BB464BF17E8860E8510ECF4ED318A240253D3B1746D541FB5AA07189B
:201C40006282FD5CE831A89E1B334286F4E81F2CADC789E798EC6C925D87EFEBF382FEE232
:201C6000703E1C6BD07305E2A2FDBCF005984E17A6E506816C37BE8F861FA1F8884C627BC7
:201C80009A7FD3E961D5F9E0126C1FE3E161C87E24111C1FE2E910C1FE2EB10FFC9307F8D2
:201CA000BB5020739128280C065300F8CF2018CDFC02430190C0FE112FDA3C14061DF0CB9C
:201CC000FFB8BF8885870BF88B50613F0CF7E8A6128F0BF853F7500DFEF20F04805922B0F2
:201CE0000904236B0BA5CC3630194437A140FB45A0321907EBEF5EFD462C11AB4507ED69BB
:201D000081E6A8506ECD03ED1F80FCFCF40FB712251AB07CFCF08DE8CC1CB7D3F0A7C12818
:201D2000D8FD847E8D92A36F7F160B040F2312F87A7F902C84828D04C8C3BE119FDF53F153
:201D4000CCC860E8D0097C03E130C14025100F85370520A343BE19BFE603E1018071F65B8F
:201D6000AF8C021F00F87EB0102CDC4FEBFAB1C172704CDD0FE30084413E1C0FDC13E17AAE
:201D8000FDC168D04F8FA20129A341B2104F8524920A211188EC60D98877C297FC8EEC7646
:201DA000BF99248349F88648776410515E8753F1F0D86B763A8B441737D5F4C0243CDF4C9C
:201DC0000271808C56A8D41F8C020311F87A7F583A2C23A540F959A62D107F5FCF53F1C84C
:201DE000D87A3CF282A84C9154172241DDF4C1661C58C40BE5CFB9C0E89483F82D9FEFE58F
:201E0000F3A9D0FD71AB47C60102E27A67532804BA81F0CFE038D688540000237B1095489C
:201E2000E0321A7FC2010B827AE17038364727F8924C6314682E4FFFF7DBFF20B9B8351A1E
:201E4000314684FC371FC807D64540A7FD2F573C64DB6330D87EFE7F0EA7A655328351202A
:201E6000120ADC6EC5EB8440A032BB9280141B33C0F96730399A2DC3D70281403B799A3458
:201E800013D78B85F6FF1CC9852E8B94DFF13F1DC9800C16424FBB8CECE9300DA7E6190174
:201EA000C4ECA21F0CEFFB68F805D4FC442634FF5782F9128D44B65A40782A1EC747F8F628
:201EC000487A7E9B94862518A0FAE1901E18241751780A8B19A47AE19088C46285EB863377
:201EE00001C0B75F18043E0BD00C8291F13D32CAC713D33091C0F36C70509E27E3B16095F2
:201F000051A4146E27A65D58C1FE21390A1D1A1DF0A97EA079B8C5CABD60804BE01F0A7673
:201F200006032381E6A27708166E099A638280F0E3561F5C0A030195DC7E30081703E53D4C
:201F4000C0ED29198A15E7D70161828C51B011B1B82B0F53F1DC806C28534DFC024101906C
:201F600043F61BDF47C31F42F9442E729A350A8DE6FDC0E25C4F4CAA255DF3C025F47E8509
:201F8000BFE100A1944144B3542846FF63F1FFCFE01F08760729F88E4C64744C9FE2496183
:201FA0009851BFFF786FF20B469851A13F087FF201F59150E9FF4BD5C31935D8CCF1BF8941
:201FC000068367FBF87CE3B448166E11A889FC757028266E1395A1FC60103E6FA61923819B
:201FE00048F5BF8944C217F082FEA21B9A07CB25418179CC60A470CCCC064FDDFC443015B7
:2020000028D4373363F5C0607528DD468D02CED8C660A012BDC6FFA346E9D1A2C27053A821
:20202000940B310093F53F1C89851635C88C6D7F7F3FAC0FF705FAD0BE3008440B352D8CE2
:20204000697D70281520160B552A86F63A9F8DC482A51AD97EFE7F281FEE0511B4C6ABB151
:202060009D8FEFE7F10E83F879B28BD04A305706083D67ED82175DFB608B1E8288637F12F6
:202080009B83141CAE886F055084E4CFA0A070A2882FAFCAD5438946241466787877C31779
:2020A000F994D1B1BF89440211A8887C2A5F880D1BBBE9865637BE6A97E2091B80CCE03FA6
:2020C000195C1B7D42CFEFE573F85FC60306BFC6ABFFAC37EFB3B2C450BDFD8827AE1703CA
:2020E000827AF1709C9FE24931ECFE399208C51A0D9383E4BFFF7B1FEE0D9B8351A30930AB
:202100005644983A024C15CE0F9AD8CC361FBF9FC20FF1C640E3D4498513054284F4C660DD
:20212000A61DF8DC025F26ED503E54CA0D7FCD2FA359BC194FC47642AD0530AD51627D9372
:20214000783D5D08DE0E15D9338281F4C5E0A57330482814768DD2FC732E1E1F3D03E526F6
:20216000A0D0FCDABA17D3B15B8067685F1E9D03E543A0CEFCD15F5C220B05CDC828DB977E
:20218000083844024FD4F4CB1C60BA5F82B83AC50FA9E99D4CA36FD0542F8C0205C405823C
:2021A0009551A8746877C386F50546F340B3B0193F77F110C05468D27F3E068D66F35228DE
:2021C000DC6F340F371FB870FD304AC713CDBAF8C021F7FFA7675B02CC92415C08E0A478E2
:2021E000D8D6D7F7F7FADF68715F5C0A1101F8EAE0BA53C82398281EBE8505C9E5FB1EF844
:20220000DC0246CF0501827C79902CDD1AC9E71F839FFD3FBAEAFD1B6DE580502850FFBE5B
:20222000D603238FD3A012799DC39BE9805DED146FD7DFEDFF82D1BD1B18048E677081EC29
:202240003E1BDC87E3E30185FC251FACA01C245BF8070784FC7C2A30BF86CBF110DCD3FE35
:202260009DEB8C6FC12091C13EBE4B8613F1F198C13E1CBFC76BCF00D3C0E430080403F8C5
:202280000305FD807800E100014120FF7009FC08160F7316E9F4681F2E6C466B20FCFDF319
:2022A000FFF806FED1158048271B58552E1B46A9FE241408451A13F0C57EA073D827D70B77
:2022C0006480CB60944A7FD2F570DA7EFE1F4CA6FE51208048241449C6F7F907824025BEDA
:2022E0009FC53F3546C8FE31D308BD1A0B46D1FC61D02A24EE194680CAFA5B28CF6723F815
:20230000C7D82893E80CBB19BF8049A032680CAB31BF80C99F80E09D08048A03219051A012
:20232000FF0907FF29F8F84C6072BB2763BFE881FC20961ADD860326F579E4FB9A07CA8556
:20234000214A83AA7FE03238049E4146770298C3BE130FDF7FF198C8F67F10098402574ED7
:20236000E85468D20A36628F00FDC1EF104F87ABF1009451FA30290ED3F3EC80C43E140FEA
:20238000E6D3F1EC98C6E35A40282EA7A6E5238C7AE0502A1FC601038946287EBF05C201DC
:2023A00023E27A6E520E2FA6092095DC328B70503F87F6050C954ABA1A3F8C9A03D1F8C073
:2023C0002174BF5C06174495C97A194FC63E61A3F8D120553A154E8320A36ED6E0A11BFCA7
:2023E000DD1A23F0987FA21B106838B742012395DCA33E081C8FA9F8FC5C5420F5FE7F3D11
:20240000A75BE7A7FD23F71D079F7146D9F9E0120DFF9E9FF080C2FB3E780C8FBBE7748377
:2024200080CAFB5B295F4655728048E09F19E402D7725582FDDA2C1BA2682ADF42012EACB3
:20244000F4673469451A1FF0CBFFB0DB2901A417EFFB823B848D7470D428C74E11FB807C27
:2024600070BF8846C1A20A655B8C50BE3008130C14CB701F0504E8D03E5CB90D9BCF0291B5
:20248000EDBCE410B76FF5428986D94064531A34828D07F85B7FDD9FC4026163D8C06432F9
:2024A0000A36628F47A1CC289D51C82C36CBBF192286B9413E149FC6C37371806D3F3EC822
:2024C0000EC7EB809FED37F89D953FEDFFB8C43E19AFDED3F1EC98C6E35A402821A838DCB4
:2024E0006285EBF05C0660A600D0523E27A6E523DEFA3F18F806FFE101804825BE9FC50E52
:202500001D468251A41B9A07CA03119AC83F3F7BA7FA0F29807CB1580EFFA203F0825C6E20
:2025200036DC45DEFD85C87E3E13189884142623EDF3C1FE15FFEC02517CE84FE971BB44BE
:202540002F629D071390C8311FAFBCFBFD0094537A194FC5D2610295D1FA104EC40657077F
:20256000E873643B490757CF039DC0657F9EC47A6100F042A6185C4653F1759877FF1C4CA9
:20258000040E7798FC406410195E637F289354A7DF7D96F6858CDFFAE370091F96D3ED8D2B
:2025A00046B73E3B5E768528DFC768D04F8CF20110F861FF500F8CAE130290697D709834B0
:2025C0002FE1CDFCC0A4326F579AED8610828351A614685FC215FA806E763448048E7546D4
:2025E000A4D1A4146887C3E3FAE47E20900F05A617F0C4FE651B9FDC8725E78A4C383E7C34
:20260000B49781E77C82A1C47E1D6DE01C1C23E1BADFC0645009082C1C3BE1EBDCC0641003
:20262000AF8747F00D070DF845B70F3070495C23A140F94BE2372F3D3FE99AB8DBC0A0B38F
:20264000971B610C1E0FE90180482D11580482054B8048B87E98048BFFF7FC6F41E0E03455
:20266000BAC5C2E147806FC160E71B58251A41B9A07CB3F119AC83F3F7E47F4A20E07F0F21
:20268000FC1627B1A7FD3A171FA79F21F8F8CC6412B81184168623EDF3C068D04A442BE125
:2026A0007FFF4825184FC7C60314DFCA28D0D904E37B1999C060108DAC23E1ABFDC16975E2
:2026C000AB460A852ADFC62F10090603E10180400060A10730867070494DAFB1DFF4407E93
:2026E0001038AC463366804D6971BBC1A4140A87B980C861DF0BF7E611F0DAFF77BE89C515
:202700000215F0B3EF60923C221C17D7CF0303849C6F683F6A5D57A1F88A4CB8569D5D0B0B
:2027200021F89044B81F8FC48719BF80496032594EE735428CF42018888FC3EBFC8AF800C8
:20274000E0FDDFC6783954C59E0EC1FDDA7E2393280496C786DA7E23D32C1E0769F8864CD4
:20276000B8B81A1E06033B81E0B29F8BF4C337B9CEEE7A9F8884CA4146C27E2FD50F1D8B5C
:2027800069F8874CA4786EA1A4178EC3D4FC4626563B143BE121FCC0A47BBF3CB7634FF879
:2027A0005362763B1C024723C3F97CF4FF865A2725C3D8EC7E0F3AC41C3BE10FDCD3FE9539
:2027C000DB8F17CF00DFBAC1C0671C0D940E5108DAC13B340F9526630643828E7F6034B8A9
:2027E000C57211BD806FE8108824003E46181F11DC0F94FE7F03E1EB1090F93F607C45A20F
:202800001504804E36B04A340671039446BB1488F40E5117EC677F110804329B00945A6E40
:20282000114DFC0A409F052990D1A87EA8040E2146D65C3D613050A91C02472AB8EAEE5F08
:20284000AFBEE307AC834360100804A006080017751AA942201208452AA77AA86C687F0827
:20286000240E0129A9DCA9FF08040229BF838D4154EE370A3C0FE1FB81FCDF2084E0E20715
:202880009050EF841BF308DC82C16F7C143877C201F9804A3F1D0F1C5B07EAD258EB51E85B
:2028A000D50BE5D0F1ECAB51E89D00060A85ECE86836510F87B3F30B9479FB120A3443E10A
:2028C000E3FCC6251E2EC68F65B3F5C529F04E8E13D51491C4FE1FF8FF67A104A5D8C5E033
:2028E000A35428A6FE02BD05D23582EB6FB138EF86D60F0C8B52F4FF5D550A07EAC848EAA8
:2029000093A80CAA41D993FD20140A17DB5522C046A302B07228B4863F248B51B0FEA8347D
:2029200016C5EA82C16033588F43BB0380CE69FEAA9C0F5BB2A2FAAAD06A7FAB8935A7FAF4
:20294000AA9040683A940BD5D1F86F60120F1F9E0120FD18C1783FF3F804B7D3F0A0C3E80F
:20296000D069CD03ED7AA2EF7F118C062765BDFC492C1A9A14FBB1948FE9365ACA16337FD8
:2029800000924064925A34025137E8C7A9309BCDA7635CDCDBFE950B04E6310694C1BB007B
:2029A00090561AA4620D2C128782ECF2F429376207FB8359B6DF5FD5FE43DCD47C61503A2A
:2029C00007DAED40CDECB07428D7622146877C2A7F9A17CA2173B850E07FB847E371EBA044
:2029E00043E1FD9DEFE23950DEFE24100C29AC1C9603259451B7BE8F86060124E279F21FEE
:202A00008BEC438DE780497EAAB05308B402412DF4FCE830091C128D0EA345E8D00F8C2A29
:202A200011CDF4C026768A37EBEF01FE423630090457C100CEE9685F6E84C28DEB8E43BEC8
:202A4000119FCCE68DAABC43FE122FDC0251ECE84150E0AD57AA0D1AC17A87FC2321105EE6
:202A60003E840B6065090082D2A2746C97E24120A9FE2431B88FE2070BE07CF011087FC22E
:202A80000FBBD646E012080CA243D8814AE1BD1D17D6F5708852F31428E76342090598A1D9
:202AA000463B18A5582894820120B851E1748C150A21D880CAE0FD1A07CAA573CD50A15DDA
:202AC0009D0FDB891083D2FD7E7824AFF3D1A07DB8713FA79E242705300182D3FE6E102CAF
:202AE0007FF6E102E5FCEE102886D60946855221BF0FE7E615499051BFDF7DDFFA414686F9
:202B0000FC215F99C6C41A0E05FA0683F5FE60120886F62520FE3FC1531FE0AA803052DF5D
:202B20004FFE8306BC6028D0197503E198C04C68D00907EBEF47FDC168D20DCD03ED8FB02B
:202B4000CE641F9FBD6BF7B8FC412610095D03E182C0437E180FC402517FE8E57F11498CFF
:202B600002577DE8CA28DFFFBF0BFF04A3402516FE8D629F31A34C28DFAFBCA3F797FC4E43
:202B800022106A346763102182D5D87B9E79D5FE0123E6FA60533897C203038E6FFF16A8CE
:202BA0001642A507A0EFE09AA817AF0703BD5AE87F8844B20129A2F432C530941E86E3F1A1
:202BC0000236829EF46777F9851B756A8064E05ABDCDFE1BF092FE741B39830C17FBF906AA
:202BE000F8D020780A3417E340815A26D53FC41237B3A15080A0BF28B097CFFC0A8D10D89F
:202C0000D03EDCDB0E87CFB8F8C321F07E8C068D281A82D57FBF08B05D1B0E582A0A010FB9
:202C20008174281F6EB58721E7BDDFE514694DB687F08240F0BF8AA4C21BF0B9FFAC02500C
:202C40005D8B0E0FCEF1052094519120A210DF8633FD00944237F07924828D04D86F7D1F1E
:202C60000C0C4649F9F3CEA49F7F3C3249F5F3C064300907EBEFAFFD4168CEB07EBB0D9BA0
:202C8000CF0DF84F3F904A340251E7E8E54A60B2BF8D348245B1CAFE34F2089D0F0BF8D3F1
:202CA0004020B3B80CAFB5D895DB6262D05FBB0D3C7E0A1146FD7DF1FFA94D1A9FF4CA5C88
:202CC000A0D4685FC3EBF98248E636D9851B0C91092A3D82E17469FF4B858673E7806FE6E2
:202CE00011680482234BFBED7397F8351BBB7F8FE3229B980FC387FA8251B4A0705BF418DB
:202D000028A6E6132081EC3E1BD804A3F5D09851A03A9C6FE20940C6FE20B50D6FE20D7055
:202D200087FC311FA80483DFE7804B3E3D1F592C17D23500904B7D3F0A1E668D77A5C1280C
:202D4000D85D8462D10FA346EF30090C0B2120A345A8D8DFC4326172A6C07E1B2FFDC69777
:202D600027C0713F100996AED1E3B1E5BF14A9041BD742816CBF12AC05028D0DF8657FF08A
:202D80001A35BFE950B04024780A26E3E30687DAFB390C653FE19689613F17E9848F0F62FB
:202DA000B1D03E5E2A1437E182FFC0FE1E8FD82C150E0346D27E3B9319051BC361E27E3B2E
:202DC00011186FC281FEC051A03F0AE7EB0706AC757558895DF2D388D27E2D120D27E2CDAE
:202DE00010C27E28930AA52F49F8A360237688DEC729F9BE4427146CC51EA14F9DDE601354
:202E0000B8C6FE0323C27E2FB30A752C360E0FF1844064188CC51E0323B1E1A94110513D10
:202E20008D2A920F07490584A482C2520160A17B10483A382446AF1104F8C52016AC45A628
:202E4000F10399C0E6501C8E6F6529BC64B6500C8C13E31880FEBEF38FD58ED3BBDCD07EA3
:202E600053288CE641F9FBF67F34FF85362523C3C064762B1B6C1D3FE97AB9E67CF1B91CD6
:202E8000AAF8AB05305982982BC14834DE7D1DA62633053388F93CF0DF8787FD20B16E7ED2
:202EA00030087C13A102F87E7F520F85FE81A0B165BF14A904828DE9B441BD742834CF1DB2
:202EC000A3C27CF1DE3C2437E1BAFEC0B5304F8E5A010FF847FF5FF6C82824CBF76D91ECD3
:202EE00060322827D72371903D414828DFFFBC13FF05A340BE1D5FD40E8D0C9040643B3F11
:202F0000DFC3E502FDC426720A376F655A8EF4B65089565B7F0D99E13F1A29000C14C20331
:202F2000F0EBFFA514682EC37BE8F860E01BFFBD3E0900FA46A0120C345A01208440A012C9
:202F400009801C14000E0A3003056A05828601C15D00E0A200705148174B570699400000AF
:202F6000A040305FB8047BF80B0A0905FD04830005FD4002C12015A8042A0115FF8241E242
:202F8000208550738DAC3FE195FC4024B01F8653F923A6407E187FCC3FE13DFEC07E121F26
:202FA000FC0FE173FCC07E145FFC064101F8493F31DA5C7A9529A3476C11DA5E93F154A883
:202FC00046AC11B91777079AC07E6451DC260FF122A8476EF18A5C8B0758B4462951BC4C55
:202FE0008AC11491782C304F8C920123C2696EDA5C0696EB11F85A3FB0191D0BE510B941A4
:203000003E33A80613F156A8613F12498613F13998713D30A91447E185FC413E34480447AF
:20302000E1A6FC402443405F8B854389E98D48E71BD4F83FC406012081C0A3700FA46A01C3
:2030400020EE42209008DC0291018352E83F6A654A3721AD5863374E1FA60522A0FCB11352
:203060002CD587FFF7CCEFE01BF1383B9ED6774D8251B5768E1D8E754B8DDE6013B8C6FE2F
:203080000323C07E2FB309BD2F8761867C339FC8351A03F0FFFE2577C887C2410FD27E28BD
:2030A000D60C740A5100804320103800006C3006280A1F330394D2E376889EC653499062D2
:2030C000331479051BFFF78BFFA0D46A86C6052190623F5F7D0FE201289B74281F292586EF
:2030E0007320FCFDF3DF880C8EC7868F8BC24068C2F071D0584800AC16628F1B058285EC26
:203100004120E34091169BC413E314806AF116AC4407230399CA6F1039966F6500C8E4B626
:20312000504F8C6203FAFBF3BF163B4C4F7340F953AC3CFF3E8ED31B0482A7D8795E784C2C
:203140009A6146816C2E1BD7C039845A0120804267B00844080E08060A700F05180382862F
:2031600000C1440060A2803052DF4FCE8305A343A8D10F8473F90094403E1AFC04A0160B77
:2031800035FC986BE050D7D08FF00C16B60704F00681E4FF920DCC3249203202DEFA3E1800
:2031A00019451A19F0A60E017D7A21B07A6FDE028D00947BC160A07F08EFFE0128F27428C0
:2031C0005F2885CF6DF880DC3E3789451ABF43887C2B7FC824866178FD7DE01F88251A0CAF
:2031E0000905F9FBFEFFF00965E3A138D8D07ED7D98CE641F9FBC34320B21F8DEE02834EF4
:2032000099DA2012BB6F42813490164178FF1009459FA00907D20482B174771F18043E115F
:20322000D09CD2E41468DDA33147804A2B3D0A0FDB2331EF79E6D49A151A67689051A93604
:2032400090A83A7054165A63D3F3A6C1CCFF940DCC0A430DF8C1A01F9FBD2FFF06A356376E
:2032600030D9266C321270BF05F1E8CA2971BBCC0257EDE8E2BCF0090C07E1CCDCC0656F82
:20328000E11008042A0169FF8141D0BFF080786A503C10001EA80E131102BFFD2F1AF9D592
:2032A0001A63469451BF7F7B87F2094690340170A6398F3C0643ECF3C4E97DBB6C02573FF5
:2032C000FA59F5F02A341BEB91B8CC28D98A3D83CF429257BCF009462BA28207DFFDC068A3
:2032E000D00946B7A33A1F84A80FC1402513FFA53F5F41FB67E6376F3C037FFC80C02410E9
:2033000048140241F48D40241308B4024102A5C6ED103D8C628F0C905C28FF80D8280D2F18
:2033200027F9B0402E1479845A71125B0A0006D64906E0EFFB5C1DE20D468D4AE13D8824B8
:20334000AE0BD980C8A05FA81FCE634A89D0A0BD18949635E094CAE03D09DCAFF3D1986278
:20336000361F5B85BFEBD2B4D1A1DF0EE7FB11B980E6F27F89048605F0FFC1785B9D95E356
:2033800007F890C87FF22C184415A28D0FF844FF728A34136170DEC264330C47E7EF1BFFC1
:2033A000AD41CDFA102D4EC3F1AC80C3BE1BDFF423630C92FB7CF0890ED3F1AE80FE7EF0FE
:2033C000BFFC837340FB6462339907E3EF1FFFC0EF11BDCE53F1C898C0E57ECE8C0CC60A30
:2033E0006D21804ABCFD1CA7E3E06B090095787A3B4FC6C243A3FC4E24394FC6D24383FCF3
:203400004EA4302BEE0FF13B90A0C1CF24384138243839B4877BE78149777E7904027104BC
:203420009C6D60978A15E209F080C0F0A0505028254BD50380C07A311904E37BBCDCC0254F
:20344000BFAE84025708DFC528D01F04024925A34828D0DF86CBF900947BFA1280482D6867
:203460002417ABA105A5C02419CBBF76EF18C2797CF0095FAFA314A34768DEAF3C037FF411
:203480008D4024113DAC031169A343BE153FF4636302924828D02D84437B681C82F40E4186
:2034A0007DBA101CC643F13298C2F633A927C7CF90FC76A6103F87FE090095FDFA390FC774
:2034C00046619B83C1BA3FF91E003E0AD14687FC2F5FAF079E0549E94C21FF0E27EBB65BBE
:2034E000051BA0C0A012DF4FE28703BC4128D0395C0FB31292CA28DBDF47E30743BC40E50F
:203500007F8EC50EFD85BC42F730196FCFA315F87E21FF0E8EA20F51EAC0A5BECE8D4297A0
:203520005BBCC0257E8E8403E1B3FF4D7D50081D03E192C0653F102C8467E10182C1BA103A
:20354000191C8AD3A1B4782F1FFFBEDBF505A3467E10287C1FA1020988D67EA5143E2ECA7B
:2035600033F08205414102A234215090096EFFA3B9F8C161F0FE8E53F104C841247E1B458B
:203580008AD348A37FFEF92FD402515EE8F8EF14BA2D77A3A3B4666855AE8C8EFD019DC137
:2035A000A57A7EC4064300907E7EF1EFF6068D38DCD3FE959B0CE641F8FBCC7FD6983E6BCF
:2035C000A1B0F3EA2610DF8443F118D8E67F1549866A0F4229828CF03C578DE7C6010CD02B
:2035E000DE341688C6FE9FF080C32032ADA7E201908A6FF65FAC17CA0522CA7E231E08C613
:20360000FEA509E5C1E3DD5A5C1E4F6985F56CD69DDC67314283F4A8708CFD0A51BF8FD16B
:20362000B871BCF01C147A8D0FA5C66EF5ABBE8FF11EC860FF120F060FF121E060FF124892
:20364000870FD30A83F0FD30CC3573CF0294C0BA3D4FC44301EAF3D2E0F48DFC9AD3E6F31E
:20366000C168D51F3C464B4FF3C324B4DF3C037F308B4024100DAE276143BCD03E57190EE9
:2036800037F1049860EF38DFC416610191E37F1069840EF18DFC41E61B0FC406614BA1C024
:2036A000F27B0FC40E414AA1C369391FC4822105C968BEDC489637F11C884006A0A3B108E9
:2036C0004527154284F6347F6E244F174282F6203A8FFFDE31FF84EC2BBF8827EE6120FDDD
:2036E00019C34F26D9C804B7D3F0A7D0EF504A363F619883C17AB93A544AF312DCD0FE10DE
:20370000181D8EE565BD5A60F04E8C4A4D30A343F61BDF47C31F15F87E21FF7E8C03E1C636
:20372000FECD7D50081D03E190C0653F1489854F730196FB3A3A3B4E1695A3F954EE793A45
:203740001403E56CC0C064D02F0457E101837CFA3AA83D177F738E6CA8D4FF87FE15DED9FA
:203760005AE0F0AEAECE3B7CA5553F1239826418B41D5703019B7DB6504F8C220F04F8C8A2
:20378000A0B4FF8402135FFD627F146A2CAFB123BC66A3D0295573B30195EF3B113DCE8E30
:2037A000F10195EE3B163BC40E57B5EC653F14998406770695EC3B167A74064300907E7E51
:2037C000F2AFEE5BF138984168D0095D77A30190C228DF9FBC87FB00944637F05A3417E385
:2037E000A880433E119FFC1E8D00945A7A10C9365FCFC2A2CD3A17BB44172705CD4EED391F
:203800003A163BB101905A711EBC4CAB13B5FC4536103C84A31902C85A317CDF4C03610014
:2038200090737D30689FFFEFD2FC4025100F840703B8F8C021F29E84A31106CCE22857FF78
:20384000A5CF5FE9C46440E0ADFAFD56260F9BCD02415AB5F6BC556E8B7FFA59B5F3BB4402
:2038600017359AA144FA11193583CF019743FA33AB4D0291A2FADEAE7837782EEE02F76873
:20388000D1FD6F571C082C175F019AA14FFED4ED7C27E30184C126F029AE07CFA898433E34
:2038A0001C3FF402519CE85BFE100A1F57D32A8966A8508DFEC7E3FF9FE4FA363BD4A28DF0
:2038C000E2B44032704F8C620761BC433E1D8FD34C1E1FA128A3433E1F7FCC23633A934A92
:2038E0007CE0B07EBFCC0251F8E8ECEFD43DCF37D30999C1A478DFC4AA6109D47E7EFD2F89
:20390000E6E3630090C37E322807E7EF1CFE600760A01F0CA60203239151B7BF891443FFC2
:20392000F79A7EA0D46906E68146FF7DF9BFEB3EC711B18351B97E084E6F27F8D2C8301237
:20394000AEF74327F8DECC2012BED742BBE7804A3E3D1B0DE0D20E9DFA827C6070AD15E2D5
:20396000420D05530782F71E415BBA30097D9BA3129077FCF00DFCC22D00904F3ED70817A8
:203980002FE7708169FF3708158EF58DFC492E113F840605E1B44637FA0B4C2B231EDFC292
:2039A000F21019005414033F0786F56052B84F47211DAA7E24100866433A130540F840A00B
:2039C00001B07019974B655883C27AB0699553F12290437241B0520A17C209020D82904066
:2039E000FE10581C16570EE8C2F310DCD60E3199A1427A54B8460E8528DFC0E8DC98D42F2B
:203A00002791A16537F0DC8C372509D4CA28DFDFBDB7FF94FC5222128A34027318DFC06499
:203A200030CF864FF394FC5241E0A19F0BA7E40A0F2FFAA0D180E0F57FF804A2FFF4C1EB22
:203A4000A0F26A57821726A47822526A37821B26BD79A6126BC79A2FB92483CB7EAA746749
:203A6000B85867C3B0450509C86E7E30287C17A100F84DFF909F54020100F8416134925847
:203A80004A57E62FB98248F0BF8AA4C38BF8A8602A546D05E21BF097FE6021B09D6FCC8EB9
:203AA000F133DCD4A8DA1BC5028DFEFBFD0EA0B8FD180C84320FC9F90385F1FE6012F9FF5C
:203AC000D2C7AF8203425A3F2970737D74324DB8FC18C1D97FB00908241FE7EFC0FDC02561
:203AE00013FFA4AB5D41F97FA6339907E3EFBCFDC436B43BCE53610395D5FB123F840A0792
:203B000002BCE37F10698740060B1BF8824839BF883CC28789815EF5BF885CC20323C6FEA6
:203B200020B20A07CAE322C6FE21B3081E22A7438264E8388A550E0F92D17DB8912C25EE9F
:203B4000837BA0FAA0921D6FE25110825F3820B0D2E88612F941BE02C2CD22104BEF041682
:203B60001A7510A0DF7097D0585A0443837D805FA83EA804861D48D6FE28D10804871BF888
:203B8000A64431BF8A74421749C87E24100C550B1BF8A6C0215D8D1FDB8913C5D0A0DD8811
:203BA0000EA3FFF7DCFF629B0886F62520FDF9E6120FCF9E01BF9845A01209E4DB3900B94A
:203BC000ED60D23804939BE9805118A0ED146FCFDED9FB846C6012688782019CCA7E34B35A
:203BE0000C04AFE9D0CA7E37B60804BBE007050998C0257ECE8E53F1A49840257E8E8C0682
:203C00004300907E7EF1AFDC168D20DCD07E531A0CE641F8FBCB7F7A898433E10FFEC929F5
:203C2000793FC4E26183D9FC36395FC55261059DC065719EC4A28D0CF8423FB04A34436305
:203C400041F94F283E7F3CA28DFDFBC7FF21F0722A34868D23F84120728A36141A0A19F0EA
:203C6000DE7FB00510541A0F57CF0190C21260BD1FA82D1A20110548A0F33CE5F07DFFE56C
:203C8000A3730C924828D02D85C37B30DCC025DF8E87FE47844A83927D3CE0D05D13483ED4
:203CA0009FF20946804A3D80B05FDFBFB3F1E8798696FA7FF4183DE209468751BDF2F82736
:203CC0006625269851A09B0DEFA3E1818D4AA000021FF02848181C17EA0121804041A124F9
:203CE000203050EF27463B0781F5607F0B3C0E032BEF7460DA10D02FF0F8880077EC061811
:203D0000161C1A2446340E2E3C0B085E058280CAF59D8804A681D0B1DE3B27A0500F87CFA4
:203D2000F300940341C8AFB03F8462070895D2BA302954E3A31FFD61FF10390D028DF9FBB4
:203D4000D4FF5057E82A2F4217F0C07FA0128A6F421926C6C21760FBF00EF164201428004B
:203D60002F8C0A237303BFFD2F7AFCD79E052A8274607F0B7C0E132BBFFD2E7AFD1DF603C1
:203D80003B814AE7FF6B76BFC77D87CAF75D9B4F9E01F0BBFEB050783F52477D814AE03DC7
:203DA000188C9AC3E7D182417EBA100F85AFF54383EB82E0A072BF9F43460505A8E8FBC99D
:203DC000A0B69D091DFE012BD8F43D3E74E85E47E53A0E87D091D2F27F9B04421FF0D2FF3F
:203DE000601219C51A21F0B77E651BB9451A1FF0ABFFA4346985C3C1749451A07F0AB7E758
:203E0000C77E8351A012B9FFD25FAF804A2FFF4966BE0546F4DB2D0450531FDCCA8DE8B6FC
:203E2000406430BF846FF6110704917E7EF27098298854142FE111FDC5BCF409843FE1CB3F
:203E4000FD40251D4E858EF113F84CE1F7FFA4335FA7BECA28D29B543FE14CFF7FBEFC6F02
:203E6000E61E85C6E85CBCF07934036302C7C120100805C21B008070201FD8040416080C13
:203E800008003395E7C2ED2A718C6FA38D97FEC0A078B997BAA187804022A1705FF804E326
:203EA0000BE3B78AC6803DEE97A0B800B0D08C1C086EA210FB040017AA827D235009040ADA
:203EC000D1009040697DAB05C28F00DF83C1C0EF1A3F8C2A05119566F7F02A54024112901E
:203EE00044EE970A385C2FFE5716E8D0C0A0A27D1C18141443A3C3028286F46077991FC335
:203F0000C1028FCAA11D189FC3C10F82F42B709818DC160BF120985C28F12905C28F308B67
:203F20000EC1C06579DDFC0FE1018186C1C4A4198DFE0BF1390F820D8380D2E31768009CD0
:203F40003406975805888152E376881EC631478883C14720500904236B02F87A7F3FEFBCA0
:203F60005FF7FFFBDF7F301A340A91BDF442281FCFBC4F7F00DFE905E083E0F7BFFFD7DF6C
:203F80003FFE0C85817C340170D0EF849FF106A4403EB84B8FE7EFDEFEC0A410BF8553F374
:203FA000009008C1C2FE14FDC88C2C064506A5E0FF10A9140BE1A3FFC0FE143FFFFFEFE346
:203FC000FF8841C07E1E9DC17C1C6A3500000880C020F0080C0C0E0C00177D0686FC37BB88
:203FE000C23839029C14A0060A21B584D321349827D6077086FC361FC827D6097083D261D3
:20400000BF0D58241416E105A4EF7D110A0437E1A4DE2DC2CC05E0A70030540018280D2F38
:2040200027F88540AE1470B83218BC710C4624863304430D481D82A800C1560F63AE43713E
:2040400016D1B8CB30DC35805E0AD0370D381B8286D1A03F0A3FE3A9F88640B89F882546D1
:204060001BF0A57F3FDF7A7FFE03F0CAFE60323C27E231329C6F46E154E0E30A7110DA67F2
:2040800053F11081437E133FE753F1140382978D4176BFD2090403E131FC4BC0A0A5DF8932
:2040A000301414AFF1290282947E200490910DE91C2E0FF119238629830587E142211498DA
:2040C0000C8E01F083C0207FA807C3175C8C50F1154825261778C9D0A71BF89D1A1770B841
:2040E00051E01BFAC4020120DF46201208752E0321886D607EBE840B89081883C0D0231559
:20410000D907AA030084D26315585DE3474282F460120897E203498A6C601B185DC221BDE8
:20412000804AFF5D080CEE0320EDECBE7E72185D7406290000088400C1408121217C0917A9
:2041400003E700905020140F560A07330F0A804020D00917E86424005F750D944260900DAB
:20416000FA8C140A9718BC41E5128DFC1E4170A383C1C436B44B448F1184FC60E23A4FC6CB
:20418000126394FC5D201FEFBE27F584FC61A0394FC5D4160B07FA82D2709F8C3C0609F5C2
:2041A000DEDC21DF0D47EE0123C27E25931886F7572981402816883D260788D07E2ED31CEE
:2041C00087E2D930C07E2F007056D98403E56D8840EE70EF863377E3118296FA7FF41C4569
:2041E0001A137982D1B31F882C8203F083C06D968817C20F02A5C7B29F8C75C2A11E85D07F
:204200002214081D0F29F8C7C02492897F4609F1C7C1A012BA3F46214686FC305FCC46CDBE
:204220001E0A6198A14B7A194FC4B383BCF8C061F0CDFE53F12EE0E53F170E044BD50C87B3
:20424000CCFA12297C7C360ADA0D091AE8C0671C0D940E5107EC40677DFFC5C383DBD958C3
:204260002890395C02F30AECD03E51F90C1A41F7FBC8FFF2297D03E1A5C0413E38E8372FA8
:20428000CF63A246EF383A1447B1083582A67F3606B05759860E8532358398C065669072EF
:2042A000F98E53F171984668528E884C2C53A31E90CA28DFFFBD948E0A25D1B5DA23122C59
:2042C0001FE2232185014163A4193FC72A610095D0FA340F96CE43AE90723CF0091E10665F
:2042E0000BD4070528A34CEE10EF86B7F9181D82826C37BE8F85061DF0E96F371F8835C2AB
:2043000007AB9051A01939D9FC1543F96CB45E376650B28E8ED3F18898413EB28B93F4147E
:204320004369F8984061BF0D07F20946DC6E603463E83937FE6970B5DA207F1C7C0B2D42DC
:2043400081746007D058F905AED100920442CCBA328A343BE176FE4024131F05AED1284DEF
:2043600084F3F9D160A03E4F395C1E93F1A0B976E871FA251FEDFDB9EFF659FA141BB328ED
:204380005082C27E3633080FC383FBED79F29F8C7CC21D2B81742173B80CAE03D89548FE90
:2043A0001E7CEFE21930C27E34532CEFE21A0705A39949A4733B871BCF83FC72A81CCF3C57
:2043C0000A40D10981806FEB109824020D4B4683A84829FF6FFDCB47F8A948347F8AA00C07
:2043E000155A4170A3C037FC08C4024106A5ECC2A0B054280EFC4E343E1E034B1882805C27
:2044000028E0B0708A587418BC1443234283747262D050195413A103B04045A0E4703B0417
:20442000000E084E0E0F4B0D858DEFE0320D99BC1402405905008C6FCAE3EAC570D07A5613
:20444000C8A60B65F8AB4C3334282F4725F8A84C227B18115428BC44294E0E21B35C82C838
:20446000D0A03D00B8354873583804ABEBD08048A026706830CD7082F0D03DF88C1403619F
:20448000FAC07C281092A83E046245A68540000B2190D17C925AF00138410D309CAC160125
:2044A000EC8081C1C1E01C68185C5FE601C64D4161CAFCC0334617B00DC854942601247E6E
:2044C000840013854020FF9479BE30E412DC1DB2E8422AD32EEB3E1F160B0BE0807F80A0FD
:2044E000A75288CC024110DAC528DFFFBF9BFD089440FA30190403E101804437BFFFBC03A0
:20450000FF06A5D6AF182A17D7B304D8C82E118A2643F13A98C0657EEE8643F14A80FB3CA4
:20452000F288CD2A747E52001F9E809DC1CDF6B0DA34072106F86BFFB05F877FF90AA5E479
:20454000FF1C3A0D736359BC4073559D8E62398299C025B08DFC628D05F85CFF905F840F3E
:20456000FB20A340F6130DEC328DFA3D828048205468352201EB80C420321846D70530825A
:20458000FC2C3FCDEFA2114082FC3DFBC806FE5119816AA06762704804C208B4720033B036
:2045A000FF84508009FA14A5000BF3303944660120FC6D60D468BD3291B3B0DE209F5D0DCB
:2045C000C21BF08D7EF29F8CC5460F46827CB331094D1A1BF0897EE5B1AF6ECB5F428D7600
:2045E000201258349E1FE0F146325F8A1486A5B983FEE0741827AE07139951A03F5C2DC622
:2046000007F1C1403FFF7B4FFA0335B15E3D7B2CD50BD7D880C83F1BD82D1BCBE780483F6A
:204620005E73383F86D6374EC4EC20F4686D1AE778C1D0A59D999C6327F8A150689BB86C9D
:204640008A4346B451A1FF0E1FFFD778837AE0F10826AB1BF887CC2D34695DE70530C6FE13
:2046600021D30B5DE71BF886CC2092387FC3C3FE955E33BF88FCC3354285746D409051E09B
:2046800048282F475809051D8048E355CA15728320A342761F0DEC0241FBA1E0E0AE0050AD
:2046A000886BFCE000208CF90D1801CC7201098059A026708030C0B0E0D3A151A0517312CE
:2046C00068400059800C35019E2C0E23000D14000F6401841788F440B444E15FE5602891FA
:2046E0001042B21FF80A13250189747856986D2E234689D1367FBF97CF81F8DC4C281F6D6C
:20470000C4CF41F8DE4C3878C827C70100DEFA2E140FFFDE7FBF814A7CFD1D87E23532E8DF
:204720007E22922E0DA7E3E7806FEFFC3E4C06074BC07E2F9108DDA217B1806223147B8579
:204740001EE102804830D01903687000861A03F08D402417F91C1F6B0DF8C1E018DFC41EE3
:204760006106F867BF79DFCC1E6168D8C2A9550BC5028540D9462891494423B910F8DFE171
:20478000F07EDD036503D8577F104FDC628DFAF3C5241F8F3DBFE17E807D7CFF08D40A1C32
:2047A000571B942B8482D2E377899EE60B4B8D5A2377981582077180C82E1478000C17C81E
:2047C000360AD1000F83FFC8A357082D2A036888D82037988DC6000D042105BF0F878352A8
:2047E000E0FB58C0EC14032168A3637F104987D2BF0C80402706411A8827DE9F048050EF01
:20480000193D8F0AF13F95417B10AA4E22B9C38D5628558A0DC28F02F8C5203C9D940A5391
:2048200006EC412930AA244BF1AC867C7CF18A35C28E8209BFB042609009FCA611B5E0DC5F
:20484000207D885D2EB75CA1DC211BD80FC62903EDECA052B827620F4B8CD1223F8D64F3FB
:20486000E7E7FFCA609D0A7FD3156195483EFF7D7FE60323F579C76165BE9F9D1F1346B48F
:20488000D1A2D46CC51A1BF0997E60B46804A281D180E7E6DB980C930FF8CAD0241468163A
:2048A000C37BE8F861FAFF88A6826346A851A15F0A9FE2082305F2E8466975BC46CE852CF4
:2048C000E9C042A1305F9CBFE32B308251A0B80804AF0B70866FE9346814861BF0F37F260C
:2048E000546A0D1BC11C84FC38FF81E85B70F41463737E90CAD0E0AD7F9CEFE2013095EC59
:204900006D079053CFEC0737A3FC74AA300919D414C387E780C9383E79651B7FE7FA46A021
:2049200012081D2F27F8914038143807C20300D257E39000002864340A0C0026280F0D8D68
:2049400081F43F104C04368DD8FC462C130370295FE4DC0FFF21881B814DBF301A304C1C2B
:20496000BFF3B4FC4034181A347FF58AFBC5F7340F940E23EFF3C7E97C18E46ED18BDCEEA0
:204980001200B4BF88368357808048ED772CC834140FE10381C065711E840A570FE8503E80
:2049A00051D88F67CF3AA309414020391CC51E03998251A0128F27464146816C37BE8F86AF
:2049C0001E614695DCA0391857C209F90C83886E69FF4C9DC783E7FDCBE05D9A07CA6B11A2
:2049E000DE79E51680983CDDC76E430509F8503F08D074AFC77FCF7481402412DF4FCE8F21
:204A000006A34368D0593F7FF164C080C16465769A5C4612E111A380FDFEFD7FC4B2D3940F
:204A2000DCC024765F05B2D123BD40657F9E87BFE710C1DCB6D6AB444AD16AB040F7362D93
:204A4000B4B2C323BD42F73A690F9FCF94FC423415FFD62BF527B942BE3FF99C2E5772EC4D
:204A600077FD103F85BA0D10935AE794E9E0001586C76889A34175EE3D1F3CC68D20A36638
:204A800028F0491C777F01889C0443A01E003848DEB7F1048070F65C0F9C1E410194557ABF
:204AA00010294433A300914AAC30095ECBA1238EC405C221E060BB98148D260B0572DB48BD
:204AC0006F50594F236547E8C024321B94A6C300957A3A362DB79BCFD9FC402610095FB753
:204AE000A152A34C68D60B46628FBAF8C2A1FC6E8C02472BB0C124718A340B61BDF47C3048
:204B0000F63B442F73B590E2BCF0D914024932B84064519C4562D3B2B869BF103885CAE372
:204B2000B4B8C27E1B7FFCB2C3E7F3F6092096E16C1B11F838148FBDE7A7FD3F771B779EB5
:204B400081F2FCC46D60B05FEB8DA3CF03A3613F108D040257D0E8C02517FFA5735F64F39B
:204B6000C437340F9476435BF3C02557FFA5535F62DB547CF00DFDF20500905E2058381618
:204B80006A04CE10000909806EBFE111A173A00271486C0201D42B8E00035F0282C160188E
:204BA0002238C880244064484C3CA211F0B26FADB0080482034B8152A3560B851D680F13BB
:204BC0005D80C001E3E1180809143F90E2301A151E0C060D1A3E4105068992437E1AADDCC6
:204BE000723700904129190FC4D2611BDCC0E932C98437E1BDDDDC28F00DFC602E0A0F3846
:204C00008140211167815D74147A0EE1471383BCA3C142A8D10DAC0EF523D8D03E5A190C6F
:204C20004241F6FBDFFFF01A341E4702A46F7D110A0437E178DDCC04E0A2746815EA15B16E
:204C400081DCAE1478551A034680D221BF0B61FC246E474FF846E2583C240F0982B0E0F051
:204C60005C2B040F0B41DCD3FE9A4B9C2695C3C250F09C2B0F0F0502B0DC28F4FFA4A6C6FD
:204C8000150572098381FC65363E160B87618185C14037F4880D220303A34228DB3FC58240
:204CA00041B3FC55221B3FC52B818AA17C36993FC5D68128DFC282E0AB160D9FE2C5108121
:204CC000CF367F8A85C36342F26CB67F8A754251BF98D1A032CD1FE29520C5EFF67F8A95EF
:204CE00080BE0ACD0CA301415932F42D1FE29D409C6FE2F46C750A71BF8751B2945D18DCB9
:204D0000168C460A4DD19646E31BF80C9367F8AE1A4155AA1B3FC522C195A16CFF14C884A8
:204D2000A37F15A364FF1749040E750195457B3B3FC5683E0ABD70DD50A51BF9D51B5C4F5C
:204D40000548A868FF14C9040BA391A1403A344D8C1693F0DE437E113DDC0649D9F39C4155
:204D600058BDBE7F86F2E147B6CE2050080D2E31786983ABC6E01200587B740201209F40C9
:204D800020170C840A00004D14868A538002C401E3BF300C77F8668F2714AC29C14E36BAE6
:204DA0000F8C320714A34368DDBD94828D3F95E5B7F0CA57FA43D1AE437E1EFFDE2373856C
:204DC000D8CA6F13494C27A13F018293CA611BF934864146DEFA2714086FC3C1BB99487F54
:204DE0001E79F487EDE79C6F74709824022F4B8C52B35608C52BB5628C52A35618C52AB41E
:204E000003059A01828D58C1608260BB56407820183B1C60521A3415055A03830182CD08DB
:204E20004180C182C18D430B418D41D6AC570A3C037F808140241459E40A01739F40A0145B
:204E4000701828580C1666D701807C6DD01806E6DB0180586810280624060AAA0B058C8158
:204E6000C02416115828383C17040E0B9F3D814037B3F814031E3305DF0382CF80C14E68E9
:204E8000302807643E0B8603052101825F87489B588363876982188714867A8F5F87CD580E
:204EA000D7E0F31045F85BA80C17EC060B668B05254382FEB0C14EC0E098E0D760D8E1DA59
:204EC00060F490563854F83AE88C1404060B020305A5B64057E31CE0E0B4B8352B35658399
:204EE00052BB56583024346ACC77078081402413D9640A01C796C0A018C81C0241679513F0
:204F0000C14B85E2635661787ED5954E1E4A2B0541A89FC28BC1E345E0A7F2A9BED61946EB
:204F2000A1F627F2AA2763BFE8897C29100C5C032900CFC036D00C3004170A01C4807281E6
:204F40002139F00EC82C150C020BBA0F09F00082834061B018C404260E5F01A6406B301AB0
:204F6000FC06CB01B8406E501BA406ED01C0C071301DC407741D099180F0A03C080EAA03B7
:204F8000A080E8A03A480E9A03AC80EC203AE80ED203860D82D94075101DB4078901E30AFD
:204FA000416F203BE80FFE5500F86170340F97528351907DBEF2AFED06D141F95C2E1D1FA3
:204FC000C45265B1FC43A45A3FADEAEB85A1433B14FFA5EAE1B3FDFC3E703FAD42C79BD9BD
:204FE00059241B2FDFC3E5019074B650DF0503E5E2A05BFE950B28741E6F655D8CC1A5BE76
:20500000FEC8741C003A0A4571E8FE22122D46C6C920F1DC6370A0A83C96CA4772B15C6258
:2050200050AD15C763F88C4CAC7728DC2B4772D8FE23532F1824148EE703D84C37A4F07EA9
:205040007F3D0ED1D3FC40265D3FC406414AB056EF323B97C7CF02BC50ED1019540BA39347
:20506000FC4626301F064FF12198C8EE3E61384A448A9560E9FE29922C558367F8A848B13A
:20508000581E9FE25122E0FE21D20E9FE2580705120382844C783F88B4C39FE7A15A3A5FAB
:2050A0008F74C69760E97E3E531C5D80760E1931E5D83864507E78451A07B0DEFA261408A2
:2050C00007C3A1BB0487EDEEE1F2385DC6B323A5DC60123C5DC6D323E5DC66123DC0B416F8
:2050E0004FF11298EFD221295B9478290CCB6393FC456430AB8E4FF11498D8EE39BF3E4F19
:20510000F11390C881A0A2531FB8B416CFF16090429E60A9571D9FE23521C502417281207D
:20512000AB920855C8260AE5B36782C5BF4172EE57F2C84970E424BE63DA06849648603270
:20514000AFA74327F8B8104164FF1716182A2DA32BF885C0A19F0A17EAC171CAFE21502EA0
:205160001C7A032B83F632BF8BA4C3B51E80CAA05D8CC50A31BF8048219F0997EA4171AB3B
:205180000B414024720A3406438DFC412610CF86BFFF2ABE407536BBE4828D039540FE11EB
:2051A000F81C237F009150FD58289E77F1049040BE1208144E86270BA8FFCE4FA0A23218BF
:2051C000C623EFF783FF201F1ADC04620B61BDF44C2810CF87637F080586877C303BB05801
:2051E0009C1EEE6F4B8DDA2012B9FFD239AF80D1A419DEE41613000007C0452654BF9F9EC7
:20520000654BF880C17BC06084E1617AF8151A47201F858C51E5A150D000A8292483E7E7CF
:205220009483C37E35D02A349641EB4788E17EE01F1BEC0926373BBF8F52F87E78F52F82E8
:205240000305BF0182DE80C16EC060B720305B70182DA80C16CC060B620305AF0182D680A7
:20526000C16AC060B520305A70182D280C168C060B4203059F0182CE9B414828D93FC65E26
:2052800045D3FC66224650F23DFC037FB08340241B80182DA00C16F0060B800305C4018226
:2052A000E400C1730060BA00305D40182EC00C1770060BC80305E00182F400C17B0060BEC4
:2052C00000305FC01828041E01208200C1420060BE80F05F801828602C1440060A7F2881B2
:2052E000F620D4BA9FE24100B851E01F18A40FB7B2814AE03D8D64E3E9E780480220B7F8E7
:2053000008108D0E620823438C8188D0E920B00904C3F1029E7DF6B05A343A8D30FC6A2954
:20532000973D8C064568A36B7F101A0637F100906B7F103987F7EF94FDC63639590D8E414A
:20534000F6FBC37F719A5C6ED113D8E97E328806628F17058285EC64146CC51E2A09110A4D
:2053600091C024FA6FC40E8133B86DEE16BBD557F190865CEE309F856BF508DCEEA43DDF22
:205380003C828DFEFBE1FF939A34828DF7FBF8FF5029081C1F7FF518DCC187E0A07B1CC548
:2053A0001E9FF480DC207B0F86F62907804823003052001828E00C17DF6B45B44128D4FF5B
:2053C000B7FEEF6EB4C37E30280C37E301814C14A0A057084FC3B7F980EA6614684FC3F3B4
:2053E000F9A06C6039884FC379FAB0DA20122815CBFFF7977EFD1E7825260BF1D440207BAA
:205400000DEFA3E140867C39BBE806FF9B6980C03E1B58251B0BB086D1BFF26807E3836CB0
:20542000887E3853CF9EC6314F9DDE237B1A44863EE70599FD43243388EFDBEF13FECFAE02
:2054400010091C13F1C19E426472AA340BF1039DF53F10998717F10398753F10D9854EC1EA
:20546000D4FC4466193B0415620A03A886487EDF7FDFF349F5975CE079AE1FE2192180EAD5
:20548000E07CBA27E3950CA27E38D1C827E3856CED79E01BFB046E0120886D60B4C91DE29F
:2054A00057B986486406105E2FE7FE4723B84437A1B0B02A3643F1F698EEF7390FC7DE632D
:2054C00003F87FE030BD8C024170A3C269718BC40251F9E8466E1D9B441267C2FC43223008
:2054E0003E5F0BF1EE80F0BF1F288FFE478218828089410FC1CE36B43B44128D93FC63A439
:2055000011C95493A3009160FF1CF9060FF1CA0182A948A8768C9FE3A11081FD7AF708EE1C
:2055200022D3B18652707F8E848347F8DC54707F8DBC8619F09EFFAC7688009C163A0138C7
:20554000DEC046E0B6F110D838189416EA43EFF3C0A41F3F3FDE7B02807A4060A85689C6AC
:20556000D725F8C7CC2094686D1A77B18A4AE0BD0894EE172BCA6FE112080C8271BDE97E45
:2055800023931C1EEF25F8E84C227B99051A19F0D67FEC568EAFE21D30E17E3CD31EAFE25D
:2055A000240705EA98D8C220A2D20E1FE211218D62347F8E0C8AD568E1FE38722D50141796
:2055C0001E4563B46AB13A3FC72C0E0A0125C1FE3ED51B05A21949807D65D70867C3D9FD55
:2055E000B1DA22D229451B07F8C7C8395E78648A07212F83CFFFEC7689948A4015090CF805
:205600005D7FF00906F3CF00DFF06D501804E36B43B44128D930B828ECAA09D0A7FD3BD789
:2056200018FC83EDF7D67E60122C9FE3A1108EE2207F5EBDC307F8E7C82D3B185B94174267
:2056400040EF06F70521867C36E690500911441CE37B010382DBC44360E042505BA90FBF16
:20566000CFF79EC0A01E9018285D1A0F22886D607F881CAE0946F67A6050E8000066E215F6
:20568000B0FC446411AC0F0AF99AB9443F1489E5EF6308A5C6ED11BDCCF6431C4282B67EF6
:2056A000741F5E25CB41F5C25C6D138CC51E01238208414437B2483C024138DAC16F144B42
:2056C00044977394FC63E612BD8C064B19F0753F1809876E0FF9EA52AD10FA5E26D113A021
:2056E00043E95C4FC78261C3F9C1EC70AA050FE10881F13F1E490613F1E398433E1F9FF4D9
:2057000097730491E10720A51469C6F46E0E0125A1FC202210580987D7CF00DFCBF9304FC5
:20572000BDBFB700C050ED110DAE4FF18E904125531E8D2AD100BC632D1C3FC78241C2F9C4
:20574000C1EC5C3FC7928142F84220583FC78E41007C82E548306270508DCE0FF13380E4EF
:20576000FF13490C4B6300924828D10DEE4FF19090C0BE1FF8240255F6E8C6B1103FAF1271
:20578000E183FC64683A3FC64A434A2582CA487156881D2787F8CC48619F08A7F7CDE7800E
:2057A000C93C9E782DB60300A1DA08616114B8DDA231472183A96E47A160B491D838D1C4F3
:2057C0001644660BF5BCB851E510780480660E21B58251BFDF7837E6074A8252E054085D45
:2057E00002C560D1D8221BD65899BED61946A2DA3FDF7FAFE2114B8452A0740855032BF86F
:20580000F0442019385D020392C6FE20130B5D1A07CBB0583436081EC261BD1987EDC122BC
:205820001B58A51A09D581DF627B18048E8763886F6876B80CCE876386FC227F9E87A61B2D
:2058400023CD50BEBD38048E0749A1D8E4146DEFA22140867C375BCA9D020500B86D68967E
:20586000882D1A0D78CA7E31D3080CAE13D0936E729F8C7CC257B180C827BE0EA7E3013009
:20588000CC41FF3D4CA7E3A330CD41E2BD4855E7B107C27E3B720D8FE20B20D27E3B80701C
:2058A0005070382EF48287F08140B09F8E8C8221D58C52609F1E940219F0C67F0660FB30C3
:2058C000789753BC4F0943D8D424340907DBEF5AFC653F13298C0257EAE8FBBCF0191E1056
:2058E000320A5146867C20FFE3E8380482032B81F4709F8C740309F8E5402E1BD3E83CD43C
:205900001E03D5AAC87C3E7308281F101E0BCFE78DD05660E8B688251BFDF7FAFF60B4B882
:205920000D1B0BF8C6C0237688DEC5AE0EE1408C51EE1BD9841E01208152E376881EC41AE3
:205940000A8F00DFCB20FC6F9C0B4D0580003F80024521A0F1BF7807CA0C23360B27088021
:20596000673F697AA596B08805F3FE0B0FB181E0237009042A8D06A460A4702FC40E770319
:20598000B4707F1039850ED153B060ED193B05C28F00DFE243E0A2D22804860348877C3431
:2059A000FBB07858BED205AB81FA607008E522877DC5ECE1746CEFE2011088EEF27F8BA464
:2059C00042334AA97E24320A7FD2F571817CBCF32D97EFE3F2E9FA6E514B74C689F1804134
:2059E0002A5188CE200E0E856080E030960D9FE311308148A1D49864C241F8854F207B0A11
:205A0000EFE2094BFF7DF5DBFA941A11D58D6220580E9FE29122A1583A7F8A648B0560F45A
:205A200079C3E151E1FC90982402837180C02054B8048B87E9804882E0F48170508DAC12C4
:205A40009718B444373FFFBFCBFF08DEC3241FCF385C2F0ED33BDCE0ED32BDCC0E971BB42F
:205A600046F73DC84C2DFC1C000B7D0A1083886D7A1E98350ED7B1E87A60521CE58623443C
:205A8000ED5A21544ED58305699D6C7A7618048F81E9834CE21BD81D2A2960FAF9E012BF10
:205AA000B743B560FA16434236BC1B0E47730FA544ED183B0C0F63D8B0C42C10091F0AD32A
:205AC000C3B066B63D3B45EF6381B462E850AE94B64337907D7EFBAFF62ED388B0E0EC3087
:205AE000095FB7A1D8B0FAFCF5B8D70C560BA760846F48E0E02B704C50F03A5C02411BB4A6
:205B000040F7370A3C628D9BB4FEBCE13070B7482986D637688251A9FF0FFCD6214691EEF3
:205B2000623B9804A211BF8851A61BDED5A3454281F4F55429E6FE2B468C51A343305EF1C5
:205B40009849C6D6076A8DEC70568CE07C1F4B9A850977FF706D385B4F66C39DB0D0763875
:205B6000BB0E66D341D8F2EC3C175828946FB5609C6F6054985B641766C1F91F8480D2E01F
:205B80003228D5C6E14705858002C5462F2AB0FF8DAC9A970093C72D13BA35D3735BD8E677
:205BA00068526E9D163DB1FDFCFED1DA240FF706FA6D7F7F3FAED6850FECC228DF8DEC96CA
:205BC000D30BD8E768507E9497734FFA65AE28B0731FF69F152BA3692D3E1F3ED3F7F3F830
:205BE00040FF710A048373B4FDFCBE1020482EC6C6033EF246BC1E7A647A3944D9FEFE1F38
:205C00006DA7EFE3F4D350BB5D3D9FEFE9F5827EE2B30A46E76A290B509002417DFE10703E
:205C20004828C6C60334F679E4346E3F9E5346E2F9D3E161F4BA7FD2F572824A6A7F890C26
:205C4000C221B581FCBCF33807C7FF34D9FEFE5F3A7FAB891484F420729857420529866FB4
:205C6000EC122F848A4744807EE0530886F69FF4E958BF1E7A07CB7D22FAF9E390A82402D9
:205C80004D4B8D5A221B5E97E21F3081D8AA77D88DF63704A1FAA0323E8DF21743B7FD2AB0
:205CA000161C1D8B65F88CCC2B318834A71BBFA07CBC541D1FD6A1633982B8D2E878EDFCEC
:205CC00002434BA1C0643C3B0E03F17E8864EFBD9D8C0FD7838180C1E6E0103C36CBF11771
:205CE0009876763641082E1904146E6183C26CBF11D9870F0992FC4926103F847E055B8448
:205D0000E03F1A290603F1C898C437BC3F5D0E2903F5E107612B700CDECBBE9D05E2A0F8D2
:205D20005C60B591BE1776131C8000024600C1412280E0E210BF86CB7C28070090743F1893
:205D40000987DF6BA8904683A17C00305060384818E4444E0523C6FE20D30FFC8F0DF8904F
:205D60004C2D146FB7DF07FDD842E361E10000F068052A08090B0E1403EA7E20730E37E264
:205D800043308252E150C130B971D41F34060A71B5845360946807C6D3018348E5168804ED
:205DA0008A17F0C27FF29F8B44425168DEFA2714085FC2CCA109F690ECA023C1340398E857
:205DC000C403FF00C07F4222C420C2A0FDC1508F40AFA0E37161716070B068066E041F0F34
:205DE0008F80A941C436B04A34228D94FC762616BDDC8EF10894C13E3DB81613F1D9984519
:205E0000BA104F8F6A03FEFBDCFF120DCD03ED45B8CB641F5FBF7FF994FC76A6143F840A4F
:205E200007840382827C7A10085D277BE88850219F0F7EE2134B8C6E6171B400C8D01C66DC
:205E40002A03E8F3C437B00DFCEE8502801E01DC0F00A1D468AD1BFBF7D57F331B991DE3B5
:205E600049F8E0D8309F8E04C2C77CC27E37F5085EC729F8A418816DA0184FC70E610233ED
:205E800002B819816FB7170DEEB68D02807320F90823B8A800BC1A0140808446FFE019CF72
:205EA000E82C3FDE0114278683C037C271C000E19166B066F125B046D22610938FF04C4FD3
:205EC000FA017A59901B8F08823E960021876B23700907C36B85D8422470590C128D1885A4
:205EE0000684ECA076BFFC168D18DCC024B28A341761F0DEFF3EF3DFC41A8D00947DBA33B2
:205F00002A7C86D53AB4647F196984428D10FC40F9703F55722703F840607810882E97E2A6
:205F20000730E080C160F11A1FC41E6113A3753F120E044FF11F8DF07E78088E33F1028898
:205F400074BF11F8046EF302C85828D8DFC43261FFFBFE7FB02D5E53F313904064320B5478
:205F600033E18CFF486D584FC656C120A342F119DFC41E41A42882FFC8F09F8D9CC29FF614
:205F8000FFDCF49F8DA4C219F0D1FFA2749827C7190085FC3ADFFFEFDF57FBB06E6476A8B9
:205FA00027C7890087D263588D27E39B20C98CC1613F1CF9842FE1C6FFC8ED500914828DAF
:205FC00019C47FFEFE7FF42297009146ED13AB8C025796E84868D20B56628F92F3C037EF19
:205FE000F0729A2C0A0125A140A013883D8250FF130080754182C001AF9FF03859FC8F62D7
:20600000A005109051BFFF7C0FFA234D8348A09269051A5768AD5C23D70FFFDFC1FDCA7EFD
:206020002B920D0DB6516885FC383FC945A25D71827C22C07050090C37E143FDC0241D4F47
:206040003C172B028895C64AC060A55CAF3A381CD20F00904E36BB0FC5226104A34669B028
:20606000199F0FE70E81E801A0B577C95EC609F0CE7F207F0E67EF910C8B0EC4C608E2A7A7
:20608000908F842F7F63BE6CF63B4FC522419AA144BA70190C828D08F8407FF63C44828D59
:2060A000DB83D1F7F23B550E45439153FEDFFB8D237F19C46F7D138A07FFEF5EDF40243D7E
:2060C000F3D828A4A9E248000A0700AD40A0700FA7FF81010785F500C140B591BD740A44CA
:2060E0000F0A170F4005831D8E84B481CB7D3F3A0D1393038996C96FA05F5FBF83F5A2B57B
:2061000045ED50FD8E5FF17DB86A3730192E8EF91B748297BA4157FF70096DAFA1A0B54288
:206120003E188FF4025160E8413E19AFD78ED59BB440B61BDF47C28318A3C86D102F8DA63D
:206140000792FC5A24111FC426D7F084C2FE109FD40251DDE841BE10F83482D105974B3ABD
:20616000390FC4926103F847E071095C9BB3D4FC4A30198FC44AA10DD9C22470DF8C1E056F
:2061800031A35028D8DFC41E61FFFBC04BA0B87D0CC7E3D330804AF7FD1915A211F1F54061
:2061A0007A71C91CCAA7F88242F2742A081417E7A31BC4423E3E18042F0114A4C2FE1A4FCB
:2061C000F6B3CF39A342FE1EBFDE4A031A804039EF807016C0DE500C140E6346F141622F93
:2061E0003211CC8F9F416A6105FFFDE2BBF0484C0EB237009054E8502806A211BC830A8473
:20620000C20060A0F00E4C0822241A1C0E3C3A2C0A0E0900C57EC220E0900AB7E836163063
:206220008820002FA8068CDB7FD7C3A01C031828340340F10504806E8CA121100937F03E2F
:206240001CF21D623E902F04004EAB1209070680674760B00E70C1B0ACD33F880730FE22C5
:2062600007009240CAA2A1A733703806C97A12303D04D70ED10F246E828240204130C4708A
:20628000FC0688607854F0592413E1D8FD40FE108FD682D508F84CFFB20D8E82D543C440D2
:2062A000FE11881C8F73A0B56F7D110A07FFEF1EDF7E2230E3D8D84562632D907D7EF63F81
:2062C000CE0A25162B824E92816B2371CD11BC30003C300A120F00A941209008A7EE0700FF
:2062E000D77FDD68FF100E47ECC2359E20060A6FAC8DC0241C0C1C060104A5C16951AB0444
:20630000140A1A0C050570A3CD20F00907B6EF01804E00E0A4BFE80402780705A9C04060FD
:206320001F8DAD1A1B0B280A1F0293C064F96D9C0A7D18DFC064D0195CB7B100F8DC20393C
:206340000FC5BE010BF85C7F105A358F119B83417A90896CB3A128A37F7EF32FE50377A5ED
:20636000BBD9EEF84FC5A2C1FDFBDBFF905A3437E18AFDC5B030192A84497054180A13D01F
:20638000EB118481FD7EFCFFC4224BD6F3C13E36980CC0A00BF1FA804A3B1D180483F1BDEE
:2063A000804BBE9D091DFE012BFC743A9F88B4C389F8B4CC2C78BD27E2DB30E4F9E01BFAD7
:2063C000050A1F0096FA7E14F83D1B37B08651A0B46876BA1FCF87F18060F2FE887C030C2A
:2063E000030506D45BAF30CF85FBFBA3BD586F102C9C8EF101F85FE1103C9C8EFB019DF67B
:20640000F650295C03E58AC05B695C98344E8993FC492E107EA68C2E1AFDD80884B058EF56
:20642000D03F87F6070195C0BA30497C237F0393E8C1E265C0F0526B0DEA0DA8867C2ADF78
:20644000D91DF6457F836A359D881451A21FF0ED15AF82433E149FEC63E10887DB3A22F0E2
:2064600078AFED8EF182A376A0D53EA7DBEF73FCE068D39A35428DFFFBD4BF50191C068DFD
:2064800032A35228DCDFC403010CF85E3F340F95C64322BCC03E5999078EF1B0FDFC7E1419
:2064A0003F540A4762BCD2286070543A5D0F31429C7629FF08042F29F88C6820B93D1DF3F3
:2064C000D16C8264E15F1FFCCFA7F18042A95EB81C2A11F0EC16C17A2D908F8793F305CDA7
:2064E000D228B38DFD228D0DF8C621380D95836708D4F37F120C86B7F124C0637F130B8602
:2065000037F131B0737D30A9DC33E170FD41737E8DCD16411BD86F7D1F0C7D03E55F98C142
:20652000A41F5FBC17F128915068D00F878FF3B5F3F8EF3A2BCD0BD5039148EF40505428A4
:206540000FEE05F3CC50B31BF81D1B73E78048F3746DC79F9BE9884EE099B81E6B1BF8A603
:206560004C31BF89E5C21DAF8166F1BF89ED825D46C6FE291A0C6FE29A150538906B7F13D4
:20658000AC043F9F0FE300C1E5FD10F80618060B33E881C025163804835386F1ECE050B8AD
:2065A00000004E2E0B85FC5BE61E3B44AECF23C5697F17498657F1469878AFB62F9C1E27AF
:2065C000850482D5F9E01BF8E42A090096FA7FF418448E1BF183C0A0B21821B0141E61FFCF
:2065E000FBC37F700945E7A1FBFBF8C0E0AEBD19ED36416AFFFDF87F995DA3A7F88FC0320C
:206600007F891C820590C6FE21920915ABA7F881C43840305B3FC41E21A201828DDE24160C
:20662000AE1FCF0113C1DC2634B8DDA227B180C8A4346CC51E4F6A8748E51688449B2FF824
:20664000816020121A1DC20D7085FC3D5F98048A9FF081C06516885FC3D7F99051BFFF7991
:206660006FEA83460683D6FE20D2380C8BF31C0583D8FE6C379FFC8207F0DDFF65168827B0
:20668000C225F8804865168867C27FFF93DAA41469CD1A19F0E2FEE1BEB8340E0346CA7E21
:2066A000627209C03C142FF521B5402479DFC41E4120A3613F1959842F11A4FC65A61FF9B8
:2066C0001E13F1B39853FEDFFB9E93F1B498433E121FD48ED51AC44BAE3A4FC73641930F8B
:2066E00082C27E39F3080C8209B0DEFA3E1814483EE7EFEFE7806FF591B8048271078048F6
:2067000025BE9F8506B34EC37EFB5029DC000057EF0092C081A2631008901C2444061B80EF
:206720000D09A480C0FE19FFFC0FE1B5FEC13E159FC40BE189FFD2A9103F8463FD49028244
:20674000C6FFE09F1984020390867C3D3FB80E6219F0F5FEE07F08AFFA437992BE41507FF5
:20676000ADB050081FC3FBFD827C6A101F05B211F0907E20F46827C6B00B093FFC6028D06D
:20678000097CEFA194FC492610095CDFA1A080C8A01008D1C02501483A0C0911A680CBFA06
:2067A0003B5DDC025F08DFD1E8D94FC62E6103DCEBF6363C444FE11082C47A360B6703E7DF
:2067C0000B90433E129FDE53F14698613F14580703E7039048FE10F81C628784FC51A01880
:2067E0004FC62EA130B440E61FDFBDCFF5B0BA41B61BDF47C303B8F8C021F04410292D4257
:20680000012DE074787E7A2D1B83E786FC26BF99266A027613DF3F089C7F60100FF40315ED
:2068200002804021100AE7EC261606A40F3013831585EEC02310D1182C6C0601A8C7C0603B
:206840001D8C713010005416054BCC58BB7B580CBC1E18560E0100FF884541E011A188C028
:20686000005C9C0617F0B1FEAC7889051BB707A3EFE476A9E48A7922A7FDBFF71A46FE3350
:2068800088FFFDEFBF9FFC8F09F8C4CC221BD806FE534581403F346814036B7C80C03FE061
:2068A000705F5BC4060119A4C0A01E9BCC0601FD0982D860E0300DA00C16F307019BCF4CEA
:2068C000633EF009637410014E1613448541201F8DACBE97409446B1142F5402051AC04164
:2068E0007A30490E62D1BDF47E281F7FBD1B798094407A30590FDBCF00F840E05039541306
:20690000A340FB65A4331907D3EFE3FEC43E102824637FD9B07160F05EAF2AF119B0C1A5B9
:2069200050DE842E5518E84B363DAB474AF1059547C1A0A55D0C141A89BF8448A3575FC686
:20694000F73568C97E31F108CCA7DDD18049A012780C8785E99D59F05F8C9C43CDE70C8528
:2069600089CA603BF80484220E020505D0887682E1A2F29EE746012480494620E7945C179B
:20698000E32910EA064344A53CFE8C0243F5F3F7237009044F6B04A340751FCFBD27FF202E
:2069A000DCD03ED8780A8C1E47FB50914024301CC437E1DEFCC0C0E0A17F0FA7E20398901D
:2069C000D1A077891FC2210381DC3FBF7DC7EE454680E660B48FF7DE03F8FE7DE7FFF88077
:2069E000EC164603E0F3C0B6110DEC037FE02B8296FA7E14195D334768C9FE34572C9FE370
:206A00004762804BE91D1C9FE2E950804BA8C070575C060C160B060705FF9160FF17690418
:206A20008A971BB444F6329A3682D198A3C80160A37B19551A83468F52331472083964C6FF
:206A4000032B81742AFEA8340E07D0804863348FE7DF4DFDD05A2793085FC333F9828CC123
:206A6000403E55188FF7EFEE098283487EFF7C47EC361717F9C2D0A094688F4A0BF08AFE5F
:206A800020346B046E33289C6FE3320837C225F9D87EB01F0A04277BE8F86067B46DB79F38
:206AA0006146DC79E0320FBF9E01BFEE2DC15420F00906500609860E11B58652F367F05121
:206AC000690FFA5504E8503ED9680CC641F4FBC0BFB83FC45A0311DCE8FF1CC884237B00C1
:206AE0009168FF1C6904058A0B9443110DA5C6AFBA2DCD23739BB46CFF164886CFF14890EC
:206B0000646850FEC4628DF7FBEC3751AC444A0F08EA9541E420108D0F0E0F0B800004E9EC
:206B20006B701905C28E410716A5F6ED110DAC66F3431382C7482152A84F4727F888C8718B
:206B400054282F460069058E901B41C437BD3FC6024112F84220907E848BE108816F7D116C
:206B60000A070C220A17F0BE6EBFF2982F4668290594A10B41FA7CF40F950AA2BB07A7FEA3
:206B80002842C0E8D0094C428DA3F8C3A0508DFC7E4310DACC25530EC77FD102F84665F26D
:206BA000F97C64020A4008072F97D165F2FA6CBE5F3D9ECF6AE0E092F97D7C02125F5F0105
:206BC0008297CBED92F97D9E0102A34024318A31EC1C33E100DD49A99A35884914AA15D119
:206BE00090477F9F7EAFF347685889802CC14BE55FB6582C7CC347F190C0A0D2AF7F665F8E
:206C00002BF6F425521F479E334A895A2012AF6F40961621478B52E3768804AFCBD08EC87E
:206C200001E0E31478983C2777A10AA344691209084C2C402613A7D086D201E161B4A8A570
:206C4000A2012CE588C14668D23A37B3CF0A0F84F874785E78452FF3E77B83A441E0120A40
:206C6000C00C1580060BC00F056C0382BC00C1610060B4003051CA5C0A8D09BCE6D860E0EA
:206C800012294477A12F9446FA12901828200C1440060A3C0304BD072495C67A1309446721
:206CA000A13501829B4A20FD09BCA22FD09D80C15065114DFFFA4135907FFEF4EDFC5A412E
:206CC000FBF3C8E41F9F3C3A41F7F3C4A41F5F3C5241F3F3C5E41F1F3C9A41EFF3CBA41EB3
:206CE000DF3CC241EBF3CCA41E94B849BED61979A15A27D2CC97E31D30B7762452C83F63BB
:206D000049F18740BABB287CB683D98048207B0986F6473C8DCB3F3D880E8AA5F8927C201D
:206D20001BFD5E260300BCE200617920B14030F43C502C4F6C3E1A0E130D1B0D8A9782C182
:206D40007C47E4A8E2315D70F8287CAB77D880E96ABF8911EC15745E381E1C0E1EDA0704EC
:206D6000231E030FBF0B82FFCB32BD19FD2F3769804AF23D080C8F05F8CB4CB1BE78151A10
:206D800003219051A07B0DEFA26140867C3B9B8914AE03D097CAF03D180E4217F0FE7E2005
:206DA000398A1DA327F8C7C82472A9FFD2F1AFC9FE3C3208D48645F080C0B06090542B4681
:206DC0004BF1E19848FE10881E080E0BF9F7CE7EECDE794CAEFFF4B26BE4F4B8DDA2012B1D
:206DE0009FFD2BFAFCC51EB9E79984C156B5F23A5FD3CF230B86A985C1543CF21A5FDFCFF1
:206E0000350D82A66BE3E170D47D7CBA4398A3D0FCF360A82A0EBE354A895A20077053CD8E
:206E20007C668D90A3CE3CF370A829B6BE282B0D31D7CC243E8F3CEC260A59AF8784C34962
:206E4000F5F3290F7BCF410982916BE14130D1DD7CD643D4F3C2297C10182DFF9E01BFEE9D
:206E600046E0120A641E0120AE00C15C0060B1003057C0182C800C1690060BEFB582D1B3D9
:206E800034C804A281F0F5E0247888FC1EBBD5D139C145A632A95C5FA10DEC4725714E84A7
:206EA0008A5719E868ED193FC45A43FE95487A340F96FAA331907D3EFB7FD4F257F3E8E346
:206EC0000EA13DFD0904773147F679E0123C17E26B31C452217F0ABFE3CBE7C17E26D01C36
:206EE000307C27D7A1A0B4403EB9BB8C03EB8EB86628FEEF3FFA45832682C9FE31F208DC4F
:206F0000AA11D18049AF748C1FE39F6085FC2ABF8D1DA307F8C7D80DA0F1D209A4AA77D009
:206F2000A04AA85D090CAA15D11583D17C64301834A603D997CAA5BD197904163A4027075F
:206F400090904225502DFC0A4522BB94C1C8F11DE83D6BABA3B449ED2310530894EE172BC0
:206F600086F63F778814EFB7B284CAE01F2DD6020322817EA07F3A07CA673289D0A01F0D8D
:206F800096027146FEFDEDDF8FF5E361B998D1AB4B70540FC627C12291743CF012F82CAC45
:206FA0008A00650983FC72A41C9F382C1D164351A442BE1E9FFF0BCF0197407B3169743F84
:206FC000A2A9090085FC223F8A46C56A16432A82742452AA028434465D65E8563B107975AA
:206FE00093A10D0182981B41707FD03A34025153E8FFE5D5EE8E8ED30095D6FA1A3B41B4D9
:207000001E5A4523C45620F06EAE8AD192698283CAA09BF80B4C16660F0FEAF8ED1DEBC466
:20702000365D49E8444060A0E03044507C22284A2F425B48CC51E4788ED41A18F304F10546
:207040002085CAA0FD186134163E4103F045A5D0CDFC824B0292C8EFB1B83C4C3E1661129C
:207060009DC2E5738ECC024D01D4C0E4101CB7DBEF84FC407372BD8C7AE50C91686D101C9F
:20708000C7F7EF12FD4A28D03D87C37B14976A3A318A5C6ED163D8C86D3143182804A35F21
:2070A000D082D1BB3E78A52FEC0305F40182F979FF378B2F9E274BDE80C16EC060B73E7F6A
:2070C000FCBA0DD1D15A26921C17E32902C17E31D10D979E81F2D9547D1E6844977BE78411
:2070E000497A5E7806FFB91B80483310780483C00705680382A200C17269702805771101F7
:20710000807970F018064E9502806C4060ADB8680C02054B1582B0C62C570A38DC2C236BF4
:207120000091412979AB0C6AC5FDFBDBFF7BDF442281FDFBC277E1B0B02A5E62D3009C46D1
:2071400037F01905C28E0F072DF4FC28F81A643A8D86D841E8DB4FC40301A1B4463E900B15
:20716000FC07E38082C337FB1FC702410091CA28D0DDFC0665A1FC7026181FC77E62070555
:207180002085FC369FE946C6874680FD749729451BFDF7CCFE2478881FD38163A1EC7416D7
:2071A0008C87E32530804AE01F0D7E02060505B2278291E2323F8C9482032A827463B05AAD
:2071C00026FE0522C083414025F40F85C303588355CC60BF1219D51A0332C96CB4209050DA
:2071E0003F842A050A95437A3E2B474AF10295427A323F84220730A348F01FFFBD07FD30CB
:20720000A1C2247C6D948F0130A37FFEF3AFF68ED330A1F1B650095D7FA114914024301DED
:207220004433E156FEE8ED193FC5D60103F87D7F7A3B44168C0B0BE7FDC17EBFABAD3FE9CF
:207240007AB8E8AD1B5FDFC7EB13C44A289ADFC41261B2FC62261ADFC42A0141F95C2E1A67
:20726000DFC42261D3B4E8FEB7ABAE168595DFECFF7F1F9D03E5E2A0C0FEB50B182C1E6F7D
:2072800065ADFC41A6192FC65A6533D8C82D3C38E413270AF84E3F98DFC45201A2B4407572
:2072A00019DFC430360B2B22B17CE0103C682C168ED398A3E8ED100914133383FC65A4588D
:2072C00030C82B8EC727F8CA48AB5B9C9FE31D209A4AA0FD0CEFE22920916C61178FFCA25B
:2072E0004FD18DCAA59D95A838B487FD2AA7F46012EA6F4727F8C84820F3A80CAA91D9C97E
:20730000FE2413195ECF476880C860520C9FE24321D1FE38960C1FE23121FFFDF03FB9CFA9
:20732000820321C07E32510FB7DFBFFEA6F9E05230684987DFCF079475FA30295757A348A1
:207340002E82E97460320E1FE33112C1FE32E8705948172BCFA0B4643F18F9868FE31182AD
:20736000FB7650C96D03E580C0F43F1809876A0F04EACC68D099074BCFDC8DC02419983DB3
:2073800003E302C0CC68D0C907FFEF4DFDE8AD192FC7466143F840607820382D2DA36BF8E3
:2073A000EC4C72BF8EE6060333D282416E3E30087C03E122C1FD7EFE8FF44363009184C180
:2073C000E8ED118C442FE1C6FFE86D182A3645260B63F899602032BA07CAC983C8FE321357
:2073E0000844AE81F09960F63F8E04C20413055A0482E15420335D6ECB63F8C44C3BFF8B56
:20740000864E5744D0FE3A131ECFE20130804AE01F0A760F71F180C3E81F2A518416AFFD1D
:2074200002A3682D0190590D87E31110E451E03308FFEB01F9D1DA327F8EEC86012A9EF443
:207440006032D9DF6727F8C7C8215B1864AA6DD1C9FE31D20CD6EF27F8C8483040505929E1
:20746000040A552C0982EFC8695BBAC5A60DF0AC7FE51B31C838B487FD2A9074767F8E947C
:2074800086032A8E76767F8EC447358CC8D0A2FD2DD35C140BA1BAFC43A0188DCC067B52B6
:2074A0008D6B76592D96D7F7F8FAE568528DFC568D05FDC2333009EC7FF589FCC637F0195C
:2074C0002E0FF1DAA8EA6971BB444F6348A36628F81A368ED1B3FC6220181A268FF1D4C8C2
:2074E000C8B11A3B45560D57DFECFF1E490C0245B3FC75A23528C68C160B27F8904C657BCA
:2075000094083C84C20F3B80CAE0FD81A83E2480420E143905C49006C1F2A0130D8ECFF114
:20752000C60A88E348327F9E74420129E093C17302A0EA3528CE8C120B27F8D8C82B5B98B5
:2075400004BE81F08060E457F814AA81F0DAE0B27F88C4860D2A8C6FE2D222483D84C0DA4E
:207560000F0348C18A417F7EF9EFE682D10BF862FFB7E5A828DEC6FB4AD05A22368CC51F5C
:2075800047688048B07F8EDC860DB0DEFA3E147FE7DE9BB9AD41E05D598D1A2720E379A365
:2075A0003078375721F8884C66346C07E2313183C837BE68D41A05D5804863720DC79A27B5
:2075C000F09840A7FD0C87E24731804AE81F0E2E08DE0E4531F9EC74168C87E31F30807D2A
:2075E00072371807CB4522934AE5623058E9868FE32686773E30081D0FD70C81C2BE191F23
:20760000DE8AD1D2FC6026123F84820743F844207C205828048F043F05A0B4740160BB50B5
:207620006A07C73982807CAA311FE7DF9BFF508290C55EE0ABD20D1B7416CFF16203828D39
:20764000486EFE680C8FB3E789FC2810181742234692482DFE689FD3017280F423D20B502C
:20766000241402E215072F905902A0EC501E84C6415FF376E0940F8DC70511A34B24159FB8
:20768000344A770B95D33B1DFF440FE106A5D2E970988810152E973C804861720A5F9BFB41
:2076A000F7BEFF201289FFD309AE804860920A1F9B21F8C84CA032B84746012182C83FFF66
:2076C0007DFFE51E0A4583FC6424573F33CC1E42650295F63657FFA5B75DA3B441A4593FD5
:2076E000C742A11DD8C0243835482F479E454881C8615F0C7FF3476894D1B27F8F04C22769
:20770000F08243E29BF88C821B20ED79E0121834822BE68048623208979B25F8964C603298
:20772000B8274725F896CC6012B807C267822C83C748395B9C9FE31F2088CEA192AA07CA15
:207740007582C9FE37D20804AA01F09AE0A032189483EFE5804865B20FA01414EA41F10298
:207760008290483DC05053C907AFCB0A95503E134168288C8602870922F3E020F009078279
:207780003700905900E0AF10080482E8070461073298E6F620707D14C8281C161BD180C824
:2077A000618E1054E708209829050BE1018160C0E0B07F89954711E709839A4C6F62F09ED6
:2077C00079876E1302E8406432B906D3CB9BA5C6ED0B30792C066A9198A3E3BC01F07229D1
:2077E0008D0F6607072398C8F77A0B4643F18F98403EB91B8C03E5A29149A5719E8643F129
:207800008E9868FE32682DAE856BA0C2BE18BFD68ED1009160FF12256828A1F4143CFA0BAA
:2078200067F8AF48346B905B3FC5880E0A3521DF7960323F4A0424B24301955D3A393FC475
:20784000B6630095DC3A25B0920D17C64303834AED3D997CAACE5B05748852E3DDBD940E7C
:207860005709EC643F175A877FF1ECF0C067B1EFC40F81EDD940E5B04ECD03E54998C1A4D6
:207880001F3FBFABFBBCF8C0A1F90FC4BA6314E86F3E30387C4C0A0A030F82746032B8A642
:2078A000FE012380C8ED7B9D17C6890380CAE4DD985CEA092A91F6603218B4827DE5814A40
:2078C000FDFE7824AFDBE78F7E20B50C87E25F31814B649D08180C14065BE71C88804AFCFA
:2078E0003D0D87E310F10528B96C3F13080C27E18EFDC068DA8DCD4A91FBFBC57FCC3078A3
:20790000E90402557FFA5575B93FC652650095CFFE950D6C0643FF9043CBA0BBA5D05C2EBB
:207920008F7DD20A5122C189C150BCA2F073698C4F630190C8A41FEF20341CD6633BD8D092
:207940002973FA446ED198A3FFA51D6E840643F20B849F094247641EB06849F83424BA41F7
:20796000E40684A083424DA41DD0684A103424C241D60684A283424E241CF0684A183424D2
:20798000CA41C80684A203424D641C10684A3034249A41BAF24869BAB0782CE4C81E0E7DF1
:2079A00020D97901A0E8F31C9EC75768894863188FA7DE43FDA1DA3370783756314B94477F
:2079C00054E0E03219DC833FE48B03427B3CD15A5C6ED0F70779D7CA23B9CF3FD7EFB4FD01
:2079E000C2363A5FC76303F5FBF27F700944FFE9DAD6657F1DF98C0667DBD940A578504877
:207A00002C16FE01230F829882C1F2FC99083C0241E08DC0241400382EE01C16700E0B48DA
:207A20000305540182B142A0900C8FE37D308DEC723F8C74C2212B92F4763F8E154203F1CD
:207A4000C040363F8E04C29FEAC44260335F6C6B4BEBC441617F0A7FEB81B1E8FE37120E07
:207A60008FE36900A9C72371AD1FAE1303CED0B51BF8ED1B75F18043E0BD0DD7E21D3082CE
:207A80004EF3B42DC04414065B3FFBEA7590192E9FC92BA37B3CF4FF840613BEF2406550B9
:207AA0009E8E4FF19190402557FFA5275B0090E82D1F6FBC57F750F2D7B63F0834D7A9311F
:207AC00083CD7A9B20382D9C1E6BD1A07DA312198C8389E69C6C767F8E340367F8E44832DE
:207AE00014280F4E452296F96012982F7767F8E6440260F2342FAF4B67F8E202C1708160B8
:207B0000A17D2D1DA327F8C9034170241511B82E14C32742E6762112289F9727F8904C6006
:207B200012BEFF47DDE782CAB87D99F48A15E58F48A11E59EC8A0DE591C8A09E59548A05AF
:207B4000E5D15A325F8C7CC2752B9FFD3DDAD88F62560705F0D6CC80A0B93AD91CAEFFF401
:207B6000E96B725F8964C6040905C45A828BC83FFF7E9EEE841D05DBD6D2C0A0BBDAD9E801
:207B8000641700320A661905C6DDC325B7FFB4035993FC4CCE60A7FF4F2EB6032187483F45
:207BA000DF79EFFF47688048B07F899C86F9E5864B67FF6CA6BBFFF7F6EEE01BFB9ED6D533
:207BC0004D804920326D45825D71966025975965DFFF23C07E3B731D5DA23188FDFDFB9F75
:207BE000D0385827FB5768D9FE3A521F56C727F88B487FD2A8CF45A60F67B1D5BC4164247F
:207C00001079D6CA8510ECE4FF12190C0A41A3FC7128131A360FF11890FFBEF03FFEAED1A9
:207C2000029060FF1DAA0FFBEF6FFF413C02D071680FFA51F7E8EB2D1B4FC75A2304F8E022
:207C400020163C740673B4FC7624389D96C7F7F3F9C4E89A4FC76263B4FC702610B04820D7
:207C6000282F8557F320D8F53F1B40782E201416D3F1D298C024D0195E737F0199E9016038
:207C8000A13B1C27E3BF61CA7E31F30C27E3B561D1FC6170280CAA3FD8DA7E3102905A0919
:207CA000166E3519824CBA904F968A4304F8E5A0109F850FF9ABB460FF18FB07FE4583FCD1
:207CC00072E41A9B46C7F1D690C05060A13F0BEFF341B3A07DB471198C83E7F7DB7EE4D2AD
:207CE000B8BF447E0C8E0F371A8D41221D4C20D417FBEF39FF6AED101A34C37383FC4B20F6
:207D0000302D86F7D170A07FFEF35DD0341587B1E7CA7E31D30934AE03D0944AFA43B04787
:207D2000F0F1B8272FA90091E10360BFDF78D7FA0346804A387D1F0F9E1D4B87D2601938E9
:207D40007D2A1F4B81F27EBF7D57E2536A8CEC72BF89240205F0D7284164D9A0A253B85C7C
:207D6000AE09D83185FAFDF23B8816C2E1BD806FFB91B80482838D80C03C0070519C2406D0
:207D80000131C340601D0FC6A265C2B4E4E8573DAC128D12E8F43F1ACB150AD5B68D46376E
:207DA000F0193653F1B4A94025B42E8483110BF8753F530DCD3FE944B0B7C1D1BF701937BC
:207DC000C3CFB4FC6C24563C766A851C5682D94CB0589CD8CC1C8D8A0AA14496C5BA194FDA
:207DE000C63E414495443A10092C0A4320A37F3EF2EFC4025B44E83242C0C0A0B253048882
:207E0000380C8FCDE799D0FD9D08ED2E376889EE681F6A5D079DE7D2FC6890280486D14637
:207E200080E52AB42AAD060322C6FE20120CC51FB7E7804BBB1D09162347F5BD5C609F5EE2
:207E400075C349F8D348683F2B85CB234287D272BBFA7FD2F572A07CBC542D9FEFE5F3010F
:207E600083CC6FE07F5A858F37B2D27E35131DA7E35932D27E3540705AE0382D64C613F0C3
:207E8000867FF69E7C27E31F50DD79F190780483B73C814022B4BADDA327F8E540251B1D19
:207EA0009FE38D10D9FE39120C8D0A3DD2C9FE79D20950441730221A29D2D9FE38520D9F95
:207EC000E38910C8D0A1C0B05C08064D8E0A47B982CA329BF804820320B851F0542C602477
:207EE000300C1C037F048E4024119A5C6E515BB460FF11680C5BB117A570A81D183CA3A95C
:207F0000119441BA393FC4624352D8C0245A3FC718560A0F288EF4213288DF422B2881F47D
:207F20004260F981305A0F8C7A05D2D947A5504EC42A9321FD40BE5D283C2FA900F87DE0C1
:207F40005379541FA102946077E3B0B019160FF1CA16823583804421109A0D0A9550E1DEFE
:207F60002032B83F4624D505B3FC41A6543B946E1583B95C28F3BDCC3422121932A1DCC20A
:207F800020AE770A3CFC4A0A10130D031282A189414625706E8C0C26121132C1DC6370AE5A
:207FA0001DC4B616E1B592536D768C9FE21542866E727F8BA50327F885D8A1C090575B0615
:207FC0000C1A0B060705FF4482BB482374B8DDA227B190D1AD168CC51DF60AD11BD8C8A82A
:207FE000D31A34569198A3C024313A47EFEF8DFD5A2D13C98427E180FF418460A01F2A8C38
:2080000047F9F7EAFEA0921B45A3F3F7BEFF03616E5FEC350A09468674A07F0FE7F2034670
:20802000D046E33289C6FE3320827C3F3FDD87EB01F0A0426E1BD80C83F9E7806FD2E0F670
:2080400090780483E8030537DAE43F18E904128DA2F8D12070195C6FB390FC63E61449DC29
:2080600006578CDFC02470191C3A750195403B3ABD9ED3F188906D3F10C894066592D9642C
:208080006852DE8E53F1209158B6733DCD03E53390CDA41F3FBF63F30191FA3CF2B6183DE6
:2080A000CD3FE90DB8FD3CF0090DA28D01CA637F10088304149709F890D4A05219051BF71A
:2080C000F78CFFE060705F9FBC8FF994FC63A61A3F8D1205019540BB30E388297762012344
:2080E000C204C140F6130DEC8F1141F95C2E504FAF3AE1A4FC69A63D4FC45265A3FADEAE0B
:20810000391A14529395DFD3FE97AB9503E5E2A16CFF7F2F980C1E637F03FAD42C79BD9606
:2081200093F1A898ED3F11899693F1AA03828D01C16B2625107A598C27E1AEFEEF3CF946DA
:20814000C86CC6FF09F8C7D4397E7806FFD0FF05DB9E40A010DA544EF5A3DCC065108E8DD9
:208160004AD1B2FC59221B2FC5224191A142FB1F9FBF037753C4D6E0F08EAD4ED193FC64D9
:2081800020107A5C2E0000139F8A4064170A3C123900904E6975AC4C0A8770DAD6B0300FCF
:2081A000840E050395413A340FB5EA4336907CFEF4EFCC43E102814637FD9B07160F48DFF2
:2081C000C66C322D8F2AF1069548BA10B954B7A184835137F089146AE5C282D47AB5BB479E
:2081E00022F193FC5FA81B3FC622419DC64D367DEB4D2BEDC8BA6D3F7F6FA4B2895DC74041
:2082000065104FDC164592D9473A3A3FC41A4508A36F7D170A07FFEFAADF56AD192FC63A5A
:20822000811A96767A300924024BC2F4CF28B019260BF194A0747CE190B1496730320BEB8D
:20824000E783493B7E7846C67F28810FC143245DEF3C6251DCE8ECFF10A816636393FC4280
:20826000A85E08F406510BEC64FF174807163D0196C1BB184A1413A193FC42E050094423E4
:208280007F009168FF10891717CF02A37EBCF70DEBAC1C436B0BBCD0AD11D9597C144245EF
:2082A000D888CAE49D9D1FC6250285CAA41D8EFFA205F090C7C020C00125D2095C58260A5A
:2082C00007F0944562B158F00C10001D8E2B1598C568315A8C562B599D4562B498AD9426BF
:2082E0000AC3008FCEFB9B2904B3CDD92E82DEC0A8D0190C61C20A2140857C269BF94CA711
:20830000E9D191D2E3768ADEE7E1E799CA7DDD190D2FF1E796CA7D5D19004C140257E6E80C
:208320004428D98A3F8FCF3594F87A31C0884EEF425D21CC51FB5E79B4A7B1D18C04427D05
:20834000FA3D3F3CDE53D1E8C501A139BD098487DDE79C4A793D18803C2717A13990F9BC7F
:20836000F3B94F07A30C0784DEF426521EF79E8329DCF46100F09B5E84D643D6F3C1A97BB3
:20838000D0182DD80C16E7CFB083C0241C00182E400C1790060BD80305F001828242201252
:2083A000081D1A01298851A11BF8FC86772BB86D6C3D888CAE07D881CAED5D080492BFE062
:2083C000D1FC6250294CABF3D880E92A9F8917C201BFA2E820300BEE7E0300038F0193E085
:2083E00086C3734463B5E0F04030E3B2E030FE51186038F0587078F0383F981C17FA5714BA
:20840000DFC024902924828D70DEC0A8D0090C628DBDF45C2810AF859B7D2DA6DAED193FA0
:20842000C63A411895407A1159553FA393FC74241009552FA383FC73E4183FC72A4193FC9E
:208440006DA6303F87FE0923D8D03E5D398CDA41F2FBF1FFF6BB446B1183FC6DE23A3FC66B
:20846000E24383FC6EA8383FC54A8568B446E9300FAF5EE109F8753F76BB460FF18EA072F3
:208480003CF18A5452D10096713A118A348CDE1231478A52E381105BBE847641F5F3C481D9
:2084A0006136BD08652E15468FC86B1681187868D426A7A10AA34668DF4F3C2C4A1345D07C
:2084C0000E878149339E7806FE091C80483D33D81403590780483780305C40182F000C1492
:2084E000021100904669702A3426F35B6A8380683E31181C325717ECCA65117E8478060A1A
:208500000A03052101829A80C14DA5109E84DE5115E84E0060A76030541944537FFE904D37
:20852000641FFFBFFB7D03907EFCF23907E7CF14907DFCF1255828B483E7E797483E3E7901
:208540008483DFE79CC83DBE799483D7E7418396FA7E741D15321D4683D1B69F885602C348
:20856000688C7D2017F80FC70105866FF63F8E048201239451A15BF80CCB43F8E04C0060A6
:20858000A410AF8683F928D8D0E8D01FAE92E528A37F3EF74FF58F1303FA702C743D8D82EC
:2085A000D190FC64A6123DCC064380FC64A21F9FBDE7F30097D03E108C14025D40F841707C
:2085C000563C4D760F08EAD8AD192FC642210794C0B7F0190E0BF190B0486EB9883C47ABC5
:2085E000E3B4762F1079442BA11194497A1FCFBEC7F703A34A37340F970AA336907CBEFF27
:208600002FF5F2977BA46628F63C4C660F40F8F2B0065071698CAA5737EC46E5710EC406DF
:20862000575CE840E576EE84025746E858ED193FC45A43FE95503E19AC0503E5CEA8F7FCD1
:20864000F6FA5F87CF1C9DC3A57F1FAE4A0309800003E026F4BD1C060159D100C704C15946
:20866000C2E4B0E131437073C95DAFA13F95F2FA3B0FC62261B0FC432459B8D46E0902EA48
:208680004024780FC4866481078E90512550DE8C024583FC72A41B8F389414804A0A2552BA
:2086A0008D44A09B1EA08C1EBBCF93FC63E614495EABA347A4427E14EFE698460C920A0CB5
:2086C00049051D8267FA9D0FC4024513BC44DFE0B1321C0F9E033B89DC0B60F1D30C979F03
:2086E0002005051595E3BA103F87F6071895E2BA01707529975BCE07073598D8AD182FC7B0
:208700002A617FF3CD2971BB4402573FFA5EF5F98A3DE036126D319804C14AF6360B440366
:20872000EB9BB8C03EB8EB86628F283D82FBFEED1E7958B435935F23A479BCF28A5FDFCFC7
:20874000FE5C828B4858E0E4D2AA57425FD8864AA67D0874AA6BD06D83C7B6C14137F451C3
:20876000082C7C8327F8C8482112A80EFE0522915D5DA0F2120B1E27B107A9F56C76892D5C
:20878000A47A0A2193FC742010AF8623F988D9FAEF1029DC3E5700F960701DFF440FE12BD4
:2087A000BFCAE572BBF800102010141D025519E851255CFE8D164500F04348E0B1D20E4F6A
:2087C0009E1F22FD79E091C80483BF4C81403860305CC83C0241D00182EA00C17E0060A4CD
:2087E000F22F579CE60E8B21D7B1C164FF7B0F3CA28DFBFBFF3F720DCCA68DAA0882F17ECF
:20880000E1DE0F45E21B28A0F42220305070182FE7DECBFA81D1A0128F77425346D152334E
:208820001478351A477A8CC1E2AAD04AB1332FE4168D80DDC032169A340E41F4FBDA7F90B5
:208840000CDCAF631DB94324561B440331FBFBFDFFB60B47FFEFB2FD8C41C5A43FE95503AB
:20886000E19EC064DEA0A0F3A80CAA81F2CC02C14826303F87FE0B8BD8D8ED1009140A41D7
:20888000A3FC71241FFFBF9BF58AF061E97C4F3E1E97C20182E079E1126E100C1767CF60ED
:2088A000B4641D20A45B9C87E37D10B0EC62520F4F9E4B2A807C35180ABF62292AB1742AFA
:2088C0001D881CAACFD089CAABFD088CEA192AB4F6721F8C7C826F2A807CA03818F014166E
:2088E000AF01019D747650594D03E5E7C02343D5FA2C7052080254173F0593FC4866500949
:208900005C03E1C0C08741C82441507B50584C7C0213F0977EF0146804A281F0D88442C864
:208920002627705ABC089C1E4B631290C6311F3FBC8BFB45B4457E900BAC03E1AD1182A2F2
:2089400048A7F20C196C140645A3FC71B0183FC729AA0AF7FACDF8A352AD87460D20C6F97A
:20896000E652AAC7420BD8974AAA7D098CAB4FD193C8309E79F4AB47D19A48301E785C82E2
:20898000FDE7E87E24922E07E2112181C82F1E7C87E22321C07E2312183C8B00B30565B4AC
:2089A000657F12098C8F7395FC64261079DC065704EC6D7F1C49840667A50282CAFE3951A0
:2089C000090EC76BF8E303C271A6195FCF3A41220782E603C2732610097D03E1D6C1C8EF1E
:2089E000B027282E760E032BA07C2C5836683C8CC2000B0580C1C024360B47E3EF3CFFF214
:208A0000FC700FAC0AE108F872BF5FFFBC87F563B4304154385E790C8265E780A0C146246D
:208A200031165828A85C137C15436DE78FCEA312A9FFDAADAF80E8EA7F8917C39FA780C086
:208A40000060E8FA50185A8EA01624062F56172C030FCB0F82C780C16DC4E1B76070DBF002
:208A600038282472012092E860300D1D360500A4E7A0300829FC1458FE1B3E7B05BD018265
:208A8000C680C168C661B4E07053D9D74F650E95CFFED02D7C385A0BFFAE1685806FF86868
:208AA000725C70986E786C774C1E2BAE0B0590FC4424380FC462430791603F11690C02451C
:208AC00014F0432450008828B48721F8E8C8341F8E644285F080C0B01F8C7C43000F05C4F9
:208AE000F344C4E18320A40150520DDF9B21F891CC6012BBFFD36FAEB1DA327F8914C78770
:208B0000B1B05A321F8C7CC201F5C8DC601F28548A4D2B9674321F8C74C24D3B80CAF19B6D
:208B2000F8048E032384FC2DDF8B1DA24122C18FC14000A0A452118859011416535D00F99F
:208B400054623FBFBEBFF963B445641B3FC57A41A34E82D9FE2C407051A90FFFEF3BFCD825
:208B6000ED1009168CFA087A0EF9E680C8FAFE7C87E2592180CAA23D1C87E25B31B9EE6CF8
:208B8000768ED5BBA7F8974471F48847C39BF9B05A201F5815C211F0E37E7FFF78EFE6C9CE
:208BA000E6518396486052ABFFD2BFAEE9FA63721F5F9E01257F82A8C4641FFFBC34B608EB
:208BC000AA0AA151F34264577F3C6E4575F3C902A0A047109C7F3C7A41F8F3CBE41F6F3C51
:208BE000C641F4F3CD241D7F3CEA41D5F3C9E41D3F3CFE41D1F3CB241CFF3CF241CDF3E466
:208C0000FF13498C02573FFA51B5C670752997CF620707939068B6393FC652617BDCD03E94
:208C20005C5B0E53C969A5C6ED1130582DB5871DE48D486CB48CC51CEE0E4352F7782152BA
:208C40000A6F9BA7F89248A0720E1FE21121A3AB424CE630BD8C22414105849A4C607F0FF8
:208C6000FC06D65509E79876E1301E84AE4134F35589E0A012B807C39F80A95224DE0B1DCA
:208C8000A3A7F8AA48A45B38FC8B27F8C7C03F7F7E27F3E1B90984994CF6313FC54659010F
:208CA00095417A140F97D6C350F2503E5F1B0D37C913FC4A27913D8D03E5F6B0D1FC960BE3
:208CC0004643F1E39866A0D01EAC7E4108F3504AE0B3147D1944164FF13298E0F6362B468D
:208CE0004BF1D19844FE10380D03E199C04324143F84060782FC45A03820A82C17E26511B2
:208D0000CF79C520E453199ECC0E0E473189EEC9E0F1F30807D72371807CA1522934AE2F31
:208D2000D0C87E31D30934EE032BC66FE012380C8E11F0B4FFEC7688048B07F891486C76E0
:208D400088A48367F8AF48347F88C48767F8B101C146A43C6F2C0647EC2A828E53727F89B5
:208D60006486032AA07C36780C9FE25B31804AE81F0D7600CA0F1F0084FC385F8804A281E7
:208D8000F0D3600DA0EE910A5C7BB7B281CAE13D8C87E2EB20EFFE291E080CEA3DF881F0F9
:208DA0003A5B281CAA09D9A07CA933183483FFF7EA6EF79F18143F21F8974C629D0DE7C683
:208DC000070FBE01414061F01E8C065712E845A418BF2C037F048E40241E883C0241F00171
:208DE00082E400C163E15048040A57145A84804AFD9D08F7E20520C87E25F31814AAC1D0EA
:208E00008180C140655E21E82F074761F8C43BC140AE5B0FC4C20308F85BBF101A34025142
:208E200053E8E3E91FAFBFD3F4AF071690FFA557FFA5FB5B93FC63A41000482BC82414125B
:208E4000650095CFFE974D6B3C3D699E0AFFF4B603C16CC9A0A152BBFFDACDADB451BF7FEC
:208E60007AC85C14FFE960D6D96D105915A28D05F8E5E030AF8633FD0094403E1DDC07576F
:208E8000F100994668D11FC406570095403E1CEC00841C2BE17D0E82BFFD28E490501907ED
:208EA0004FF1009144EF10199C4EE1FEFBE63FF63B44024583FC4124538F2C125793F3C03F
:208EC000A57A1F3C12579FF3DAED1280A82C748353E745839ACC667B1B0D2E3768AFD23307
:208EE000147FF4A33FD0FFF902A0E7D3185EC63B20FC82C24DA634BD9D8ED10990ECFF1397
:208F0000880FCFEF03FD4637363B460FF13680E67CD90FC7C26303F87FE051B088590E4052
:208F2000220B913181CAE1BD8EFFA207F083C1E050AB58FC14F26380FC7C6636B4582F6721
:208F40009E4520E7F9281F2C6D87FFF7826ECB60E7E67052E90714CE12820B0536906FC1BB
:208F6000612840B0530906E41612B132ADEC6C76886C863188F9FDF89F9846E67320D6F9C6
:208F8000321F8874CA012BFCF40BE0E8A2B05389068FC80B07430582994833A0B0944058D4
:208FA00029AC832E0B094698E6F62070721995EF720707E49856E0D08EAC91EE0A012B9F2E
:208FC000FD24BAF903F4149E4181F2486974BF307C1D1E63C317829DC8A0121C9FE31F0002
:208FE000FDFDE29FBC00DC1449061305F9A1DA33B0782F562F4B895223768CC51E7720B2E9
:20900000F922A490532F34509E12FFF4ACEBFF7E68066387F880C033BF8824C2177198F93B
:20902000F0BF88240A77E7EB6C7E106B3F526307B3F536507B3F47660B0540FB40E63FFFDE
:20904000BDFB7500DFC123900906A20F0090760060BB80305FC0182824220120DC01C14259
:20906000767B5FC71A21B5FC7226199A146FB32291CAA9185FC6C661FBFBE17FD0091C0A8D
:209080004360B4697F18E98617F192987E3EFB2FDD8D7A0A2D2180CAA7BD1E9FE2012289BD
:2090A000DE377BBA07DA6863054CDD4AB63B5FC7324045079AA1773B1B5FC710160B840B7F
:2090C000050FE902C285C1F43A595FC648160B8130A96E60B2BBFFDA95AC9F48F8FE7298DE
:2090E0003904C6012BE0F47D3E719829066A853FFB4F7590891EEBCF1691EE3CF1E91EDBF8
:20910000CF3D91ED3CF2A91ECBCF2391EC3CF019DC4EE102D86F7D1F0A0FEBEFF6DD35C1A5
:20912000FC36B0091D6A9B85D84128D2BB84BA8D68B0403116BC0CAEE52BBAFEBEFA2FD56B
:20914000AED118C47EBEFCAFD6D3F1F290DA6D10199407E3808064B6508F86ABF320D8D3DB
:20916000FE9C9B8CDA41F2FBF8FF194FC63E61A4FC7CA032695C4FA3B4FC62261B4FC42235
:20918000459B8D466090CEA613F18F807FBEF86FF6E3730090C024908A37FFEF8AFCC8288C
:2091A000D05D87C37B94FC63A61269DC0A570AEC0B418D41E6E351A8240FA90091E1032029
:2091C000BC9E70F83864EE032B9007C11441C18A20A37048CF53A9F88044A09F1CB4020307
:2091E00031847C241F9128386CAE17D10A829144EF113DCD3FE9DDB8ED1C6108E17FE050DE
:209200005CB987FBEFB3FEC128D08D8C0649C0F3DAED193FC45AE3FE97C97A103D47EBEFDD
:2092200037FD4437340FB79A039AF3D424521A340F310AF873BF90390C0F3108F8793F7012
:209240003CC4E68D03BC48FE11081C0EE1FAFBEA3FD3AA340F3310A47EFEFF1FD7EBEF2F33
:209260001B84F9406FDE781E63FDF7F67F6174B8652A01938652F2DE881C03E7F7C37F4CFC
:20928000A0F1D10C9FE3A10084FC38BFE8251A0128E0743E7F7B97F701E7806FE091C80448
:2092A0008323A180C02BB9D80C02420305F8DAEC3F1F298C03E38083C128D0DA342E8916C5
:2092C000A36801E0B61F8E04C21744D001414E28D09F86A3FBA0D8F53F1B4058285D1243CA
:2092E00046E20241427E19AFC753D32D91E6A8507E9C024716A4C13EBA4B805C1C23E14194
:20930000FE653F1CA9848F63B4FC71A612BA26900A0B29F9E703C27301E139930CA7E2414D
:209320003191EE729F8C84C20F3B80CAE09D8DA7E3881909C4984828DFEFBFFFFB261582B8
:20934000C44421A110588A87E37B53A040A0101A5C62E770A3C037F785D82FE6C20D98826E
:20936000C00006A910F09918E4381E370501209B00292B8739839C61A045D0E080E4F68B8D
:20938000F16CB26005FF48046A06152382811AC581C3C4611B58148201F0857EA0321835FF
:2093A0002E01228CDC20BEF812087C323360846F7D91C804839123804834102CE3B1638010
:2093C0007C0201EA1194002B620F000BD242A491D804825BE9FC50E0B4680C821946C8D11F
:2093E000B3146CEFE24160807C33BF982FC207019553E83EA8450E53489D5A287F0C05CF27
:2094000001F88260385F8824D7FFF7E07FFC7689D5A327FAC1FF34768C07E20B908FEEACCB
:209420007688CEEA4768E17E221C58DEEB85F88A5D785F88C45785F88E4D7A9E9824DE33EE
:20944000068DC2A13BAA1FAA0F63CA7E24170804BE47F08050FCF698A6FE9FF080530060B2
:20946000A19A4B4CFC3A0A1903814BA483B0520BA9041C928BC2FC4A26BC2FC4B22B0CEC26
:2094800042A970296F16E19BAEF0BF1489AD3FE10181D0EE100EC40EE1BDF47E30740F97F6
:2094A0005E233C907C7EF78FF73247009032C1C621904805A6972DF4FDE9F5ABC4168D0CD1
:2094C000A348B7340F943A42230766FF64FF103E070A3901F8C0E1500F8C06131CF87EE1FC
:2094E000D01C940FE30883C0FE33883576954FE8D26F103F8D0217C3FC4432103F8C6213C4
:2095000088A368FF1688840723A3FC5530108F8C12119CB264BD1038070FD316F76180E08D
:20952000BA5E9814071607050090F7FF15CD8E0FF1568874BD30480F0FD313DD61C2A0A974
:20954000749A7FC21D0AACD8707F8ABE83A5E983407D51CCD58A0122E1FA6115BC4874160B
:209560008FF12CC060FF12E9060FF12FD070FD30CF768EF1ABB84FE971BB470FF130B2F0DF
:20958000FF138BACE69701914EE939AB86F3E30087D2BA31BBC4025740E8F56439CF39FC22
:2095A0001A64143BBFF8E66023962E1FE229803583B0C723361E97A6107B0510CC6381E03D
:2095C00083A0BC103F8D22112CA4F0FD309F553FE1008570FD30B8D27427E269A0C1FE2B80
:2095E000DA05F854A84B2D6AF3A3FC572410E4D828A57B10170583FC57E41C3F4C635493BE
:20960000071A4985BAA4C159769E78582C1413831AB040F61BDF47C31FBCF8C121F05E8C96
:209620006AE10BB440242170511F979E377889EE681F280C4691E7855A20123E17E2093165
:209640008652F85F8C04C2194AE17E3093085D2A2568038298C0A450AA58BC1497B7E78090
:209660006FE491D80482390C82402030080433992380480FC0A1C0B0580804C21150EA033A
:20968000C14024104A803C143609188000046C3FE0B1300804E8840E11B5842A0174FF10B6
:2096A000490C89000AF7219E483E3F7B8FF7A7F88041201388C6FE0320846F601BF2F038BC
:2096C000152E03228DDA2B560B851C1E0E05828292458005F901222910F0185002B17AF033
:2096E00000FFA40331023BB300738141E978492C5836576101E1FE23922B851E01BF806847
:2097000021150886D61B4C80FC27F01EA7E2413EA0FD2193191FD2E123A0FD24171A1FAA75
:209720000542E27E2412E8352AA76A91FC207038C50EA162E27E2010DE27E2211D886F47D6
:20974000617311D804820D4B886D60124E1FE2E1439151A43469051BFFF7EB7FE054BC1FE2
:20976000E2B94012821186ED49618801788810501FBFE710C15CB6D0DA5E4FF15D884876D0
:2097800039BBC4065704E840A570EE840B7362DB5C28F10F84121FF9E8C1A970090F0FF13A
:2097A000408AC0FEBA0A1C064319B0FC3CF10F840A1FF2F38FC1C02A108A8402510CDFC10E
:2097C0002470291C1F6B8DFC412610091E37F10698407E132FFC06514FF87FE6188DFC0297
:2097E000418DFC4160101D440FE114FE4836340FB46E633E907C7EF36FE40FE124FE563699
:2098000035791E9A971680403F892040306000A090B1081D2E0322C1FE2BB2081EC2BBF82D
:20982000827EF311DFD52F3901618B0009FA403FC191DBA810243C12015805880F8D0C892B
:20984000904380A0F09018852F07F894402033887D2E0D2889F63BFE8807C2090885432237
:2098600050E884020722E1FE20125846F60922FD79E0D22FC79E0B22FB79E0122FA79E036B
:2098800022F979E81F69ED45A60FA3FB806FF311D94658DC4800F7E900F837832A0280066D
:2098A000C10060B58730C070FCC17861D8B88E623B009044A95D2C6E565508DAC0E8D1EE32
:2098C000CC42133F12061083E42D867D201EC21080E9100078B1481E212C0A890C82402182
:2098E0001B58752FB45C0516ECC3260200FC32A0EF3950305C6B0C1EFF311D816F8E4220BB
:20990000100C01BC980074821C0D17E81194FB11D569A0307DAC37E3078040FE1D7FD483FE
:209920006340FB57A633E907C7EFEDFD436959DFC41E6192BC4065504E840A550EE840F602
:2099400015DFC413F713F84121FF9E8C1E97009170FF14092C0FEBA0A1C06451AB0FC3CFB5
:2099600013F840A1FF2F3B401C024100A8422A12DF4FC28307A34368D16A350699FFFBDD1F
:209980003FD0097C3B5D037A059001416F3FE7C0BD40284E5402020708050A004E2D063157
:2099A00037CA078EA00B09048441D362526144A347437E900DD12C70385C080E1F97FEA1B4
:2099C0004D20100A906854821C070B3CC289038004C1201420A06CC4076DBDCC4760120853
:2099E0000D2FB185B851E01BF058381D2E3144C87E28100807D62D600983A2432090080D8B
:209A00002F27F89E402E1470F8385D2E194A06828874FD30D9840BD781817023593B74625B
:209A200089D3B7F4BF1909040FE5E799E6E354FFA5EAE5A091428E026303706470702A5E91
:209A400062D71BB5F02346B0FD0914A13A42018080B60400056CE02440F13DAC0BE1DBFDAF
:209A600041A979AB6C0325D3F4C524709F87A7F904A37FFEFDBFFC023702D8441A01221BD3
:209A8000587D3328A4054B8F76B650395413B340F969A433E907C7EFBFFCF53D30C98702B6
:209AA0003508A5C0FD78180C0FD74281AB01E26DDB3FC69261408D6CFF7F2F9C628910DE99
:209AC000A7029AC163E0319420CFA402ED0082402011005838841A531CEC77FD101F841243
:209AE000431E8F46E090480432582813036011000883014260E05D9F3D03E50798F5BCF4C8
:209B0000FF871E87E30282C05CFC1E7841EC34034108A84236B0AA340E8D0CA4C3291C1F38
:209B2000C5C20718BC40E5104E8503E57298B1C1D7FF30195566F10CDFC224500917FFEF5D
:209B4000AAFE41297019160FF15C900FC18EC198C16008E0E5BE9F85064F4FA7FD30168EC5
:209B60003FE32180DFFCE9F8FDFFCEDF8F925320323925360126E2CBF130145020183FFB98
:209B80005C18242000181C183C1C02012680C06019CFD4101A08262400242A2F1301D361A3
:209BA000F4D63C27E2956084FC24BFCCB48E4163F1E17ABF8804F709F8AE582C7624102BF6
:209BC0009A0816078BF8C44D2476EE3FE2218081EC73147DEFA3E141807C27AB407E180718
:209BE00081F01F1139C0C0CD038E8360100904384069201A30050980028417839E61604312
:209C00004360005CC0284A27FC8A2CD6252625E80C0017E900A105C16F20F47FC83014404B
:209C20002E08340E21101E83A1FC20503A261054122A4D09300282A016C35600A129C0D09A
:209C400084D120016151702F67F285884702EB0948500783E0BFE5C88AB05850541B2C5857
:209C6000001CF30B020384C01FCA40201FC804ABF60B0F607E860285000F0A8BD0D5A79D1A
:209C800089675CA4580093E9009E04C854BFF036A026B85DD406DBFBCB7E2B93085EC7FF9F
:209CA000F7AB7EE39B1A7FD30173E2FE31134816C2E1BD806FE01A08454201E180782015BD
:209CC000084543311D80483F1B58048A5D4B97D3B87F8A449787F8A200C1500060A9925FC4
:209CE000FFDF2DFF807C219FCCB7E2BB30A5EC605F0CEFFE41B1A07CB35519F483E1F7DCAB
:209D0000FFF0DF8AEC020120817C33DFF8251A2017059DA8FCBCF1DA6C7A9F8080CF90208E
:209D2000B8101018A07830185B8C041E0800080A0C1214002E3100818181C0B281A22003E4
:209D4000D880386CC5F7F1D0806001E0A23089808C7CAA71B58251A0F48817C292C707F6F8
:209D600094C458E0EB3FF8253729E887C030A030538DEC037F2DDBC0601FC8EC3A646C37F3
:209D800022FF8243FD201120A88846623B009042E9710DADB22CE10E001B908156BF704ACE
:209DA000348373FFFBFCBFD03907E7EF85FFC828D1039028068211501D83846D6254B8D521
:209DC000AE2144CD5AF05428274E81F6ADA802433FF0191462C51ABBC32975AB274FF14448
:209DE0008AC166381A141BA703FAE8287D3FC4322501DCC6AC308DEC0245C3FC5124304AB9
:209E00005014141787F8E2487EBE7278380542115084C0201809C6D61D4C8148A0746CA78A
:209E2000E27B50915DE032DCA7E27910CA7E25120F06366D1E4B83C3C059E20002A50030CF
:209E4000536C0FEBE24A1140F84028707A570BF10C9942EC10191C1A9503FD403E105A5F21
:209E60000FF10482C4ED918A1C42C970A3B283C22743B05D029920022C2C06094BE9FE236F
:209E800013781FC2FF03ADD0A077080C80AE1E71B58BD32174682D1BC58DF0DC29B2AC668C
:209EA000FE012280C8A4570C46E60322B15C34578814AA1DD18C38814AA21FFFBF6BF50D9A
:209EC00091C40B03F650191D8EE123BC406570AE8C1E970196F4FF100924337F42F842203C
:209EE000542F841205C306829C6F601BF758435828152E0122E1FE281253D847D828252E1D
:209F000061B5E9FA62945CDDB781E9805161760980AC34B7D3F0A3C064792A6E4A99B5FC01
:209F200052341E3B24AED7D4FC532EBFF8D427E1DCFC6BECBC59862E027B0998FF238800F5
:209F40000508C1C20060BFE11110B8040207FB1009FFC03FE1B078D81C1BA37AA5F4FF129A
:209F600009944F6344F844209E4D97FFEF45FCC13E11881C425705E8EADB40A09BFA27C2E4
:209F8000401705701282A44975563D55E3A7F8A24D6052AC2FE27B20B5D8F2BF8944C27956
:209FA000D1EDEE681F2A34867D20F87DFCFFD814B225D1B352BA5F88C44BA5F8864BA01214
:209FC0009846FE0124E841EB84505042282804AF89D0A27C2020905C0F3C0249BEF3F6A380
:209FE000D0195473B15A2D828E4FA27F08340E2BD0814AE33D08248E9FF0804230BF89E462
:20A00000C2DD78D36E7FFF7A07E65D77CAFE2B93085EC7FFF7947E7C307A8F56D76ECC5107
:20A02000ECBE013838089C27ABCF0391FE3CF14CFC0A52DB09067F04843B4500C1FE2015F8
:20A040003B60341DB7FC05070A8BFE6032E83F467737C7D0A199280C020105198400030266
:20A0600085980D018141C1BE81B092AFF890100037940E1BEDFF15830B83F20B410942C219
:20A0800001E120100D7406F5E79352E3D61D379F450794F56D76CADDE2A745C26FE89F08CD
:20A0A00023F016E3E30087C77A20B070190F936584F841201ABB74C687C0F9E020198A3E7C
:20A0C000AEF10295C37A32BBFD6F630295C56951AE8EAED729B542E89C2FC5126B11A5C5EA
:20A0E000295C3FC71243BDF47C30F0090F8FCF14F84A21F06E8613E12080FAEDD30A366A6A
:20A1000003863C04FEB9C17F5860BDEAD11DB06825383FE83434821C1A100B19008060085A
:20A120002131901A243209008152E07EBC0403A1F8C8402E1470783FC6D6032386D1A8F70E
:20A14000880D1A87708251A51468B51BFDF7C2FFA0F4B8D5A3A5F8824C6012BFDF42CF7020
:20A160008B6E7D778D1DC35770BDC7AB142AC507F1BDE648E0120886A20C621600FE004BBA
:20A18000F480513FE294B88C340836B2802D31E2199209851A990F871B898300C12E82C043
:20A1A0004060A400709F8198C84204C61A03738F41A5715EC77FD103F8466091C88C523369
:20A1C000198053FE10184C37E31781CEA8D29A35228D00F867BF178D8CFA43A990417C1414
:20A1E000FF840A13F1F3D03E5C6A0C1A41F0FBFD3F74FF840213E9F3EC68DE7F3CBA645333
:20A2000015FE058943838A03442941A8C1C0221F402028167201D6E84061C901B208647A60
:20A22000012080D2E3160CCE02E1479602C140A97D8B0466E95AC15C28F00DFD601E0B21CE
:20A24000D080E42682D0F5C6C8A05C7000B0B97001F824035C0709488804C482C580138C00
:20A26000D98001FB30D020FB4BB02CB000B88CD8FCF87C88446D221E0B2A5F3E172E432612
:20A2800000B776809BF68011D221E356704805F99642EC87B01B160B46F37AC75701805D27
:20A2A000BF2531F04805F80A20004C32557E9D767A02610C0708373E1326410AB3241708DF
:20A2C0001D2AAF720092675F7633B6BB4041A2E0900BF37B2801F2D42C16017EFC84C48321
:20A2E00046800686C6D221E071A00261B36CFA445FE006904805F9125E022B2E1922B1DBF5
:20A300009104900031A443C1636B1C4179DBB3F41BDD919C592C60EDB11C6801E97C582C03
:20A32000B9AC43EC507C984D198CF8021DD9EEAAB1C580402A90580C02B1C40385018729A7
:20A340009B5BD70017981CEC16418010D520D017DA04F99824035C3E1300D1407711F804DE
:20A36000823F28886D737BF8C492094B80482C143CFEFE39188CD420320B158221BD806FBD
:20A38000F801F0508DAC1A9793FC40247209540FA32D90C0A4101F841BF583FC4C20708067
:20A3A000F929987C27DBF393FC4B43E1A0592A2A209D1970984E563F9281384B803E2B4A9D
:20A3C000916CFB30D0203848FE480E148E3A0283743B50830E0092FF32E72A00B348878FBB
:20A3E000DEFB30CAFA2936F488822A81FDF4220156FF09CAB8C689D38021D19CF13D986836
:20A400001176B1CCC8BE2F40B6B0EEBC000E8C472D4887A4D29CD9800CBBC889568FD2809C
:20A4200025D18BF7A911001828780C28019F400E3896B60900A727CF93C1A8C1001D99492A
:20A44000BDC3802CF402EB9DE24013E8C234548881EC280C1EE38A0B1200CAA1460033D066
:20A46000038E002182C029DF96DE70025A312E55221E030D10078D000BE87FCFA32025F5DA
:20A48000857044F1E23268F1600A30480538AD4D9E88009E8C9FD40007048053A0272DC0B7
:20A4A0000FE0071488780C144016240E2C01FC008E8D0177AE7582798B0029E8295D975601
:20A4C000412014E6A9E82402FCF75C009AA104111D488800C143C061400668C757996817D5
:20A4E00002450090720060B811F80483F1B58F52E3B78904B609D1A07CA157180C8201F082
:20A500009C7E635498C49E354AC8FE28130904AE53D083FEE0724B35F70D428276323F8A86
:20A52000A40251B1804823DE080FAE8703ADDE3DFE783FEE0B2288D2FA5E9815463D6889F0
:20A54000DA6B719EA7A60524A0FC6010189FC653050383D550AE9EB80C060DD3E9C6A0DF81
:20A5600018CC0A533BCD50A01D8CC46FF1BDA7FC3FF30FDF9D0E0E01234385E448A1592862
:20A58000FB5DE00106EBFE0D1827324F4D488780C54414B2106B0003609008DA5C1A2C5217
:20A5A0005D5EE87E0A10DB16D390531217566FAE001AF31200538AFF81C2EE8160C82C120A
:20A5C000E2FD9868131D835D2803F803AD221E031200E7048046D8F203EEC6F3C9EBC2F1D8
:20A5E000C014CD7AC01FC01FE1901A5C6ED11BB44628F4C8440241C0CCC0640180FA084069
:20A6000090482C5C70500E074B8C5A2074BE046A31BF80C82E147806FC78121D048068335A
:20A62000101D6495A5FC01FC01FC01FC01FC01FC01FC01FC01FC01FC01FC01FC01FC01FC7A
:20A6400001FC01FC01FC01FC011E09008A08D06620338DAC168D0CA37BBEF1FFCCC3633EDF
:20A6600096C13A320A36F7D138A07BBEF57DCCE37B1FDAC068D01D4403E106FC4075103F26
:20A68000846FFF05D8577F104FDC2F11009170FE70B81E0F014BC450AE5C3C052EF1C3F9C0
:20A6A000C06270195C0BA10295C637F13A34126303B9406C142D9405D19F5E09110AC5E2A4
:20A6C00020930886D201F8824F3C901910E5140621F880CB205F0E040A000705CCC4403F8F
:20A6E0001039E713E7059248A860F0702F84FE050CBD4920304F84C20923A1C0FE1BF81886
:20A700007C1D32F41B0743F56122703F85FC22121768C1D0A0BD0E56223346AEFE2094BFAE
:20A72000FFDFF5B90383B851E11B5886C7FFF7B0FFE21B9B7FC22B00846F60120FE636150F
:20A740002C3E08FA402C3014B15FAC028BFB04048A7C37FB9846D7DDF7C3FE20120846F699
:20A7600005F0D580C173685AB81B650800B40A015CFE8242E4BFC130E0912000BFB8064397
:20A78000FE0B0F04806D14630563C46441A144E0C8E086A387A2E0300BE7E5628F21058F1C
:20A7A000ED60123A0FDA9752A0DE39BF8854C3A1F8814C32742CAEFE9FF4BD5CA81F2F157E
:20A7C0000B67FBF97CC060F31BF81FD6A163815E337B2A17AA0322D689416B7F100906B77B
:20A7E000F1049870AF383BCD0FD50291EB7F1069850AF503BD5A28C0D0B089840BE13CFDDB
:20A80000417615DFC413F702F866B7B00BC4027118DFC064102F846F75F5FBDD37181BC4F9
:20A82000031102F85677B02F85D77A0F0737DAC168D0CA3403110DF8C1A0302F843BF52BB2
:20A84000C448F01BD2982B1E0207B09808415AF71F5FBDD4060B23B8817C3443505CE03810
:20A86000293EE611B5F6FDF65FF8048211BDFA7DE61BA817C277B9FA7DF91BF817C20DB9E6
:20A88000817C2C9BC817C25C030575DE7D3EFB4DDC0BE1C50D82E909C14DB7D02F85787A50
:20A8A0000AC603056F0182C580C179C5E0AB43F052B0382D601C17C4260B5A0305CCDD4092
:20A8C000F110BC040BE185DE01C2E3C9E0A7C4705741182B90AC1705220AC427053A2B8208
:20A8E000FD05C165B75B680E0A03000022FA4037BFF088D824028E0B11369C6D60B88E162E
:20A90000231B4281E2785F38741207D2E8C862920F6FDE63F9AD5001E0A070BDCC4A0906BA
:20A92000EA413E31881C0645C1A960AE918A24E37B18A37F3CF00931E91C020102A0622AA3
:20A940009120B11C440F01B2B851E71B581E23174281F4BEE7209FBFC616F965D8F0F11CCF
:20A9600033B028C4CF855AC550A0FD3E0D4B031DF6FDE55FF8048F07749451A71BD804979B
:20A98000F7E781D1A3130F86D73988D2ECB89F38741BB988D650A05D180483B181F86F6BC1
:20A9A000F89EE5F30B5B9E513DB1B814D35BB29A51241448607416237F0DC057313B4FD68E
:20A9C00013E96484C52E10AC476B03E9F3FE36B82C44024DC3C4C128D0DA364B650EB07278
:20A9E000F63417F038142E89189966F65878C60AB543C0E4E8504ECD3FE9A2B8A6C1EB7F34
:20AA0000104E8C05120BCBFEA36065F608048E0320F1E07F1BD8C51BF9E781439B2372D07F
:20AA20006F6FDFA9BEB851F0788E062337B2E1C6AB142AC506E147C1622E7B5CAECB8988AC
:20AA400031835782F8C620512E850713C6C4E0EB531A2666850EEDC37E30680EB7F106A862
:20AA60007B7EFB6FF6F7F106804023718DFC064102D85C37B00907EFCF01907E5EA12358F7
:20AA80009B86D661F889531EE0EA94002828148B73228240BAB00904630570DEE73131DC76
:20AAA00044336382ADEB635A9A17D7B9DABE4D28919C140A6522A244289F0778281E2A0128
:20AAC0002B9C74317429B74F8988807C63103C2E247E0A091E8CE57731DAADD6E185C4C743
:20AAE000AB70DA24C689ADD96170319A9F4B63817582B8FFA0123C1E06012381E0A0320FD8
:20AB0000C6F63D5BD750A09D0A7FD3ED718A483DBF793FE38B7C935130F8A814D66B44AF57
:20AB2000466BF53C2DF76B70EE79F857C9651205328A51235198DD6F0782C9DE30775EFFA0
:20AB40009E0120F079F0788E162337B2CD50A0DD0A162645B9E1FCE1D038C4CE3144B85101
:20AB6000E0120B851F877C814CF9118B851E0530B851E71B5148784F4287899DEE78B899E6
:20AB8000EEE60289052CFF7170301904E37B00907F3CF18A37EBCE970703C15C28F03C448E
:20ABA0004F01C3C413C2C0E8980C4C2EC01305688048A47B9E07A6033281C76060F0559B94
:20ABC000446ED10AA27D7CF06C4406000019F3805B20A111A004F0E8048F83E9804CA07691
:20ABE000885D8202610500D34088ED4008FE900C3ADC603C11B457CE0165618AE1FFC16529
:20AC00004001F0502E9C7647F083C0EE1B5844CF21B1887C20F0481F42B12191483D9F7AF5
:20AC200027FE0960A7FDBFF75E160201F1844121546C0E02033AC96CB554281F4607FB8084
:20AC4000FC21130B86F60D689358209608E513E5E78C6C78588C0E23FFF7ECEFEE14781D6E
:20AC60001BDFF38860AE5B6805A261B180DA233608048E0770A1DC30770E1DC205B9B16D24
:20AC8000AE1470E82C1DCB6D02B442AC101B040C221201BE833FD600125D9D84800D7E70A4
:20ACA0000924153F4401FC012F650596FA7E1418351A0D98CC51A1B46A1C1E2346CEFE239C
:20ACC0009708174221F081C0207D092C869920F67DE3FFEA7FD31772FFFDF95FE804BE0DF4
:20ACE000AB8251A01FB847C629BF804823146F6FDEDFFC8BEE60D9B99D825960DEFA3E1863
:20AD00001F77DE27B8886D61578A4DE205F081C120371825C385F3E0412880505808270BC9
:20AD2000E70089612E1C2B84437B69D8F0E3D0195C27B3CB028283766032882F42032986D3
:20AD40006FE032081482E1478200C14436B04A37D7EF00FFCC3630396413A301906F7D11E6
:20AD60000A07F7EFB8DC4437BEEFBD24BE0A0946FE7DF97F8807D68943A7FD2F57081CF2C4
:20AD8000933380CB367FBF87CF29BF944820120C04CE3144886F44A0F21F8BAC03FFF7F380
:20ADA000FFE032280D1A4146228381FC353BA3D83B86D60CED0510ECFF3EFA723829111CD7
:20ADC0001DD36333D9FEFE9F49816C1657F105F8E6E0723A24628970DED9E49F5F3C0247D9
:20ADE00013DAC6A8D80FC43265A0FC5626519A34032704A37BBEF80FF4836340F97FE233C7
:20AE00000907B3EF8EFEC0645C4FC42205C4FC4020584FC43245A4FC47A05A4FC470160AB4
:20AE20004302DA7E31120D27E2B50280CEB48090502D84437B04DD41A0000094803050003E
:20AE400068903460442C120194FE06CAC0201FC804CE06111BF3805B60A272F488082C1DA7
:20AE6000E7FA171304804DFF60B12670A270E0017BFFF024386C1C1201661A8A05874F8394
:20AE80005187FFC03DB0582403944F0C350AE9065922D91AE31504D45C06617FF00BCB4408
:20AEA000929C487C1418221C561C320D1E2C00460900F334C41EC802C3522024F160013935
:20AEC000E80FE36B0DA340247D0FC4522304A3603F11898F43D354B3E07F1DE90E03F13829
:20AEE00098C0642170501FAFDF15F9EA01C1703D390B3E53F11098F03F15CA9603F12499DE
:20AF0000703D394B3FFFEFDAFF4836340F9472E330907B3EF74FE7EFEF9EFE6F7D1F8A0794
:20AF2000F7EF50DE0EC1C132904710D038259049CFEC221D340E989A040D0792FE81C2D322
:20AF40001A023E700A010422D848FC183C3B702FF2010681B484CE27BA38FC974903804C68
:20AF6000BFD70FFF86D990BEC9E6B118D3C858005FEE01DE088E8926C1677F8B11A77167E2
:20AF800030A770BD30203826A2E0C312000BF48050082102A0E14FF0D4C6C860005874065A
:20AFA0005107E8D22F300F870201A0F8D02079CD5C12146813898442E8D069140FF10395A0
:20AFC000EC3F10990687F1039070AF59AB85C28F4FFA4BAE332904236BECFBF17F713DACB2
:20AFE000328D90FC77A4102F87FE07AAD8CDA7100F84D7FB1891C8EE10491E37F1049840DB
:20B0000000A0A0B30804833A0B0563F9C1E019D0682B1FCE1F20816C221BD0F83F7F9FF17F
:20B02000B58751A0946906E681F280CC66520F67DF39FBA1DEA8F89B1EEE076DE87E21D267
:20B040000E19CC150B15A3FC41E4142BDC0EDB12F87F61F14DFC0645009166AE194FC5526D
:20B06000A194FC69A612BD8E53F1A798476870091E101A0A4146807C3EBFCD541E43D092D2
:20B08000FC209058048A414688D1B08290500F848BFFB8318290CC799E7804867146F6FD85
:20B0A000E9DFB82D1A2011050D98F0FCF00C47D3EFFCFE4024328C47B7EF58FDC0251D0E8F
:20B0C0008503E51198EDFCF13914CE8D04F8CA60303FC40E5704F8C260552FC412178AA160
:20B0E00050C0A0BF3D1895E235708048F6771B1DEA87B9FA7DEE7FBA5C1209D59C51B7BE8D
:20B100008FC50201F0C0EFFF1BD9C6D6094686A34143BFB94FC5C2610195C0FA00707009C6
:20B120005FDFA33F914024320A3413E179FFC1E44B50758A8613F14B903FC1449520A618C3
:20B140004FC69661A4FC5324163B3613F19498713F1900882D34C271BD8048F41F890CC73C
:20B1600001F89180C15C26170A3C236BEFFBDC3F501904237A09076BFD6F7D108A07BFEFD5
:20B180005DDF0341D93F5FBFBF20221B8011095BFD7BFEF33FF7EFEFBD0A86DA8542540425
:20B1A000E0B69FA8190C3524460A422305AB088481C87E1F7AE6FE02050559DFE43F13ED98
:20B1C000BCE615000008815EA01D2E1C12120F119B92C064304A340241EDFBEA3F510D8C49
:20B1E000868DFFFBE17FF0190C228DEDFBE801E1AFBFFDEFA22140F8FDFC5BBF8FDE5DB981
:20B20000C07E29710B851E23F080C0E31BF80C8A21B58C6FF01F892487190782F56B51C89A
:20B2200014920744C1FE24941E9ECA9507A16FF81188248C360A6310DEE03F1571982886B7
:20B24000D609468451A3346CA7E28130814EE032B85764120E27F0FEC3CBE0E29BF80C827D
:20B260000120FA7DF8FBC804A3E5D18905410442C0BE1F0FCC2251E9E84064110DEE405EFF
:20B2800018561F63BC9C14C14368D90FC69A6103F87FE011BDDE53F15498404B60A3BD8834
:20B2A00024A637D1EA7E2213191EC681F6F34466520F67DEA5FA91DB627B9A07DBCF11FB29
:20B2C000F9FEDF7F4FEE436D827C7D100807C2FDFCFB7DFD1FBC27E34F50FFC8F0849050C3
:20B2E0001904E37B00907F3CF80FC501D213FB0FC07E2AB10866FE03238033C153260C9197
:20B30000300940542E13F15680613F14D9853FE10881E13F14E984217E3321F909828044C1
:20B3200037B08DAC88FA0A5B214583867EB01F8AD4422768E07E2B730C9E2321F8A0C8349D
:20B340001F8AFCC2076DAD5CBA1F8A148387F88548361F8A3483B581846F701F8A4A141677
:20B3600003F14A0282F86D7A1F8E45433BF88A5032B429974721F8A048315429774601216F
:20B38000827C2050C8551A1B46E76CB0F19CBFE24971D3FC6070EDF7C6030F8DF628BF08EF
:20B3A000241779F18043E31D1807AF0D06A9FE24570EB7E3996095CDB7D42897460331C893
:20B3C0007E23B7180CCB9DB2E96CB6F42F074A09F082C02871BAC50AB141F86F67B43F3711
:20B3E0009E0332E96CBC7E780483EFE7C87E2A930AD41E0BD5C839C150E3C210770A3C4F64
:20B40000E10381C13A190FC5560100F87F601F3F3C628D70A3C065313DAC128D01E8FBFE55
:20B42000FE0FE650660A09F1B6403370781F420390F8FDECBFB80E63E3F78B7EE414681638
:20B44000C37BE888503FFF7BCEFB413080FC295BE9C6D603218251A0120F6FDECFF9906EAB
:20B46000681F6E34866520F67DEF7F9B1DE300430522BC44BE10181C737F0190E03F1248B4
:20B480008E450A0B831880CCE0525EDECB03F892546A507A16FE37188248B07F89248746B9
:20B4A0002F054098786F1FFFBC97FF23BCE03F14B9858C0A0AAF309C6F62095056C987C727
:20B4C000EF233E823D859DEFA1129B86D60D468AD1A11468E51A19D08CD1BE9F7E87F2310D
:20B4E000B9E0C86667B053DFCC8EF143F840A0723B85C37B73BE48EE173B446AD12AB066EE
:20B50000F11ABC07DBCF03B458F63EFF9C430572DB40ED119B4406C102DCD8B6D009146A99
:20B52000E15AB866AE1DAB85C28F33985C28F1FDAC024903CA677F320A040B299DFC472803
:20B5400010102828C5020194F8FDE39F8826C221BD8FED60793CEFE63130E6FA60323FFCE6
:20B560008E09228064E0123F8FDE1DF882EC2BBF8827EE31B1A05EFFF388C6FE0320B8513C
:20B58000E11B5906E69FF4C85852A0FE5F8E05F82E1611BD0B85C885C279BF180BE85C3D50
:20B5A000C36B0CA34168D16A340BE117FD582E92803828F7EB4174834BA3BD8EFFA20DF0AD
:20B5C0008244A091C0082804064763B87AE3963B040247A3B05AEF1069DF6F6523BA54F6AE
:20B5E0003099AF96C170DEC0C360E31099A8741E96C123BA78EC1F4F3C00260B89E980CC54
:20B60000FEFE79C6D61B46E0DE2094688FC27F01A874205F0F27E6D1749019417AFF3A8BE9
:20B62000A48EF36BB8786F18B84CAEE122BCC4BE1018051BA30591DA2C112F840A01011663
:20B64000828E6FFC118834CF51608C6FFB7B2A841E89BF80CCFB7B2897C211000B83814CEE
:20B66000ED1610B83897C2200F090399EA01E1A41008F03C144856128102F458603F18207C
:20B6800044178A303D072AB17023510F87FE011407828151AD562B15E2033AA946BA5B29FF
:20B6A00055D2C5B181D124744F5D8271BD9451A5122DEFA27140827C34BBCB04761723DB55
:20B6C00079FD560F9F9E0578817C21F0283CAA03D1FFFDF2DBFFFFDEC9BF81DE3951E80CDB
:20B6E000AFA5B294F42052B86F4337B980CAA71D8A0DE223F08843E5FD1A1DE2DFF3E1C01D
:20B70000E87708048E87618378287788048647F081C0E8360C0D82877080CAA0FD8A1DE303
:20B72000B506A0EFEDFF3C344C460E07621783A282C270EC303BA70EC170A3D0EF10294D45
:20B74000BFE7412182A7FC20103C1D83DBD0A0DE28760B1FCE0101A0DC3BBE790FC2070128
:20B76000A1D830760A0DC28778ECC1B8FD5EA79E0323C0FC2030181DC2877081DC60123CA2
:20B780000DC38770A1DC6E147986D60325804935742C25C20B71E2DC2897185AAC1417A17E
:20B7A0003BDCC06E1421382E1DC205E0825C28970A2DC661BDCEFE21930CD47AA742A9D0F1
:20B7C0004860FEDE781DE257B1A5A541402074B4A82A5D82860F0D410784C5D820779078F8
:20B7E0005A2C4C1E0F9761C187C370C5E16C3C307868207C262EC343BCC4F630091C2EE9A1
:20B80000CB6D848048A47F09140F0560E15868770B851F21F8AA4C2032B8574609299EF4AF
:20B82000207299F7420529A07DA9100846FE9FF4C28B4141253220A82928541FCBCD2085D2
:20B840008541786E703A36D2414FFA6C2E118A272E3D0195C03E396806537F2891402450BF
:20B86000494D3FD542814505E0A2A450B032284B1C428918A25C28F41F959A674FFA4D6C76
:20B880001E3F3D03E564B1D03E5EE9877BCF44F964247EFF3D07E5BE89FB0160E402507B2C
:20B8A000E885C28F08DAF43F1E89874A3504EAD03E5A398C8641EBFBD33FFD0FC72201B286
:20B8C000FDFC3E108DECE36B0DA34128D20DCD03E5FEB086C1CFBFF91D8FDBEFE5FC440294
:20B8E00020A0971FAF9FABE9804CB5368ADC6285F18040B89E9B94CB6BF9924C349F8F64E3
:20B90000C671BD8048A0123E07A6E523FCF9E0123886D63546C87E23B41ECECA0333807ACD
:20B92000F0301E8FE3991095CC61544ECECB4342FA764DA0F071AAC50AB141886F65BE9F4A
:20B9400085063D46E87E2213182D1A2946FDEE4360AE14FF841E11A7FDC230FFFFBF6BFFB1
:20B9600058D8F57D32C91E8A3566F5C0E0D42A2DDBD70781C53A503906F7D1F0C0F57D3342
:20B98000091E902E1288170908E9C0641F2F3FFFEFC0FFC02510CDFC064102907AFCF02993
:20B9A00007A7CE610704A3413E17FFCC1E8D88A34828DD42782FFFDF87FF8351BFBF7BCF8F
:20B9C000EA312881D1A85D9AD473A9E99B41629D08D4635542EA7A65521946FE571AE94691
:20B9E000EC3EB84406032AB8FC60105A7FC2010596F6F2742BAFAE03018076E2746E2C6263
:20BA00005B1AA0FCB1130C2D0A51BF8296C1547F3C7F8CCA0703A2676851CE9CC68D282C64
:20BA200082C97EB71B9EA7E3B130EA7E3B92095D13A9F8F0403274294513881105C40582D3
:20BA4000826FFA9E99D48F88C104C90541FEFDE0FBA95D1BA9E78035C25C36B04A3643F111
:20BA60001498C0FE1FF82C025755E87FE4780FC4566390FC45E03FDFBF4FF1940384E0FE55
:20BA8000B29F88F01C172C1E080E0F73FA804864146FFFDF8BFCCA7E22D31827C7D105F9A8
:20BAA000EC7A9F8844C6514695ECFEBF7ED7FE0123C210C106C15462A550518DFC324B84C3
:20BAC0001382E27E22131C21A4114C1FF3EF39FFE43734FFA4FAE321907AFEF43FF753F15F
:20BAE0001080CC0861237B9807D7C970FAFDE9BFF9451BEBF7A57FFB1E790498EA0F09F80E
:20BB00008BD87F9F78F7FE2035053FB8F8FCF84FC47AC328A35C37B105F8685EC7FFF7CC4F
:20BB20009E41693F10C98C437B90FC5B37FC28242600000F948F740FA08460F15BF864826C
:20BB4000E147FC6D60D46878DC1455EE0E090095CE3A304F86A7F105A365BF12080C1A5F51
:20BB600029EC77FD107F8412653290CB66532807C7EFE6FC403E3988275BF1B08075BF1D72
:20BB80008984B6358C9DCB289A3A16337F0192C024B0AEC4C28DFFFBC1FFF30D886C154307
:20BBA000193DD650A59BF8049603259451BF1BD81CE20328CC6FE5124827D6AF74EFF9E8E5
:20BBC0001F2A2CC5DA0F9FFDA07CA0324EBF9E0125F679E0325F579FF1B58651A0B4680FC9
:20BBE000D7C97780487A9F8E8407EBF7917FF51428351A0DD1C15A01E0A639AA1437A581EE
:20BC0000B4D676331A34E28DF5FBF83FD0091CC68D2BB14828DBDF47E281FFFBD877DE9B53
:20BC20004CBEC59A3A82D55835760F9F9E21B58251A0120F8FDE69FB10838808415C77F950
:20BC40000FC4524302F87FE072AD8EC3F30C80C027118DFC064170A3C628D70A3FC05A0B26
:20BC600017B083CA601F2E6603BFE880FC20977BBDCB9594C971F21F88ACC607F0FFC1A9EF
:20BC80007B180C87FFF7EA7EFF5F7D07F617B0DEFA3E140FE7DEA3BDFE7DEDBFE85D1A0598
:20BCA0004683D1A0791E27A659019051BFFF7877FB29F88EF06079B826520F96DE7C6010EC
:20BCC000F8E743A9F8F4543A9F8E4442F51BD97EFE3F280FEE05559951AFB1BE8ECA0332B4
:20BCE000827AF0301E8FE3991080FC6570ED75173DBF95CF60336B6C6BA3B2CC6FFEDB2B5C
:20BD00000D17DBD9DA7E24521C27E23961E17CE1902C6FE24160E16C7A9F88C4C6012082B7
:20BD2000E4E0723C6FE23130C6FE24300826A3E1F7CA7EFA9F8EC4030538E27E3C100FEF01
:20BD4000DF3FF8C46EE81F2C9C464320F5FDE3BFDA46C4520A4120A34E9360B81FD7985F65
:20BD6000179E0322F9F9D8E17F5F7E3EFB61F8914C787F38640E17B1FFFDF5DFB8048A03F1
:20BD800023826A641468064BE3F7D7FEA81B1826A729F88BC07F9F7AFFFA51B9A7FD3CF62F
:20BDA0001E979E4146F87DF61FB85EC3E1BDC87E22B3191EC49217E1F7B26EC921E27B3C6E
:20BDC00087E2413181CEE032BF876321F88FCC6012BF67460321C07E23F11A27CA6D50FEF0
:20BDE000FDF83F8804A3C7D105835C829840E89C40282EA7E3C1308C024130C1CF43E0B90A
:20BE0000DD1E979FFFF7EF7F7F3E7A07CB9311CB81417362394F3CC36B04A3627610DA36ED
:20BE200043F11490C0BE1FF81C8B6340F95AA42EB07A7FE7FE45800A82C024C1603F11C929
:20BE40008E83F10C98FFFEF77FEDC36341F962267C4FC7C261019140247026C83CAFC7EF4A
:20BE600042FD6237340F95FE43E1F3E53F11D88C0E8DC2D94066104F5E0A05D2FC73241245
:20BE8000B9944E89C2D962A85F4ECF8FCF027E86F07F620FD0520B8F27CF09D84C37B70448
:20BEA00028241847E82A07CB347F0967FE444A20B3721FC79FE1F7BAFFE0D46B86C789F8FC
:20BEC000885472BF8F84C607F0FFC0627B1A7FD25371F579F09F88B4464146FFFDF37FF94D
:20BEE000851AE1BD9BED60B4680E47E1F7AEFFE09468C6C6039994064163BFF20A340CC624
:20BF00000A20630588D8643F1157384CD6E63546816A60193F8FDFCBF9A86C52A1F2BFD903
:20BF2000C1CC147EE27F0727FE4828DF0FBF93F5FAFBD3BF908D86F7D110A07F3EFFFDD97C
:20BF4000141E43F17588643F174807C7EF79FE4024500F8FC20320A307C1C0BE1FDDC44325
:20BF60006B86D84128D13A342A8D01A35A28DF1FBE03F969A3653F1F12D82B3FF6405B0502
:20BF8000F990CD4B60BF3FBDA7E3113080CCF48050506D84437BF1FBC4379C0FC7422370DD
:20BFA000A3D03E56588C236B02F8787F1B0FACA6DF28DFB94158301B2842F4261B6120DC1C
:20BFC000D3FE9D7B89041F63F790FC7C1921225B1A07CB5F11FA79F21F8F8C86412A8174D2
:20BFE00069FF4EC5C7DBE780D1A03223F83A01FC449FFB101E82ED5C7BFE73883886D61DCC
:20C0000021F67DEBBFB8251A31B9B2C86A65105AFFDD3FE9B4B94024303F87F3FF41F94017
:20C02000687A4FC7B2610191E13F10E98C437B00F55020703F550C06322603050CDFC06416
:20C04000100905C28F88A14236B09E84CB6348A040BE19CFC406518CDFC024501914428D4C
:20C0600008DEC0645FBF3CDF6B0091C128D0DA3737D30099DA28DECFBE6BF730D8C02460F9
:20C08000D070291E37F10698447C100CDCAA8D20A3466D5FFFBF6BFF00947B3A103D84C38A
:20C0A0007A1313D00982FAF44720EFBFB804A3E5D01D85820EC241C761ED1FFFBEF04E0BFF
:20C0C000C2270969138A8289C86A04E0B9A270955138A8489C24204E1BA7F8DC447FFF7C6C
:20C0E00098A416E05212802905F1148685944674FF1E4887FFEF7EFFFA37227072C288596F
:20C10000153FE94015839184C1C89DE22143909141C8CB098C17AFA10190613CE150F14305
:20C12000C82AB05415FFE97BD78FC1C08A60BE1D080482E7E7B86D6472680497E9F78CFF20
:20C1400020946F8FDE55FEA06C601219051BFFF7A77FED1B9928EC17C7EF56FF4067D01EBD
:20C16000840251ECE84D77340F9456430F907AFEFC2FD40241F3F3CA28D70DEC43E1FD8737
:20C18000C537F01904024170A3DBFE950B1F0E310695E3B7F40F978A87A0FAD42C14FFA537
:20C1A000EAE758A1DC28F20D8E43F10E8140271181482B851F21F8F84C7B7B2C87E36120E7
:20C1C000956E627F0FD8FC400C1E43F10C9906CBC4F6B0190C0241ECFBDA7F504A3623730C
:20C1E0000190C21920AC60B05C0DCC0247CDF4C02670391E37F1069837C1E4BF5C8D8C0233
:20C20000410AF06A261FFFBD47F900947A3A0D307B1FC40251E3E84064102D84437A1907F5
:20C22000440C82F08642690320BB9D0F8F9E019C9051BFDF7B5FFA0128ED85C140BE1650A4
:20C24000482EB743CBE7F9792098080C00001A04070DF380797FE130FFF8060C162000375A
:20C26000FD00CFC1012176707886D609469C6C7E7F7AF7EA69EA8040E18DA0910DEC0641B4
:20C28000FCF3CE36B05A34328D2AD8C7E5301EC4024138DEC48260BD9F7977EF414288F4B5
:20C2A000E50880571FF423631F967CFB00B07D5FED236321A30241FEFFB009479FA34590DB
:20C2C00079BCF0790793CF42907888E1205F0E27F7D1B194320142BFD08DC934182C1DFBF9
:20C2E000FB041982FF7DEFBFDC46E6012CF9F424188F9FDEFDFB814864188F67DFB5F980D0
:20C300004A3D5D0A0FDBCB319CC83D7F7EBFE6844D050C268281D1A81688DDE217B9FFFD59
:20C32000E53BFFFFDE6BBF5F83FFFDEF9FFAC6E6032180483D9F7D47E7D0090508A37B3E10
:20C34000FA3FCFC373019044FC1F3FBEB3F368D8FCBEF51FC4110E0A01FEAC6E6400705FC5
:20C360008FEE03E1018279365040282804B3C1D17A8380493EFE7D44C3FFF7C2FEE0128E45
:20C38000E743EA0B097FFD89C140381B2F7F9E5BE9FFD060F46C451A0188816A603F08F78C
:20C3A000E60D468C6EE079CCA7E2EB3181FC3FF068DEC771F18141A31BF80C9B29F8C7CC92
:20C3C0002472BCA7E3C330A1FABA703866FF8DF180C0A012281FC2030389D0E79D0DEDE2F4
:20C3E0002BB9F9FDF4FF982D1BF178DC6EFE7F7D17E64BB984C9A6146826C37BE8F860606F
:20C40000128FC74329F8BEC8265B18AFC20505807C20500F87420128F7743FF22C27E25B1D
:20C4200021EF6E729F896486046D05B2DCE13F12F80C075384FC4B30384FC4BAA3BAC463E2
:20C440007F105804828DA4FC4C2438DFC412A1ADFC41A4101F853BF300918DC14C79FE79B9
:20C46000D49BF3E78D49B97E7804B79FD1E3ECE033B8040201F9805A40A080017F70088F68
:20C48000F01822011DFF84C489414082E1E51008081416C6038BFF4128DA8DCCA2F101945A
:20C4A00040FB3FF9442FA112904E37BFFFBD2BFD698E7D7EF49FCC025114DFC02410790720
:20C4C000D3CF01907CFEF5DFE4828DEFF3C3241EDF3CE36B05A37FFEF6D1D8495DE2032B1E
:20C4E0001D8295C3076123146B4C73FFF7957FBEBF7AC0F4344A41F3F3FCFEF3F1D87C3CB4
:20C50000065A9D120035F28046A0607078080DCF6B06A34328D00C45A68D01F853BF105A0B
:20C52000368373B3BC5AF7301CDE4FF17C9868EE133C4653F3028048F01F3FBD83FDA0B8B3
:20C540004A28D02D85C37B7F907FFEF730682F879E0525FAF9E01B67503000685FFFF30082
:20C56000A6160202C34103627F100E940A0500CC4002A34001605009D84C67E60134810878
:20C5800046844106C74860087059CFF40251F4E8C3241F7F3C1F6B01C8404220B27FE9C6C2
:20C5A000C6032080E67E7F7B8E772B068490046F6070C907EBCFF7DAC328D05A35A5DE0AF5
:20C5C00001F0EE7FF451CCC3A4140FE39783E0FF1CB804E6D111B04E6F311B8CA71121C008
:20C5E00064FF1CBB041BE1FF80C025DF1E8C228D03D87C37B0091C0A43C4FC40A6113B8C37
:20C600008EE163B87D0920A0D468611C112C17C36FFF82D1B41B980E7F0FF8BB5432FF8BF3
:20C62000A403E3F7847EF4170CBFE2EA090503FDF80120AED3081FC3FF00804AFDBD199E09
:20C640002247802783886D707888251A052B887638178FFFDFB7FD846E62320886F7400BAF
:20C6600005D5FEC0251F8E84828D0190EF7D110A07FFEF62DF44A41F1F3C4F6B83BC706F35
:20C68000103F84060902BCC0FE10281D47D50486477A152F540E191AE84025918DFC0243FB
:20C6A0000095C0EF0070522C6FE20510C6FE20720A15E287EA8148F5BF8804C28779C17B13
:20C6C000FA90984C00001F2713824C3FFF7E0FFE05B0886F62320FDF9E0FB581DE20121AC1
:20C6E00015E2032BC68B41637F101906B4860B5BF8824420FD180CAA0FD8B451BE3F7A675F
:20C70000F207B0AEFE209FB804AFEFD089483F1E7846D7D9F79C7FA0120846F627B5865184
:20C72000AD346807C26FFF986E6039BCEFE20120D9FE31130896E647802F8380CCFF5E79F2
:20C740006FA7E141C36C20B468062209A9807C247FF906C605269851A0DB0DEFA3E181CE9A
:20C76000FE2213080CAEB1D082E724146FFFDFC3FC804A3E1D0D5622200B05C7FE6028D09F
:20C78000096527A1E3B4E628546E8D8F1D03C9C828DABC4DA71102C9DAF1301C9CAF13002C
:20C7A000C9FAF11F1FBCA3F707A3402513AE8653F1219940FE1FF836EF770D90C8311EBF79
:20C7C000BD1BFFFFFBECFF9A0DDEAF116FFA542C513A266F650695D03E5E2A1E537F6491D4
:20C7E000CDE8D43A2C97A52FD8ED3F17488503E502916468520E8C0245A4FC43A65C4F4EFB
:20C800001251E9BCEAEF343F540647A4FC462652BBD5A6F584FC482440F0B1A997FE4784C4
:20C820003382D079E0323DBF9E2326CE79E6126CD79E7526CC79E2526CB79E1926CA79E2AC
:20C840007B58251A01F0E57FA0128A6F419E0A49F3FBC63FB0091F37D30099DA28DEBFBCCB
:20C86000DBFF50D9C02494FFA50266110543FFC90260E59FF906CE0120A7FD30123FFC908B
:20C880002A0A06130722FFFC3630090D3FE9C009858984C1C63FFC0D8C02454FFA48026192
:20C8A00064613070EFFE4363009040B6110DEC033783FC41285CCF381C1E2A81D203849A93
:20C8C000503B0070DDE0382C9FE2712081CABC7D1C1FE24540F079E2520F1AAC1403116901
:20C8E0005682ADFFA0346EC6E73BF8804C2039CC5EC40E125703E8C0731FFFBCA3F970D82C
:20C90000E53F13398C0FE1FF8154F72FB073398C468D05F036417DE19FC804A3D1D1814833
:20C92000611463F83B86D6012182D1A0188F5FDF15FE8251B11B3FFFDFF9FB886E61926981
:20C94000851AE1BDCA7E2A53220828350F7794FC78261DB83C9BABD4FC472630095FBFA30C
:20C96000D5FC40A6104FAC3AE5C4FC52265D5FC41A61C4FC532656BC4E93F15099417E30AE
:20C98000C81C726B53FC41237ABA15080A0BF3D18648609F584DC3D7F7F97E10E0EA532E24
:20C9A0008F9E0526E7F9E7526E6F9E3526E5F9E5BE9F9D060B46C87E2038081C860178F566
:20C9C000FDE8E85050094403E187C07CBEF4FFF4236720A340BE17BFD7AEF198A14A37F10F
:20C9E0008A361B65B8F8C121F5DE8782D9FDFBF4FFF30A261F65F2FBCF3FDB8DCFAEF173DA
:20CA0000DC8A41D9BF587A1443B20907A1FD54373079040B61BDF47C303EEBC78FCE1307E6
:20CA200069FD40251EBE8C4A41F3F3FCBEF21FF4E68D02A34828DFFFBC2BF900947ABA3A4B
:20CA40008F8C0E070195CB7B0270783FD5AEF10395CB7A308F87F60F0197CEBA213077918C
:20CA6000D8299F4771F180C3E11BF8149E7546F0DB2D146F5FDE7DFF99D1AD56880C851EF1
:20CA80000FEFFE804A38BD0B5DE2053B80CAE0FD80883C17FE032181518120E33FF8048399
:20CAA00071E7804BB9FD1DF8141733A1BCF3C0251BAE8C1257CD2D82FF7DFFFF9804A3669C
:20CAC000D3097FFFC0251C3E8EB7CF0093F37CEE907CF3D84BC7EBBFE7A148331E796FA776
:20CAE000E74783D1A8D78C87E2079081C860178F5FDF61FD8251A01289D743E5F7DCFF6679
:20CB00001B1158387A9C14237F4FF840213E0B647FF589FD7F7EF4AFFD22891FFD603F1F1C
:20CB20002FBE9FFB60D8FCBEFA4FED05F21B1BFB82D1AD1B19451A05B0DEFA3E187FDDE26A
:20CB4000012BF7F40860FDA8F05EAE8C4A4BF1F3C125DFBE840E5D10E86E7E30087FD83695
:20CB60000BFDF7D4FE671B186497C9E78248A1DE0A1497C1E783C97BDE780CBA18A709E767
:20CB80001B82F97441A0B7F069141645E1B65A28DEBFBEB7FD53A35EAD10090B741D9BFDB5
:20CBA000009479BA1029F4065DC4EC50A8C130B8CFF6FB7BC581EDE07000003FC4035E07A4
:20CBC00008002FE403868101427CA01CD8201C1FFE016BFE05C3C23FE090F75FF0D4382C63
:20CBE0005800299C109C3000AEF4527BF300888D4919C1154D7E14E08002633FD0385DE461
:20CC00001221B581486094680623D7F7E6FF241B1D0C737BE88850205F0866EE0520886F1E
:20CC20006101B041907C00C82804877BE88406417FF7502904237B37DAC128D0D1A8284CA4
:20CC400087D7F7D8FF221B18648207B0986F61721900B416A7F900947DBA30C0584D182CB5
:20CC600017C3A369A34831100F851C160BD7D191E22578080E6F67F8DE4C2D780F279C8E06
:20CC80002F1A471D85238ABF91C248F1198D94AF0163C442F7312907ABCF69A3403E11D0DA
:20CCA000B82F2F46C988A17CA217180E6B47B2EADA69743A8E3AD343CAE320BFB80C471700
:20CCC00042F574FAB69E8DA75342FDF46033B8049745F8DE5021744E17E36950D9FEFE3FA6
:20CCE0003E17E37130E3F9E21B58651A047D054EFE623630296447B104F840607C4F9D0286
:20CD00000980FC7766380FC7728323D8E43F1DA98CEF63EDFBCC7F500904437B02907F3C51
:20CD2000F12907EBCF18A37E3CF1A9740000220500F9402790407890009FA40390090D2E1C
:20CD4000883B81402F1009C4637F01907C3EF5AFF480161BDBF7F87E4B80C3E0FE5F78C77B
:20CD6000F2A1B1F8FDF7BFA8D448BC2E1BFE03839D40E4320BC7AFEFFAFDC0251F0E8D0A74
:20CD800041F6F3C2241F2FBC1F7902F84BF7702F857B7508DAF0EF102A340677D8D94125CE
:20CDA000101ECFFA5106E8C4EF10495C0FA3EFFBCC7FF449B40201F82102C66814A4C00633
:20CDC00077B04FF7DFD9FFF8FDECDFCFF7DE25F9DEFA21140FA7DFA1BC846D7FD20F7FDE00
:20CDE00011FF0783FFFDFDBBF846D7DBF79BFE7EBF7B9FEA41B1A07CA6B11C9C83D5F7E1D7
:20CE0000FEE07200F83FEFDE7E2F0502907F7EF3BFE4000A0A71FCF5FDEBFFCF97DE7FFDCA
:20CE2000F67DF53F817838A8BC26AFF708DEFFFEFEA2582FFFDFAFFFFB7DE364B054FFA6EC
:20CE400096E21B079D0D820B83DC7FE05F0DB85C27442E1322170DB70B82D59EC265C961C9
:20CE600030A4B09C42582F7FDFB3F9F97DF07FAF97DF3BFA817C337FA4883F9FDF33BB0CEE
:20CE800083EA06415D8320B2019058E0C86C66EE21B5E1DE20946C8EC6C7B981E22032B8E5
:20CEA0000F66B70891E03E7F7C27F24788D87EFE7F2817EE2700D05C3C778C1FC20303F142
:20CEC000DC221BD804AFF1D181E23FD2BF6F62B700CDECBFF2BC46FFFF23F379F077885EEB
:20CEE000C6033BC1DC30183CE42613000007884064703C0503E50189D0F0170A3FEBEFE5BB
:20CF0000DE763270988402010110080003DB416857B8D5C6E14780CA209D180CA629BF8051
:20CF20004820320B851E052880F460529FBF9E0807050494FCFCF000982986D70BB082511A
:20CF4000A1B46F9FDF77F9C06CEDFF4DB5CE05A98E5124188D6FE08C0BE199FD463632F9DD
:20CF60000EBA41EAFBC13F703CDC0A4368A364FF17090637F1029064FF171906CFF172983D
:20CF8000637F103906B7F104987FFEF5DFCC23634590FA3CF8DFC422019DFC42032096809C
:20CFA000A4163F9C1C1A0A1330B1FCE1F2082EC261BD9D48E5770EA03C1717F10398412479
:20CFC00062B0530F479E11B5A1DA327F8C748235B1C41AC273BF5219160C1E0A11BD887C45
:20CFE00020303827470707AA6FE01F08240E05238C519620F83F383C8B0BB0E66CB81F38CE
:20D000003C8F8BB280E4223469051BFFF7C4FFE41B98CD1A50090584FFFC3632BA048E817C
:20D0200002F540E030BA36220F1BEA447E10181407A301F8412059983C5BA913F840601095
:20D040001E8C0FE104804125504E8EF7F106984065708DFC0E45D2D950BD500528482FAA53
:20D06000050191D03C3E78148BCDE781483D7E796FA7F14F82D1A21468F97416D7FF06A33E
:20D080004200E0B63FFC9D1A8DEA804271546EEFE251808251ABFFAC4FE749DB8342A000D0
:20D0A000011B686FCBEFA3FD443D50B87C237F00937CBEF9DFD657F17490443D50A0783993
:20D0C00026CA8514DFCCE8D0091E23F10098657F1759068A84150723A1E23F101A042BA32C
:20D0E000B5FC62261019FFFE3547FB7F6E7BFD967E8588DFD3FE10084EFB72410500F87D96
:20D10000E75FD81CA21DD1CAFE2593180CAC560E60070419053084F46072B84F42065309E3
:20D1200048A36F7D1F8C7C125DEAF3C1257F8E841247F4F3C125305E8C06510CE8C0E431CE
:20D140003C05470170A3C0E5306078282742092180C8022160120B851E032883742041506D
:20D160005039C406518CDFC02410409828C00C15FF6B44B4737D30090C468D01CC653F17D9
:20D180004B0653F175A87FFEF3BFFF0F65C0F9C1E41B35E8391E140A0E4184FC42A6584FD2
:20D1A000C42E0504D85C37B2DF4FCE8344B44168D0FA3653F18FC06E3E30087D9FA394FC71
:20D1C00063A61259DC0A575BECC0751F2FBEE3F7E0D8C07370DF8C0E03DBBC637F1039841F
:20D1E0005A441F0500F9FDE81FB8351B11B18151A2D219451A01F0D17FE65239451B09F8D5
:20D20000C7CC201F0BCFFE8D469851A05B0DEFA3E181A0D1BCDE79DDE627F083C0A5BD0B9E
:20D22000D81C1C0E53D0C27E2D883056D98653F12D98F6F7394FC4B2630195C5FA0AF041EC
:20D240001056C907663D0194E637F0491E6A851E4482BA4C3B51E80CAB29F8B6C802616284
:20D260009D1B5DA20522C1FE25921919BC4507FFC7F3CE68D283885A0C03E188DFD3FE12C0
:20D280000846F3CF28A37CBEFFFFCFABCF01936DFCF37DAD12D0E10550D2FC64303834AE84
:20D2A0008DD997CB689D0804B680EB092695CFBA10B4D8481F429579892AC1417A3C9BC40A
:20D2C0000C9A0A6140807C29DBF55825782B62BC274D5E1A2CAF25145792857460523C20DA
:20D2E000C4148C0A09560FD7FE9451A07B0986F60390F97DF63F980E63E5E780C97EBE79E7
:20D300000497E6A10545B44128D95478290CAE47D147848146FA14B4B848BF420121C6FEA9
:20D3200020920C6FE20B30D6FE20D1080E6BABF897447FFF782FFEC76880C8A0120C1FE385
:20D34000952092C8B47F8E340307F8C7480BE0E0123D2FE21532F7F9E0320FBF9E87688861
:20D360006D727F8C7C820946D9FE2151291CAA2BD1C0EE707F8C7C4326C90901E8FCBEF4CB
:20D38000EFCD8ED1009160FF12C90C828DBDF4441EA0B4FBE9303C163E41F6F3E4CA20A4E5
:20D3A000B2A86F468233058E887CBEF381586E548221BD1183C708C1503E5D798EBA41EA6B
:20D3C000FBF13F108DAD0ED06B072395417A122D8D03E5E50B84DC7E2484D0908DEFCBEF55
:20D3E0003EDD743C906C040A0000B1F9804EBF80B1F028045FFA110BFD80742020707958ED
:20D400000C0BE12ADC5C36B0DA34024306A37AFEF50FC4128D68B04436300904A2E170DE51
:20D42000C0A43300982A37E2D1608C6C603239051A5770FA79E0520F979EE1B5825E669F3C
:20D4400008FC121DD1A347A0B1D8B7E2030F807C327FD905135D42E26CBEFD180CB3299F25
:20D460009842D142B510BFC6D60B468651BA1E9825DBF7F7A0FE641B9A7FD3077194C83DFF
:20D480005F79AFE3E9B1EAFA60931ED46EC3EB8340E032AB9FC60101A7FC201018AF6EDFD5
:20D4A000F080C032142B8FAE07038176A9FF4C45C7CFE7B1C7A2744D9FEFE9F3AE50FC9107
:20D4C0009A37C60106E2FA609468E51A4146FC6F61946FDF9F971E80CAE1FD881CA62BBF92
:20D4E000A7FD22D73CB48E81228848A07F5DE5CF314289767811AC87EFE5F0C06CAE147816
:20D5000014A60BD19E4A213D99E4E381F3C7C02E147B84A207D9B802C173C160A0120B85C0
:20D520001E0746845A2316713838151A11B58AF420DD880CA615D0A07CB031194C83D3F74A
:20D54000EF7FE073980CA7EFD8A07DB4D60846F681F6E244E81F2F1502012A8C6FE3146F97
:20D56000B79C1E0A21F3F3E83EBA2B86228594DFC2635498D462D10194C03D75180462C120
:20D5800098DFC024113B46237F019068FD75181C4EC170A3F0F6593FD68FE70085643F5AEF
:20D5A0000F846E1D008750FD47F070198E0A3BF8DAF27650091C064B12FC4061788A145BC6
:20D5C000A712FC41AD90092417F504FBF836537A14737F01F8FFE63C9D95A763019A422587
:20D5E0009F3E8C0667DBD941657E8E8E6643465082C6FFE131AE4ECBE9E7807AF8700E06BC
:20D60000CBF1BD85DA2E1B5E07E203308251A1779A2C730D1D81FC23F03A1DC60123E1DC93
:20D62000A2A5D0500F86EFF928B8ED685E3BD46289E0B97D7A370DEE07D511A0E276570D6E
:20D64000AC128DC5BD40E4D82F540601FFFBEABFF019F403D7008845BE1FF83407D70081C8
:20D6600064365F4E8D068125916C7F7F2F9C0BF71389F0FE7C4817636503F841E0722A2558
:20D680005AF1019140BF503F9C7A8507E8DA68720A3707E707A0EF7D170A07FFEF92DFDC3C
:20D6A00037BF8DAE43F121A84128D6B8F4925756EC4025556E8602FB18D8C065146E847EE2
:20D6C0004119F0653F123884064D94FC48A6102FDC0E2725916CFF7F2F8C0BF7116F82828C
:20D6E0007AFA702C27E24730E8DF4CA0A0506FD40BE511A140BA184FC49261F8DEECFF7FBA
:20D700005F9417F71299C13E31C80C0A8D0199F636511FC4067783A1467A711FC41AF90000
:20D7200091C1BF503FE777651CF541E1F1CDFC03E3FF987036520DCC17D7C2278292483BDD
:20D74000FE780CCE112BF6F460332E96CA0B2AF174777E7E046B81B2FBF9E4589827C62DA1
:20D760000084DABFFF7BBFFC4E0A01009072BCF1290723CF10A371BCF11A0413A110F84F33
:20D78000E0118DFC064170A3C228D70A3F43F1039842EC1B0FC41E618BC0792611480000FE
:20D7A000941A0178E07CF0110A1440303E08180509A166A06171FF1804B2040707FD805FB7
:20D7C000836403A7C01FC0037510FFC6D78B788251A1D468AFC27F078CF420F298BF63BF40
:20D7E000E880FC2090F8C48655339ED1E037980C8A5146FFFDEB3FF804A219BF99D1A0B2A8
:20D8000038C51BF1BD80DE60415094E0A82B87460123FA79E0379820442514220BEDD08290
:20D82000C8E9DE080DE61011093C0882F684414F4220A201109330882F204414B0220A4041
:20D8400011092AFFC0E8D0094747A133A3468260A801309200984E389C142026222C85097C
:20D860000591C1A472091486F211070DFFC23631299F6F651007868283C140C1E0A100F0E8
:20D88000DFDFF423630207828203C37D41E0A020F05020786F683C14181E0A020F0DE507D6
:20D8A0008683CBB15D18D47F2F42DC6FE0123C2F9E0B23F779EE1B58651A0D4688D1A3B4E3
:20D8C0006926E681F2F0C865520F4FDF57FDFFFDEBFFF8803C178A43F6F3C0E3F2BA24FE88
:20D8E0005702EED03E5E390FBFCF2AA34868D30A26F7D170A07EFEFE9DE4436B042E82A446
:20D90000FFE01B19051221BDE1DE207F09FC0E87EAC0C478370B851F83F3C040E61B50284C
:20D9200028A707E74082C8E89C1F9C022904F5D12080907400482E241207EBA240C2A0A046
:20D9400092C0882E041627440E83965102A0E27F0FFC0E39BF80CCE0371E0DE231BFEDEC75
:20D96000A43F09FC04B60A0921A1F06E1598E506E11AD8C12679B8D40675C2AA4C37B43B22
:20D98000C702F1019DC03E13F8046235C0D95C28FF8DAC3A8D19A341D2E0BE5FFA2C6BD939
:20D9A000B2CA50A51BF8A51A9DB1FD5E26146817C27F02824CA23449151A7344FDFDF13F82
:20D9C000C9051BF1BD96FA7EF43E2DE2032280DE6514680E47FFF7A7FFA03998251A052235
:20D9E00094364182C16068D200584A182C141E8D0805849E82C16028D10058283FAF8F07CB
:20DA0000FFFDE6A0F0503A34101E0A8F44FFFDE5DFEA048A0D4680E66514681FAE8703FFA3
:20DA2000FDE4DFE827AE13029851205EBA140A31449D51201EBA140221F0FFC01C20A61CD6
:20DA40000D940F61BDF47C30738DAF16F104A36AE130395C7BA105F84FE0B43BC6AE8519A2
:20DA6000ECFFFEFB0FFEA28515EC6576323BCF6E0D0FEAC1243203E82A27FE91B181DE20F0
:20DA80007F09FC0E492B83F630178AFCA319BF8048203209C6F60320FE79E0120FD79E05CB
:20DAA00078A1DE205F087C0A0F2A89763BFE8817C211048444623118443A193BAC50AB147B
:20DAC0001B851E0D3B8FCAC6616E14785EC7FFF7E002C15C28F02198685742100305049529
:20DAE00043BA340BC41A711F2E86B851FFFF7D66FE8178D07C61D0322851983A05E2E147DE
:20DB000081DE203F081C0647F081C0E174381DC01E0E920D052081C07E120808442C02F107
:20DB2000C0F9D02206B0578C1834146E5508DAC13B340F956A832A907A7EF74FE50AE10310
:20DB4000986F7D108A07EFEFC0DDDC36BB0FC41E61B0FC426A1B0FC416C104BCEC3F10B836
:20DB6000064763B3FAD42DF0FECD03ED07A964E8518EC6D7EBFABFC57A50A9C503ED76A17C
:20DB8000D6215000008D140AE1BDCD47E81F6BD50725B2C550A0DD8B147A0F2A81F633949A
:20DBA000280F4B3D42F2F9E0120F7F9E093080FC64103A8FE2092BCCD0A800505F9E8C2F07
:20DBC0001103C05C28F38DAC568D04A37FFEFEFFFCAED1C4FC49A616B0282954C271BD81B7
:20DBE000DE287B1A05A321F8ED4C647B18048F000705ECFBFE37370A3C236B01BD46763029
:20DC0000194C37A100904237B03B440A43C2C460311F2FBD9BF500947DBA3F2FBD93F9010D
:20DC2000907CBCF03B470B11F3F3C0A470BB8406478B7B82F97DFA9BB894D95E27E300F236
:20DC40007FC1A2400777B06F97DE03BC8148BE5F7936F206050523DE4100A0A401109610FD
:20DC6000884AF6F22869056FFA6A2E718A240F11A1FC40E61B0FC52261A1FC4140E0A980B8
:20DC8000705070382A501C14240E0A9C07050B9831C1F2E3D0195C13B18080C03EB74B8695
:20DCA000036508DEC065302E8C3A61C0807E3CF02048287CC30100F9F9E81F2C34860D20A6
:20DCC000F4FDF47FBA05A2E14781CE60329C66FF818AA7FD25360B851EE1B5C87E2E960C11
:20DCE0006E22073E86626032E8276687B18B5E2073E0482EC6D7EB29B7CE37E250565C877E
:20DD0000E2EB6009840E82A9DE2073B3883DA0743D939788A562341F8B04C341F8AE483415
:20DD20001F8AF54341F8B1502E1BD9C26414128D0195C43B3C3C5D17199DA14A37F1DA3475
:20DD400082F5FFFBE9BFF63C4EAC1A0A5746CC50A71BF8C51B01B29C6F4C60FE1E7FBED66E
:20DD60000D4686D19E60A0111A347E8D01C97FFEF90FF90416660DF19E403FFF7EBFFF4192
:20DD8000429CD1B4FF181C1E51BF9051B09B2DB7E2A015057FFFC065F8CDFEDBF1529810E7
:20DDA000C158F30570518A360F65A88EC8E8918A240F61F0DECC773C1C72F414C1C60A4113
:20DDC000FFFBF3B7F81C77DFCFD0DAC328D16A34668D4BDCE1F1DFFFBFBBFF30A24E289A3D
:20DDE0000A16537F208D40241D0DEF1F1DF4F3CE36B0DA34468D04A37FFEFDFFFCA28920E8
:20DE0000B24E37BC388C6E000007C00284000FC841E012881F6F03428277211B28178293A2
:20DE200042C0D0BF5DCB851E01F0AACCE810802829840E8903F84CE659B8401414CE35444E
:20DE4000817C21F33894240A0A65130B82FFC42370A02828988C17AE2743EC6CAE147A2F4C
:20DE6000CAAB51807AA030280FAAA1008851287F299CCA01EA8140E05EAC840A3544A07DC7
:20DE8000A1F73817AA070081FAA25138C51201EB8848380310463050334848004C17C26751
:20DEA00003C002C14CC16121F0381FAE2110B851F01EAB0403FFF7DB6FE81F3A740F37B271
:20DEC000AC503FFF7E66FE652884F420DD880CA20DD98B4A229BF804820320B851E7D28F84
:20DEE000CF9C0E0E11B581BF417BBFF40D8C200E0BD5FF906C717428A6FE552091C8211BC9
:20DF0000DC5D0A15D1D1FC66102E96CA172A82F6281F690C0241FA817CBA5078F7526529FF
:20DF200080F464D2B81F42652B81F464D298C7465520F3F9E7D298384C17E7A13E95C4BA18
:20DF400013B95C43A31F94C0BC13E95C103E08E60E5520EB79E7729F97463F2BFBF9E47280
:20DF60000E80B417DFA30090733CF43B44024583FC63A4183FC72A41A3FC719220A0578A7B
:20DF80001DA255B9D1FE39920808641738220A01220683C982C140665F5F3AC415E285682D
:20DFA00089EE705F8E74C211BDC90141406775BD9402560F07F6ED54A434A907A7EF25FD2C
:20DFC00050ED183FC44E2383FC44A4370A3E83E30B81C12570CECE83E34481C06570803836
:20DFE000290C0E0D2B8201C14BE079CF841A15000008CF40E8568E97E30130886D627F08D0
:20E00000441213D1A1FC21103C17E22111E104C17FFEFB5FFC828D10DEC0641FC5A82886BD
:20E02000D727F8C7D0299B9E55E307F88848606A9058F907FFEFA41085927EDAE0D620B29F
:20E0400012083CEA032AC0EFE1579C1FE323208389416419E0A8568C97E3213083CEE03229
:20E06000BC26FE1123C102C15C28F43B45C0A20EA1F5DCECFF188B06C7F109907DA87A3F6B
:20E08000C6824532A251FEDFDBB64B65B2A141BB3281F82D8C83E5F7F3FFA5146B86F69577
:20E0A00068E1FE34522855EB07F8D348A17227783C7C83E5E780C97E1E7846D68768C9FE29
:20E0C00031D208D6C65521AAC83D3F7D0FE61839058E904237BFAF7C1A2D00807D1E024048
:20E0E0000234512A15F235728048F977045898351A1946804B6BFD1C9FE2FB109051BFFF6D
:20E100007897F651B9F0DE26146DEFA2E140FFFDEDBBFB95A369F886CC365F8C444345F85A
:20E12000D04CB934385AAC1DC737B2C5D0A0FD99448E6146C17E36330F97DF26AD09B4FCCE
:20E1400041E616FFA542C3598C41A5395DFE8FEB50B1D03E5E2A0D3FE97AB8CA28D8CDFD6E
:20E160002E874BA1F0BF1A89948EF3E0D8C0FD7838180C1E6E01A2FC68A65B4FC41661D858
:20E18000D8D92421F07A4068284CC345F8D601C142C0E0B5D328048F05F8DA4CA1C050581A
:20E1A000F9872FCFC3F5D0E2303F5E047A12B700CDECBBDE73183F0F9E0325DEF9E11B5A45
:20E1C0001DA327F8C748235B1B0C86AD20F4FDE35F98748B060F0508DEC2E470BB8740AE49
:20E1E0000B83F8814C2E14785D1A192281FE2052BD87E21320A5603857ACD5C2E147886D22
:20E2000060946A05A321F8C74C2312B8A74601F1FC40A01F5855C60B23807D61D7080FC256
:20E22000EDFCB1DA20322804820121C1FE327208D48B87E99D404B20E21BD81483F9E73A40
:20E24000858ACAA1DD1A55A387F89848B140505349150ED10090728120A19218C21425C27A
:20E260008F020182158588CAA0BBF804822922814809E0A0108DF87C2AFC3C525504E853CF
:20E28000FE986B8C7D860B71F8808F41742411364869C08C14168D93FC63E8134D8C4A790E
:20E2A0000B966537F08924064920A34E37B93FC6524100957E7A1D3FC4726333DCFFFEF519
:20E2C0003FF5AED1121A82C7C83DFE78648A1521FFFDEDA110532914A28C1307FFFBD0FF3C
:20E2E000DE3F39C42E3E41163884DE9C425FCE2139F208B8EC24237A210B1358828A48A058
:20E300001205883C7B1C24436A1705308251A332B83F47FFF7967FAC7688E87C10741C438C
:20E320007B02907F0B622245B0540F968E225B07512D8666832D8311878B88C26AC4612702
:20E34000FF88C874663A411A0E84ED87424C3F11C0E82C7074548B6340F97843612445D093
:20E36000D11108E9D6C727F8E848245B9A7FD3E8E1090E13868A89C746B63DD90C7241E867
:20E38000FBFFBFF040C8881DE2856899EE724E9056BD8F943A13DFFFE97E30130ECC1E037B
:20E3A000D4F4C87EDE791FC20303E103C16F7D108A07FFEFA9DEC3A47A0FAE92E10BB84056
:20E3C000F114BC05C28F43B4406F0590761DCC165508DFC02454FF84020102DFE0FF1BE9B8
:20E3E000060FF1CA0182C7482E147884ABE3E79C6D60978A2DA2A9B9CA99C156F73FFFBDE1
:20E40000D7FB54DCC0A478506829051A71BDEA97C156E0FF3EAC0649F7F382C1C024943F5C
:20E42000841207C50482F7F9E077899EC6856848839184C12241FFFEF66688AB848696B3F0
:20E440000595FFC0AF100954337F0591441B21A21B5E87A61B42D150A0DD3C5E32251BA48C
:20E46000E3A0B33A5D0F27428174E0323C07E27D30886F6032385DC20123C5DC261F8E9472
:20E48000F343F881CC2877AA5DC68789E5E03078985E05660B6B44B4653F1D19064A0F0E02
:20E4A000EA653F18E9846F637490D00CE0AC3FF80C8B49F8E34C3086305847082886F60795
:20E4C00078A1EE728C7050B6A828D7F60123C27E26531F9F9FA8A7059B83FDFABFFFBC43C4
:20E4E000FA0B0723F840A07C40382F779F8501964000083F100B24181217790181DF217B43
:20E50000980482E14781DF2032BFD742017C83CE231BF8083C14236B02BE40655D3D94139B
:20E52000A1FFFBFB7FF00F84060108DEC628DFAF3CC36B85D84568D08CDC2739C08D587DAC
:20E54000704824025921A340BB540A1593D74480C0F572AA34032702D5C07E1CDFD40259B6
:20E5600003CC407B500D8CA23505D84C37B0BA341A4503FC40E57B0FC42641A1FC40E41C3E
:20E580002BD66AE170A3C0231008040D42532D0B9EC8E03F881CEE01F184C0E5330A9FE253
:20E5A000092BC1D0A820505F9E8C6F110BC05C28FF0DAC1A8DBDFC4538101FAE96E3D997CB
:20E5C0004D68D0CF84060F0CF840A0128DFF664B309AEB365FF964A37FFF92473E10387C78
:20E5E00003E1AFC0523670495487A1039548BA102954337F4FFA65AE94FFA452E90CA27442
:20E6000063DC9D9672690294CD37F2890402410194C128940EC413EB35B2662690097D23C3
:20E62000A10495500660A8233096490F0243088CFC37B41F974249E2F3D03E5CEAA77FCFE2
:20E6400083D8C1255081082848841503ED4882420B20B0B64E9F9E89F2C8493A1E7A0FCB47
:20E660007D14E6F9E092A82F460B34D26CB4901827D79174E2F9E060F0D240782DFDD37BB2
:20E68000E7814AA17BF85CD2142107B2866FF4900F24036613050CDFED2414FFA6C2E1040F
:20E6A000A26E7CF4FFA72AC3C13882D74877DE7C99C41428E20A16710B006583C2D86034AF
:20E6C0006B046225E03A8290FE8EA0E23F7F3FC65D35A34A37FF192C12551EE8C17E313838
:20E6E0000603658080C03EBC8BACA233D997673B3D99F7DE43B6D94025757E87DA6D049598
:20E700006DBF7F1FB530A60A9BD0A07CAE553A07DB2511814AA31BF85D1A07FB834030CA07
:20E72000F09139AEB7652D80C17EBBFBAF795E1233358C04416B55E0B5B00F6C03A9E7C50A
:20E74000A541424820A149517648251B67E74982926C1260E29ADF3C11F21B48F905C8BAEA
:20E76000694B2101E0E409905BFBA674B21209F185C0209F185417005D0984807B20191281
:20E78000182ED4CF7043050899ED7CEAB05F3824ABB7B28E1B414755E0EA2AF051457839B4
:20E7A0000D1A03FB81C0387EBA1C4787EBE0C0FED1AD9B7C14FFE927D7C2267049566F65B6
:20E7C0000AE8E6E0303F946A8718A24749E0E63E8278398F95060A07D18DC0607F5A35CF76
:20E7E000E27F099B8076E0103FAEEEE703FAF36E7E8F3E2F1113F84620730DAC168D85D8E6
:20E800004328D1FE8C22D120DCD03E5CF98CB641E8FBE47FB03C9C03E1BBFD486F9F2FBEB0
:20E820002FFFA2C44068D03CDC032528A358AF9FFFBEC7FDA498753D30291E0A8573F8C07B
:20E840002072CDFC064100904176130DEC0641FBF3C031901804020700001B8102C57C60A9
:20E860001CFFF520161BEF00D2C04360C262F7D04F47DE9DFDF87DEFDFDA5C1209D59451CC
:20E88000B7BE89C503FBF7C66E671BDB86D6094686D1B2D308CD1A2D46FF7DF6DFDC27E210
:20E8A000E950C27E2EB50FFC8F09F8BB4C2073D827C6790080CB719BF804860321F8FDF89F
:20E8C0005FD98D1A4146F8FDF9DFACA7E2FD3095EC69FF0A6C4EC7638048E4787B86F69F12
:20E8E000F0CB44AC563FCF9E71B5E5DA609468851A83F2B85CB47F5BD5D72B42CAEFE9FFBA
:20E900004BD5CA81F2F150B67FBF97CC060F31BF81FD6A163827C74102CDECB49F8D64C3D6
:20E92000178CD27E35D30E581416C26191FC7226384FC6CA6163BFD8F6794FC5A261019576
:20E94000CA3A394FC5BA6103F8702074095C8BA3D4FC5A661C4FC68261B4FC5B66193C044B
:20E96000225123B5413E3A680E6AF103F8C0E0B84FC6664104F8E6A05D3FC40E6118E871F1
:20E980003F1A6986AF118BC0413E39980FC7EF5CFC5037340FB6DA632D907A3EFC8FE40214
:20E9A000464307DEF3E53F1999850FE102818E414C271BDE27E334310593C00741E9A61837
:20E9C000BC07D7CF0BA345A4510DAF82030C8000056EA0342BDC6AE3CBBC6EF6330FC6D2B9
:20E9E000791B83C4FA9B1FC416810290C828DE9FBE0FF960D8C0311F0FBCD7FC0F0B91FED9
:20EA0000483634FFA46AE276078FFE4437B0190FCFEF2DDD7FFEFFBDFC236B90FC65261046
:20EA2000BD8C064108DEE43F1CC9840257F9E8E43F1BE7402FFC02012BFA743E1F7B5FF344
:20EA400001F080C0381B2F779E61B5A7FD36972C2EC21B46C540A3C820701805C3F492176D
:20EA600000807C201228281C1E6A03E0B25A0F00B1FFD8048A0321F05B3F7F7BCFF60922C8
:20EA8000F0DB0260F0A1305E0B64468DFBFBDBFFB04F8CC201E5BA403E124FCC0B51F1FB38
:20EAA000CC3F520DCD03E50B98A981CFBF902D4C13E336807FBEFB3FE4176130DEFFE47CE7
:20EAC0008B642EE1FBFBC8B7B8080C38E027CE0305BE80CC2610EA3403E154FCD871107A7D
:20EAE000372A0D05EACA245F3FBC0BFD6D9840F61F0DEE2E0FE0B643FABFBFBF5FFB05A3C5
:20EB0000486F338A37CBEF13FF58F1101A358AF300C9CA28D33A37FFEF39FEFA7CFFBFBE43
:20EB2000DFFBEEF3C0E8D08A356B1112F84621F30DAE1F6110E8C0FE33080EB7F104907419
:20EB4000FD302A2E6F1100C8DA68DADFC44261CD0682FFFDEA1FE83A58140641FBF3C4A302
:20EB600008B0B4080A5C4C02000C078280D0F070191C0EEF70A3D0F1113F84420105E844DA
:20EB8000FE10487C537F009047E4170A3E6A0F04EA76E0F01EA7A7EFE8DE7B81E0A11B5FF2
:20EBA000FFDFD7FF804E231BF80C8211BDA7FD20143D07E29130D4416545616580A002F9E2
:20EBC000C814436B44C4702D9E3835537FC4F9D020900927EFEF46FEC0259082902886F66F
:20EBE0008188E07CE0110B851E8188D07C61303AC50AB1410582BCF0E3D0195C17B1B1FC60
:20EC00005CA610195C337F0390411140A21B58251BE3F7D5FF381F385C034142FCF4221BF5
:20EC2000D0883F9FDEA9FC8048640070518FCC828DBDF444281F2FBFD77B90FC5A26101B11
:20EC4000152EE5D0FC5A661C1FC42A61B0FC5B661CBC0DC28F70A3FCFEF12DC603F188382E
:20EC600082FFC8F01F8C5CC26DB6822ECD000A7C20103779B005037EF0025CC41E11B5A1BF
:20EC8000DA327F8C7C822F2A827429FF4D4D866320F47DF6DFA8DC8B06130508DE8743CC56
:20ECA000A5506E8C0026137BE884503FFF7B6EE22F2A81F444A1E81F2AED446E0F35FA81AA
:20ECC000DF6C7B9E1DEF21F8A840347F188C0A072A82F6651B18ECAF19BF804820320B8504
:20ECE0001C060C420F06213B4689ED61D3B8851AA5688651B25F8C7442132BA1763BFE889F
:20ED00001FC20B41A0D0621418C5068328824A60BD180E43FFF788FE20398F97DEDBF980D3
:20ED200048205B0886F62129FD7460121816C37BE88828415EB751E94FC84A0BFDF7FF7FED
:20ED4000E0398804B3D9D0A15A325F8F04C247F09040F040705E4F3E4BF18F9849257E0EE2
:20ED60008C024901C860BF18F19828113C13BC1CB2630195C0FA321A37C3EF97FD0441BEA2
:20ED800041CB243CBF3D03E54F90B9C1C9BF50BA3506D191FC7824142F841205810382819E
:20EDA00051AB3798C5E7E7F7BAEF671B586D1A0946E8FA60B01F4FDF51FACAFE2490290472
:20EDC000A21FD0FCFDED1FC0583FCFDEADFE0385FA7EA41B9A07DBFD012783FF7E61F21922
:20EDE000051BD3F7FB7E6200709F2FCC480E13DDF98881C27ABF3130384F37E641468A48A3
:20EE000077BE89C503D3F7F06E7D5F7A36E20122D07E31D20C07E32520C87E3B73189EC6B7
:20EE20000521F5FDE5BB881C87F7E78065203000006B00203800142200160F680A8A804002
:20EE40002600911F08045C521A01008C00C16120443178285FC7EF17DE50ED193FC462431C
:20EE60002AD8C0245833F02C1FE39520B851F07F8C7C83FDF7B1EFC360F1D2081CAA0BD127
:20EE80000E83E507416383A0BFDF7AB6FF43F189C0E032B8576621B98BCA605D8B851E271C
:20EEA00029837663929C66FE012080884100C1C00060A71B58A4A2A76886D1A29462382931
:20EEC000842FA11694467A112944C3A30595C4FA30090C428CFE07FFFBE37731E9DC0A5775
:20EEE0000AEC4428DFEFBC43FF35D8D8AD192FC7826123F8482078203828048271BD90CAD7
:20EF0000FF7D10E8380FFEDA1D09E10E82808741786600D0F0806848D4864146F87DF4BFA8
:20EF20009F279E81F2AED066D20F47DE73F985D1A8368C8FE3C120A17C20902C081C140A56
:20EF40008D59BCC62F3F5FBF537108DAFD3EF4BFF46373BDF442281E9FBE237F00908241D4
:20EF6000C228DF5FBF737338DAC328D05A3747D30580FA7EFADFCE53F1F180C82510FE8771
:20EF8000E7EF6DFD82C1FE7EF5BFE81C2FE7F320DCD03EDA8889AC1C0FF304FAF92E920A31
:20EFA00037CBEF04FD4436207070EFD43E4328A37A7EFF2FC4400E13DDF88901C27ABF1120
:20EFC00010384F37E2260709E2FC4A28D143E829C21C17737100905C28FF1FBDCB75F1FBE2
:20EFE000CC37701A34E36B44C7647F1929869201B0FC7020113DDF03E30682E47F1BE984F7
:20F00000B6371BD8E47F18E98416571CE8C07E380807FFEF3AFF72363D1F4CB6071B8D470F
:20F02000237ACA142311A8DFCB28D00F8503F120D8F0F13049DE7285B8DFC728D24F579298
:20F04000E180D94E37BB1FC70AA12D8D76BCF00927A7CF2CA379FCF70DAC3A8D0490C151C2
:20F0600060B0DF88251A91B98325C2600760A2DB1C87E37B3081EE609469051AE1BD8EC8D2
:20F08000E21B58251B8770F830C1482E310DEC781E23C40F090191D0F0103C04024783C098
:20F0A00070F014FFA522C703C0DC28F1090FA7EF5BDC5CF6B69A34168DFEFBC00BE0A31BD7
:20F0C00018FC86A920F47DED4F70501CF7FFEFEEFFCA3630191DCF0D84C0D130304C171345
:20F0E0000302D85C37B0091C064503C0134160687812483E16030580C193414236BF6FBCFC
:20F100004BFDF6FBC03F7F6FBDBBF10E96400000BF900DCFF00E2C002FE100DEFFC161E533
:20F12000D101E029DFFA0946FCFDE5DF99046283F18040621BD89B00140725F6FBC1FF906B
:20F140001CD405C80A05B0DEFA22140FB7DFB3BF80692324D1E6307440A110A8332880B857
:20F16000DFC058986C36086650012CC6140A20EA393A2C3A0C061C7E2F64C9447D33B235C9
:20F18000861E83068922AF3C8F618B5D870035248F75B97A8C64A80033FDC03650770AC36B
:20F1A0009C2007F0053FE4036453A582FF83CD8558874A834128DD864B7EE018283955CE02
:20F1C000C93E23F900FC275C16CB18C503438245BD5227C40014CC16EFCE64166464D10DF5
:20F1E000AC0B39208C507E30080E023561F5C0E03B0F8C029F71F8C020704EDD03E5D6B861
:20F20000C0641F9FBF17F310DEC031905463C0056FE403CA1754155600BB17B86D6094680F
:20F22000AD1A3D46FFFDF77FF8266E01FB8AD1261608E582E141CFC09D263B20B11F40C8DD
:20F24000C068D00291BB5915AB6303A34067310DAE123113FC4061711FC4065FA3A1407A09
:20F26000190A17DFA1808D4437B10A35C28F00DA43124D801FC01FC01FC01FC01FC01F2075
:20F280005008050B65361FB9844039FFD61FF007F007F007FA507DF003F803F803F8034CC6
:20F2A0001A0109FEA0FF803F8038EE20D01806E20A034C2B062F26132E2F1E0B0E131C0083
:20F2C00033088075FFCFFBA0027FC807A83662948EE2004093FE00FE00DF0680427FA83F25
:20F2E000EE1F21B05FE18AD001582C021305109D8464604FFECBB8200FE00DF05804260A9A
:20F3000083FEBFD7A4C440A0108C8C082A3BF900A8034541201D6FE8745D62404F330480C2
:20F32000573FE070707804D01E1AC80F0800074A19982F8D0007C040A11348048371528089
:20F34000483533382403E30181C02813D8048218030570DA45E9D0CA36C28515A3423A10ED
:20F3600019B6C2850FE840A7DB0A1443A170DE44BE1FDDDC2B47D3F4C0247C501828752EC8
:20F38000012091D82E1BCB851E0E1309F4F381C2FC3CF00DFEBFE66005C0FFDFCD20E060D0
:20F3A00070D0103860B8381C029D808C6128EEA32000706806DBF8111FA2088E1890761429
:20F3C0000055FE4036DFF15A765912A9A049D398609890589488D0A8A18903997007F44E69
:20F3E000982C036D0525C7846460403080B17A4C480C280026183E24012FF900DB04D2073C
:20F40000D58B487FD12DC018E0B00DB410162A0A091E29261D3A0027078068C624146D42B4
:20F4200025CC2454A4C2E6C3E65B674000FF900DB0508E1A04030A000508C881C28AC37F33
:20F44000C7A54321C9A50CE5052547E659A6DEE1DFE451677F700DB41C2E450634463DDA17
:20F460002D6A4C363DFE95EE448E149A344A450A683AB17A7C00C4C60CCE14DA1CB63D0AB4
:20F480005D526C1E360D00DB7F520A30D0260B25B93003782C036D043FB37B91007F00550E
:20F4A000834036DFC04858440347FE1AA7159F2A89000983C033705048582C036C090C656C
:20F4C000560D1641166B05FD12890C82820B430545000861A04691E2D0C4D1A00FE8F2EA12
:20F4E00052E171ACB3E1F0EFD05FE4EB58464604BD3DD530820285000382C03AB0412910B2
:20F50000A850D9511A91FA082814380158DCC9451E9313020185C400C303C307C605C5062F
:20F52000C38DC60BC541CCA53F900DB24C472208CD56BD1F26901EC4EE210872F078065BFF
:20F54000FE5113C87F9A0E9D3F8457820285078900493F8758824BAC108B1591088583C019
:20F560002E04D30110F7CC140601A4C440826100E0F4989018605870382D0476010090411F
:20F58000A0300DC42046083E1C361A4D200986178A000D834036DFD0488FE20C6F550610C1
:20F5A0000E3C4E2C663C5A444A360B00DB054231C9A6C8954794C4824141058606E344E062
:20F5C00085A659674003E1100CDFF85623FA37140B100D122126352A0926F327A4C4C0809A
:20F5E00061710070C030C000FB8840EC482C58002F3012225F85BDC0A0130DAC024B87D892
:20F60000737D30380C128D00CAC0F5305A44172BFDFBFE3FFDDF4C126198A16E37F25AA4BA
:20F620001F6130DEC037F77DAC0E0795A71307800C423228F120053FC806806AC800BD36CA
:20F64000760B00DFC1096A60900E0404263E0D00DFFF532D4728CBAE516DCE23D025D326BC
:20F66000566FE0900E0404A65D1A6BF8175619365F5CEB2C19322B5BA4C4C0806171007175
:20F680004030E1716030C004F048070102496AAD8654AE0A02334F4C83405A6416270B2265
:20F6A0008DE0BF807227D2A632EED36491E6F1EEB461F22710E793600463F12497A3D0BA88
:20F6C0004C4C0A01A4C400C503C381C329E081C1C1201C0809AC68004618C6B60F00C07FBB
:20F6E000C2E4F7108258983403647908090E77080304003F58903B9D003F803E41A01BFF3B
:20F70000E814383C4800FE93110280693120304070603048381FC02870789006383C030B5C
:20F72000064B9CFE996191C29349864C800CE9313020185C401C302C380C10026C12018C60
:20F740007FB6E84AC0E1A58929CD589C080D624085FE001306806FFFA0B0E97462F1600ADE
:20F76000F05806FE0A0B1E1316003FA4C440A01A4C480C101C3002AC12018CFEC1601C0FAD
:20F78000C82C39460F2ABF014CC4AC481C3148E0F956080A5E40003DF3024F658681403721
:20F7A000109434C004A82C037F04059326C1129C8294D60B55003FABC4ADC48242C9A4107A
:20F7C00008069313020185C400C295D983498C4C4100E2C122C0147411D038573B583403CD
:20F7E0007FFD07950C8F007F63A359B31CB9000AC340A01A4C480C36200E14000E4D200F87
:20F80000050D880B864498FE0143A444FC2603F0C57065B140007B884279289D38003C52CE
:20F82000E90B8048211B582C860348FFFDFC7FFFF79FAD238240209A8880DCFE823AAF0ACC
:20F84000D923B76584048782C03310510931389000383C03240505AA7B8701820583D53F39
:20F86000C5174A8004C0E01F4830FC58DCF8BC9C1A01AA298C00034191002183C033F00849
:20F88000E42426341E3C004C46D5A21DC625E63D962C060DDE0DAE460F00F1164B000AC198
:20F8A000201B8429A0385118D1C89FA7F88A559A65567C0084D20A0234603934C516002E2C
:20F8C000C505FC0287001784402FA4715BCC840A01AAC4C0A01A4C400C101C382C5472121C
:20F8E000270BA50782D283C1001BA4C17F4123CB60E26670C83063143008067E07EA93415C
:20F90000201C68BC120144924120108DAC0E8D58DCC229308A453FE908B9C229512F855B07
:20F92000F209057182D2225F0A47E63146ADDA2012BFDF4611BD198BB86D61B46820D4141A
:20F940003E9340F94AE470FA543C560A77F9058290C30120A5BF9A4EE61949A7FD2164D01D
:20F9600050907829713C142EE3F1F3D1AD11ED8C228DFFFBF1BFF46B0596C170DEC037F4FB
:20F980005298227832B83D681C14E36B05A34328D591E8286D2281F29BC8E188D050F2B8B5
:20F9A00029BC8614470501FCC8373BDF44E28043078CDFFFFEFA2FFC84120B73FF9451A74A
:20F9C00004B043F069F0D0BDAC09D61DF81A9BFC038B0B8F000789E260500D56220500D263
:20F9E00000C101C1800B8DC49047C007E80766F0F01F6B1036C80E0A11B581D1B358880575
:20FA0000A3154285F4A114984D2281F2E7C4E114A897C313F8048288C1A9112F85EFF15228
:20FA20008D406899AC0466C108DEC037E3B150BCCC10E83A7CF81D2F078403875C047E02F1
:20FA40005C0F81C02110362940072AA4204EBB0CC70B07807C3FE1F178981F53F903804CF0
:20FA600036B00924269B0AA5E176128A340B2703CA42FE1F2FDC0B5728A34032740FB4E2BB
:20FA8000050A91C12930BF840FF920A34176130DECE249009057E4B04804429300904068DC
:20FAA000D01A442FE192DE04C1C0EF130DAC065713E840A5727E85EF730AA34629703F8CED
:20FAC000420953FC412B7A3A15080A0BF3D18DDE22770A1E2297738DC2B1773986F6154697
:20FAE00088084ADA387F383C884A0A19CB1482C55CE1774F479E01F18840EA1F8824AF31D5
:20FB000042A081417E7A303BC42EE1DDF3C037F684382846D625F0B9FE619F0AEC3726E24D
:20FB20000A0013048074A01A08E8507000841601D182014381C3C1A01D1FE0C4F800AC1AD1
:20FB400001E01C8CCC40750A405790182E345E0900F681C163223009062A3304804364D035
:20FB60004804436B04A3433E102FDC0A971CB06F7D110A0433E16ADDD1273009043E5110A1
:20FB8000DAC33B10D94433B30AA444BE169FC4128D18D8C12430C9844BE19DFC4828D10D4D
:20FBA000EC4E51F2E864A030E3003FF1A846F2098EDFF00B80BE1108048271B585DA20B412
:20FBC00068651A97B9875261D48FD48E1D4A88FC3F7FEFD486194888FC3DDFEA55A3B56005
:20FBE00085DA29589AD60A1168FFFDE93FD2902914024315F865BFB28A36F7D138A044BEE5
:20FC00001CFDC4037F3F50025A035E0396FA7F14327838FD1A2D46A56E64D49EB48E4D4AE5
:20FC20009312C1747FDD690C8C0E0B89FE9C6E64749EBC8E414A90834171BFDD790FCFCF11
:20FC400001F8C321348A344BE12EFC4E3731DA4F6E4719A5468360B71FEEDC87CBE7900596
:20FC6000C16D7F180A34E36318A4F764713A544C320B57FEEEC87B1E782FC61901A451A2DA
:20FC80003F0FAFFC760E21F880C8E21FAC37C2D182B5DCA6346A451A5D82FFFDFC7FDF1D07
:20FCA000A25146BDD82C78AE27E21980BDE0749F8896027960DEFA3F183806FE3AAB04AFD6
:20FCC00006B7074C5F82A880C15B8060A11B580FC217F88352E30530582FC403E10B807400
:20FCE000FD1EF97F0FD1E187C0253F9E8C237B4484C2B6D038000145FBFC294F05804D4A24
:20FD0000E18120A083F2305805103E12FDFF31900890000B834033DFC12930789048781C2C
:20FD200002E505098F1E8700039B5227300907A64D048071A2F048061C0E0B7109804822E2
:20FD40001B5E0FA60123CEFE211308651A1772FFFDE1FFB8648A054B817EE0133AE58221BB
:20FD6000BD806FE91399768A02E517316D8880403C865097A71880007088B0E8DDC42A011A
:20FD800000D04741A1E7017112EB84220120846D6092181D2223F0D6FFF7BE88450201F0B6
:20FDA00095EFE01BFA228C14029170A3C1E4F0480406910BF843F7300DFDE2171AC7438EC8
:20FDC00063C000FEC1121704D8E82C026D030689ED2FC206C4CB836289A2C8A1E0F00879EA
:20FDE0003C531C1EE20E3116CF1104D05C20700B24103226390082402C9FC458F939BC619B
:20FE00000449BC282C48242A3C291C17F42E117630000FE42F0A171180844020113C4C0825
:20FE20000613498881403700F04B306002EEF1200166722B7120913078043C4E117214829F
:20FE40007C220E09009405C610410EC919C69BC48008C120164FEA9D0A1C72B49A14C6E231
:20FE600015008069313028069311028044C0E0B411C09828386C2CCF150201850B82018755
:20FE8000D0474925EB8F918000F2F15944799001FB8194A0C614065F0384C020208060D0A2
:20FEA0007038401016260321FD4868D42F940A0101D57FFEFCFFF4128D009477FA301CE782
:20FEC0008ED1B3FC4064191D952763D9BC4E763A5FC41243DABC4468D06F8CA20114F87CD8
:20FEE0007F120A37FFEF05FD47E4795FC5F2C1A5FC4826316F84820D18D7C0A266B15298B1
:20FF000003FC1CD60100EF40B4C6E0900807714A0BBBD6F0CAA867F0A0005E4028A610D0CB
:20FF2000C8B000DAA15C180037680A13CC720FEEFD657F1D898657F1D99044FE10287C535C
:20FF40007F2F91C3E4712F84261F4FF84020518DFD0FE900B1C0EE11B854868D4385C64B70
:20FF600004BAA05098680DFFE966D7B6014C36BF882447350692F5393B9A0FCA0B0080EA98
:20FF8000BFFF7A37FA0946804A2FFF4AB6BC360A6301CE52F73E3B46CFF10190697F1049E9
:20FFA0000E6B1138A44468D14F85A7F120A37FFEF7DFCEFB7F018516C4CEA8FFD8251A7137
:20FFC000B9B7FC2D1049CF9E0129F9746DFF08241269E7844861930FFFDF2FFA8848E07734
:20FFE0000C448E87708148E0122E1DC2412390D1B0570815C68571C15C78771EA6FE03A846
:020000040012E8
:20000000809142EA89A180E1C163635FE0A8AFFB7C887C589CBE120326FCC03E17AFD39C64
:200020002FA35D01F8683F60B0BE2D77FFEF1AFEF7BCD00DFDC21100905221300905E006F2
:200040000A21B5FFFDEEFFE81D2E376889EC77BE8885023147886F6C1399E6596018009F6F
:200060004C0F1D088064FF8070716590E9F1EC1CC36B4FF87FE60030531C3EC3FFF7D07F26
:2000800020946B86C601258452A07A983C8E0195FFFDF0BFC9551A4346A17CA1D00FFFDE01
:2000A000EBFD83EC261BDB7FC2D100FD79E8909816F2148537058057206111B80842546D2C
:2000C000D7F60F177E1D8CDF0EC5621DE7B01073C9F4D9186084F000DEC71302658E3B88C9
:2000E0008210937F67D08C5EF7D03B6A83390080623FE152708805D7F80B1FFF807E20C6E6
:200100001321D126B06030600368B2A9718DE568728008EAB0BA482C328D31D9C03E103F2B
:20012000CE636300F8C420718A3447E171FDC060D0CEA8241DB3F7828241FAB0DA5C6EF1B5
:200140000195C47A30191C024123B8433C100F87B3F120D8C426111F8573F703837CFA90F2
:20016000090447E162FDC0251EEE84437B0091FB3CF6FF845601F9F3C037F7084402412D8A
:20018000F4FC2830EA345E8D1DA34128D00945C7A10095DBFA10A81C0EF109EAD320F6AE98
:2001A000A104185C1D4CB60A565905F183CB7AB33A443F63B283423A9C3F5F0E0582AE404F
:2001C00065512E840B732AB84024941F0643F1D8905460D52EA8643C1432125778A1FC20BB
:2001E000503EFF9E9FF080C220F2188FEE078180D1240BB05112C829C6EF0BF88060201286
:20020000FEFF436506EEF57D3E78B7C209028974235492083C7D72032F84F460F22897EEB7
:2002200007738CD1223F0FCFEA0946BC6E65F70F4F9E012FF3F47F5E78952223F0F67EB093
:20024000689044D0708FDC064704A34AEE120A36F7D1F0C0C428D00F843BF506A30641FE54
:20026000C6E0A0320945C2012EF874601F081FEBDAFF0704F5014161609E7F3DC211009031
:20028000512134496400003A99FF0699CBC2BE5BD1B8383C8A11B581D2613308A7C383FECD
:2002A000804E231BF80C8211BDA64960900FC6D62B4B835E2094686D1B07F8B7D83FFF7F0E
:2002C0005FFEE1B99851A2349807C371FF8251A21B9B7FC21700FC6F60B21807C375FC80C3
:2002E0004825960FC79E09F184C1E73461182F8537F740DCC82F1395F82D10AC140251E8E7
:20030000E841A42AB07158079556128A5F0500A45C28F880582B9ED6614888FC349FA887B5
:20032000D3014F96D32ADD07683CEFEA0706A8F50120F31FAA341699D580EA749F1884034B
:20034000FFF7DAFFE0128A2F44161747FF81518420F0FFAE07CF01310483C17EB03F080C88
:20036000068B05A7FAA83018DD2291BFA08341447E177FD602080B070480C5E910DF8C0E9E
:2003800007FFFBFABFD05A3443770190C4CEE0AEDFA80E7A50D70502D86F7D170A0403E1D0
:2003A00004DE4A5820A01F0A87F2DFF4C05061221055AFD4142213EFFBB5C120FD5EA7A39B
:2003C000DF3FA1FD30143E27A3C53F804ABEFD1816C2E1BD806FF30C704CB0770DAC168DD1
:2003E0000EA353FE1FF9800C14C70DB0FFFDF65F98251B41B1814861930FF7DE15FF84D299
:20040000A8D7082DC207A99051A0B2380657FFF7C8FE6012290D1A85F28633C1607F5062EE
:20042000582B7FC2D100FD79E89098048211B58652E0546A042607EBC040223F0A47EA0522
:20044000F08FC0E81FA81FCE27F080C020DD1916E60A9B053DFD503E7C0884206A0AEF005B
:20046000FDF9E01BFB24E601201D84A550E1302F5E0E050191C03E11F8060E81DBA1F4BDC3
:200480001EF87C6281C2F47861F0094FE3A370A38AC2CC36B87D8402450091D729109F8465
:2004A000E7F70094503E192C0568AE0A23FA887C20303AC5368BD095C7727E883C020DAB07
:2004C00081FA60F00AA8641413F5C0F9D0227510482FFFE60346804A2D7D0B9EC61922A785
:2004E000D261BEB8140229F0D07F4220E01218451BFFF7BCFFE081F0565E8C0247ADFC4293
:20050000661BDFC43A619DFC43201ADFC414160A2130C6FE2080B05079850E3D58A1437E77
:2005200030980D6283FFFBFBBFA31074CD4EBE030B800004E421B13FCC142E0A93D1B7FC97
:200540002D104A07826A7B05C4FCC43E18087CD2950EE853FE980BA64313D1C4C4AD3ADFD7
:20056000C43281ADFC438AA0A2110D6FE2253082E4B53E796D3207AB905A2C36881F0F4122
:20058000688C58325F8ECCC23107A46FE0B2391D2291BFC6FE21B3088FC33FF9C0C1E0DD55
:2005A00059828C144261600282874C31DE78D984164FF34283FCFA988F3CEF63FFFBC5D922
:2005C00020A41B98C52E5161E1FA6030080492254884FC2EBFB9051A0FB0986F60F2280EF6
:2005E000A618470512FC48A8D29A350BE50B807FFEF9FFCB1C1FAFA39DFC43621019040798
:20060000E10180FFFEFF5FF04C1F87A306A5C1B5512F4C1E0183F441E01D9F3C037F809C5E
:20062000C0241640182A24260120BA01C15C21100907521D04804436B09A6512450090C8EF
:2006400028D14F8457FB04F8C720113F85BFF704F8CC00E0AD7FB8048A054B8D58221BD8AA
:2006600006FC760F50030504A5C027159BE4637E6F0FBDDF06C2C0E5138DAC168D03E8EF46
:200680007D138A07FFEF0ADFFFFEFD64482D46E6174BB542607EBC140E032282FC23F01C7C
:2006A0005503A7E8F7C3E2143E1FA3C30F804A7F1D15785886C65146FFFDFB9FE9051A7194
:2006C000BD2583886D60946FF7DEA5FB8252603EB80446400B0516FFEF7D1102B82C26E3A3
:2006E00058BB06690513A5C72D144D8D53F1149E45279131F82B4DEB3147B25A7EBE7875AD
:20070000321F4EDA50A2BD98752681F2B6DCE1D4A8752221F0FEFF40A0FF5FD0882B8C2406
:20072000120BD9FD91DA0661E3134F3F9FEFD3B86F7E057052483C12000307BE93C12018B9
:20074000E0182E345E0900EC81C15C11E0A93B9875261D48A6C8E1D4A887C3ABFDA6C86155
:2007600084705C8FEC0245D1F4C06AD0AA4707D3019144FE1F3FD4F76331A34828D2BA3677
:20078000F7D170A05BFE16D814628F70DEC037FF825862983B6441BE0E1946C0DE2032988A
:2007A0005F4219498652281F2F8CCE185505AA4F82F8CC53E0F39FDD0DA609F18C4022366A
:2007C0000F15A601218D583C57A7E838A7C28BBC806FFF64B1570DAC168D00914024716AB8
:2007E0004427E12BFECE37715A5C72D134D8D53F10C9E4527903D8E628F64B4FDFCF11A68F
:2008000044A9DB4A144FB311A4D03E57DB1C4695112F82BAFF40A0EE46F057DB0B1C1D933C
:20082000FBA3B40BC1C6269E9F3FE7A7285E84857C3C1B85D839A2BC17C27300904920F019
:2008400048000C1EF8EE08F60D060FB207052DF4FE28704A342FE1E1FDC7A97D3FC7626189
:2008600083A1447A34093C024BDFFC5E3018CFD4061900000A82F86D389DCE0F6F9080C2A9
:20088000C282B0B0589D262948A07CA3B1389D2A21F096A501476229E071FFEC82D50AB449
:2008A0006068508DFC8AC5E2B0E0FE711C46FFE76FC7F47D301B4D028DC1F4C06AB13F85FD
:2008C00007F51ED8C024549A34828DB0A3FFBEF7CFFF33CF00DFFC26D0090436509E0AA688
:2008E000076C5F02B86D609468751B15B085FC329FB8A2901C83054282F464146856C1D0EF
:200900000FFFF7D1EFE493490D1A314689FC32DFA82C7A1FDAA07CAAB1385D2A1949862198
:2009200041797F929A342C0E0BC3FC0A8288C18120BA7FC8F6C6D273050AF856FF10AD8504
:20094000C37A730A6B07533B86AE01C14E36B00914128D8AA140BA300924828D38DEC0642C
:20096000104F8F2207D3F47BEBF0096C13A3C3F47B21FBCF8C021FF6E8C0BA1D09A40A8999
:20098000EAF3C0259EAE8722450090C828D14F855FF704F8D020104A4C2BE142FCC0E9302B
:2009A0004F8C920109F84FFFFDBF3C676F02805CF79038040E8D10DAE436300F8F22051067
:2009C000A3443E18AFFF0363418E74BBFF8814460100807C0060A040304000BA482FC3A3A3
:2009E00018A34437B06A4C1E9140F96F2A706A5443E17F6482DE54608C90571FE40E8DEF91
:200A0000F3DF96A19820E71B580AD41403E3BC5484E1FA3C32F804A7F3D1BEEE7FFF7E47B0
:200A2000FE17F09C7E2134BE27E37150E9FE25111827C771029CEE787E9A4C8A17F0CD7EE1
:200A400037BE89C503FDF7DF6FA1560E1FE25121FAF9EE10880482E1B5A452EB58C996C6A3
:200A60008F4DEAFE249419A6E601249051AE1BD8DDA2012BFAF47F1E7AA7E3713981EC77E6
:200A800013B8049A8149897822746DAFE20921804AAE9D0EAFE22121E16E4BA0A0D0095F5C
:200AA00097A1D3FC6E2411CA340255EEE868BE3B881E7285EBE8CDA9340F96EE6735A54DC5
:200AC00097E0A34C905BB98CC8120A19FC855A2012AF1F43A9F8D2482012AEF81C16A00EF2
:200AE0000BB60705AC0382EBF43477A83CAE1BD19051B2147A86C609F1E040221F0F97FA88
:200B00000528827724146DEFA2E140FFFDEB3BF388281ECE8509E8C86934FFA5DAE71DA5A5
:200B2000478AA0BD5FB0582B8F3BCFD44282FF6E7AAF505C5FC492438BA1407A3C572828C1
:200B4000048A09F1DE40F881B05DCF34061900000AC250E41463C82986628F009461CF6143
:200B60003087B05FFFBD4FFF80F3CCAC0470521C9D0A11BF2182B0F7FCF93B47FFBD248838
:200B8000C02417084402416C88402417794412018E93C1201C68BC12018305829BED6E1B1C
:200BA00098F3CC1792A71E4984D1FEC0A0F41FB0882A8C64120B25FBC2DE38978E44C3A12D
:200BC000E8F7CFEB51EE07A3C32F804A7F1D180EA20393887C307FE80E6E012B8677224338
:200BE000F05F4A9C3A950E1782C1FEE200505801F82FA547BDE780CA217D186D2213F0CAED
:200C00007EA180505F3FF4065B03E8C065901E8FFFEF77FDC0F6130DEC037F7E478ACF02DF
:200C2000C16F4060B8A0305345582C442D6E0B6B85BD4128D8DA1403E1A6C0606E55DD8CA4
:200C40000A5B0F7884807CB3D80EFFA207F09B446E79C00028DE0EF10895FCBA1FFFBE9F9E
:200C6000FDEFF3E0EF10195FB3A3409842BE116FCFA3CF46A6C17EB84BB586D30094DCBAE9
:200C80003BDF45C281FEFBE777BA3BC412577DE84024340A4433E1BAFC40247C4F4C36670C
:200CA000E31A82B9F4747789E52A032B826FE0723C27E329308048E09F1A04006A0E15F093
:200CC000B16E06A0E09D1905181E0FFFF7B16FE112DADF6203A3A9FE24BF0806FE43B1819A
:200CE0004032BB081403820305BB0182AD80C303C186C180C192C14165146857C397F890F6
:200D000051A0321FFFDFD3FD9051A21F080FFA5051090091402470AF86DF710290443E1C6C
:200D20007FED8EF50095F27A120A37FFEFC4FE717CFA34D8292F46274BCEE2A2BB38548E96
:200D40008FF68949A81F2F3CC20121AED0E9FF4BD5CA0123E2FEE0D01FA7DE3FFC8151A1D0
:200D6000746D2F9F456985DA32342846FF47619051AC761FFFDFB7FCDAFE20931804AE290B
:200D8000BF9851A012084FC39BF9BBF9EE1BD806FEE10880483310B80482B5628140211B6C
:200DA00058652E194AE1C6A3111E84AE05FB807C21DD98552681F28D58E134A8552221F090
:200DC000CC7EA12050595FD04415860A090587FD7036508DECC24B00907169DECE278E511D
:200DE000048063A4F048071A2F04806B25304804B7D3F8A1C168D0FA345A8D1CA36428D9FB
:200E00009A344FE130FC5636315A4C569140F94DAC715A5443E17024829B58624490562F25
:200E2000D4D28714E8D3FE100847068D0FA4D0A8D4BA34025B14DFCA28D08A3443E1AAFD3E
:200E4000C128D18D8DE63B0C987FBEF61FCC828DBDF47E3070BF87A3F106A5F4FF1D898659
:200E60000E85E6E8F8BCFC637823B833F83C44420120F84DA0120886D7077A8251A053B842
:200E800034AE6BD8EFFA207F086C1269349A49E6500A0DCA0121FFFDFADFEDEFA221408131
:200EA000483FFF7F0EEF077880CAE0DD1A04C215F080FE02A0FFDF7D2EFE81F2AA5CE1F4D0
:200EC000A87D26209D051CFD686F10F03828C2BC1552E3090482857E8CC0BE156FE4E37393
:200EE000A3BD41E5703E8C224320A37FFEFACFF1D416F6DFF0BFC03F7E7806FD160F15191A
:200F00004B85EAA7C1402472DF4FC29F85D84072703C9FFFEFA6FEC128D0094403E112C0A2
:200F2000E0C820A81F088E07BFF8AC64BA1F8D24C373F88244605AACC51E0C1F09FFC00301
:200F4000C1486059BCD50A0DD380D1BA9F8D4542414681EAE03AAD451FBBE980E2A678A8AD
:200F60001E7EB7B9BDD269FF492DCEF54ABDA64171BF20B0571BB82416E3F330A3443E1C9C
:200F80000FDD236373A4D03E59B91DCA95730A82DB7E4160A43EEF395414C6E148804AE127
:200FA0001BF8048201228048E13F0A4FE6C1B1B40A416AE4768A55A0520B43F9B481416724
:200FC00085E0B5721EB79C460ECD4884FC24DF882D1AC1B9AF09C16DA475EA5578420B1BC1
:200FE000F9B081416284E0B6D21E179F81E980E1CB60B6333BD76A8B03F8FFE6798DFC7F1D
:20100000F58AFDC065709ECD614A0A6B73A8D2AA22D057352829ADC757E75083B7FEF01490
:2010200069C6C6A549D1C8E954AA506C1597F3A390E7BCF01A31C41D3691FDFBF57FD07A83
:20104000356363FDFBE27FD4BA5CC68D03F5C02275AA34E28DFEFBDCFF506A35237347447F
:2010600082EEC8E774A9E0E41521060BBB21C036C2653F1C4B866A8B8CDFD3FE1018440A5D
:201080006F84FC7130198DFFFF6504F8F0211D8F47BE7F0199F23D1E29FC0255F8E8C02453
:2010A00072BB068ED393DCF13D305AAE8EF10195C43A140F94066727A549A932728828FF7F
:2010C000E743789781C146CB20A0331A9F9E3B60D2D87D7E7837C6190A82486A083053BFE4
:2010E000C48F1107F87F60F43F541E6703C04CF150290C127743C0541AA0AB5FA9807C15BF
:2011000047F720D99BC24ECDE1E5346827C62900887C3DDFB9851BFBF7A4FFE414694D1BD1
:20112000FFF786FED660E1948804AE11BF8048211F0FFFFE27219005C1677FC050730FEC6A
:201140001761BDF47C31FFEFBD0FF7F6F3E2A33048063A4F048071A2F04805E21300907BBF
:2011600025304805B2210090406550480444060A7203052488C0241AC9CC0241530582B34C
:2011800080C15C21100904B7D3F0A0C1E8D08A34353A0BA9FA8351A31B98049A61462B82EA
:2011A000C0C72971CB46136354FC42279149E42F7364B4FE3CF29A34E28D98A3C0251EDED1
:2011C00084A05A0B7BFA804A3E7D1F3F9E274CEFFE2B980A251631D988D269FF48058E235E
:2011E0004A88D2221F0C6FE00A0F15F80882B0C30120AF9F81E87E70F4267BF520DCF27CD2
:20120000FC9E978ED10095FC7A3189A77BCF00DFFC1360A4907824037CC704CB0FD90382E8
:2012200009839C6D60B468651A1D4881487FFF7CAFEF61B182DCA476881D9F4788D07E2E3F
:20124000930D1DE701F8BB4C20323C1DC20F4BE07E349308301416A00A13593082814162B0
:2012600026138DECC24B00906B77302804575702805877903804620128803EC1C1A8D0FAD9
:20128000353FE1008443A9B28A37FFEF96FDC128D20D8E0EF10195C33A1FFFBDFFF9D09A70
:2012A000EE3E30087C0FA100924828DBDF47C3034FF840611EAF3CEA8D3160829E7EDFE07F
:2012C000E4146F579CB60C960A8F05A343A8D90A34024F4FF874213DFFC5134109FDC1F4DC
:2012E0001FFFBDB0A6220C530555FE43F63009243FC10193FBFCF36D8CCA8D2924828BFE28
:20130000E11B99051BE1E7D1DEA8745FD746477AD5D0BEE57046F0587806FCB60E71B5821C
:2013200051A1146868A4140FF538D9C569793FC762619983C1FA9E3BC5CF6329A30A41CE0E
:2013400028100F87EB7394FC656619A83FCFAB208EC43E1C3FD50E09EEEA0741C43E11FF63
:20136000DD63732BC4693F188985AC0A0B1530D5814164261EB0282C94C271BDB7FC22B0AB
:201380000FDF9EE10880483EFB5887E26D3C8251B41F1A041B17BB980E4164BF73AA5C76C3
:2013A000D14DD8D57F1109E4527B1BD8CC28D14FC4DE3998A3DB6D3F4F3CD69B35A7EF6845
:2013C000516ECCD69340F95FAE734A54D6910FF864BFF340282C7FFC220AE3300482C0FFAB
:2013E000ED7681A898C4D7CDE7FB74E614681EC1B60A81FFFBF3F7710FC4FA790195CB3A53
:20140000310FC4F67923DC85C2FFBEFF1DE683E33C82F57D1EF9FC8FE900A9717D1E197CE9
:201420000253F7E8E6E091AEAE8ED969A34032723B6CC28D01C9FFFEF73FFCE372250B807A
:20144000A9F17D1E29FC0255F7E883C1D0FE900B183C3C0F61F0DEDAE8D10A5442D151B478
:2014600040F8769A34C28DFFFBD5FFF00947A85218721FC5D0FB79FE1398048249078240A6
:201480000060F7D27824031C0305C68BC1201D90382F043A09009C6D63F48897C27BFC8F8C
:2014A0005263A070546FE476931B0382A17F239498C81C14FBF911F852FF111F85D3F705DE
:2014C000A34237710F87ABF717A47FFEF6DFD4128D38D8C126110F87EBF3C283C5FA9203B2
:2014E000F82A9FEE241905600C82B406427B7F3C383C17AB0091C0E4320A348EE5FFFBE4AF
:20150000FF6250740FDCA28D38DE84C1C94260B13FBF0F9ED9108048398A305D80182F2082
:201520000C14C24B00904024D0090422971AB444B639AB6D0B7301915624100FDC0A6705E0
:20154000A5402415AB042EC170A3DBFE10B805C28F00DFFE05E0A19118240221B5815A3AA8
:201560005F8D84C2B7B98B52681F2E948E2B4A8B5221FF0DB7F8160A43120482D47FBA5F80
:201580008DA5023368D1D0A11BFE17E36910E17E36110807C69902C9D0BCDD18048AA130EF
:2015A000E87A3DF3FE07A3C32F804A7F3D1A5EE6104305D691C1295051C82CA10C175A437C
:2015C000DCF3C437BB59541201840182E345E0900E781C14B7D3F0A0C768D52F54160706AD
:2015E000A343E8D14A3427A300924968D22A34AE8D30A34E63BBDF47C283FFFBFCF770AFA0
:201600008427FB03A5F4FF1D89860E85F0E8FB7CF00DFFC26D00904B7D3F8A1C1E8D0EA3B7
:201620006428DD0FC6C2814CD8D327923B5D8F6304F8CC21348A344BE199FDC168D50DCF78
:20164000FBEFC2FC4024B28A36F7D1F8C1C828DFFFBE37FFE4B67A7CFBBBD41E570BE84CFB
:201660009420B67339952A64A105435082D9CC65E090535FF443E13EFC40251E3E8CA28D7C
:20168000FDFBEFFF963B6C168D9BDCE8F1907C5502779BD94FE5703EC48F1B9FA14A37F1E4
:2016A000FA34124305F8C3201FDFBD47FB07C068F19049BD0F0167B2D8EDB2AC567A850E65
:2016C000E9E4E8515E868F18310B2CEC9E41D43FF23B5C4F6320A3443E190FCD8EDB9EA116
:2016E0004B37F009367A37C8FC4026166B2EBBCF00914024748A3423E18FFE6168509E8432
:201700003D320BCB3385D2A188F05F6FE82C14C763E7FEFDE97FCD1E3347F1A040A7F2AEFA
:20172000B7620F4AD5587D761E90DC144E8DF9F3C037FD39541201840182E345E0900FA0D0
:201740001C140F7F03805C36B12A5C328D19BC4168D0198F27650194CE37F0190C22451216
:2017600090466E110F872FF306A3623630890C3261FDFBD37FB22C44C68D02C058B1142CF9
:20178000068B1182C078B11C2C04A28DBDF45C28110F8417756FF842E0170DED928D009013
:2017A00048E511FEC46A5104EC50E3D1895C3BB306905C28FA0F8C6E070895C7BB1DFF4404
:2017C0000FE1058EC6E471D8CC963B058040C320A032387D2B07408D50385B98752A354039
:2017E000804AA29BF80C80620E01F0BFC0EA52B82F460023060305050182887C2810F866C2
:20180000FE0D2009838200C1408060B55AAC540AA955A2C06031F80D2211F0CD6E2010F819
:20182000048221B58251A01F1AC40FA7E8F7C7E83F080C0787E8F147E012AFBF46411F8809
:201840007C343FB827C6F9008252613F0FD7E64168DEFA2214080FC32FBD806FE57C981C3A
:2018600002E1B581DE315B08251A1D4683EB6072B902B4240A331B8EC469328A344FE179BC
:20188000FEC172B63BC47A4304C9E8EF130A340F27E3BC4329502C9C8EF301C9D8EF300C09
:2018A0009E8EF30FF873FF90AD85C37B08A4F9FCF08A4F94060BC7E785486514683D2A1F9F
:2018C000F0E17F3C1E7806FE092B824025A03050B01828900C1470060A4C1307E9FFD06900
:2018E000FF0804229FF49054E0A7D0500B440B5314A345ED18DFC42301ADFC42A610FF8602
:201900005BFDA0D8D0BED0181CA2D103D4E37F10C0A8287054162FFD48D8C8ED31BD8D6B58
:2019200011B2A1403A55EC04064104D86F7D1F0C0D86D128B443FE17CFF443630091C8EC04
:201940003F3F3F8ED1A0B446AF16AD8EDFF12AE05E71703C56328B94DFF0FD70C81F0FD7CC
:201960000181E4E8501ED40241E2F3C12430C987F7EF5CFE482C306C048ED329A357B010C2
:201980007A5C072900C9CE28D0091E8AD110F8523F700947ABB720B4C027118DFC0641CA0F
:2019A000F3D8F8703807DF6B0091C115E0E4569A349E9107F853FFF05A3703730AF851FF53
:2019C000725A5C033F29A3462C12C914E23B13F8557F73CB0403390091713D301AAF13D3D8
:2019E0000AAAC02471EA44075301CAC1FE1361882906C6DFF085C16514681EC3E1BD80E600
:201A0000E0346DC48A314689FC277FB8B52B0560B24C225F0D3FE6039BAE4CFA7E8F7CBFCD
:201A200087E8F0D7E0129FCF46039B8E583476A80E7E37B9827C61900897C32DF9D15AA036
:201A4000FF1D840F8FF8D8483C56AD1D8A05B9F1D8A2F2280E6EB585AD60E093399D83A1D7
:201A6000E7806FFC10E80483E13A80482010F80483510B804825BE9FBD0E2F6882D1B11463
:201A80006805A2A3688A51AFD6887FC3C7FDC0D1A0128A17466146CAC8A5346887C3F3FF5E
:201AA0008351A4175A06C7C7688DDE217B1C27E229908048207B0DEFA3E183D05A3FBF7E50
:201AC000F7EA0521864C3FBF7E17EE2D4B9058741F880602019380E52674694D1A7146D13E
:201AE0005A221F0D7FEA012883F6A21F1FFC3E65BF874828142E06CA4175EF79E4769804D8
:201B0000AFB7D0D007C141FF37BC6DEB179AA16537FC0F5C0A01C0F5C0E0067079807828A8
:201B200004820320E579E0320E42DC158F8103804436B04A3602F5FDFBCB7F30BA5E0E85FA
:201B40000BE842A930BA453FE993B9C2A950FF87EFF6090571845221FF0F6FEE4146FEFD7B
:201B6000E47F98C48A0B4B817EE0130886F7791080482FF2B824038D1782402A00705A871D
:201B8000F8296FA7E14783D1A11468651BFFF7E9FFFC7688351BA1F8846420FF1AE40BA57F
:201BA000E8D7CBFA5079EF56458AAD6E63F498F98416E6E71F3082E518416E6E31C3082D46
:201BC000E7EFC568895E205718048A05608DDE3A52B86746776890D1A316888FC233F882BE
:201BE000D1A51B13F8386FEA5146DEFA3E187827C6190087FC237FD8048F69F88868301450
:201C000068D51A4346DBD82711D87FC371FF82D1A0128F5F42C769D2064144FF588F9F8E9A
:201C2000C1C6418298583C3E7B7FC22B05EF79F56B3152DF4FC69F045582BEFFE0121E87F7
:201C4000A605568C48BA1F88068321F8826438F88E87E2218089FC24DFAD05EBFBF7CFFE1A
:201C60002C369C1D1AA3B1B1DEBB10782F53B7F8964C305A28343A00001988B05628D12F07
:201C8000866BF1B9F8C021F33E8657672BB460F671BB45CF67BA078295F46906505A5FEC4F
:201CA000128D288EC43E1A5FDC16592FEC40647A3A044FE11484C77A313F84261F05F8D77C
:201CC0002051104829143E45D0E97A35F3FED41E23D595DBAF7B18048E2D4A82FC70100877
:201CE0000EC1EE0A9F09F8427732BB4472D02107DB83C03AB3EDC85C263E83469051B61435
:201D0000784FC603098FFEB13F3DDD0BEDD3F979E9FF49ADCE114A84526134887FC235FBEB
:201D200090D1A10070516FD85415C604090508FDC037F1CA743A015095C12018A8CC12018D
:201D4000C68BC1201D10582B86D61D46A1E36838B80CCB1742946FE1746CD50A0B468EF65E
:201D6000260BD0546FEC0A5110E8412510EE842BE188FCC4697D3FC7626183A144BA110A38
:201D80005C6ED11A8D4637F4FF87FE6513A3407C10091C32950090C3291FFFBD5FF904A3E3
:201DA0004837300924828D70DEC0245F0F3FFFEFCCFF4064385B0413E30C807F7EF58FD48E
:201DC0001AE1F1F3FC26D00907C275009022C1EF22100907E36B0BC54128D0DA341ED100F3
:201DE00095CE7A10190C14561249FADDDEA0D4683CAE61D1AA7E2093CB5ECE012380DE22E9
:201E0000F48824F221F899DC201EBE1C0B1F4284746538AA9DE32F78CCD0A27D280CBE39D2
:201E2000D18248E2FE080CCE1D2BF6F4610BB05E8FE663630594447A181D8C1A470091480C
:201E400028D10F848BF70AF054ED129A34828D98A3C065F03A340FA310D8CC6F10094FBF90
:201E6000A28305BD806FE691182403E1B58F51A076886D1A01398251A31BF80C870FB08C9A
:201E80005A22E3B0572FF5037304F8D720110F86C7F30094513A1009041F61F0DEC025D4AC
:201EA0001E8462450090DA28D13F843BF347DDC8ED131A346ED130A3403270091EB7F11276
:201EC00098433371AA540F27BDFC4D2618DFC422A1ADFC442610191E37F114985AE8D0FF66
:201EE00085FBFF9D0482E1EC6012FEC7420398FEFDF39F80783804B7A3D099519460E21F95
:201F00000E57EB97E78048A720B05FFFBCB7FF01C840251CEE8C4641C2F3C07330094EFB2F
:201F2000A02107ABFD6EBCF12906E7CF01906DFCF00DFE1F8103807E36B0DA541E8D00914B
:201F4000C32910E3182B2FEE0946B86C601F18641613219451BFBF78D7E4960E07FE6B825E
:201F6000B003C1E43F306B84828CFB071CA743A01BC88402412DF4FC2830EC54128D049F54
:201F80007DB6502974228D8CD8407A11097593A30490C3261FDFBD6BF30DF8C221105C4560
:201FA0001F11018ECCA8D403082D1FEE0128ABF433BB38049B0FB3DED0A5FD8A7FD24153C7
:201FC000A051A03A9C6FE20960D6FE20D3087FC2C9FBA06EE2922804860FA889FC2F9F8846
:201FE0008C85020F59FF84B3414DFA1012A82E6FA60F48FEFDE97F98048E15909CD1A0778E
:2020000008D52A17939451A0FAB87FC3DBFE8566E3778FDEE61398FEFDE1BF88548E03E092
:202020009ED1A03239551A21218778285F680C0E81468399C1470CE0A3C6705304482E5799
:2020400042201F0519A34828D10F84AFF5009043361BDF47C30320A34273310F8457F5F638
:20206000F3C4641F5F3C1241F3F3C3A41F1F3C037F4DDE40A00EF054381DA2094686D1B045
:20208000BB080C863168887C2FBFDA06E609F1AE40221F0DE7E361BB894820A43078388386
:2020A0000415A28D13F846FF1216084A5FFE0590A46CE9FF080C23BFF8AA642019482FC6B2
:2020C000190795E2A032B827624146811B4177BF318F04E28D0FF86FBF56BA352A8D01A3B4
:2020E00041A8D8DFC433010FF860FFD9DFC432610095FA3A102CC7F3EFA2FFCCA8D20278C4
:2021000020983887C3A5F9804838EA305C54D82B1F16069B252F4D88B726C844BE1CDFFC7D
:202120003D3613FBFE4D9DC826C35C1363A6A9B19544D828726C4611362A3A9B05F0DAC7DA
:2021400068C9B070E4D868BD1A21F0F07F2709D0D1FFC5213A13E1BDB2ECD3A1EFDFF9CD6C
:20216000193A0F5C9D0518D9EF7F128984A68DADFC412610191CA0FE0E610EA55AE8D00C1B
:20218000A43FE1F2FE9C41D6F62830712FFCAA8D311A824185A120C1753CEC30B2EFCFE382
:2021A000CF0190735220B97E7478396FA7E1418762A0946824FBEDB2814BA1146C66C203EB
:2021C000D0884BAEDD1824861930FE7DFFDFF86FC6090882E228F8880C766546A03EC15106
:2021E000FF500945A7A185D9DDF67BDA14B7B10190D82D110F8603F906A35E37742FB40A21
:20220000078DFC40201691382D6FE2053087FC207FA906CE85F681C0E8146836A71BF88C01
:202220005835BF88D05417E3F3C8D8C065B03E8D3FEDFFB9E7E8513E83E41C3FE1A2FFC033
:2022400025114DFC0241129043361BDF47C3033DA3406472AA34224320A3443E1E2FC40209
:2022600041F3F3C62450090C37D7028044BE1F5FF4242E0BFFF792FFA1190FC6C602A905FB
:20228000CDF4C1A91FCFBF17FF0091C272103B842A4739A3637F12C984A28D06D5C2E95029
:2022A000FF8597FB9D068295EC61198FE7DF0BFE0583E8F9E41468466621F0D3FE3A3E7843
:2022C0008C838BE78248387E78748383E7806FF83BD814025BE9F850E1F468251A0D21C31B
:2022E000EC20FF186403F9F7BD7FE0B88D87E20580C1623AFF8866438BB18048F71F180452
:202300003E27D0D451625D3798298637F1049853FE920A9DA28D01D4BEC14835BF8833A4BA
:20232000160FF306A3583630A91C07C14566848333425ED9A0A0EE3078380D1A292280EA49
:2023400027F7C897C319FE83B4426F3FB02C8760620A82BF05155F8280AFC1737D303B4CFD
:2023600007298DFC452E10FF8401920A2AC90502648290324145661D3648281324150BF168
:20238000D36482E979FFFC081C02FFB5E5DA209468EE22BD88C2EC6EDB1D750A1BD38848CC
:2023A000A0121B451A25F0AC7FA0A670988FEC072158DCC464107F04D532120899092E4C94
:2023C00082826C2E1BDB5D1A63469451A114A806521FF0E3FF2059B91EE6026F05E8FEC26A
:2023E000A47E93682809B4142FF1E9F3C037F45E140E010091CDF6B05A34328D01C9C27E04
:20240000113FF43E971BB460E8504E843A97D3FC7626183A1407A30092CB28D01D4CAA8D29
:2024200023A342A9107F841BF501A35037301CDC424518468288FFA07468C51A07B0986F6E
:2024400060123FD13C17C27500907C26D00904821F00904436B04A3602D118D8FF3EFACFBD
:20246000EC0247A3B04868DBDF444281012182B86E83E0E5BE9F9D1C420A610EA345E8D1DF
:20248000DA3423E119FEC82DD30DCB141DE98A0A05B0DEFA3E1878952E9FF08042331428E7
:2024A0002F464168E27E2C18087FC26FFFF879FA1F88264381F882602416EE87E219A0FF84
:2024C000FDF95FF0E87947FF73F18043FBFD0905A39BF88068277469951A5346805A391452
:2024E0007EB26C17D1360BEFB5A87E2094C82D1A012CAAF4201F1D640609F1944021FF0902
:2025000057FA5D1F82FC6C1078048A01239C51A0FF0C57F60546AC6EFD76D95EC60346B710
:20252000FC2CF039851BFFF7D47FE0123A2FE2093C82FC6B103E9FA3DF1F90FC20301E1F4F
:20254000A3C51F804ABEFD1D1DAAE7BB827C619061F83980FC15ABFB78DCD9AD186DCC8680
:202560008D12A449AC107F87E3F328B440D9E0E8100F84BB7FFCFBC93FBC9F3FF3EF21FE03
:20258000F9BCFA2B44CED196A158EC108DFE8EC177B44FF63F3B41BC140601938048E416C2
:2025A00088D51B71473C83ADFFFB1E781EC3E1BDF043A0120B86D61D46AC6E64349A07DB93
:2025C00045739052A4348877C349FE0582B8C74120B2DFEA4EE63A1905A3B9C6A951A078DE
:2025E0002CB864168EE3F1F3C3FE13CFF4128D28DCCC28DFCFBF9FF96FF85FE0170DEC033C
:20260000E30C82CA28D31A3447E1AEFDE82D538D8D43F1B0A4C1363B09E4A68D0FF86D3F54
:20262000D20DCC0241ECF3C71F60A0300804B3F1D0EA7E3613091EE60530FAF4241468E5D1
:202640001BD9E7D84EFF1E7806FEFD2882402A12B824038D1782403D5268240271B586515E
:20266000A0A9D05184182DBDCE314A8C20C1555060B6F718A824151D3A0A2A1905B8B9C42B
:20268000695120782A406416E13A0A13F08CFEA507505EAFEC837309F8607F49F0738DEC62
:2026A000024723B060ED13BDCF03D301A243FE13DFF427E174FD40241F2F3C72C184B07D27
:2026C0008F63C0E0AE1B58351A274DA06C655468AFE2031CB647A1FF09C7E731B19051A1EF
:2026E0009E09451A1D4987FC385FFA06E6194982FC6210087FC379FF906C60BF187C02E1C8
:20270000BDB447BF9E780483F5E79851A437C827C6230287FC23BF9804A3EBD08209C17B05
:20272000FCF359DC02414C9296C1C369905A348EF10EA360E8503E8D82390FF866FFF60DF6
:20274000CC8EF7ABA142FA331A341E910FF864FFF18D8C06410C91C0FF700A05C37B00900C
:202760007E4AA128146804829A030538DAD2A390CA34168D68DCC428D0D4582BE7FE61B916
:2027800085D2609F185A2C15DBFF70D8C2A68A70709BC43FE1DEFC40251F8E8CA28DA1BDB8
:2027A0000741234175BF1EF24829C6F601BF43838FED63346A7FD251138851A0D4AE6FA634
:2027C00005238448F7BF88C4820193B5D11020E0BB0AEFE209FB8C40251008151A11B5833C
:2027E000D26033087FC2BBFF8048E1932817E2093CE97A3DF1FE17A3C13F804A3F3D1841E7
:202800003C34B7D3F0A0E028D0FA345A8D1DA37FFEF8CFFC128D484B82FFFDF0E090580DCC
:202820008CE68D00FC407170FF84EFFF22C4D8F131ADCCAF7326C0D970304F065A8538DFE6
:20284000C9B039DA17E3B1BDF47C302470D479452E2D46C15A20F46CD50A57D1E2DA357812
:20286000AA1ECE9FF080422D91C82FC62B09DA7E20F30CDEC645469851A29F880C721FF0DD
:20288000B5FE3C1B99082C1C33FDF784FF661B1C1DEA0F2B846FE9FF080C23FDF7C8FE6190
:2028A000534A6517CBD1DC7C6010F837475769D2FE2298089EC683469C51B314780C80E20C
:2028C0000B0F06F8DC21551A34C2F50EF85AFFF78DCC2E979DA140BA330A343FE19FFFC8E6
:2028E00028D09A4C3FE1E3FF4024704FC40679A43A82EC79EA3469006C1767FDD3F3C037A2
:20290000F6DE640A01E885C0240B30BF8A1C7A8DBDFC4826181A343E8DD1FC433010095C6F
:20292000F7A3738F406573DEC4065D41A3456F118DFC5711FFFBC87FF04A36037315DCCC60
:2029400028DBDF47E30741A37FFEF180882B86CE13F1B8406033087FC359FECCFE21130954
:202960001DC3B1F88E4C317B992E0771F88A4C3574281F41620E1FF0D27FA012DF0F461B39
:2029800049B03D4165FFD25B849703DAF3CAA8D39A35219A0A0128EAF6E033880CA3C9D976
:2029A000B7FC21B00E7F9EDFF0834039805050C807240A0A2100E379D4E0E21B58251A238E
:2029C00049E8FA3DF3F91FC20503E0FA3C53F804ABEFD18416C1587FDC283C17AB009140E5
:2029E000247A1F8CC20108F85D3F4E90702FF54363205282BBFFA61B181DEBB70781F577DD
:202A0000BE8885021FF0C6EFE21BDC449E012080C8621B58ED221FF0A2FFB87079AF5205C6
:202A2000218D02C14FFFD08A047FA319A4C66950BC446699A2A145BB300D8C2F0118A4D351
:202A4000FE9BEB1C5E9518A443BE172FE45C0A0ADFFC0882B0C4C120AC3FCA85A211328132
:202A6000D1337B280C83CDE7FC74C5E0E21498852211F0FCFE281F29CC4A012386D23F9F47
:202A80007C4FF0F60E19498605C17B77110DED527700905628D00904920F04804D0060A4A2
:202AA000B2C82403DD2B824038D1782403B327824032BD081403C12680482EBD481402B0B1
:202AC000AB0503A34B7D3F0A0E636700C562377019253FE1148646693DFFC5D3C171A2CAD0
:202AE0003B317A4D03E56AB9C5E949707234E84907F0220AE3120482897F3A3E9805DB774D
:202B0000428274E19FB835CA293AC9D0A1DD99A51345B28A51A1131F079E19FB82DE287421
:202B20005857420335B14676B42C96CBEDD1F979E0125FC79FC9D3DEFA3E1818851BF7E777
:202B40004F838F26C72BC1CB7D3F7A7E668D4FFB7FEE7BDFC4C2A107A34025B08DFC768D46
:202B60002BA5E428D1BC44032383A14CBA503D810C163E8146C4D620393877C2CBFD80E691
:202B8000F21B180CD215F180C2B49B2B9DA2A74596766019B98DA33942F57637942F974E12
:202BA00017FB857CB1718DC7C6010FF2F477205050BE8C067B18A36B76521A343B350DCD48
:202BC000E628F0096F5BA1009477BA3D3F3F6AD191A2F6BA3EFF3D3FE1008576BCF0192566
:202BE0003FE11485C3A9D06F071BA573B448E89BBA17CBA59CD94226D0AA5E7A85F5ECC220
:202C0000A9340FB4CA0709A542A910EF865BF7090282C9FEC220A03050482C2FEEB1468075
:202C2000481BE0D9E0DC63E0121886D7C9B08C48A0BA8E6FA60111E6FA60511897C243FA57
:202C4000A7FD22153D6FE22130C048E2122D6FE22530A7FD301638DD32D346E6FA60D34846
:202C60006FAE0500B16AE15F0CE7FA0346A06EE9FF4D75CA17A8897C20FFA9151AC5998581
:202C8000EA223F0CAFEFD1B9A7FDBFF7180C821F4A85EAE1FF0F7FFA21228752609AB0D8D7
:202CA0003CF7EEF1B98448A154B81FC621018C5E223F880D36033A81FE2034B845C3EFD123
:202CC000844860B4887FC3E7FCB26C221BD806FE0102E040FABCB81C03A126804831127836
:202CE00004825BE9F85062D498251B43F1984022B468F51B7BF88C5C211F0AB7E6243305BC
:202D0000D6FE4060F01EA7FFEF99FFC828DFFFBFD3F968D8C0EF5DA83C2BAB00F8C3209238
:202D20000A343FE1C6FE70E0F03EA40A420B07C3FE442473AA341B2731A34A28DBDF47C22C
:202D40008303A5A8416F201BF8818C119C19BC1C236A8907ABFE40C6A0B7BE884503FFF76B
:202D6000B66FE1093041F070091C1F6B01C9FFFEFABFF5063989D94228D03A5405C60AFB16
:202D8000FE80E6207B0AEFE209FBD3F26070055838651A2F4682D1B0DB0B86E6C949A07DB3
:202DA000B2353B1D2AC948877C391FAB18141717F4110551AF82416DFF561DCD803E0B25D2
:202DC00053ADD2AB80F05B8FD56C0A0B6A1F0592A8FBBCF83BD41E5740F868F010091E37CD
:202DE000F1149850BED0381C82D105D4EB7F1169843BE131FE4637766B44025D00F864F0D8
:202E000010191C868D00C841355B0A3C065140F862F019DFC4426113F84C21F00F86170126
:202E200020A37FFEFA5FFC128D60DCD1A934FFA56EC741A5508C20B09FAA18141607F41172
:202E40000561DD79E0123905A0C21605132F8780FF311B11D83C38EC24DD460B6D5399522F
:202E6000A66350566FD4D00A0AC6A305B6A8E73CF00930D414624168816A71BF8845835BAB
:202E8000F8856021DF0F1FEFE1B92993EBFEE01289DF456A0E71D08064204B50528A3415DD
:202EA0006A0A0528987477A2B051FA14537F0190402412AF03AC2C0CA60A1853050E1D8201
:202EC000DC8EC1753A14FFA482A720B44102E0A201705120B82D685C1723A142FB4045E097
:202EE000A0A1705140B823583D085C16F3A0C107266082804A35BD1804820DB0DEFA3E18FE
:202F00001806FEFD2882403DD2B824038D17824029B2C82402C4030567018296FA7F143C7C
:202F20004D1AA36883D1B63F8896022B468C7C329089DF460522FFFDE2DFF804A273D08088
:202F40004863D48D762BFFF7B0FEA05368251AC1B18DD2E6546A1D838B608EC86714687FCE
:202F6000C35DFA8351A71B93883BEFEADFF085C165146DEFA3F18380C8E8546A0874154BA7
:202F8000F7A9C541BE30C8040A63FCFBD37F320FC40B37AAC54A6D312F857BF121A34E2823
:202FA000DA6B07FFEF5AFDC154E0BC6B3095CFD77FCF4FF87FE6BDCF3DBFE11582F67CF09D
:202FC0000DFC729D0E806B79303804C36B05A34328D8BD85C77346A4D03ED36A1D16954623
:202FE000A443BE19CFCD140A0B33F90882A0D04120B17F9A5DA2E7B985DA2C7B9A00941416
:20300000DE873CA54F02A0B13F90283C309414DE83EBF3CEE910FF84E7F74283D87AB15D31
:203020008EAEF50795D83A360B441721FFFBCFBFB22B46B7F118804EB6705D4C0B2332A4E8
:20304000C024701C8C064300C8D3FEDFFB8C1727FFFBDDBFB05CDC6F736FF8406010BD8436
:20306000C37B63B04173704D4C62D10091E37F1109850BED0381EB7F1129843BE1E1FD5C83
:2030800037305CC70ED19BBCE6E0D05EA3141403CFE7804A3D1D1F179E1FF0CFFF0BE0F741
:2030A000A03053DD8C064701A348A8D28A368EEBFFFBCFFFFD57782BFC0E0F938148F5BFB0
:2030C000890134140A264D0705D5E96EB02C9C4696810701C9C064704D5403272BA34272E2
:2030E0008710550FFFDE5DFD83E637237050A806D87A0E01B3F3DF65904807BA570480713D
:20310000A2F0480610160B3403054484C0241DBE4C0E01E9EAC0A0137DAC03E3308240E851
:20312000DA0F8C820320A343FE1B6FD703E740816020F0EEAC6A9340F952AA719A546A91EF
:203140000EF87CBF1190282F7FE0220AA3150482F0FE2A7F8844320390EA7A3DF0F903F4C4
:203160001713D1E587C025BF7E8C469123FC4225943FC472190F04828302414621901D4507
:203180000FF110864124123FC4321910A37FFEF24FFC637302909AC1E0FF503D84C37B0076
:2031A000DFEDD462BD00B05DC88C120115E6C0A0170DACBE9714B460AD106A366A8556E8AA
:2031C000F16D12BC4DCF632AA34828D12FC406370EF8723F738D8D3FE995B94C4220A1FFFE
:2031E0000A6FF2072889746D78A804AE83D09051B537A82FC61702877C36DFB804A273D06A
:2032000012899D09414C7A129A34C0160AADFA8C52F3B4295746417A827C6E101FFFDF1967
:20322000FA82D1A31B381E2617B9A1E27F7B19051BFBF7E7FF657898852AD389917E2413E3
:203240000817AF0103ACE02312386D261D4D81FEE0113806C8220A051AB0C124500F5D0292
:20326000015DB04269B01F5F020320A3676C19AC17FFEFB2FF4064170DEDB79902807A212F
:20328000700904E28D009041277009035C1C179B03804B7D3F0A3CFE9714A360AD1806C895
:2032A00029B747A1F886642794BCCD1633D18049A774D9E53E73469427C17A7F378DCC1E4A
:2032C0004529A3457F101867FBEF1BFC4E37723B4CA68D1AB483C1D4F1112C47FFEF9FFDF3
:2032E0004326BD6D8C27E30183C27E315856DFF1079068F139AA142FA339A345C460BFBFB6
:203300007EDFFE0B46906C7077A83CAE19D0FEFDEC9FC854DF7545F5F460320DEFA3E187E6
:2033200080C9B97E7FEFDEB5FCEEF9FB2DD0523D8D068D98A3C237328A37ABCFB8FC44A643
:20334000113F86520DF8E8E8F130295C57A257040F050283413A328A37F7EF41FE69AC1D18
:20336000AF3CA28D22B4E85020BD9FD8351B11B9915A7277D80CCF2775F779E032BF60BC37
:2033800034060DE7E80942C3FE19DFDC19A20BFBF791FF2012ED358377DA804837BE7B6F20
:2033A000320500F442E0120A0D1A0120A6496090083ED6019080C82D746A7FDBFF7181D260
:2033C000B1BF8824021FF0AC7EE07B0AEFE209FB88F560500FC6D60B468751A2F468352EFA
:2033E0003968A66C6A9F8824F2093C8DEC675469896416628F64B47D3CFF8DED62770090EA
:203400005C36B04A340C8A12032086D2A1FF09B7EE4146FFFDEE1F982D1B11B1827C6E10CD
:20342000698D1A417A877C39DF9903AC16F7D170A07FFEFE8DCCC68D688E02C1C3FE145D5E
:20344000CDC37B00DFEE7970280422971AB444B639AB6D0B7301915624100FDC0A6705A50D
:20346000402415AB042EC170A3DBFE10B805C28F00DFD80DE0BC11282403F5FE82E8AF90CF
:203480000000A82403DB02078B003FBE4FA0300BE4F406683E0801CFE876551CC4C0A01B5D
:2034A00088384C6C0E01528291C8FF20168820344D92040B12EB07B88402C292C78001C0BB
:2034C00060128FE8DC98AC180C20EC33147C0601F4FC86498CC19CC18011A3C9800BBBC677
:2034E000800ADF27D013D8403932CBD0027814024E4D0C091275A2B196002701804A3FA1B9
:203500005236481A055EE20F00805F27B01806A31F0280693110203840B848400C297C9092
:20352000802800C07C295C180C1803F8022FD2024B93048054BFA573BB88381C342201006B
:20354000BE6084414160C003EC903349DB24089E24A61D3E8F85FB0C95AC480080AEB014CC
:20356000988000B814024E1408070E0017A8C7C0A01A4C44080E10004C66241208445400A8
:20358000E0F67DBE3DB63FF900B44100E0FE8160D03807A01E1156557E56F93D1E058E21D6
:2035A000C1000DC1201C2FE0446D92060A11754B8D0015528767868F8C91001156240C3032
:2035C0005823FA30007814024E2E0C09120D23A4C4C0A01A8C7C0A01A4C440922B9CE35AB2
:2035E0006D23EDB120043FC805A208E14A001F048054BF8AB7E002A773A002701804A3FADA
:203600004B3F589000C4CCB1302806A31F028069311020D8493C8E0100D204C10003C0E065
:203620001E88201C1FF201680382FE402A40D08000B7CC0C06017C9EA8128AC1800BFD1C58
:203640006B85E9E38D30C0F27038043E0901807D3F21F17588F94D0C1601EDFD08E18AD961
:203660008003C060164FDC0E01E88188CEB6C1B8438C41194F3EC25D6020B091CC440912A8
:203680009A0700E14100E2C32443A54010CAA7C3E546A64324C26373F8F8107C849FF205CC
:2036A0000E07121D2A009A8B060307A4C401C280C38012A4C4A747C709E0F1C57120F060CA
:2036C00004704807A3F8E5A300807D202133F01807D18230003C3E5CB23C4E460500938889
:2036E000C302448007E7F1F028069311028067F1D027F53007F0010FA4041A2E0900F47E38
:20370000C3E6E05009383C201C394D1A15886CBE7F1F028069311028067F1D0279BC5E8502
:2037200065A5BE60A026F087B10070413060306C332CF1E0F0FFC805A20A130E0B166B0D44
:203740003D441A60925E938E62546095E09561C1E0C01FC01FC01CF3F8F8105CA40A01277C
:203760008082478BC3E9311021B9824A9804023847078E27898E624A62FF900B44145A2F69
:20378000E83B180007038070A08FF7E006175430F5382428202854AE9328B389543DD81416
:2037A000024F0102870787D26260500CFE3A0500D26200E1400260900A97F5966FD0A91107
:2037C00001804A0526801764F237EAA6F067B830C8B8E3EC36900E0F1F020784249E1F82BF
:2037E0002289278F000FD2624B608060CAE080E0C00360700E14118294522466860900F455
:203800007F0AA95A2A5CE7CAE8400A749898100C2E200E180628019FE8B525038070A084D8
:2038200075F05807B7F48D830180593F64384898400B701807D3F2113E009B048070BF81B7
:20384000D520F05FB3FCDFCC0210610D0180590B649FE34FE14520BF48396E51575808DD57
:20386000540A01271706048900058E6220500CFE3A0500D201C1E3E040F08004FF4411000B
:2038800088D0F91000B81C03D10415A71FA100358240385FC16A980C0251FD0383D044C296
:2038A000627FB00B410493347B7489E568002D5210070A7F060307588FA94D8002C0E0125B
:2038C0007FC81C888C1A0417EC5E4462440034E60F4989814034988018A07866A9B5783064
:2038E00000D15990019FA404961EA9080A89B21E817A2120B22001B028049C7A10122F3D6F
:203900000285FC391FF806FF8D31824031519824038D1782403FE0B05F0DAC1A8D8BD84374
:2039200068D26A449E9305F857BF505D4777EF79FF496910EF859BF900944EFA123A5C0B30
:203940005102C9F77EFF3FF4025137E8D3FE1FF9800C14C7FFF7DBFFE09469C6E63B498E77
:20396000D23BBF78FFFA0946906C7FFF7DAFFE414685EC3E1BDA0FDA995781EA20797F8709
:20398000DF2DFA0B83D4FFEDFF0C2C13E1E780C8E03A8C6FE20930F87DF05FA804A3E5D180
:2039A000826A20823058C0582F67474D01C233C1791821BFB009D7F7CC0908050F588FC068
:2039C0002012CBAC06017CC0C0601B49F40601A08940201FC03820183001581402161A04D1
:2039E000050A07122132000B8781753F9038056E65048049C060B8D1782402F60705369306
:203A000082C14C60900D082C14C36B3CA461761DDFBD67F920DCF77EFF8FEC6362DD050042
:203A200082EC261BDEEFDE0BFE804A3EFD1EEFDE2A0705F303829881C17BC0E0A760705EBB
:203A4000B0382A2FFA0946804A3CDD180C9603AA94D1B1BF882543BBF7CDFF20128EFF6E22
:203A600005219051A03AA0885C9044175B130194A4027E1301BD900C6C0FF90ACF30067669
:203A80003B4070B8F80F77EF7A1A02DF76E0921804808C1EE21105B5EDC7E47060984D6F0A
:203AA000E20930EEFDECE1305ABEDC0E470513870982AE84C1687B740FB58A8798A153FEE7
:203AC0001008066FBB809CC40CE30000A0F00C8F9E01BFDAFDB1720860483C12010E4F02EE
:203AE0008FE8A0C2717028079E02050E0713588FC0201A08EC0201A4C4C0A019FC740A01DC
:203B0000A4C401C163E04641E003127900A9400027F2011682884EF00162B58A308111601E
:203B200003302807D85A10E6A462554285E60EB11F80402F9821F03DCC07FD008405C26BBA
:203B400049A1B73002B0D0E8500099585C562E0B72B87CEE1B5C06C2E351F0ED7EB10AFDE4
:203B60003FD59591C2BA50095D3BA1019DC1E5708EC77FD103F84260F36BD41E0F07E0CFF2
:203B8000E5700F8753030190557C120A3503E506A14C3F3039DE4E850FE8503E51DA164EE9
:203BA000851EE840640150543CED0A01F091E04260812123D819F783E1F78AFE685F2B2454
:203BC0000F3B42A07CB2782A17CB0A090533EC50BE5670382807CB3811056681FA3CFF0F51
:203BE000BC13F3EBF396417DAC6590D30E8437B940FB40CB60A3FD0A07DA5A630940FB4069
:203C000040E0A246B05F0F0503ED7B05829004C15F00E0BEBD1CEFE20F309FD260533C6884
:203C20001C17BFEFC0FFC07C1EFFBEBFFF01947A3A187F3F7BEF61FC7E7CE210736A4C0C08
:203C4000421B4DFFF879FDFF7D2FFFDA170930A4C102E1B43FFF279E4788D1FD7015380C14
:203C6000EE112BE4F6203A2A97E247F086FF205008F80C14CC060AEFFB0191A9FF2058F887
:203C8000169E03000003C5014240201F980457F7FB088C81C02750480403440D0C000A1BE1
:203CA0000B0807880487228DF802414BC46234907A17CAC901A1F7365F58057E11DCC6D008
:203CC000A6DE0806FF7F4680482113D804838C0705A3FAC017A0A952B93F63BFE881FC27E6
:203CE000140A4C9ADB70B9DF2FF82C2E23178EC8E6B3BA0D1E9B53B2DAEFB8FCAE9F724C26
:203D00000023E5F77C42A480013E9003B8281E76853FFA5075F40F96FF0342F961607019D9
:203D20000467CF42F95F2079AA16EBA3F0FBC83F101F07BFEFDAFF89C2DFFE905D7C7BC14C
:203D40009DFC41E61CBA440E678D0382F7FDFA3FFF879C220F8D48840442437E1BDFF0B484
:203D60002C23A140F9610A6133B42A07CB53818048245E7804821F23B9DC20923D9DC20327
:203D800023F85C26771D37E20B5080C8E012099DC207B0F86F7DFF7D67FF93E7F7FDF57F7D
:203DA000FE314C26C691013286D27FF7A1705A3FFEE80A0B45FFDB8141687FFB40282D0706
:203DC000FF6205059FFFEB80A0B3DFFD58141677FFA81D84D10EC465BFF9F0B82CAFFF3885
:203DE000050594FFE640A0B27FFCB014164BFF930282C8FFF202F0996A4C1C5E1B15FFC392
:203E000085C1627FF840B84C852620170D82FFDEC221318E90DEFFBDEFFF721482BD7FED06
:203E2000E170986A4C082E1AE7FFB304426042222DDFFAEF9EFD0A80000463203FF91FCE2A
:203E4000E3F3B95AC4E12F1498209C3583FF4B2882AFFFE9005055EFFD143A12E348228735
:203E6000ABFFE79E79051A9FF685D0A61F881CEF27429176367F5BE53E03D8D842629008A7
:203E800004C4AC0BFE0104001336BCFFE0500CA80C16B7FC0313E3078ADF82C1744060BD66
:203EA0002030503F97FA4592D946E55DAEC542243E0B118077494236101FD88C14060103BE
:203EC0008041C060A1A0304531713078A8C86C700C3C7C2E1A4A070D3713929E84C150C07C
:203EE00060A9203059480E0A027907F74086FC403350203830A0480437FF00FF3A04FDC10D
:203F000080A100D1108058AD240A6772F279F3BF883CC247488BCCF1A0705EFFBF1BFBDB7C
:203F200008848F52240110DE1FEF4BCFEFFBEE3FBCF0B848C52202170DF2FEF182E0A0BF67
:203F4000EE181414D3FDC0028299FFB7A050536FF6E80A0A6BFEDB82C26D01613623B0903C
:203F60009A4C10761A5DFED405C14EBFDA502829CFFB44050538FF67C0A0A6FFECE79E0111
:203F8000BFE351A01208048285F28CC0F3B428C763F1078B3683CF3FCE00A000B078378299
:203FA0000320F6F9F4B9F84C441E11E62A0128C4EB6CBE6A17CA6441053FFA5875DA5FAC99
:203FC00006A7039DC06573FFB5F75B59F34024145F2D3FE1FF98583CD00DFCC368521600EF
:203FE0000DF8805C606090B04804043E324F20068B81C03F8270C001702804EC0A200E2409
:20400000003631D41C82ADCCA09009380C171A2F04805EC0E0A9FF4805C7D1228615C1CF15
:204020000460B9F400202D848B01E850928140266092D9FC7C0A01A4C480C1622040B08078
:2040400003BF8807C182120700E701C17E6017AFD8341FF601F803840005FEC02E9FC0492C
:204060009B25020500AC480AA3619FF5491038280FF6010B2B86867FD4E11464B640E183DC
:20408000506050E0713A08EC0201B884401CE133F8E238F81C02BCD308811A87140708B33B
:2040A000064706432A0052FB1E0007F8805E89051124EC93F8110C221C601C1144CB3CA8E3
:2040C000FCBA7C9924681C48026C060170FD0548FF601F8FDA1484040E2C2E65960F3F8F33
:2040E0006F820182738309848F80C2800186C46240E14001607008DC0C7614001C162C00C1
:204100001619FF3C8E038CFCC02F4B308251A006A530E7B2A1D1BFC807E172092E64762641
:204120000300B87E8EA6CC654BE1436248A0BF235179FC7C080613498881402B11F8040217
:20414000C93F03829005C16382E14060DC65A028D36E71FA4C491C787C6864687C7C12017D
:20416000F93688058B219133835B845F82489D2687FA7EC1A2CB6243A4562645644427C1FE
:2041800062D660C0044264C6A0BF41522EF08F30C0706005EB932D33F02804CD6A59A60DB6
:2041A000261C0037F900BA4109686398863B1007F007F007F0073D047503FC00663988810C
:2041C00029FF9DFC33F6C1201F9808CD78009C0A013304900033479D4F93CFE3A0500D26D4
:2041E000220500CFE3E046D611C1B82000F278300798140266FF0C0907588FA4C336C138F3
:20420000CF8E468950BBC597C3E931302804700E086A4812412E308608013CA60F61822B5B
:204220009DAC47C8E84468C97060500998248084B86D68005E7F1F020184D26200E140601B
:20424000DFF1E010081C03E90315A7003B33E747C70F8713A708957AB91C85AC47E0100CBC
:20426000FE3A0403091CC44098EC80145260D96CC3AD401FC01FC0196B11F33E581C03E933
:204280000375FF0043AC47C4EE6050099824340E0133FC9CD4E7F1D028069311028067F114
:2042A000F023FA8000382403F30112A1FEC02E9FB29A96F8B8E24C109D18005D52100F3A53
:2042C000002702804CC12400184D71E0900FA7EC1A273F8F8100C26931007058E81402B1B9
:2042E0001F0D89058B0784902BD740572742E4D1E110E091E1016086664AA55962C7255130
:20430000A5C00651E2F7107639B2D994B991F9F579D2B834F882D92001763936C948082425
:20432000783CA8019A0C1ACC1B0C1AFC201C1003F8011FF201748220FF800FEE20F008064D
:20434000C305020788AA420101B0C1312003702804CE02091E0F2A173E00FE002BB883C00C
:204360002019FC740A019FC7C0A01A4C401C280C18003D52104D56FB0409200F2ADFD8D388
:204380000CDF08EB0400AAE10501048F6DE56B840382499404900D91689A0DB42EA511910A
:2043A00061836788C700C737CA154E97C7C70AE18BE109E081E0C004E0700FA40CBA5EB1D6
:2043C0001F432653BA007F0013FEC02E9FC19AFCFE3E0500D26220407080087588F8DDAC89
:2043E0000A0133049007951C9280AEA2000240E01F481B1C3E7F1D028067F1F0280693109C
:2044000007040B060304C36A0052770E73087B046D5E3F08B30E3F10D50E00CA8306AB3642
:204420009706A30E679ACBC6438302804CC0E302E3C00AF3F8E8100C269310070AAF370304
:20444000807D206091E0B1A2D3E2B26131A4D2E001EEB0EF32E172E1B3E00979FC7C0A0140
:20446000A4C440A019FC700C102C100C202C15623E7EC800D0CFEFFC805D206876B0280483
:20448000CC122602191C0F18EB279FC740806134988038534A8218E1FA32197003F41AF4CB
:2044A00049F4CC944AF7DB97F88C7BFC482C183C59ECB404123C018D6E1D66100E0800B544
:2044C00056081240364401FC01FC013EB11F804033F8E8100C26931007058F8107C8000EF8
:2044E000C0A01330490007F7FB17D8403827BA9007F007F0079AC47C0E24161C0096050031
:204500009982480002C7311028067F1D02806900E0F1F020784001181C03E8162600302F25
:2045200005037FD1007F007F004B81402660920579A174A0057FD805D3F6274758904020EE
:2045400019FC7C08061349880382C702C2B8E8B5618004ABC42AC733C1A458FF60174FE099
:20456000B4AC0E01F4300D00465383CFE398655769A021F2815241B7A7D26007303807D271
:204580000635CE00FEBB110267B7138516871AA7359FAC4820100CFE3A0500CFE3E0500D02
:2045A00026200E141E1C0E0C013D6E6605009982480CC88FC984C5B3C1B5C5B4C385C39C07
:2045C000C99BC39DC5DF30301805F305011D84018323839ADDE04D54C5732000BFC805D086
:2045E0005E09260F005B0403065F07805782001D338D8E0CC1000796414107A5D0E0A02085
:2046000050E07120053342C9080C0269FC32927994269082914781C17F7F900AF384500099
:204620002C9E4700805F305020184C0638061748FB0535BBC0A0120BB40601A08E8B45C0FD
:20464000E01F42082DC4260100940DC1001BBAC880049BC1D624100807425900805128501D
:2046600020384003BFE402E90401827B88FEC02E9FB0182FE21CBC060134FEAFD7CD20A7F8
:2046800011C6D04B70F64A040A01A08E35C54AE0100C063E04552502804CC0A200E26010B7
:2046A000082403E9FB1289E04240614860C060F4988814026B77279357952F8F0387118531
:2046C000FE402BC070903805798608001E03009A7F5CE455244002F7101B347A0900DF8000
:2046E000C171A2F04807500E0B260305AA01828048271B5865321B4DD650A27D98652729F0
:20470000238652A1B4883FC305FD8601415FFFB9490C200E0AE5FD9051A15F0B07EA012869
:204720008176E4134F4F9FEFD39C6F7C10E80482810F804836140824031603045707D993CF
:20474000C12012DF4FDE8705A343E8D91A34728D00F8C220D9493C41183F7702817C375FFE
:20476000EB06E7112398D2A6549991801537FB31A34C40E0A93FDC448659489378261468BC
:2047800017C39BFE95DA637B39DD823968F5DA6596180CCFD7618A6E6D569C9D0A3FD0F529
:2047A000DA3C91A84F53ABE982C8EB543D150A09D9DA7EFE7F281FEE2544CA6C64349F4C81
:2047C0008E434A8F1241493FB20028290FF7D3218E81C1453FB59F54120514E8DBFE10B8A7
:2047E00024EEC05D0788FF7C37340F94C62711A545E931210828620414580E0A11FD0A829B
:2048000088EF3CFCDF4C03292AA35068D30A3407E1D0FF4128D18DCC3E979BB446ED33BC6C
:204820006EBE05096488CD40711F388E237FF3B7E3FEDE7806FECD1E824037E0305C68BCF4
:204840001201D40382E6D020900C580C152683048064C1E0B5403052C9FC02412DF4FE2809
:204860007C3B44168DCB8D43A8D23EA743D305895468799A147BB3B3FDFCBE302FDC466799
:20488000CBDCC03E30883F939B02871881408D822019080CE1720A47FEEC6E71123A0D2AA0
:2048A0008349A12BC16DBF939A35040E0B65FCC44867948867827F49A07CA23139F52A7696
:2048C0001305A8FE4F40A0B4BFC088288CE8120B2FFC1F8393FFBABF88860371F18043E881
:2048E0001D1984C8BA24002FF40309FD3E02BD81C1014183C1CC036123126E84B367A3B49F
:204900004EF732BA4E664728A5484B00AEBFCCCC87DFE7C44062844192203059AF13F10898
:20492000C0413E318802E817FE4146E27E319809358603F0A2FF693469C51B7BE8FC50E003
:204940003F0E9EFE57699C51A6760F5DA65D6180CEFD761817C38597AFC9C9022020305003
:20496000480593FB33FEC080E10260F8F008287434E4860B0700DFD9A3D04806FC060B8D59
:204980001782403A807058A8CC12018BA00B815060900D880C1618060B4B24824039207064
:2049A0005930F82D547A09C9B66465CFF2A000D028070FFE0D220705FE80402B1208040378
:2049C000AB9081403498881403AB8F8110CD8B41014281C48006F12062F1E291E21163B31E
:2049E0002003A291ACD14E314004F048067BF4874BC481024895D28BC79848F572102018CB
:204A00004D26200E16B12080403498907850183078B00117C857F870387001910A1528F1A9
:204A2000882FF01C58845C0E019E809BD00D410EC69A4BA7C5A9CCB058844686488004F5E2
:204A4000721020184D26200E16B12009850383D26242E14060F858F0185D283C185C370B3A
:204A60001D025496589D1B8329870025608B3195719B5190FF014381C49E5183C22C831BA1
:204A8000C8C0601C4FDA0D39C4E18431948BE4A8016E93130280693100313C2C780C2E948E
:204AA0001E0C361942AD263C0E1C462C003E0700CF074240601C4FDB7D8964DB7C883C3D8B
:204AC0006240291E6505FE038B0015E16387E17858F3B15618D2993728F001177857E9FECC
:204AE000240CA2542E245A315C18560BF46B22652B589040201A4C4BBC280C3BDC180C1E8B
:204B0000941E0C361996F57A34524C42341A34B674CE643E53F500805EDB608060DAE0DC7C
:204B200060EB1208039C400C23CCE18C7C0601C38301C5A1D18F4641C0A1C0E24E25CAE48E
:204B4000F88A814DF0A5D1E572A3717008056241007B880187E163C06174A0F061B0C0024D
:204B60007168082C4C704E0BA12B80403411C7B9F648B538F0385768F81C03568020C51AC4
:204B80000023C48187CEA6D0A3424180E2C5E7C00760500E1FFCFA9CB2B400A789020A9442
:204BA000819156E9203609FC0241580182B347A0900DF80C171A2F04807500E0B260305A1B
:204BC000A0182A950E09008800C15C36BC3B44168DC3F9D020D9B83C328D0DEAC0645009E2
:204BE0000C13E30880427E177FDC024723B04169765B056AD11ADCF0FD300A24C28D70DE44
:204C0000C52C15CB07EBCF00DF96C1CA301076F2F814034BFF0488FF0F57C0E01D0810CD6E
:204C200078EC4E74767AF7908140349888101C256240252FA681B34881C788C59E41E360A2
:204C4000247248D18411E001F588FC0201A4C4A7C280C403C3000792CA8345C12016B058AE
:204C60006DDC07DB4382402200305C68BC1201520382FC6D787688351A07F082C0E012B837
:204C8000651A29BF80C9E012794F430B68AEEE63B498ED229FF4EFDCE3B4A837C251FD04B2
:204CA00082B8C6A9106F846BFB01914024304F8C420109F8583F520A345A93FFFBEDFFFEA5
:204CC0003B450FE11081F8EC1F3B456E0F12EACCED123B05AF73D5FC7826133DCF17D337FB
:204CE000A24A28D09F85D7F538E2C12129E112BFB79E6960FA79FABF8EE4C247601483E26B
:204D0000FE3B940804AFD7D1F879E01BF9BA7C329C1CF7C303C5C135AF522E10755FF0243F
:204D2000786C88008D5A0627222F1A210FB018921997000BCF40BDAB904BD06C5074C038F9
:204D40002B04FE0120B347A0900DF80C1750060B260305AA018280D1A034884FC24DBAF83A
:204D60004DA0120B86D6194682D1AB1B99C5269FF4F2DCE714A9C5220DF0B8FF0160AE33EF
:204D800050482B1FF38768EDC1613D59A52681F2E5C4E614A9884C158BF80B0511F7F9E1C2
:204DA0003F08AFEA91B1970DC179AE72AA54A8320AAA3705E6B8F8BCF4CDCCA85E0B9B136D
:204DC0009252A4A15054A1782E6C47AFE7C25A21CB01B9580C8A9101F868FFB60DCE2247DB
:204DE00021A5486931B16029B7F23B499001C14CBF98890C7291C0F3C68420B6DFD9451A2D
:204E00004346FFFDFD9FE82D1A2C0F0598FEDA37340F94C62714A545A930E15828E7F22165
:204E2000498A81C1460D00A6311F1F569109310880CF7BBB1818384EC20304F8C4201FFFCE
:204E4000BEA3F728A35C37BEDA1C1201100182E345E0900B481C1CA60900CC01C15827F073
:204E600009059A3D04806FC060BA80305930182D500C14236B58DCC229309A453FE933B9C2
:204E8000C229506F8797F6090571831E4175FF7F891402430AF8623F508DEC037F3729864A
:204EA0002D83C164A078881BD868002C0A01ADFE824783CA8DC87F83A6400BF5D02048783D
:204EC0001C03B1010E90088ED7C07C0D204D606DE07E60382D600C17D68F03804E36B0DAD7
:204EE00034128D58DCC3E9340F964A670FA543E9106F8567F60B053186024152FF749DCCFC
:204F000030320B27338452A120F054C0C82C9CC7E3E79848A0121857C3E3F9A7FD30173B48
:204F20002D83C7609C6F7D85F1552A1C122F9D81AE0B40A0181FF024783CA8005E09DC20FF
:204F40004E245E3704F21C000BDCFF8FC88E427F40E2CEA60A650000E7137778A7D83B0400
:204F6000FE0120B347A0900DF80C1750060B260305AA01828AD2E070080D1A0348FFFDEFF3
:204F80001BFF84DA0120EE40F5C5419FF8043E0579907FC0E0A0500FBFF41614120C320E0F
:204FA000010091814103C3C8D0840420FF04D082506270A2F121D0603079980C03F920A330
:204FC000423E1D2FFD57D50681C5BA320A340753FFFBD23F904A34629101F8773F7E0DCDF9
:204FE00003E53189C5A9518A4C4A9106F8583F512A4C5C0E0AB9FA0A8288F77CFE3B441305
:20500000E3108050FE10881F8EC101CDCCA8DA3B1442932BA3407E128FE40649DECEC0625B
:20502000294219680CDE870480440060B8D1782403D80705609FC0241668F41201BF018235
:20504000EA00C164C060B54030515A5C0E0101A340691FFFBDEB7FF09B4024138DAC128D7A
:2050600058DCC8E9323A4503E552A1C8E9506F8471080AA54190238143BF5E484CE1FA4718
:205080003A0B150280673F8070E13070C0C84108389423E158FFC828D08F85AFFF04A343B9
:2050A000DE80ACDFBE971A052A1D05820C017FE01FD8072BF5038040C0E102A0FFA6A19B54
:2050C000680C037EC906D106D906D12FF8DAC368CC3073EA4D03E563A1CFA953E5C82DFF23
:2050E000E4160A833B0482D8FE693B99D86415928737A54E01E0B64190564A0FC7CF08F814
:20510000597FF48D8CD4320ACB4398D2A621905A50C82B2D07C9E7C160207187A0DFE402AC
:205120000300C8FF8120F23019652A5B49938B41647F329A4CAC0E0B1BF9C44864F48E6F02
:205140009E4AE10511FDF8ED103F847E070095C537F0193C024F17E8C802A0BE1FAB46E6F2
:2051600081F298C4E3D4A9052632310574FCC6A931F0382B81BC14C623E0FCC66126811214
:2051800009C51BF1BD9051A11F0E1FF80A0FAC050529A37FFEF1BFDC128D0E2482E6FEB91E
:2051A000D5286402013D1788C0C06012CF3F429FF0FFCC8060A6705F8C2201FFFBFA7F1D7F
:2051C000EF3FB2870480440060B8D17824033007072982402C13F80482CD1E824037E0303E
:2051E0005D40182C980C16AA3D04CBCEB137E768D003EFE402802F5902807FFF80D2609067
:20520000744A140A01589040201BEC8408061349880385269F228D6DC9EAA1C5E3E050094E
:2052200005DA022F38BB0600562F52D70E070703804A85E986A1C008F411D803AC626C18FF
:205240003C180C1E9426091E73FE1D1BC2C711C2F088E08008E0300FFC100E2C0134AA14B2
:20526000B6AF411D7D856183DF30C1562400F0A0307A5098268AD81C0255FF119B00557AA4
:20528000AF798777837B8379BD6FA5149BAC47E0100D2625161406201E19174D1F7522DDB5
:2052A0002E84007D6EFD0235068D5A7E0700957FD82ADFA8C3645EE0C060F7D907585DF607
:2052C0003DEE24060E41768083C45624087668F36C162AB069F1603080F0C65923B5303885
:2052E00004ABFE455E0092CB4E1F1AB39F588FC0201A4C4C0A01A4C400C4E823B00806FBB4
:205300002102806FB1E0F041B0DC2C700C103C156240E176EB4E272A7B068F08AF14E3489B
:20532000B344793A251A230F02807FFF82322150A1B2A231A252F588FB9C338C300C1F578E
:2053400021028070B1F028069416099E0F7C0B04230E003E6D3ABB363126DF46005A9F52B2
:20536000000B588FC01F620061EB120804037D8F8100C26941E0BAB900B8211861D8C1381E
:2053800027BB559BD005542A5EAE420500DF63E0500D26220500D280C15623F0080693129A
:2053A0000F0A030758904000610261CDA74D625F6C55E949F460700957FC1A27AB9081400C
:2053C00037D8F7585D2BFC1C7DF624060EB1208004C2482ED010B883F9B3E896BC3FC40390
:2053E000C0AB14AF26004A8B0E071E00764B3B588FC0201A4C4A9C280C403C308C4480D63C
:20540000DD7E85D32C015FF900A01DFA40A01FFFE01C58A508001C0E012AFF89CE93D0A1EF
:205420004ED623F00806931302806931003140F0D589040201A08E00C14760100DF64205AF
:2054400000DF63C06080E0C0628460CFEE57AB4003E0300FFC100E2C005DC66C007DBEADA6
:205460001E3D2E7C56BDAF2CFE8F411C804037D9027850383000393C8D4ABE0100AA421541
:20548000617411D1DB1778C9024C2A0C194C1F3291016FB073931DA759B47B82D26260507F
:2054A0000D262006258E0C2E2D9E0DE66CD6A056381E360700E07FC1E57710980402419121
:2054C00081064402C58001D5210090FFF8076206D71200664B12004F01807FE08050E071D1
:2054E0002354A2F5200FE004703804ABFF00807FE01D881BBE8EFB21020184D26220500DF6
:20550000280C15623F0080693120F0A0307A08E4002632A9082AA34A8F4EAB7682028276A7
:20552000828116518009B0C780C203C32F6F8014B9C17FDCE1206477AA5A3588FC0201A4B2
:20554000C4C0A01A4C400C4E823813121F06955E9D56333E9F3E004302807FFF8072631542
:205560002004B03804ABFE175600FE002B588FC0201A4C4C0A01A4C400C503C373291012A7
:205580005AC81403FFFC03931BAF6FFF6BC181C0255FF73B9599B57D54FA56A955BBD358FE
:2055A000550A772C116B51791DF6420500DF63DB614160DEE301618461006089E2E55073AF
:2055C000AA1AC4820100E04241E24162C000E676DDAC0E0101B443A9503A36468515E8F00B
:2055E0006D3A2F8C4245A2F8FBE2591A143BA382B4406550BEC70AD112D8C06D38AA141B33
:20560000A158B4CA3639BB4C6FBF288590456520300DFD575500FFDC36B0DA5E7AD1A6D8C0
:20562000CC28DFFFBF67FF04A35E373F3B45AF7335B4C377320A35C37B280A82E77FE51B6A
:205640009F5DA36742817465D4696DA7E5E780C93E3E7806FF013F804825BE9F8506894B60
:20566000A2D320B468DDA24146C451B3147D04B2146213B185693E31483D53F114A67EEDDF
:205680001DCD8EF2D1CCD8C025B66E86E3E30087D97A108FDC17EDB6FDFD7EBA8A2D87A3B4
:2056A000318ED7FB1B283C47A126F840E0504994728D03F0586D191A155FA5A4B4C0259FA8
:2056C0009E8CBE972EA446ED198A3C0251D4E874BCF32A37BBCF898D48E5304F8C820B1C53
:2056E000EC40647A3B0753D30591EAB6393B0E8ED30BD8D8AD35AB0C0247C4F4C16673BB75
:205700004F6E0F03EAFFFEF92FFC025135E8CCA8D0090CA28D2CA341FE182FFF5BCFFBB08E
:205720007A3CF02F8C821904F5C3207209CF0FD30188772C121B4C5A9119B0D13F10C8061E
:2057400083E31090683E3EF88762C301D8F2EC161B4D66C3A0B4E62C341D8E2EC399B4C01A
:205760007634BB0C064323B0F13D30190F288E0BEBE79651B5DE7A251B59E78251B55E7DAC
:2057800005A20128D87420320817C28BFB806FFD90C80483293F80483D0070555D5403FF84
:2057A00070DAD1A9746A64168D1BB44828CCD0740F860B010096D0FA154FC45279A4F8C59C
:2057C00020D0095CF7A1B2B4402553AE86768503E9DCAD113A26768502E99341C7BF7A5F90
:2057E0008C820920A37FFEF0B6682FAF46ABF88C4F2032BF881C14527945FC462193BD9E78
:205800006AD12ADDD57F11C963541406B56885512B560AAFA60B328D584420AB92BB4C0F9B
:2058200063DDB0482450090C81FE0A05FF945A621B1C1DA2012B977426769CDC1E07D5FF90
:20584000FDE005505CAE8EF7D170A047E971EA446ED118A3D57F11086402512AE860ED1446
:205860003DDD0AD1634582904CEC76081DA64761EA7A60B23CD6E797B9A1DA6C761C15A764
:205880004561D9EC73961D19841572C3230282EE19C241FE1CFFF743CF2CA3787CF930D8F9
:2058A0002804AFD1D0B15A6B561F2F9FE760FBF9FE960F3F9FE768A2FE2113C1983FA58314
:2058C00079E7B86F601BFF64320120CA4FE0120F401C14E36B0CA34A08A0A0B468AD220FFD
:2058E000F0D57FA294B8AA4C16628F14A4C569100F84E3F12396473B315F840E071FDFC1F9
:20590000279E48C70FE30481FB63122A340243286E82C9FFA114B8652787E980552413CC08
:20592000ED82D960CD5A2220305A1F8C4243A1F8FBE23D1B0F6AC138DEE00CE0BE06F0D42A
:20594000DBAC0E0125BA40E0155D5403FF01A5BE41777E70A8B4020100A84100808001A9EE
:2059600080B0B0FB040A970090466C170A3F10780B810CC3FE05210004A09C81002F4426A4
:20598000701D2A0043B88DFB0800B509E05E80382864420120FC43E01208752E0740D9FC2A
:2059A0006C17F8374763F5C457E29BFB7FC30D0080482E147D9FC6E17F85F4603F4F050FED
:2059C00067F58057E0DD188FD3C16F86074401C1DC28F0080702FF8AA15C36B06A34368DC8
:2059E00000F87B70178A4C8BE9FFB9C8FE10181E2E8513E848BE1FF80407EB88A8E2285054
:205A0000DE85CE9922FA5FEE321F840E03A1A141BA170A4E228503E8407EB74A8E2E852C03
:205A2000E8DBA9725F87FE0399A143FA315188285F42D74BA07C20170CC50A81F0E3603023
:205A40005EA82C03FF28C66FE012080C82E1BDB2D2F3342F674347F5C454F3342F47424A8E
:205A60006B0DB3F8C1A5FE1E856E9181A177BA15EA4E2E85DBE8687EB84A0E2E85D7E8413E
:205A80007E1FEA1ECFE3A0B7C4FA3020486A07C31053070399FD2FD13A07C3058097412F3B
:205AA000FD5E2FCE0B40E17CE0B42C850B95E7A7D271B4285F469D4BCD50A01F0C2E029B14
:205AC0004B917D2FD10CC50A287F09BEF3ECFE340BFD9C961A817FB17453A0E61F4BF45211
:205AE000BBD198D1A5146FFFDEB3FF804A2D7D1A0D2E25F4BE44607EA8140E31D0D9FC6C2C
:205B000017F2D82A0CF7A33CA474F6543F8402E783A14EFA103F8DFA87049DC465701EC4A5
:205B2000E291C4AE457E97C8FA0C150E63D1C650B92630560BFC37A33116888F0B44777B06
:205B400012DA4F26B9DA1082B85FFC9D1837D3C143D9FD6015F81F460321E37CE0523CCD83
:205B600000221FADD180C80220A4D00FD41BE9D0F3C4243C11884E5F47DDE78849391E74CD
:205B8000D828FC07A3A3A1457A12C82407AB8BA1543CF25F84028723FA5FE07B3F8C42DFCF
:205BA0000C6E86885BE0FD189D222140A07C22160D450AFDE780C827FE7804827BE7806F9D
:205BC000E01028041A010401828480C140E0106FFC00220A260B05460182C9F02090089873
:205BE0000C1406810580403817F8186C165E95048000C1C0201FFFB4B7D3F8A1E228D17AF6
:205C000034728D00F870FF705A362377D8FC402C1B6FC40321095D84C053F6768846FE4F1A
:205C2000F080C1E6FEA81C0E35D1866CE4F4B927C3FF02CD50A3FD18A7C3FF03827424941A
:205C4000AA1FC20173C9D0A6DD09151A9146F8DA3FFF7DFFFA0F46B46E41A0E6369FFFDFA3
:205C600071FEC86EEDFF0C241601239851B91F8804C201F0AAFF25146DEFA3F1838B52F304
:205C8000542EE74347F5C454F3542EC74249F4FFDCE47F080BCC141A5FD1E8442938AA1780
:205CA0003BA110A564E85CBE868BEB84A164E85C7E8413E1FEA1ECFE340BFC13A32382729D
:205CC0003AB6FF861A0BD4F3ECFE3A0B7FDFA103A5E7285BEF3CF68DD2F3BFC6424060A8A1
:205CE000D00835C36B11A5C168D1BB4442910EA36628F04A3463636FF863E0920A35C37BBB
:205D00006BB4CCEC12BBFC065704DFC0A472BBBC269718DFCC2C11BB441A9118DFDBFE1906
:205D20006826628F00947AFA1009679FA00D07E6F3FB21900907921F00907A00E0A71B58BF
:205D400002343D1A1B4681084161A0138DEFFFEF21FF40251FAE8C53E97C8FC4BA1C4F9C63
:205D600016870395C4EE122ECCA29522A06CBE360BFCF7A326A57936544F8402E994A14A2B
:205D8000FA31095F97B3E2F3C869723A06CC360A2BD18FD27C7B2A1FC20173C5D0A05D18E5
:205DA000848E2770EB79E07F1BF50E093B88CAE09D98003C15BFE18580733CF17A4F2EB968
:205DC000D37B82B85FFE9D180FD3C143D9FD6015FF7F460323E0FCE0521C5D03B7B2E2F940
:205DE000E09F1BF512093C88CB369D886D2A255DC9D0B61D88A4AF61D9EFF9F643305AAE1C
:205E00008C17E9E0A16C8660B4BD180C8B8BF3814975540F6F9E01BF80403817F81C0201F0
:205E200002CBD2A090001838048E5BE9F9D062760A3DA3A1F88A60209468751A714688D1A4
:205E4000A0DF0F9FF60B46C46E6700905F00482B06E7FFB2BBEE771F18043E0BD1D1DA24F1
:205E60007F081C4E47F4BFD0EC7B1B7FC30D059451A05B0DEFA3E18180C86C169837C363F1
:205E8000FD804A3DBD1F979E9FF6FC5CEC588CD50A4FD88AD2E2B488DDA24F79CC51E20268
:205EA000F058F82F9BCF07DCC075131A3403E13DFD4429705A346ED10DA406C1C025BD9E10
:205EC0008FBBCF0096F5BA30FE675BF100E059A8D0FE3653D10780618060A012FE5F46035A
:205EE0009BE67E22930E3F9EDFF0C2C1789E7F64320120F243E0120F401C14436B04A35812
:205F000036307A5C1CCE0B3147902CC1673F9BDF44428104A5C0C220A3147886F601BF1767
:205F20008B96FA7E1418B51A3F468048B11B081E21CE0A8DCDF4C124507CB4EAC100975848
:205F4000BA1B6F8C02BF80F867B0123F87FE07B3FAF8A9F02E86CFEB82A7C8BA3282B82C55
:205F6000DFEE0946804A281F0C1E03D768B5EC6D588AD6C6578881FD29F41D88841417A38B
:205F8000DBD948A5737E84B7B11295CE7A142A34024708F5C1A0312FC4061791A150FD506B
:205FA000081FE7A30095CCFA128A34175504D4FFFEF43FFC128DA0DCC13379BB558F670403
:205FC000CDD068D5AC417C164A0DAA8164A07F19440A0392CD5AA0192ADDAA6546807C200F
:205FE0008730578D9C1331FFFBE2FFF46F049E77DBD946E57CFEC4A29321FD40FE7DB83FAD
:206000002BAB07996DBD7D287F1BA505F0503E50991E6A85F6E8D025DBFEC5BFE186824B1F
:20602000FC16BB446E1507E8C1F3304CC41BE1D25D84E4743B3E79951A83469451A0FAB841
:2060400007C345FA0983F77439FE7826660D9BA5623A5B9A5E029FF6FC5CE0D9A8266335BB
:20606000428C762578889EC60588CD50A21D1B58241508120A17D19CD1BFFF7A57F86E0FC1
:2060800069D19051A11B0DEFA3E181CD50BC7D03883D5F9EDFF0C2C13500509F0F3C060541
:2060A0000086453410680000363BFA090E0007028073A06090B808F85C5800AD3A021D36B3
:2060C0004B1300807FE0F58820849EBC2A4A0100AE420FE17D007040B07E884A3C5AC46AC2
:2060E00004E97CAB54F0C989FCC738FEC800176502F64320120FC43E0120D44FE0120F40B6
:206100002C14322100906B0160A71B583D320F4B9051A3768CC51E0C070593FC602AB05A09
:2061200058341CA28D38DEC037E33063B07B01B86807C681438FCAEE1B582D1A1D468676C8
:20614000259228AD3205FB81D12477F814AE05D1B1DA707428C742DFF0C5C0235E080C86F5
:206160000DF0CFFEF71B186D2E01228E51A337F814A605D1ACDA7534282F420332904AA0B5
:206180007F19640FE9D1F4F9E592381FEE05449051A0DF0BE7EE01B99A582E1BDB7FC30FE7
:2061A00000FDF9E01BFD84FE2D8280B106E023EE23702805F6041523A487AE01FE36B06A7E
:2061C000343E8DFFFBE2FFF80D9C02491BA5C8A8D1D4902E8EC679B9814A60BD18CDAA3336
:2061E000B98CDE601298C6FE39464E07F7F4629B9B7FC3190083781380E61FB0283B47EA25
:2062000021B1804921BE08E51A477FBDEE6032391DDE6DB184D2ECB1BD6C42BB4382FC705E
:206220001459AD8201209E583F0C20588807ABCF6FF865A01E7640480483478B976EA01247
:20624000396FA7E14185D8321B082D1A1C8B0545FFC025100F86BF0158A5D66911BB4662EA
:206260008F80A35A37331A34A0320AA1FF887C7190F8251AA94F857427768A8D23314788DA
:206280006C6188D058F824828D10D86F7D1F0C0CC68D401382CA7FE09468C6C67768A48867
:2062A000417C7CF01914CED101A3576C333B4427515AB04724535B441FE1F3FC4024500945
:2062C0001DA2D3CDF4C1A4741A5403E340A1E8FEB80A9E4E85CDF4C128903CA417B3286ACE
:2062E00082FEFE6DFF0C3C1241E0836AA07A9F77DF65FB8251A01289BF46079BB55A61595F
:206300003EDECA012B846FE012281D1B9BE980403BBE9834061D9284EAA01F0F1FE221F119
:20632000C52841423A130B44337706F876C860B2D048048E6760D379E09A984EA201F0C3E6
:206340007E20946D06E65146826660DF0C67E60946B86E47A0E0BAB80E4F576A2082C9DA8A
:20636000ED500F8700460A91B14183D87E66168837C371F98A3DC176FA3B6F3C173709D62B
:206380006AEC50FE643F8B94F441E0185018299DA33568E841227D4CD5A32304A26FE85FF1
:2063A00048058B356099DA2357F80CAA09BF8148A35771F83AEFE9760E7FF4B2EBF73E7A8C
:2063C00017D3002105E7F3DBFE1888258FCFEC8640241E487C0241E80382FFF7FFF3F88609
:2063E000D6174B8251A37688552331478C6C6DFF0C7C124146886F640890559FD418321265
:2064000008190500947CFA100967C7A3EE1F8C8CD1A21B480492876886582114C8D42B699F
:20642000EB89CBE05D08352F354281F46BBF88252E01F0E6EE6DFF0C3400160EE1478053F3
:20644000B0100A580C10C48C1C622B683117BF198796FA7E14FEFFE2A9B0E87E209E08254B
:206460001BBBE984E2777EB8F4BE1B468B51A3F46EEFE259A0A7FAA3D2C85743BFF89C7849
:206480003E9458374379F18043E1FD1DEFA3E14F837C3CFB89DD1A654694D1A4146E6FA66D
:2064A000159AE6FE249800B83807C25DBC33830582C798C3FC369DFFC4C38154B4777D305A
:2064C0004AB6F3D71497D3FD51493B3415334F42827479A1305F0DE403E1851A82C5C03E3D
:2064E0001BC4D8319831D83FBED6119E8753FEBB28251A8BF0805D69168DED0A9FEA8848E3
:2065000021BD0886C6154DD450A19D18065A09F1844020DF0DFFEA11B982C8E476081EC303
:20652000E1BDB7FC30B00FD79D020FEFE782C020102258323A7CE91CF4A359038000024032
:206540006016AFE82428009FEE01DE04861385AC4220100C0480422C2E0BF8312A006A4FF3
:206560000A67222B2B2AFE80C10BC140E0199FD0747F51C2088E0C000F07078FED6234CEB0
:20658000A7E2813480CAE29D0DBC8201F0ADFEA31B1B7FC24300826C221BDDC03C154FF553
:2065A00000947DBA3B90482A702417C7A30191F105A0A212280486D146837C3D5FE028383E
:2065C00067FBCFE7806020950FC6D60B468751A31468E4862F468E05C1697F36BB44AE938A
:2065E0001A856C7D71397C6FA32AA54CEF122B0CA69513F840E07E2B059AC30CE840A670CD
:206600003058280CAE7DD8B5E220F33EDC22C76091D2E476080483F1BD07879052FEDE79EF
:20662000052F354295746D5698FD2E2744814AE1BD88F52E3D4AF1D823D4B91D86D769C9F5
:20664000D0A25D080CCB27428BF42DFF0C3403C5E78048E4546A17E2313FE27A60733B1537
:2066600086D5698B0EC142FA32091F67CF0191E8EC1009148E8D43FC4625F63B0F33CF0294
:2066800091FDBCF2FD8F13D300B3F1BCF6FF861201C40282CB40383E7A5D3B0100ACE3A053
:2066A000700D5FB207000002905020181A8C00260BFF3F806038B8581C0205C0FFDFED3E02
:2066C000881C0208070510DAC7A9943B46D1BA0A9FEA89C8A2BD1A15A6366F050CE840FE12
:2066E000BFFA1DF66713A24065703EC40F11B3FAC42BF244F848CF828FF28944E0588CD531
:206700000BEDE7888A417D3A302C440BE94FA1ECFEB82A7C33A343C4513E5128841E678254
:20672000A153FD5D381C07A35B8040667009042EC110DEECBEB88AFC0C3E0A0F33EDC23EC7
:20674000AB905F3F3C037E93070141825782A0EB616AA06001D02806DC2A48366FCCF1085F
:20676000003F03806DFF2274700806823803051D0C9380C0311FC278D2A990C8F1D8560895
:20678000F35830003AC421369516542E8D2E5C32745A64004DBA3E0100F340C3E370305270
:2067A00009DAC4220100D0470060A3A755200D3BB82014481C3C0A017CFF8B4A8647CCBF52
:2067C00014A82403520305C68BC120121A58F41542095080546095081D2E0949E1FE2010A5
:2067E000581D23FFF7CBEFE01BF0B838205C1412A116D4C049E2EDDFE278BF905CB000A835
:20680000B43800C6361D418367209F0FF5176BF1A05FE13D09152647488CC8E474A817C3F4
:2068200059FD8CC864348817C33FFD82DA32BBB8A7D2F9168258217D0E27CE0B468E5364DE
:206840009F4BF4535942A358255D1DEFA3E14182FC2B3BF8C5364B40DAFC6C17F86F462F87
:206860004FF2ECA8BF0805D77B428AF420BF1BF516093D88CB7CBD88953AED5DF179F6BFCE
:206880001B85FFBFD186E220BF4F051F6FF58057FB3D180C9B8BF3814975D40EA79E2126B2
:2068A000E979EDFF0C4400A20B036FF861601FAF3DFA97048071A2F04804CC0E0A0102E02C
:2068C00040E0100E05FC080A05CB0782886D20968A66C6D5B184D2D160F394285746BBF8A1
:2068E0008252E0BF0A56FC860C160EE1478851BF4510585807DFCF00DF8FC1FE36B1EA3467
:206900000ED105A343E8D03D9C476741B46468522EC44A9523FA5FA2793A1447A305F86559
:206920007FF04A35E37305F8C320338A35AAD106F872BF76BB453FE9AAB8CA28D33B04177C
:20694000E19AFF40FC16FF865A090091CCEC120A37E37A6705042F83C3413EE050589827DF
:20696000D3CE63072DF4FC29F8BD84128DDDF4C52F189A364A8D1DA345B3D5BDCCB69340CB
:20698000F96A6672CA54B69102F8403FA0B05319482417CBF9B8F8C021F09E8CA03A0B55F6
:2069A0003392D2A4A1305F1FE02C14C7DFE7A76E6481505AB99C7E95200A82F305416AE65F
:2069C0003E4F39EC1F23F1009857F6742B447697B3F5C4A5F29E8C0B53D0FC45361FFFBC51
:2069E00053FB01A37037302CDEEE8519EC57FF58BFDD668D53A352A8D20A3403E1D5FC401A
:206A000068D58DCCAE8D58A3737D300BC40F5500F85C3F501A344373BDFC43A6133B04225A
:206A20008D0BD86F7D1F0C7B0C1407F0CF0701FA814161603F2F3CFE990480776970480785
:206A40001A2F0480528160AB803054BA7602012DF4FDE87DFFC703810572828561E21EB8F0
:206A60006432C3F18043B79F181C3EFC070589A34528D1EA34FFA522A5F0E3017050281476
:206A8000AEE405051FA5C67A71FA553FE970A8F13D30091C7A9720A378EC105F841BFF018D
:206AA000D4FFFEFB7FE4837301CDE628B04E920C1402068D07839DD820120B85C3F1E78AAA
:206AC0000CC15028233074FF842246350BEBFF0D41E73F900947A3A23707E3E9CEEC10BA6E
:206AE0005E068B08DFE768514DFC06470291CCEE1DFF391C250E01F0FD6E7FD3F8060207E4
:206B000000A760225718040613068041A01248040607C0FFDFFFE17054094FE36B05A3431B
:206B2000A8D18EC43A9F38B4403E17BFECA28D05F850FFF05F848BFB04A35037309A4CCAA3
:206B40008D28A341BE1C4FD5024306A4417E197FE8941E0BFB20A37E37AAD0504FD79E01B1
:206B6000BFEC4320120804020120846D60778CDC1E0BD086D2281218288C104416F7F120CD
:206B800082FC36BFD846C60520FC79FF20B05AFFEC0251F8E8FE241FFFBC0BFD00947CFAAF
:206BA0003F90482FE84C1793A1EDF390C1D0F250103020002FF81424060102807E41213F66
:206BC0000160A001C152A001F26B2783D368C352303429EF430A05053EE8C16439DFC40AA4
:206BE0006161F9C0E078D038295E2367F58857E59D187660F619022DB20C00C6609909DEC3
:206C0000804200A0A120305219EF42DFF0C2C135DE7849E4270FCFDBD97E257C7F3ECFEB2C
:206C200080BFFCBA30491C03C10386E08F830001BD44709028006C1FA8363A04030C230A7E
:206C4000E50500804A65D6FE84825D72E84425D7FFA5E75FDFFC4E3430192C7E4D1BF04078
:206C6000647D1F3C0A47CFF3C0E5702E87FE577FFA5AF5F25CA4109227D009168611080491
:206C8000888140393FE4D9181403C3FF1F8F003189164212C39FC300C315C1C22001804052
:206CA000B0C9508051409260F12B708A10C001FE80B84901EC202C29842C2E0102E040E05F
:206CC000144A041229168240F1302599681C031FFB2E83E297464389A10F21F46F335E417D
:206CE00038AE2BFC312C68007EA20F73DAF17650EA34A28D01D4C528D05F849FFB88DCEFE0
:206D00007F1069870FE7C189C0677DBD940A578FDFDBFE1868041695D2AE416979EDFC4E0E
:206D20008733B0713D300A840B6170DEC037F65A64120100A5D3B012DF4FFE83882082836F
:206D400051A29468ED1A159F82FC207FDA46E76DF1FC40E91F1FFCE2052BBC7C601088273F
:206D6000488E0E09B0DEFA3E18182FC24DFD804A3F1D1804B3E9D0CEFE2091088FC21F0250
:206D8000A07C325803C8D807CB1980A652203F098407815CA5D2E2129A1FAA0103B1D826F6
:206DA000FD1A4D2E47609051A05A9FFFDEA3FA804A3ABD18166F7742BFF6289F28944A43CA
:206DC0008880E632342826FE092282FE2032B85E6A434689D80BE0A612ABC70FE70189D83F
:206DE000FE701814AAE103D54237F07F8FFE6F05F864BF900946DBA32BBC40F356EB858BCA
:206E0000E78481CAEE123C440FE94FA16CBEB82A7D1BA339A34A28DFFFBE9BFBA5F3C4E849
:206E2000D90A3677F107804B29340847237341A34828D05F85ABF99D558281ADC1416551B7
:206E4000AE8426553CE8C96954FFA442A3C3F9C097A0A4380F1582072B89763BFE81082803
:206E6000E47A41C283C17AB0695C9FB151FC48E4148F540A11408440667D9F3C6A95E5F30A
:206E8000E024763C02841C4FE13087E53A318F840E1F91E85BFE196805ABCFC091FC7CFF89
:206EA000F91FBFCF4FFA602E7ECF3ECFEB88AFDFFE960D7ECFCF6FF8622015B0282C8C02AD
:206EC000B0050583805540A0B2500A90141626014FF3C037F65A64120100A5D3B0101886FD
:206EE0000203148B02C140B81038051281048069205000052B10CD940A0154FF904BE0201C
:206F0000770DAC128D0DA3467630AB462ED11ADCD4F736FF84860D3BF04CF734BB448FE1F8
:206F200008814425501E84825735E8C828D25B0C17E125FEC1A8D00944B3A318A5C13E3764
:206F4000880C8EC10191D8EC1ABB4413E3148066A0D9B80F6F6502F8782851AA1D0BE980B5
:206F6000994464700F8483F1ABB464F732AB468ED31AB05AED1A2B4D0FE100A9E4EC1220DD
:206F8000782C95A72568ED5834769884CF4761B1DA20333B1D8201228848F89E98148E6126
:206FA00046B86F6DFF0A0C1BF5E79845A09008158601F18A40B0560807C62102A0D838567B
:206FC000085582856881D27220505D3B050ED11099D0EC170A3D13490E7F9E0048FFC03AA9
:206FE000D0412C7007F007F0023FFC03AD040485A04048EEEB1082A8E818344964284C49A3
:20700000A438CC68016C0A0139578A8140366BD31730C84028503893D830183D2626050059
:2070200082E460500D26200E14BA34CA37F700DA7F06E1D227416264F23179581403720B17
:2070400011809000C147DFEB4762C001F05029C516012080522E1470387C401C14436B0C0C
:20706000A3507E52C80C17E18BFE703E7819040E510EDFC024702A5C6EAD23B0C437B00DE9
:20708000FF9A9904805C36B0FA743E9905A34C2D100F847FF120B44C373809143293FEFB15
:2070A000F67FF70DCC824723B048ED109A54067723B04024952FC48E412AB009C1C97F12B3
:2070C0000A35C37B02927E3CF00DFF921900906A0D60B59458168A149E17FE805C2020F1C2
:2070E000733038CCFE3E0500D2622050084646042B0A06062B48003FFE804D2084B32070C7
:20710000A231E433E131BFF804D3F8150FA4C4A6C280C3D5B02F418003533140402850388A
:2071200093F990C976F8F1F9D23AD27A932A3BDE3E0500846460500D26220500D280C16933
:207140003120B0A03080B0C0022972BD5C80BC293C1800FC5201FB805F3F80B0B37FA4325F
:207160000120D3C920900AF5360900A880C14236B07A5C128D13D8C0243AFF9C030105A58C
:20718000C62D183B540F6398A3C828DEFFBF37F300DF8D01D722D0487E2ECC67416084036D
:2071A000CE803F8001C124081FEAF62B363FB805A3F8797E437B028079476EBDB015EBF01B
:2071C00004946A157F7FDC02D1FC119FA462204031108C880C2E32BF018055B050105840DB
:2071E00001BFB40201034FBB1F8F078D2EB181403CB0155D72E9D00432F822F5B003EFB405
:2072000002010341FF003B84646040319A4C4C0925FC01FC0063EF00807ED07FC00BF195EB
:20722000F8080C2D800638266C364C4E3801FC00260700F2FE507FC01460500F696EC42383
:2072400023020184000BFD402D103078B82481FFF4006E91888100C40008C7C1A318FFC031
:2072600012EC1087D9B7BC7FD402D103038381403DB010D9700114B99000F81403CA5720C9
:20728000000B56C0C040632010081C03DBF980403196005833D85E04250E241617F700B4C4
:2072A0007F02E4C0195DE0D3E1400D57A0BF61B2F0280794B0520500F685CA22C18003D84C
:2072C00021221271F068C824813E84D65C010F19602D03FDC02D1FB8040380AF080B160056
:2072E00037EC2FA45D9166A1846460403087F76434A007A811B0280795AE691E7C962D7716
:207300001D3E3401FC01F611918100C2001EFB15FA29188578559B955E9002F6B95814030C
:20732000DB01669AFFAD7F803CC23230201840021F606CD40A01ED80A2E0914C8644ABCC15
:20734000C7C1A320920109F119321A1007F007F007F007F007F007F007F001D924C36B0CE7
:20736000B462ED114D8D2AD19AA140BB90199E2EC130DEC06759AA14537F05A34024BE5A76
:20738000A62ED1F4F3E320718198BFDC033DFB0608F340F590D80403FA0A07028140201259
:2073A00008040BF7009C87837F8D83BFD0080C13F700A08F04803F80107EE012B56F2FD4C4
:2073C00002830318AD814038D0153F1007F80403FD00E683457EA01418201C5803F8006F3A
:2073E000EE0141FD854A7F00E2C007E25EDFBC9F7903B442EC143B452EC183B462EC170A68
:207400003C1238FE0FAC818A8583C3543210107850302887EA01A4118C0017FD40385040C2
:20742000587814036E410C15043D099C814436B0CA3406F122BC62B618AA143FA169A37BDC
:207440007EFA0FF4828D05D4FB7EF9CFF442450DF8C56030DF8C060103F87B3F90AD844388
:207460007B019541BA1029541FA172DCD031163C470235F4F3D02D163B47EBCF1091586302
:207480009019842B61BDF44428103F875B796FF845601E6F3C12550AE8442550D1882A7F83
:2074A000C201038AF46077085E22878080C82E14780C8C160AD143B07E3CF0291C03F101C0
:2074C0009DC07E31081D47F10495E6685400282FCF47D9E78C51AE147806215C180017FD15
:2074E00000B4380A7B1941000763902F84CF7743C548F73C0B46C3F580F8502125D04870AC
:207500005D0F46BE1F70A3C124C404200079E814436B03C450B1193A1467B10595C5FB3BFD
:207520002FAD22DF14EC60F11B3FAFEAFF10E9503ED76A270311A0F8C2A0389D96868508B0
:20754000EC406679BD954E87B3F5E021F34DFC064100904437B00907F3CE7506030770DA72
:20756000C1A8D0DA353FE1FF9800C14C7DBF7EDFFE0946B46C60721864C3DBF799FF60D846
:207580000C2DC24346DEFA2E1408048A81F283503DDF7D7EE2DFF0B4402E1BD846D6012057
:2075A00080487DDF7A7FE231B1DEFA210190500DC01C1FBFEF96DDC5A20A507028046562C3
:2075C000236D0170858C6C623B18451BDDF79C6EEDFF08AC02E14783ED701B983486D1460C
:2075E000FA7DF53FAA06E73BF882CC2D14681FC27F03C682417BBEF25FDC0F615DFC413F84
:2076000062B07F9F3C4F6B04A3603622D0B92FD5205A12D22D0920A30BC1FFFEFD0FFC0B25
:207620006110DE8B41FEBCE6F0BCC80C59041F808C100007A780BE06E1B61EDFBD89F40BAC
:2076400061B1864C32BB180C87FFF7DC7FA4146837C6210281EA60F2380657DBF7A0FFE07A
:2076600012290D1A85F285403DDF798FE20DB0B86F65346F5F9EDFF0B4403F06C0D0394468
:20768000236B01E87BBEFC6FEEF7D108A07BBEFD6DEF43F1B0E4E2A09093A88C541852166A
:2076A0004938F77DF69BF8048A076885EE63146B851F1742887461768A16E6856881D8322C
:2076C0003428074687608048E032085D82E14789D828768CCD0A11BFA1583EBE78D51A376C
:2076E00068F379E21B58251A01698C6C7DBF79EFEE012391D8621BD9C6D6077A8251B17436
:2077000028AD1A2BD1807C6E10183C8A514681FC2C7FBC06C7C77883C8A87B9827C6FD01AE
:207720000883AD7EF61FAC07C281099C6F609F1BBC07EBE780483F3E780C83EFE7846D7D35
:20774000FF7C0FF221B1F7FDE1DF980C8211BD906C707788CD0A29BF80C820120B851DA63C
:207760000A4302A37FFEFF4FFC236302F8DC20108DEFE36B07A34368D4FF87FE60030531B4
:20778000F6FDF93FE8351BA1B1874861930F6FDE43FC8251A1D228048607F0A07EE77889E1
:2077A0008D1A478095E220122B1E02D788A17CA2700D1E035788F1E03D78891E077BE8FC39
:2077C000503DBF7C86FEDFF0B4403F1BDB851EE14780C8A21B4807C6A103E9FA3DF1FE1FAE
:2077E000A3C92F804B3F3D1A0EE60746A9FE2992BE0D93A5F8DA44263B9E17A65933805AAF
:207800002BBF88252FDDF7F96FE1760E17E36930FB79EE1B58251BA1E9804D697B3804875B
:20782000A7F8D84829930B56C721429A747C56CA8EEFA63705C30982C450A03D1E1FE36971
:20784000208048FC7648048A086705C8E840E1900000AD04BE09F19841A01228048E6146CE
:20786000FC7DF91FAE86E6D76885EC64146CC51E012391D83C60B0D2BB562C0E0B7BE8B8CA
:20788000502314785580BA0A4190A14237E590510EA79E2346895A389E7F6FDEE9FAEDF995
:2078A000EE1BD9C6D6816B986C6A1F88452609B1844F3FFF7D7FFE09B99C6F74B68968FC35
:2078C00014227BFFFBE9FFF2CA37DFCE4B0738A07FFEFA0DFFE36B0EA34024307A34568DA4
:2078E0000091D3FE524A14228DEFFBDB7FB04A34C3630490C3261EDFBDDFF707B851AE1450
:207900005C04828DF8DEDC36B05A3402D1B8D8E02F50794453A300954537F0290406410EDA
:20792000BD61A8510EE720260A1BD9C5587976182FC66100817C3FBF89451BFFF7A9FFE01B
:20794000120B86F6DFF0BFC03F7E7B7FC22B00FC79E816B946C7078B844E3174280F4301DF
:2079600068FC79EE147886D695B9C4ECBFFF7F97FE51B1A1DA3376989EC77BE88839C14438
:207980001960A1B4682C87FFF7F2FFE012394D1A344F05BEFFC128D10D8CA28DEDFBFF7F58
:2079A000320A34E37BF7DAC2F1504A340E570DA3447B30490C17E30C807B7EF00FDCAF1530
:2079C00042C466A8508E8D06F131D8C0EF11295C1BA11395C07A10195D2FA3009040F61F08
:2079E0000DEC225524B47AED1F8E8E8AF507957D7A3E7BC65F63029140641FFFBDE7FEDF74
:207A00000528F674204F909FAFD4024703B850EE129A3480F20B73FFF079E358889C835BF7
:207A2000F880482B588D6FE20520CD014141241DBC440A45ADFC41A61FFFBD687A139BD055
:207A4000B48BC17BFEF99FD41A8D024886EAFEAADB194D1A0F70A3DC0920F29FF1083FFFEE
:207A6000DF35FEDBF9E0323A35C20770E6F9CFE0E4B68FFFDE70DF0500946AD021B72810A0
:207A8000521A320C1CA28DBDF3D02D728D8E0F13089C62E8501E8602D1F8F3938151E0743C
:207AA0006805A251B1ACDA20568C450A3560846FEB56009849040F7370A3C6B155BB44428E
:207AC00089F9F3C436BD4B440A6323BC44F7321B84064110DEE2E85FBE840F15029DC0F080
:207AE00050090442C3F6F3C1A4170A3DCF6B14A34068D05A353FE995B9482D100F8683FD70
:207B000020BAC037723BD482D1ABD8E8FE3188154E8553A0E6E0101C9D8F1529A340327AD8
:207B2000EB448F15E2B46C28F0094423B723C560E850EE8C0247019048EEB08F040A47ECA7
:207B4000F3C43E3FF87C17A740A170364430520816C2E1BD87483F3E78FED79BE980C8E0AF
:207B60001238D0FC17C3EFD4FF417615DFC413F72DF4FC29F42FB406070092E476116B4602
:207B8000028D0F678285EA7ADF8826422946C6FE25950D6FE25D30FFFDE77FC804A201F00D
:207BA000C4E029FF49054FB1F88040217A90D8996FF271B1D1DA237B1AD62375428074AB22
:207BC000F8080C821DE0B0DA21146FFFDEF7FFB962EE78DCD50B29BFE07AE0500E07AE07A0
:207BE0000081CA207D88048223B0DEFA3E18F8451BDBF790FE60B46B05A3FFF7B37FEE5841
:207C0000DB9E2E0BF18642C5A1A142D050AAC10C178FF782A2D13A42307541184268BB8622
:207C2000E6C768CC5EBD9F7C37FE01228048FFFF7D3FEE0B46804A39DD08094C17B7EF39E1
:207C4000FCC024700C9F63F104B04424741A35228D02D56C28F068F49BB722BE782D1B2A74
:207C600014784A0A17A8FFFDFF9FBF46C7E5B2816A60C0B05F6FDEE36306D48541F0FF79B3
:207C80000DCC02470490D8EE8930500F6FDF6BF9D05820F80D1DA31FE74983CCFEF83E7847
:207CA00016A607F0D8FE3D7E78048F4760C2F9FF1B5C9DA20B4687D1A29468B5A2C7B9A898
:207CC0005A20321864C3DBF7CD0D414AED11BBC4025714DFC0A470191C0EE1A3068280CA4C
:207CE000E07D0814AE3FD08048239E00E85FCF46C168820C42607F3E03382955A3C768A91F
:207D0000622B580B0DA1E20E118A798B824A329BF804820320FC6F4760E052BED8EC1448DA
:207D20007612C63B092BB478AD1598E40A651199D47F10485E6685420282FCF44924E252B8
:207D40008ECF9EE1B482DA3556AA96CE276881EC7613BD17C761048048A234680783613BED
:207D6000C250A0FD0B3636C98BD8D0A71BF98D1B44050522A34728D2BD8F4FF1B0984025F1
:207D80007EEE8E1285EFE8D0F1B40C5E2E8501EC642850BECE08420A0546CCD0A51689C64F
:207DA000FE3346B86F3E3F7F0EE62346F6F9EE1BCB851FA168824C6077889EE6037080C8F0
:207DC0002E147C5D0BF6FB0591B442F15049DC2F0510B0DC28F2DF4FC29F04A36176110A88
:207DE00036428D99A37FFEF5FFF58F1762C6E2E8D93A14A37F13A360E8540F964F0163B49D
:207E00005028D03C9FB7EF08FC53FE1008541A8D401382A5FFAC58BB1E360DF18641DAE125
:207E2000A0AD705059C0641723F585A145FA423073911840F8BC6EEF31F885403D9F7B5FA1
:207E4000FA01228048FFFF7C67EA0D46986E6AF469B780720F57FA82AD41404BE0BDBF787A
:207E6000C7E0820E31FEB1636C78B3293CA994147CCA120C23081F17F1B44CB15CDFC403D2
:207E800021DBFC412E10AA240F3159A36AF65B8A3C1E3D0CED6EBE30087C637F57A34E285A
:207EA000D05D86F7D1F0C79241DC0EA0BCBE78766F67B99CD18D20A01EDFBDF0F613B5FD1D
:207EC000B1E36C58BDCD132742946FE2746C1D0B75448FFEB13F9D47675F429FFD2FDAFD93
:207EE000279E73469851A1F9A8766F3147804A3C3D1CE79E0127E9F9E012281DA207B9B83D
:207F000051F174287F4617689D6E6856881D8323428074687608048E1760B851E2760A1D7E
:207F2000A33342846FE8560FB79E35468DDA3D1E783482E147E87A3DF3FA1FC21102E07A27
:207F40003C32F804A7EFD1E1FCF8100B851EE7B58048E0B468B5A22946B85A2534689DCF58
:207F60002B22807C2A7FC905CF01B9E6FA60100949F4168F11A2B47FFEF1EFFC025109ED74
:207F8000443E3FF87CCB7F0E9050285C0D9482E7009040B6170DEC0641FBF3CB7D3F3A0C4E
:207FA00002470723869C91C34BFF905A3482E708DDE82D171C5DCB1B03C56468594DFF0F4F
:207FC000D70181F0FD70281C065715EEC0A430C987B3EFF8FF9A41557006704EB066B07E22
:207FE0008FF40E3D0AED44CD616475BA176F65233584DEFA3E18180C8351F8804C3F1E7831
:2080000046D7077A83CAE03D08048211BD82487FFF7917F60128FC74201F1AC40FA7E8D703
:20802000CFFB707F9756A1F882433E09905F0A0C128D882A8292FF6C78BB16361B46C9D0A7
:20804000A51BF89D1B07428EF4E012790D9BA3F8846031F60FCFDE07FCA0D1A4146F7FDE78
:208060008BFC8351A71B1E2854149ECDF9FBD9BF930A31D41D871B63C5CA28D991C828CD9C
:208080001A01F0A9FF3E3E7B7FC2F306F879E71B582D1BA26F09163784CC6C7D76DC5EE6B3
:2080A0000930FFFDFC9FC8251AC1B180D1A511FFFFDF7BFF9C6C6ABF8824F2B56891583311
:2080C000568AE58205B9CE58271BD4C83C25AA0F469A6CEA9F8D85A60DB1D84FA012383FE2
:2080E000C609088ED1A03E09A51A2D46915BB25B982EE707B9A0518820BF905A35409A0A70
:20810000400B0596FFDA3637BB44AEC1BBB45F6C103DCEF6C123A34BB63D6FC6C2410095E8
:2081200078FA1B09D787CEAF0770DAC128D0EA3402450091C228DF7FBD3FFD05A35607A1E7
:208140003DFF7EAFEE09468C6C653469851A03F0F47F24146B86F6DFF080C13F5E7FC32448
:20816000130415320F1F807C6B103E9FA3DF1F90FC20901E1FA3C51F804ABEFD1FE35C1685
:208180000F7363B45CF63208EFFFEF76FE41A8D01A34E1160AA1FFC86C6C76899D83476853
:2081A000B322C169AC138A3417E36080FFFEFBFFFCC36338A3413E30C80EF7D1F8A07FFE13
:2081C000FB7DFFE37B38498286A041653F7303F82827C6C900DEFA2714080FC335BC9C6F87
:2081E00065BE9F850711468BD1A03218248A0B468F094157FF904A35C3630490C3261ECFC7
:20820000BF9FFD80FC40301A0FC406E1C6B84868D28A33841507FFF7EBEFDD20E6FB58657B
:208220001A0B4680FC61900FFFDF65F89162A074680E4BC5688948601929451A2722F7FD18
:20824000F83FC81EC261BD128BCF89444A28D00C940245113682D709425C36B0EA3455AA75
:208260000BA3FEBC6C7076AB5EC63146A87E3613981EC7613BB4C72858DA262F4542946FC2
:20828000E4546C8D0A05D99DEE60120B86F6554698A2C15C281EFFBC2379D3FC6C28104DF2
:2082A0008EC27918A348E8DE8F3C1F6BCAB44324313C454B1100C94350A0A25FE81EC2BB64
:2082C000F8827EE0FB58048B9768854863617050B0B828305C33FC1F2ED105A347F11BBD73
:2082E000945A571BECC0E43EFFBF13F906A3703630290C3261ECFBD9BFD009253FE1178407
:208300004C68D80FC4030144B84A14A0AAFFF9451B4BF88D602DF85FFFDE19FD9022417CE8
:2083200030304907EFCF0E907E7CFF0FBCDF750AC540247C9B47BFEF78DFCC36B05A341231
:208340008D55FC4127789D8462D1FFFBC1BF5697982AF7E6500505A3FFC4E4360B47BBEF2F
:208360006BFE4276130DEC436B04A3553F1809EE204E13E5F91383A57E6406D05DDFFC232B
:208380006110DEC064170A3C236BFFFBD03FD78D8E0ED56BD8EC27703F8D7205D2F47BE176
:2083A000F20F842201C2F47861F0094FDFA3D3FC6C261F0F3C237B08DAC1243FFFBD57F743
:2083C00020D8D6261D0F46BE1FC0F9F020108DEDC36B1CA343A8D152C82B4FEA0323E07A60
:2083E00060765E1E020975B86F621608017414436B02CE68ED133D8EC7EB80BFCA37F0E9FF
:208400000F2B6521A36628FA3BEF8AD1019DF6F65A3BAC8B631BDCBAC1C428110A3C4066D8
:208420000B23801A83D176A0F1080000140601D803030004831C81DC28FCC80C5824200084
:2084400033770485DA20760C5E230780C5DE70771B851EE1B586D1A0D4688FE2030BF77D61
:20846000FDFFD8251A21B196627DDF7BD7EB517A82FC61701F77DFCBFD946C6D78ACE50AAF
:2084800071BF8E51BDDF7B77EB578AD1D0A0FD0D5DA7598291EC643469824C15C28118A3EA
:2084A000DC37B38DAEF7F110A04568DA2A1433B14CD8DAF63A28D62A85A8DFC2A8D94D94F4
:2084C0008A8D598CC0BE19CFE4828D38DEDBFE106807EFCF6FF843601F8F3CC36B85D8722A
:2084E0006D114A34768DF0FBC6BF100D8C03130291EB7F10E804032729A33AC17E241208A8
:208500006FC61D03FFFDFA5FF82EC261BD8FED619468CD1BC7688851A3978DEFE231209E5B
:208520006C6212480CCE0D94826C37BE888503FFF7DFEFEB7881E829840A4700C98DC2ED12
:20854000BFF04D84437B30DAC768D0091E176114A3637F10C987BFEF97FFC436303BD02C97
:208560001C064729A340326690B03D5FFFEF9E338496FA7E14149833182B87B7EF0AFC4117
:20858000A8DE2FBC4FFF80D941B2133A34EBD7B980C2E0000139D8661F7EC5062F07FEFBA3
:2085A000F47FEBF2B752B84B86D601F1B841A0B4698D1A017AFF7DF7BFF8202414A2F53CE4
:2085C000D8FBFEF7FFFC63630091C0EC143B060EC170DEFBFEF77FFC0251FAE8412C144BF7
:2085E0000612C1F6F3C0A5510DAC23A300918F41406343B05EFFBF4FFF02904437BFFFBF99
:208600005BFFFAF3FC36B07B441A8D3DBC4528D89D84D7777BC46CFEB24AFC13A11BEC685A
:20862000FEB20A9C0E571DEC6B7F10A8840A4520A3437E30A80C07E180FED23737BC403CBB
:20864000386C14C203F0BB7F6E1B1B7FC22B02E27E2C1218378207F5AB50FFF33CDECA091C
:208660002B8976603259451A13B0F86F6019081EAA272398D1AEF68DC51E051EF576E07A64
:2086800099051A03F0AD7F60128F6F43C3E7308DA7854175FA263065D061307E8F3C06435F
:2086A0000C987FFEFBCDF4B7D3F0A0C7E8DBDFC4626106A34065790A34B3B13BA240657375
:2086C000DA34AFB9EFFBF3FFD04A346373EFFBF2C0E0A61B3CBEC6012390DEB31F880482B5
:2086E00043FA81FC38F0781F56440705C083C73AB0199C0E57F4E8C0BE107814468721B9B0
:208700005823906F8DC203FFFBE67FD33BD4828D23B87FFEFC9FFCA28DBDF47C3036FF8409
:208720001A0BF9F3DBFE10C82FD80A0A2105F9814144A0BF0F3CE36B04A34568DFFFBC7BD6
:20874000FD40D8C828DEFFBE4FFD20D8C0EF5DB83C07ABFFFBEAFFF35DCC82F5042882F768
:20876000FDF6BFE806C70B609C6F6262F0510DCC024102D84437B0091E37F1049850BED02D
:20878000381C02D101D4EB7F106987FBEF23FF40251EFE8F8ED198C440251ECE8C828DF0C0
:2087A000FBD53F1019860365E6F3DC36BCCB447A8DA3BCE236108A3637F10C981D41F63F30
:2087C000FADFC4360124B448EF16BDCD8F11ADFC43E610591C032731A32CC17E2612081E58
:2087E000AFFFF7AFFFA11B0B86F6C71C86FC61F0288CD2A7F88246F4742A101417E7A313D6
:2088000091FA7CF1FDAF37D30191C02471AA340327F0FBD9FF105D8577F104FDD2F1512F5A
:2088200084061FC3F9C3A0704E844FE19587C43A148B45C36312F840A1E0F05F4CADFE15B4
:20884000D0C4DA283B189D0227F4EF5FE29BF82C820120B851E040305030182FC6D61F46C2
:20886000A8DA20D46A5E2A294681FC3290389EEE03226182FCC2367A2C4C6E4330A340A6C6
:208880005FFFBFDFF905A378363A1C4C32610298FB3EFA4FDC83F102BDE8B13A1B440BE10F
:2088A000B5FD753D304894A28D0191FFFEF97FECA68D30A36F7D1F8A07BFEF5CDED3FE1FAC
:2088C000F987E31BE080C3600000FFC0182DFC065BE9F85060B46C451BDFF7ECFF60946F01
:2088E00046C6077AED41E35D5807C619069851BFFF7D57F621F080C1E25D1DC7C600C505C3
:20890000D6F47BE7F23F840A05C6F47865F0094FDFA39B83CA28D08EAFFFEF45FEC805608B
:20892000BAFFE80C9E706F05F0C0FFFEF3AFEC0251F8E84A02A0A980905F31C8781F1BD11A
:20894000E29FC0255F7E8CA28DE3F3DC28F0090FE3BFA880C2522230D0182D1A1146F77D0D
:20896000E63FD3F8283C128D0190CE28DECFBCEBF705934064306B802C1CD3F70091C1AEC9
:2089800011AA34868D28A37FBEFBBFFC4363200A82FDFE60120FC6F6DFF0C2C00A60A41717
:2089A0000A3E4B0501CF4A8A00E4C5A1000F3FD804CBFA0513A2FFC0201FC804FA0A231B7C
:2089C000FA80663F42B0B3E12821D8BCE41C1E6C001DCE6CA60BF8A746431A35164142D79C
:2089E00005FE058A7182007F007F0027FF402CDFA41FF007F002BC804C97D601461EA614C3
:208A000083FEC02CD0140BB218681074AD340E1A4C6329267FC0002795C18D5A001FC01BA0
:208A2000B201325F5805192DFC01FC006BFB009F7F43263F83D3FFC804CA0A63763F2A559E
:208A40004AF984DF15FA8069BF24D92C95E3D05FD06899306C603468A469249E8BFEBD6704
:208A6000A2FF3F5D8002C06012B22C2549F9F7F0427E65FD0B93FE4027D040383F4C033CA2
:208A80000F18070BF98065204290F3F9DEC603F186403FBF7D2FFE03288C742052881F4255
:208AA000DFF08AC1241469C6F69FF0FFCC0060A63F1FBD13FD04A340251F4E8FA2D1E2FB5C
:208AC000D5FF104A37C7EF43FF6B363F1FBDDBFFEAF7FF209093B08D8407E3F7988AC27882
:208AE0004560BE5F78F8AC24C3FD0096767A3F1FBD8BFF28A37AFEF6FFE40249D2F3FC7EE3
:208B0000F93DFC436B31914024304A3407E1B7FE4824723B860247A3B85BFE13F81D8EE3CF
:208B20000491E8EE52891E8EE70291F8EE60B0575B7FC21103B1DDBFF23D1DDBC776BFC894
:208B4000E47779848F09F8904C2DFF087C0F39FE82481FE4800324963F858A0703B850EF02
:208B6000123F850607430183B85C28F08DAFCBEF30FDC024108DEC236BFAFBC5FF51AD3416
:208B8000548E7E0100FCC02081525F5806D82A57FE3927F5806182E0BEB00FE1B908006793
:208BA000FA013F8289E58006FF2010C1AA41391FEC0219FD37B1001123C70063558759BD96
:208BC0001EAD1682FF1EDDACE2803FB449803F803F8003FF2010C8285D3FE6011080A2ED2C
:208BE000C060105FF00C18648CE3D3F7806F70369E1DA287EA80C0A25F081C0A1FD181589A
:208C00006856980CEA03FB814CF8568CD50A03D980482E147815A63560C15A60761CDC6B82
:208C2000E9E7B7FC22B00B851E09362107FEC024CBC495002848D40247C0F4C026783B04E6
:208C400003E30C81F03D30399C03E314038282CCEE147806A08E33FB00AAAC0804C7FCDFC2
:208C6000E9400433502B851E21B581C860946864C3FFF7F77FE61B1827C62100FC7DEADFFF
:208C8000DD87EB01F0A042621BD906C60122F24C22346FC7DEA1BAB851EE1B5E1DA20946EC
:208CA000E1FCE8106CDC1E2DD4C2DA205211B83E97FF01B1EAFE3B920B56C729428EF464ED
:208CC000568CF6E7ABF8F04C38A11059CA1407A3C5FC782410091C8EC1E3B444FE11F80465
:208CE0007B7F43F840A07E3B0503E102805C37B32B00A414832942846FC4A0AC1EBF3C5AAE
:208D00008D12B476FCF10DAFDBEF69FEC5361095811FEC03AD01702B17AF26A52A8B309D25
:208D20000E8247B8158560AD77B71BB7219D609B38BF1FB51A82078EC07FC1A276906FAF82
:208D4000DE73BBB851E0120B851EE147886D60946846C7F3F7AF7E64146DEFA22140FCFDF1
:208D6000E93B981D1B8168F06C6B188E86C6378881FD29F42D97D7054F84F47B7B293CAE93
:208D800055D0847622F2B87F42452B9A742252B8B742DFF0C2C02E147984AE5FD0A0CEE0C9
:208DA00032BFBF63FF289CF44AE0F8128FDF43C328FCF4361F5C05FE19BF80482DFF0C306D
:208DC0009C1483E12081F0257EEE8483E18081ECC320BD3D0A07CA1323CC50BDBE7F4CA395
:208DE000C7D0F7CA3C20F051B89E6285DD0382CC81C17640E0A7723F707417C7CE3B0BD03D
:208E00001D82A00EC272CB60B817FE40141402FFCDF3EC3EBE0BFF2BCF3AD8C025318DFC13
:208E200002472190F4A3518A2403E154DFDC28F41F9418C20A35D8D87D7215F84F4A83F20D
:208E400080C0F3142860D41622BF095E86B4C8F41F5C854301B2E1D03B707FAF5623F083AF
:208E6000C3D622761F58857FD7D1909CC16025706E86C59A31CE0EE1B5A25AA0B468751A7F
:208E800079B980C83F3F7D37E2D162946C64146D758AE1BDB7FC31500FDF9EDFF0C6403FBB
:208EA0001E7FC6D63D4687D1A2B4681E2385B181FD3C1435F82AFC0BA1B3FAC02BF10E8C79
:208EC0002337E980466C100C47FFEFAAFFC128D30DCCAA8D39A34C28D00F87A7FD07CDC762
:208EE0006C120A37E0920B0B04FD79E0D9080C000023FF07FBC1C1A2400978904088FD1472
:208F00002221B581DA20946A9EC601F0FC7E2012391D83478891FD3FF7391FC20303D1E0A2
:208F2000221BD8C51BF9E796FA7FF41CC51A01238651A036882D1A2F4681E4F53BBA7FD3A8
:208F40005572844C201F0D3FFB71F18043E41469DD1A29BFA7FD30162A7FD2016281EA7FDD
:208F60003F7D1FE60946906EE079E9C51A638895477F3F79BFEA0946F06E6D77998D1AD179
:208F8000F38040ED7718065E5146EB7A613231E8385F43F3F7DDFFA0946B06E60798FCFDD3
:208FA000E2C090520A341361BDF47C303F9FBF4FFDF2F3DBFE188824A28DFFFBEABFE1F010
:208FC000706FF7BFCF0191FFFEFB4DFCE36B044782B26C625B98049241469C6F601F0C0712
:208FE000E20946804A3EFD01683C9FFFE83909F15F82F85062F46810AC143A8D98A360B60E
:20900000342BCF4A0F0DEAC0AF35AD8EEA8516EC403E16E1A829C6E74DB994518E60A83FCF
:20902000FFBDDB7E37070091F23F100B84AEE3460B82FFFDED9FF900741E06DFF0C4944197
:209040004868D3AA34C28DD8FC40261FFFBF27FC1F075CFFC025908DFC128DEBF3C0EFF08B
:20906000295C1BA303B556A3903E84066703B14024170A3DBFE196805C28F03A35BFE1404E
:20908000A14228D598F6468507E9CE36303F8D028793A16337F00904044608060E0746B4EC
:2090A0006C6037FC547A032A85F620729815AA07D180CAA03D1FFFDE21BF8D6C6033A8D172
:2090C0002C50241F0365FF94431560B0D000683FCFDF6FBE2082B44165702E8C2261FAFB7E
:2090E000F4372190770A3C436904B44165904E8D77F104A585C1F782E101A0C5A2601F0E1C
:209100009EE0860E0120FCFDFC88F05FAFBC641E0A01F0DC05424BB090680003F803F8015B
:20912000C7FA019181034640C423E8811140B17FE8055FFE2717A8837EBEF8CDC7EBEF8A22
:20914000DC4236B4FFA6AAE3FFFBED7FF00904237B2DF4FC2830EA34768D33C44128DB3FC4
:20916000AC42BF11A3497A3A5F8C42071095C93B100FAE6AEF2AA34E28D04FAE32F100F863
:2091800071BF92AA350E8D39A34C28DF9FBFA7FB02A35C37341A3413E320807EBEFF0FE4E6
:2091A0000A8D18D8EF7D1F0A0FFFEF0ADFC4247A3B04064723BBC428C110581B7FC30B0262
:2091C000FCF9EDFF0C340BEDE735838251B016887D1B21428AD1A13D39046A3930807C3343
:2091E0005FCD1DA2B71BD1D820120178391DFE87B92A83807C36FFA2987F06FB4568997C70
:209200002210384F43411A9CD18660F0033051FA27B635003582D1DA2DD1E937C21F06C5F8
:20922000EEE2122827C619011E8582FEA0128EFF462122905DF4560A36C664B704170BF9BB
:20924000FCC0251D3E8C82EE0D0508A051A01F0EC89C172FA2090733FDC0251C6E8C4242F3
:20926000430500FFFDE4DFFD546F6BD0DCC641A0E01F0A428C24CE89ABF3C025DD8E8C8E0F
:20928000FF0095F7BA12AA37BFCF38DAD0ED104A34425721EC40EFF00F8C820B3BDCCA09D4
:2092A00020AB4B90938A07FFEF835C82864D2212A83F4243469451B85F18840A01F0DC204D
:2092C000417BFA20F0700F8790160BD3D10483FA7EBCBE7B7FC30D009C6F60114800009DC9
:2092E000502C536901E07CE0553824AE0BD880CAE0FD886F42DFF0CC402E14782CAFF5D121
:2093000081C8E0DE085E2289F2894471742866FE09238148E01F098402412889D8203D0853
:209320000482E147814CE2760FD79E27B58651BF3F7B5FFF871C87F42033084F420922A770
:20934000FC3FF3390D1A1BEB814020393807C37FFB986E6DFF0C5C0205B0886F6DFF0C24BF
:2093600003F5E780483F1E7806DA02881FB28103C6FF60131832B88FF6013F83B74A0647E2
:209380000344FA3FE2517A8814E36B03BC4128D0399C0FE10381C06570FEC5BFE121804E8E
:2093A00037B60BC4A289F9FBF8BFD48DCC066B23BC70FE78281E7685F4E9C0241F1F3C023A
:2093C0004BF6F3C0A41EDF3D0ED1A3F8C420391A1507B1019150FF10C9654FF1049650BE36
:2093E0001208150C0E0AA7F88402C1402A5430382C1DA201F18A40856165E2B3DC3B440F1D
:20940000E354816FFE75FC7D3FE1A3A1C6AC00907C2B4412640707E4F5C0638E92A000B1F7
:209420001B851E2132A117016DFCE070BC9C3FAE0393810C8D80147FA010E8092220002698
:20944000FE1B9ED840A8D46FB446071AD4C0751FAFBD4FF70091C0F351090C4EC103CD4094
:2094600075193B040F371AD54426703C9FFFEF53FFFFFEFC1FFD0E3904A37EBA101D45D276
:2094800043FFFBE3FFB20A347B6110DECE36B02B4C168D14B4C536350B4E828F04A3417E5D
:2094A000314807EBEF54FE4828D38DEC236B82B440E8D62DCC0AD111B4D0AD511A141FA12D
:2094C000FFFBF9FFF00944537F01905BFE153804237B031682B848607F1BC40BFFF790FFC9
:2094E000E0120FAF9EE7B583519160E1BFD8251AF1B983134240FF901CC7FFEFA8FFC12854
:20950000D48DCCCAD3D3B446CD60B314782D1A31B99051A05B0B86F60B469851BFFF7DD16E
:209520006414337F2CA340649F3F3C436B04BEC0E8D3CD9ECBE380BFC13A7FFFBEB3FF2028
:20954000D9C064110DED12D1069641BB3FFFBE90560BEDD1B7FC28900FA79E15B980483E4A
:209560003E7C05A60360CCDA715608C5A33369C05A78168E403414426399B0D66D10198D05
:2095800066C199B44468999B07ABCF6FF848201DB02829FC03B1E7886D2077D804AEAFD0DD
:2095A000C1DA387B9C1DA601F19240A356081DA305698DDA20333A1FC20153C9D82080D0D1
:2095C000523B4692D30199F92D11B8140FE9F8A9C8E87D3B060ED31099E0EC22905688E5E4
:2095E000A2271991FAA0903C25A7371AAA7E2092CA17AA0722A201C160AD352FC422992370
:20960000A21141D0BF1089E40ED11AB470ED113A248FD50281F0AD311B070AD3C1B4644004
:20962000A0A05F1884078361E0DA3174285742012188824170AD35B8D50FE180A1E4EC1C9B
:2096400033282E1994176AD143B50DC1D0EC55DFC41297FFFBCD77EC3060B0770A3CE36BEA
:2096600003BEC128D0095D27A303B456ED30095D23A1FFFBCFFFF05A3402513EE8C868D528
:209680001FC5E27762B566ED304F8C52011BB47EBEF44FD4064763B048ED39AB466B73A264
:2096A00072828982C168AD35BB43AC2C8AD1A3B4E4AD392B476AC1A33C82D1D86C76880C31
:2096C000CC5A0AD5A2B4F12662905681482B48A45D48521245681589895A6C76A89D0EC7BD
:2096E000628048F47609451A71BD538282FEBCF6FF851E0BF7F3CE36B02BEC0E8D00954F58
:20970000FA102B4606D194B46328505ECFFFEFC1FF4025139E84064138DED52D1B1FDFD314
:20972000EB04FDC562934D8FFFEFB50B82F9F46DFF0A2C03E3E7A0DABA16880D0EB362E930
:20974000FA60F01E24C6A56980D823168ECDA6816987CCB1160ECDA645F087C0A03F18849B
:2097600003B1618C5A28169C850A15D086024107C1C4A3542F8602858AB076AD3109976A80
:20978000C318A36F7D138A07FFEF96DF25414038C9505538070D2A0A077D82D1AC6710533F
:2097A0003FF50E3904A3417A128A37FFEF763E828C6FE03249030C2C13F5E78809C141289A
:2097C000D2BD8C803A0BCBFFA1C73F5D0880641C03F74397C00001FFD0091FEC1820002AF9
:2097E0000C0D190C81DA2B550B851E0768AC562E1478065A0231260083BF81CB7D3F0A0C5E
:20980000168DFAFBCD3F707A34064541F94A203FFFBF13FF0004849C31416FBFF41F94100D
:20982000121379FFE241BF1D4887C24106817420520DEFA3E181A0FCA581909AFFFC06451A
:2098400004A3507E5080684D2FFF1BB980C8A9FF4C05441A0F3C3F119CFFD0A0F00F848EB6
:20986000073BEA40257F4E8777CF2BB4713E703B440F77E1825637F6CB46AED14BDFD07ECC
:2098800050C83507E5108305C155351EB82412012BED743D768804AFAFD0D1D0A23DC8045A
:2098A00093D768CE50BA3DAD5DA26346A9FE249202983B7FFE0334F9F9ED62305DBE866212
:2098C0008B0AED43641B22B82218280D4FF1261084AF7FE0336B5DA33D42F9F6F95E7FD73A
:2098E000DF8BFA80D1A70ED05C5FD402419DF3FD3EF8581C2600000F0CFA7DF5FBDFF7DFC8
:2099000063BEFD7DE1FBC846B21C18100075FC804EE06111BFE8041FFE07120D0E00BFFE82
:209920008046CCF90008FF100B2C083A67EB008DFE8BAEC7EFC01FC01FC00EFFD008DFFC02
:209940006724322CB27E29FBFBEBF7103A3447F10195C0C060A012AFCF46E147826DA20F83
:20996000FDA00FE00FE006BFE8044FFE83FEA16BF844FF007F007F0028FF40227FF0689FA9
:20998000C0B4F6DE5DF2AEFFAFF010482E6E5604151114FE40E016D9D40C1612CB3B0385B9
:2099A0000003AA05C10001CD00E1AE80705898082C2D07B62713940F86EA01C36D00E1BEBC
:2099C00080705CDF099C2C57EA070B95CB01C2F571C7F15FD81C0223690785E4D1CAE26EBB
:2099E000817047F08070D940386AA01C16B48E1BAFDA0985F081C31FC207C17265B048059D
:209A0000122704807620D048071A1D00904927900906A7BC73132E97C1201B80F82D207C13
:209A200017483E0B701F051DF487C4CE83E0BA01F0DD40F82E207C75143E0BD01F0DD60F20
:209A400082E807C7758FE08000EB81F05C80F820583F8F3D4627D21F0D6C0F82E507C35848
:209A60007C43F13E50F86B207C17303E1A3FD01F898A4C20900C44520900FA07C17683E087
:209A8000BC87F0571F60FC4C9E663F0B848AC1201DE0F82FA27C1FE03E26BC5F0D4C1F827E
:209AA000E217C3797B01F13ED0F86BA07C17383E1B429F15977F82981FC17203E0BB01F0C8
:209AC0005DC2F82E4FAC3E263E9F05F40F82E807C17703E0A490C80483F3EE814024FD86A5
:209AE000185834BA0900B244E0900C607C17403E0B303F05B3E9B7C48001D1F700F0A07F2E
:209B0000E07AF758121FF81FF81EED172E0F13819B40E010FEE25FF81FF81FF81FF81FF80B
:209B20001FF81FF81ECFD3F903805F7AE5FB34191C0E010FEE05C8E865A172A072F218C084
:209B4000BD681CBC163C478A07FE077F4DEDC0E010FEE0FDCCC6303F1BB9EBC0A0141EEC57
:209B60000A01B5EDC0A01840B02FAF3C361617D00385FE83C1477C50280724060B1E13050C
:209B8000870182C482C15E4060B220305D1E940E01FFE8C0E01C9F1C0A01C10182D687C1CB
:209BA000684060BFBE681403ABD581C03C20305F50182FF80C1427AD0380757CB028078798
:209BC000C9022D84A883C1514060A13F11B82EC40E0105EFC0A01E53782DCF3E0795814EA0
:209BE0004441291D803040004CED720300CAFB60500E781C14141E0B733C0B8597617FD00E
:209C00000FC5C816160803051582EF4BE1769118240210070554894120107FBFA61A1507F1
:209C2000A4CAC38B21400CE4F01814220103821742D234700804534100805A34D00804F307
:209C40004A2719A381C6486623525931181410040A07018140E0700804961B0F878402E2C5
:209C6000A070E158D834F3E05B05F0F7406181619BCF540735013C140004F0A60CAF11C081
:209C80001140A0703E47CA031861178A1049E120C2F09D80182F40BC741D8C1601D181C63F
:209CA0004A45E011280C0BFE00070387C523D28994F2A164BC40355018708C6C18D617671B
:209CC000130B8E86AC01C0603008141E010181413BB194F840010DBC08FA66210181420F79
:209CE000026010281F4A0732161800188221C1C030F021CB1003F56039A00824DC2A2B090B
:209D000002858905E33DB018B4020168D3402013CD28FC7753E7018C16CBC9C080E91A388D
:209D2000040229A01E9680C0A05018141347038FA94F62E03018140E062F060506543A5090
:209D400004260E272B339281017E4181BE1238040249130E82F8703F530F692066F3D50137
:209D6000D34097058000BC28338800A5D12030A9B05004C85619D1D93199B2983F8FBE031E
:209D80001822910006D6406160E178CF6C062C792DD4F9918CE4602D42AEC050181409B867
:209DA0000DB0820303814823B009040A010085F8F47C3806131B04C0950200014721C0735A
:209DC000A003318B0426690805053E0DC0C52182819C18A4D8967C005671505282018300DA
:209DE00003F848E01009244DF814060C262FD1674702BCAD01432F105D24E22937864288C3
:209E0000A2A91102B8FDB406B102CE460AC560302847FEFF00904023100856020F2081666A
:209E2000203AAC00981CA0060A41018140E08020504038380C06030201820904F2787B1D8C
:209E40002E372769B1CE64F0F8DB658EF172A752E4F2D8DC7A6D3980482C120A05830101D4
:209E600081412060305008044B01057FAC007F007F0013AA6A211BEB6D825FC99AC0A971C1
:209E800078158EA97ADDD626F6792C0A01B5D77FE11BBD6FFE01A50182DAEB64F00CCEB602
:209EA00052A9FE00FE00417CC14041FB000130D020304D26200E14001C1E2EB9071B85E5FE
:209EC0005800E085E0C661BA12B1F860786FC4B41E7667F0DD40241A08841201F80182002A
:209EE00003D86EC1E16111182402401007BC8048307BD81C030A0304000DB0824640E1276C
:209F0000FBF09080008CF41A050280C0347C881C02090480C021BC7814020D0680C029BC1F
:209F2000681402100F0539E2C0A010A0F82C587C14301E0AE607050E1383E240A01200384E
:209F40002B8F0E05008801C16078502804484E0BBBC781C022C0F0583E040E011880C060FF
:209F6000103E2C0E011E8041201F71B82A9300140C0E09580F60AC05223E82EC2B017E220B
:209F8000D048071794990BF40582804020300F801C15BF9A130BE085B5C1C0601E80D840E0
:209FA00000DF204C165C760ADBCC81403D027090380780762BB03B0DD80982FE89C16079E1
:209FC0008170A2707D4138AE809C3730260A53D05402000880C0249174F899002C104C1C08
:209FE000700E08761E390C1D858A04C14B7965F0E3B0B10138A8A09C3420260AAE271D041D
:20A00000138A8609C37F1160A43CBECC060C250DB9EBC0660FF1E0017FBE714C580016643C
:20A02000060BB7DC80E3A1A353600277C9EC04061016127C0B04030500BA80C30AC7E0422F
:20A04000626F9820F91007F0053934801E3639888102C804C58ACB8005C9CA608060C8E9FE
:20A06000C0132EB0159A40F93BE6087614005EF93D0F822F833186005FB223C100C1DB3045
:20A080002030A9F0603077BC836CA8005DDFF900F04400E08060E40070C03074C8B412010D
:20A0A00011038288CA0060A1100B66CD940BFE0F05608434B20003772038D9A02024AA565F
:20A0C000030B0347029481C100C182C1C0A53008041654030A0F07018C0B0101C14101E0A1
:20A0E0008060C26100E08060C160E00070500957EC160BCF0080463062B0800FE00FE00F2B
:20A10000E00FE00FE00FE00B701407F007F007F007F007F007F007F007F007F007F007F066
:20A1200007F007F007F007F007F007F007F004E82596F169BA50B730243FF003982C69BA2F
:20A140006ACD72B0D9E83936EFF00148342014229B130F928A50AA920A655E4157A8C02072
:20A160005FB9A66EBF808040301008851B19035BFF004B88DB6CB74B0CB67D70B0DCACB69D
:20A18000EBA402ED69B2DDFC50484074441E14291323118594C827D20984024362BA57EC10
:20A1A000575B357ED161B9D7C680E501C0BD18EC060100CC48750050400CB1FB0DD2DF6DC8
:20A1C000B4D8EBF67B2DD25126B1DBEDD6E96CFAD36EAFDB2D9298056ACB70B45E6E541CC7
:20A1E0000C09159C0067CF03948AD4461880E5D638058EC5209E4F6415FB15D2BE10075FA9
:20A20000B1D8B7B4B222999DD2F100B4DCEBF61B1DB07A1250040729805AEBF63BADCAE5C2
:20A2200065B75D2BF67B2DD25129904F67B20B5D7EEF6FB95AEBF71BAD96EBA4894247E27E
:20A2400023C200774BC57EDD6FBA5A6CD7911841103B28E02CA7A159851AC4E060309B1DDC
:20A26000BEEB6CB25BA4F74905CEEB62B6DA6E92094596E57290496C92985402E96DB848D2
:20A280002433D901FC1C02E172B2DD8180E4C0D072D9F35C2DCACB61B25E7F723278AC9474
:20A2A00004300ECB63BA5A6DF6E905CACB66B2AC4158ECB0A805BED964904FA413080426CB
:20A2C000861E0418125B0575B75D2CB72905A6E7209842A0169B7592CB78904FA7B20984CB
:20A2E000824D26900342CF241B7C240723013109004684586C76C628486C44366A3440473C
:20A300000D0B8C8805C3DCE535B98576532994FCB0F018587C544EC5740F04905C2DF69773
:20A32000D8385402436BC15C61C5C1B1AA4DBAED61B65A6C9201484BA5E6E16590496EB0EB
:20A34000A804269D6F907067B0A1389CEC064162BAD9AE6190B54AC0B81DD2CB78BA42A087
:20A36000130905F2F9209406C14B67D72B2D9A413D9EC8263290910994A601214682090246
:20A38000AFDA2C373AFDDAD365BBCA2DF75BA5CED364B2CA60166B9586CFA7ACC65EE43CFC
:20A3A0000070D0F4D03B2D8EE969B7A802F471D01824020105804035D1C950D08000C4B2D2
:20A3C000D932B1D86E12EB1C02E6900726B6596BF63B4586DD2D9F57EE164BAD7EE565B0D3
:20A3E000D92F300B7DB2C900358396CFB412E848E046B20342AA57E874FA753808128B4306
:20A40000AA5168900B35A6CD6F1C0325030302805C2EB62B65A6C700B9586DD64B7DB41A34
:20A420001A5B69B204030241CC2F125984CAF1000202AC4E8085E412892DCFD95080C02096
:20A440001928F36154C6C374BA35815BACB74AFD8AEB66AFDC2DF6FB657ECF65BA4A018081
:20A46000A5B3E0684B4D9252F30828041E09D5814348437F71D870406C9EC574AF8B41DA3E
:20A480002C97294C021355B75AEDD6FBBDBA416FB8482E979B859640CB095885402E565D97
:20A4A0008DE95A0BC35856AA9659D5C16E774B0DD2D363AFDCEED63904F27B20AF9BC106B2
:20A4C00001D7EE765B95DAD363B2D7C3C177B4B858E85486D36EBB586D969B2482E161B9A3
:20A4E000586DB65BA596E50A85400680AE50084D3ADF20B6DBEE565FCD6A142E130AB9877B
:20A50000810A825CF0D80809205CF07E1C42265B3E2403905F2F85C0A0F0575BADA6C9000A
:20A5200090D86E96FB6A9815D2CB73BA57EC569BA4A2E763E44621248112EA9D0EBF49A7C9
:20A540005129343A0D528B5FA8514120A9D4794C021349B7592D363B0DD2CB20B0DB2E5649
:20A560005B0D92F320B8594220ADD67E456E0434059982616068C1400FE007509DD5150553
:20A58000FC01FC01FC01FC01FC01FC01FC01FC01FC01FC01FC01FC01FC01FC01FC01FC01EB
:20A5A000FC01FC01FC01FC01FC01FC01FC01FC01FC01FC01FC01FC01FC01FC01FC01FC01CB
:20A5C000FC01FC01EA3FA382A0BF803F803147ADB65B6D7EE76CB0D8A5D63800181C8279B7
:20A5E0003D9057ED75F0A87B242854262128088396CFACD72B2D96BF6CB4DCEE9F1AC43CF0
:20A600009A3B6F019049A4D201305B4DBACD6F975BAEB6DAFDD6E765B24827B3D0B0FB1524
:20A62000B2DF63B5DCE5320BE5F03212BF70BA5CABF69B9D7ECF6FB7D90D01258300C6E193
:20A64000129804254212C76FB95CAEB70BA5A6DF6E90592CB74B2D8EE965B242BF516540B7
:20A66000A832F415BEE579D64DA12121370B95BEED69B27C235030683C155B35015C8E00E5
:20A680004BE9C1373022F5A005ECD4073B0341FF005C825DEDF72B5C1620161F13A25169DD
:20A6A000941ACD06854CA2D7E8549AA4A60173BCDBAC771DDC6D5BFC01FC01FC01FC01FCD0
:20A6C00001FC01FC01FC01FC01FC01FC01FC01FC01EA25148A402011C904C2811C9001C2F4
:20A6E000C028100C44092BFC00239502C3C04951B4B01B6D86C72EB1C02512894586D96768
:20A7000094C824D20944A2E173B0D7C180ADF72B4DD2D16DAFDD25320985E26F66980002EE
:20A720004A653209ECF4445661331107804522900804724130A047240070B00A07160385C9
:20A7400058C5C2C06D765BCD7EDB61B7586CF65B6D96DD745D02B2586E961AFDB2CB6EB353
:20A76000DD2D1000E03B15D6CD66B2DC814283832D374B9C020303F0D2D1C0B4B4CDF25210
:20A780002801C40E4130A14031D0C427D007F007F007F007F007F000F8B7FC000A3F00FFEA
:20A7A000F07F7E8A6642E58BF3ECEA389B1EAE4723A0E060253723A09E08FC032F0AC54056
:20A7C000A01008F85435FFFD00806EF49FF80776A02D1A8009FF8DC0375ABDD6EA2000055F
:20A7E000A09AD3601FF0B82E24260100CD0903D421035110C1A04BF82C26A8000AAA000424
:20A8000095479E825860D01805361301807861101806C6150280684CC0AB3158081C445603
:20A82000150180574060A5A1B051B018203878680C14060E330701807D6270180775920BD5
:20A84000AA4B057F8440A01AD0B820383018F9AC620300B680C103C38CC3E863B011988A95
:20A86000692C14D40608663F629F05D50382F8C3203008EC060300C8C400E16D2870563048
:20A88000182EAA1C15D55E0AA20B054301820387AEC017E08060BBA5305030782DAC460369
:20A8A00000F04020120FC00C11381483000305A00182B287C17A02608540A414C0182C40B9
:20A8C0000C16A203FAE840745018000185069C340B79944080E12FA0F0DC50786E081C3475
:20A8E0004652070B1AEE8403434201A56070DF59465BA901D62059000FEF43467C710C4C86
:20A900000CE14401DF930366FF66FF007F66FF66FF007F66B7DA42507FC01224F6AFF9BFA3
:20A9200065A30BFE0588EC41A010089D3A05E0A6D420500A700C14C4160A1E030537018290
:20A940008680C163C260ABC0305390B86B782C1584060ACE03057F0182C480C17021D04837
:20A960000406010180C0607008047A011E8116C3C0A0160805FA01E00B030050EBE77FE0CF
:20A9800080A060C003F993BC6C04167900FEC4C7EE7C90CD6C2115180096F9828082C46EDE
:20A9A00020E030A0F1FB8490201830B88078E007FDC415862401FC00BEF9825D85C6580012
:20A9C000E0B0D028072ABF01018400038F585AE36BBAB814037173FF403FEF30708018587D
:20A9E000057E0100F4C2329041187CEEEE0500B2F2204331127B57FE01F5E040A0125E3C29
:20AA00000E015BE340E01910F820003E8458640E0500EE01C242A01EC0384902ACE6DF97FB
:20AA20000304058B8EC2C300E1A30070C000768C2FFA01648AC1200B9090A0186000707892
:20AA400070B970022CA7F50618000ADF4680482CE0305D5FA1EC2FFC080F21D08181C1C340
:20AA6000C060B2701B886016E219009000C1D47C90380534060BB3F381C02CF7490403294A
:20AA80000F80483780305A80182AE4420120A600C1740160A3E1F052301829780C17E06E39
:20AAA00008A80F411682403000305608B4136707D0C21549401FC01FC002ACD8280C02CD54
:20AAC000818082C242323020184D2E20068401BFC10E8048371960402F840201B8DEC024B9
:20AAE00001306850798FD403C16801828043C2608060BE413059CA5C02015409820F83DC1F
:20AB000000C104C1D8212030B00EE40B33051E038C6F88816060305103104DFEB77BB7DBF9
:20AB2000C03F1A30B8208050008AC160100C183C3C38060AD80F040306131758CBC020184C
:20AB40000FF84C6FF0E808060C002C27FC265FFE0005368840241F807830182A602C105CC7
:20AB60001E93F300F003C1D701E18002F101B0C330900E440B2F0385402018401820007F9A
:20AB8000900C16103808060F38400403061307DFFCC0FC1EC1E034203884120152DE4024F2
:20ABA0001C80782018325041382DD00C10EC38001C0C020B681F050DDC40BC1A488C12016A
:20ABC00040DEA4068AC39FC1A0C5800461A0500FC4B42434561C662E0201051003829AEAC0
:20ABE000A0500880CC15C0660FD1018040269B5820EC5EE05E08062C761CDE2E806F1C335E
:20AC000026D706000728840EC10CC1690663DA608062DAE8E81EB8147BB34EF64E76B4B8BE
:20AC2000FD4AF916D8EE7F517A865F396FAF4FF1DB2B0637AB9EBFF9345A2DA7E309ECF8BC
:20AC40007BFA7E7C2E13C95FEDDDE07C4DFC464363A2E56757992EC38BFBCD724CA4800EAF
:20AC600070101E5DEECB46AB5EA2362D6C02B130C0F375973EBFA75B9DBBDEB8BFBC57EF10
:20AC8000770CD06D2252DFBDBA2DAC81E0AD589ACDFFC925A64C2218DC65F6EB8CF2D5B83E
:20ACA00074AE742F1F0A865B2E104FEFB6020769D5001200400000EB55C9501B48C7214214
:20ACC0000E3019E38880C09450BDAAACB2357037FB955C421315EB981CE8FB6D46D6A4C028
:20ACE000348E87B94D8AE18DA5280CC6BD926C149916C56BCCC1250001000101004000E3E8
:20AD0000E129B49F1218E18E4614ACB2523389C75852EBB98B4D2C6171A2FC65706BA3D13A
:20AD2000DDF85F52E71450C3E572E624695FAFD41CE4D9354D6C2B19F7D6001A6AE8B024BB
:20AD40000040009C94878DEC2A965845F97B1AEA89C271863655DD85FB424A00114E089001
:20AD60008A93007A493DB91D7A0F68AC6A078167E7ED0575A8099FEC52251B63A042CC4677
:03AD80008E290910
:00000001FF
