:20000000C8F000203D6F0000D7790000296F0000296F0000296F0000296F0000296F000014
:200020000000000000000000000000009D6F0000296F000000000000296F0000296F0000EC
:200040009D0A00009D0A00009D0A00009D0A00009D0A00009D0A00009D0A00009D0A000068
:200060009D0A00009D0A00009D0A00009D0A00009D0A00009D0A00009D0A00009D0A000048
:200080009D0A00009D0A00009D0A00009D0A00009D0A00009D0A00009D0A00009D0A000028
:2000A0009D0A00009D0A00009D0A00009D0A00009D0A00009D0A00009D0A00009D0A000008
:2000C0009D0A00009D0A00009D0A00009D0A00009D0A00009D0A00009D0A00009D0A0000E8
:2000E0009D0A00009D0A00009D0A00009D0A00009D0A00009D0A00009D0A00009D0A0000C8
:200100009D0A00009D0A00009D0A00009D0A00009D0A00009D0A00009D0A00009D0A0000A7
:200120009D0A00009D0A00009D0A00009D0A00009D0A00009D0A00009D0A00009D0A000087
:200140009D0A00009D0A00009D0A00009D0A00009D0A00009D0A00009D0A00009D0A000067
:200160009D0A00009D0A00009D0A00009D0A00009D0A00009D0A00009D0A00009D0A000047
:200180009D0A00009D0A00009D0A00009D0A00009D0A00009D0A00009D0A00009D0A000027
:2001A0009D0A00009D0A00009D0A00009D0A00009D0A00009D0A00009D0A00009D0A000007
:2001C0009D0A00009D0A00009D0A00009D0A00009D0A00009D0A00009D0A00009D0A0000E7
:2001E0009D0A00009D0A00009D0A00009D0A00009D0A00009D0A00009D0A00009D0A0000C7
:200200009D0A00009D0A00009D0A00009D0A00009D0A00009D0A00009D0A00009D0A0000A6
:200220009D0A00009D0A00009D0A00009D0A00009D0A00009D0A00009D0A00009D0A000086
:200240009D0A00009D0A00009D0A00009D0A00009D0A00009D0A00009D0A00009D0A000066
:200260009D0A00009D0A00009D0A00009D0A00009D0A00009D0A00009D0A00009D0A000046
:200280009D0A00009D0A00009D0A00009D0A00009D0A00009D0A00009D0A00009D0A000026
:2002A0009D0A00009D0A00009D0A00009D0A00009D0A00009D0A00009D0A00009D0A000006
:2002C0009D0A00009D0A00009D0A00009D0A00009D0A00009D0A00009D0A00009D0A0000E6
:2002E0009D0A00009D0A00009D0A00009D0A00009D0A00009D0A00009D0A00009D0A0000C6
:200300009D0A00009D0A00009D0A00009D0A00009D0A00009D0A00009D0A00009D0A0000A5
:200320009D0A00009D0A00009D0A00009D0A00009D0A00009D0A00009D0A00009D0A000085
:200340009D0A00009D0A00009D0A00009D0A00009D0A00009D0A00009D0A00009D0A000065
:200360009D0A00009D0A00009D0A00009D0A00009D0A00009D0A00009D0A00009D0A000045
:200380009D0A00009D0A00009D0A00009D0A00009D0A00009D0A00009D0A00009D0A000025
:2003A0009D0A00009D0A00009D0A00009D0A00009D0A00009D0A00009D0A00009D0A000005
:2003C0009D0A00009D0A00009D0A00009D0A00009D0A00009D0A00009D0A00009D0A0000E5
:2003E0009D0A00009D0A00009D0A00009D0A00009D0A00009D0A00009D0A00009D0A0000C5
:200400009D0A00009D0A00009D0A00009D0A00009D0A00009D0A00009D0A00009D0A0000A4
:200420009D0A00009D0A00009D0A00009D0A00009D0A00009D0A00009D0A00009D0A000084
:200440009D0A00009D0A00009D0A00009D0A00009D0A00009D0A00009D0A00009D0A000064
:200460009D0A00009D0A00009D0A00009D0A00009D0A00009D0A00009D0A000053B94AB9DC
:20048000002908BF00281CBF4FF0FF314FF0FF3000F00CB8ADF1080C6DE904CE00F008F80E
:2004A000DDF804E0DDE9022304B07047704700BF2DE9F04786468C460846089E15467446C3
:2004C0001946002B40F0C1808542B2FA82F245D94AB1C2F1200300FA02FC954094402EFA82
:2004E00003F343EA0C0C4FEA154EA8B2230CBCFBFEF80EFB18CC08FB00F943EA0C439945AC
:2005000028D9EB1808F1FF3704D2994502D9A8F102072B44A3EB0903A4B2B3FBFEFC0EFB67
:200520001C330CFB00F044EA0344A04214D92C190CF1FF3304D2A04202D9ACF102032C4418
:20054000241A43EA07401EB1D440002334607360BDE8F0874746DDE76346F1E792BB431BE3
:2005600001214FEA154EAFB2200CB3FBFEFC0EFB1C330CFB07F840EA0343984561D9EB18A0
:200580000CF1FF3004D2984502D9ACF102002B44A3EB0803A4B2B3FBFEFC0EFB1C330CFB9D
:2005A00007F744EA0344A7424DD92C190CF1FF3304D2A74202D9ACF102032C44E41B43EA6D
:2005C0000040C0E7C2F120039540944020FA03F12EFA03F34FEA154E9040AFB20343B1FBCA
:2005E000FEFC0EFB1C10190C0CFB07F841EA0041884522D969180CF1FF3004D2884502D942
:20060000ACF102002944A1EB08019BB2B1FBFEFC0EFB1C110CFB07F743EA01439F420ED9D2
:20062000EB180CF1FF3104D29F4202D9ACF102012B44DB1B41EA004193E76046E3E76146F6
:20064000F7E76046A4E76346B8E7834206D916B9002108467CE7C6E900E0F9E7B3FA83F768
:200660008FB9834201D3724508D8BEEB020460EB030301209C461EB9002169E73846FAE758
:20068000C6E9004CF8E7C7F1200CBB400EFA07F522FA0CF42EFA0CF1BA401C4320FA0CF3EA
:2006A000B8404FEA144901431FFA84FEB3FBF9F809FB18300B0C08FB0EFA43EA00439A4571
:2006C00040D9E31808F1FF3004D29A4502D9A8F102002344A3EB0A0389B2B3FBF9F809FBD3
:2006E000183308FB0EFE41EA03418E452CD9611808F1FF3304D28E4502D9A8F1020321442E
:2007000043EA0040A1EB0E01A0FB02984145CE46434602D306D14D4504D20138B9EB020E78
:2007200068EB0403002EA7D0B5EB0E0261EB030101FA0CFC22FA07F3F9404CEA0303C6E97D
:20074000003199E74046C5E74346D9E70146F0B550B332B3164E306830BBD1F8C842D1F816
:20076000D8329C4213DA134D05F5C0473B8803F5005C45F8234001339BB2B3F5805F25F867
:200780001C203B8003D96FF01E003060F0BDD1F8CC3222449A42A8BF6FF01D00C1F8C8223D
:2007A000F4E76FF02100F1E76FF02000EEE700BFC4710020C011002008B5134660B172B163
:2007C0000A46D0F8C0120748006806F07AFC002818BF6FF01C0008BD6FF02000FBE76FF00D
:2007E0002100F8E734740020014B1B68184700BF000100202DE9F047058B044628079046F7
:2008000012D4022905F0070540F0CD80204606F0AAFC80B10138218B042800F29F80DFE82D
:2008200000F0C29D657D8D0001290CBF45F0100545F02005258388F31188BFF36F8FBDE850
:20084000F08701F007035A1F012A1CD8002221F00701062B276889B2C4E9002209D13B462E
:2008600003E0628B013262831B68002BF9D141F002012046218306F076FC002800F0A18039
:2008800041F020019CE0042B0AD121F0070189B22046218306F067FC10B141F02001218312
:2008A000218B01F0070AAA4575D00027B946A368002B00F08E8041F00801218388F311880A
:2008C000BFF36F8FA168002900F08C800D68002900F08880334652462046D1F80480C047D9
:2008E000002D48D02B6829461D46F0E7236921F0070141F00601062DD3F80090218335D162
:20090000B9F1000F47D041F00801218388F31188BFF36F8F20463D49C84731E021F0070140
:20092000236941F0040189B2042DD3F804902183E6D000274FF0040A3E46B8E721F0070120
:20094000236941F0050189B2052DD3F808902183D6D000274FF0050A3E46A8E701F0070A30
:20096000AA4518D00027B9463E46A0E700274FF0060A3E469BE72B46B5E7B9F1000FC9D193
:20098000EFF31188202383F31288BFF36F8F238B23F008032383258BEA062ED525F010039C
:2009A000238305F007056669218B002EBFF649AF00232768C4E9003321F0070141F001015C
:2009C0002183218B4FF0000901F0070AAA457FF46EAF002F94D041F00801218388F3118879
:2009E000BFF36F8F002FC8D03D68394633465246204606F0A6FB2F46F4E7AB067FF51BAF0F
:200A000025F02003238305F00705FFE69F710000002318460649D1F89020C2F30722934206
:200A200000DB7047C1F89830C1F8A0000133F6E700ED00E0002807DB01234109034A00F0B7
:200A40001F00834042F82130704700BF00E100E000280CDB01220649430900F01F00824054
:200A6000203341F82320BFF34F8FBFF36F8F704700E100E00028ACBF00F16040064B4FEA41
:200A80004111C9B2ABBF00F5614000F00F0080F800131954704700BF14ED00E0EFF30583D1
:200AA000034A103B02EBC301496852F833000847E0A80000244B254A4FF47A611A6001224F
:200AC000234B2448C3F80424D0F82436C3F30802C3F309434B4382F480721F49883201FB61
:200AE00002334FF4FA215B00B3FBF1F201FB12331A49B3F57A3F28BF0132C1F80429D0F8AA
:200B000020364FF47A60C3F30802C3F30943434342F21C5082F4807202F2172200FB0233B5
:200B20004FF47A701B0AB3FBF0F200FB1233B3F5FA7F4FF0010328BF0132C1F81C270020F9
:200B4000C1F80036704700BFFC0000200020A107002008E000C0FF00F82A00800000125081
:200B6000084B70B5C31A0D4607499B10044659434022064806F033FB2B4601462046BDE855
:200B80007040184748110020B76DDBB658800000402373B50B4C0093041B0B460D460A49B5
:200BA000A41061430646094A094806F043FB011E05DA30462B4602B0BDE87040184702B0BC
:200BC00070BD00BF48110020B76DDBB6A372000058800000F8B50221054640F20510FFF7B6
:200BE00049FF174B1A7922BB164A1A6001221A71154B1B6A9B0603D440F20510FFF71AFFA0
:200C00000024124BC3F840442B69ABB11C222146184607F0E3F901261C220D4F06640761BB
:200C20002D692146A81807F0D9F92046EF62EE64F8BD6FF00400FBE76FF01500F8E700BF19
:200C400040110020E574000000E100E000E010500C9700000A2810B5044603D10D21044897
:200C600000F02EF90248E1B200F02AF9204610BDD88000000048704704970000024B0B6090
:200C800001231360704700BFFC960000024B034A0020C3F80C25704700B004508000008054
:200CA000036803F01F025F2B02604FEA53129ABF024B53F822000020704700BFF0960000FC
:200CC0004209022A034670B503D0012A18D0CAB170BD0E4E326951680029F9D0012503F0E6
:200CE0001F030C689D400029F2D08A682A4002D030464B6898473CB1236821461C46F2E746
:200D0000034EE7E7034EE5E72346F6E79880000078800000B88000002DE9F04F4368027A8D
:200D200085B003EBC2029A4204D86FF0010005B0BDE8F08F5C798C4200F0B1800833F2E703
:200D4000DAF80030C3F3C322082AC3F3080100F2A380414508BF4FF0FF31B3F1D05FBC5C49
:200D60004FEA136210D2192A10D8DFE802F0121C47614A51610F0F0F0F0F0F0F0F0F0F0F88
:200D80000F0F0F0F64787B7E382A71D06FF08500CDE7C9F804164A1C57D10AF1040A5545FB
:200DA000CED10020C3E7C9F80C16481CF5D04FF0000B5A46DAF80030039103F400400028DF
:200DC00018BF002203A818BF4FF0010B01930092FFF766FF0399019B00EB8100D0F88010D0
:200DE000C3F3412C009A230243EA8C03134331400B4343EA4B03C0F88030CEE7C9F81016C1
:200E0000C9E74B1CC9F80016C7D04FF0000B05E0481CC9F80416C0D04FF0010B03A80391C5
:200E2000FFF73EFF0122039B02FA03F38360C1E7C9F80816B9E7C9F860154A1CDAF8003024
:200E4000ABD0C3F30043002BE6D003A80391FFF727FF0122039B02FA03F3436019E0C9F8D2
:200E60006415EAE7C9F86815E7E7C9F86C15E4E703A80391FFF714FF039B00EB8300D0F8F3
:200E8000803023F0E04343F08043C0F880304B1C83D04FF0010B8CE76FF0150047E7D3F829
:200EA00000A01D7940F2FF18D0F80090024F034E0AEB850573E700BF9CA50000F0F0FCFF05
:200EC0002DE9F84304460D46D0F80480EFF30583B3B92A4B1B789BB1294E46F0010664276F
:200EE000DFF8A09063681B68D3F8303193BB264BD9F80000B0FBF3F0B047013FF2D1EEE784
:200F00002021EFF311831A4681F31288BFF36F8F60680068D0F8300120B983F31188BFF339
:200F20006F8FEEE7D8F8243000201D706368D8F824101B68C3F83C170121C3F84017C3F8BE
:200F40003001D3F83001196582F31188BFF36F8FBDE8F883EFF3118320211A4681F31288E3
:200F6000BFF36F8F61680968D1F830110029D9D183F31188BFF36F8FB1E700BF3F800020B5
:200F800000820000FC00002040420F0038B505460221C620FFF76EFDC620FFF74BFD6C6888
:200FA0000121E068FFF7B8FE6B6819686369C1F82435E28BA38BA07E1343228C1343628CE8
:200FC0001343627E9BB20243207E02431343C1F86C3569680B68D3F8002242F48022C3F8F2
:200FE00000220822C3F800254A6A0121C3F83C270022C3F840271965D3F830110029FBD00F
:20100000C3F800252846BDE83840014906F059B96134000070B5EFF31181202383F3128892
:20102000BFF36F8F4FF0FF346FF04040074DD5E90023944270EB0306F9D381F31188BFF3B5
:201040006F8F1046C3F3130170BD00BF40270E5038B5EFF31185202383F31288BFF36F8F59
:20106000124B1B6803BBFFF7D5FF114AD2E90032C01A61EB0201400940EAC1630D4AD2E9EE
:201080000004181844EBE37485F31188BFF36F8F4FF47A71A0FB010547F61222002301FB76
:2010A0000451FFF7EBF938BD0023E7E7387400207801002080010020064BD3F840231C2A50
:2010C00005D1D3F84403431E5842584170470020704700BF00C0FF00054BD3F840031C28E6
:2010E00004D0A0F12F035842584170470120704700C0FF0003689A070CD50368DB070DD5BC
:201100000922074BC3F80C250F22C3F8042501221A60FEE7034B0360EF3B0360704700BF1B
:2011200000801050F000FA5010B50368CB40DB0710D401238B40026843EA0201D0E8EF4F15
:20114000944204D1C0E8EC1FBCF1000FF6D1F2D1014810BD0148FCE70000AD0B0400AD0B35
:2011600001282DE9F341054615BF0420712014220422304918BF4FF48473C1F808034FF03F
:20118000010008BF4FF4807302F1A04202F587121060002203F1A04303F587131A601B68F4
:2011A000FFF79AFF044628B1012D21D1CD600DF1070401E0012DFAD0002342F210768DF8EC
:2011C00007301D4B1B4F43F00108012D20D0D7F84C3403F480336CB93BB1184B1868184B5C
:2011E000B0FBF3F0C047013EEFD102B0BDE8F0811446E1E7D7F84C2402F003022270002B7E
:20120000F3D09DF80730002BE7D0012DEDD106E0D7F80C3403F480332CB9002BDDD10022F2
:20122000084B5A71E1E7002B0CBF012300232370E7D1F4E700E0105000820000FC00002087
:2012400040420F004011002010B5EFF31184202383F31288BFF36F8F074A136823F002016B
:20126000DB07116002D40120FFF77AFF84F31188BFF36F8F10BD00BF98110020012838B58A
:20128000304A0546304C40D0D2F84C14D2F84C34C80322D503F00303012B04D013B10020EA
:2012A000FFF75EFF2B46274A0420C2F8403410224FF48473002103F1A04303F58713196038
:2012C0001D68012502F1A04202F58712156022688AB31C4BC3F804030CE0D2F84834D90787
:2012E000E0D5D2F850349B07D9D423681BB10423C2F8043338BDD2F80831002BFBD000231C
:20130000C2F80831D2F80831F4E70023C2F81031D2F81011C2F81831D2F81811C2F81431FE
:20132000D2F81431FFF7D8FE00B1956000224FF480737120BEE71A68002AFCD019601B682A
:20134000D8E700BF00E0105040110020034A4309D35C00F01F001844C0B270478CA50000D1
:2013600010B504460846FFF7F1FF3C22237902FB0300034B083033F81000C0F3401010BD9F
:201380005010002010B504460846FFF7DFFF3C22237902FB0300034B083033F81000C0F32E
:2013A000400010BD5010002010B504460846FFF7CDFF3C22237902FB0300034B083033F8D6
:2013C0001000400B10BD00BF5010002070B505460846FFF7BBFF3C212A79184B01FB0202D5
:2013E000083233F81200C10526D578240026C0F3432120F4F85023F812002A7904FB02347B
:201400000E3434F8020F10F4807F03D0C0F34320814211D00136232EF3D10020C2EB021290
:201420000A4443F8320078202A79BDE8704000FB02306030FFF778BE70BD00BF501000200C
:2014400070B505461446FFF78BFF70B10846FFF77DFF3C222B7902FB0300054B083033F8AC
:20146000103004485B0B237070BD0348FCE700BF501000200000AD0B0400AD0BF0B50646E8
:20148000002487B0114F019117F8012B06AB03EBD20313F8143C02F00702D34013F00103E0
:2014A00006D10134032CEFD10023184607B0F0BD074A03AD07CA85E8070055F824100A6A11
:2014C00046F824200A62002AEBD0EEE789A50000E0810000124B70B553F82050013053F81C
:2014E0002060AE4200D870BD6C68B4B1237FDB0711D4636953B12046984738B10028B8BF38
:201500004042FF28A8BFFF20E3681870E268537843F0010353700835E3E72B689847FAE760
:20152000C896000001680E4A0346914215D1C169A2F11022A2F1EF1291420ED18268012A40
:201540000BD8C26812B101698A4206D0586928B19B691B1A5842584170470120704700BF5B
:2015600055AA00FF70B50D4B9E68A6B13046FFF7D9FF044678B9F3686BB935690DB920468B
:2015800070BD2846FFF7CEFF28B9EB68B34202D12E462D69F2E70124F1E700BF28100020FA
:2015A0000022074BC3F81021C3F80C21C3F80021C3F80421C3F80821C3F81421704700BFDD
:2015C00000500450C36870B57BB9C36900F128021A60C369454A9A604368C269DB6843F41D
:2015E0008063D360C3691033C361836A9B052FD40368C268DD6800F1EC04302D34BF082679
:2016000010261D6901366B1E1340EB1AB34238BF5B191C44D50004F8015C03F1EB045209CA
:20162000044400F1ED05A5425CD1802280F8EC20426AC469C4322260C26993604468C269FF
:20164000E468D460C2691032C26102691A4402610269C469D31C23F003039B1A54F8042C7D
:2016600042EA032244F8042CC26952F8084C234443F0005342F8083C026A0368DB681160EE
:201680000168026AC96803339160026A23F0030302F1100101620168C96899420BD00021C0
:2016A00011610168026AC9685B1A43F080439360036A10330362836A13F4806311D102681C
:2016C0005169D26891420CD0026A13600268016A5369D2689B1A43F080438B60036A103377
:2016E000036270BD04F8012D120A9CE7040000201B4BD3F80021C2B1BFF35F8F4FF0A341E3
:201700008A6ABFF35F8FBFF35F8F4FF0FF300863BFF35F8F0021C3F80011D3F80031114BD7
:20172000196819680A431A607047D3F80831002BFAD002220C490B689A60096909688903DB
:2017400044BF03F58053DA610022054BC3F80821D3F80831054B1A681A6842F00102E2E7D4
:20176000008004508C010020C801002088010020244B0340B3F5806F2FD017DC402B2ED0B2
:2017800008DC102B2DD0202B2DD0181E18BF012040007047B3F5807F27D0B3F5007F26D005
:2017A000802B08BF0B2018BF02207047B3F5804F1FD00ADCB3F5805F1DD0B3F5005F1CD029
:2017C000B3F5006F08BF0620EDE7B3F5004F16D0B3F5803F08BF0320E5E7112070470A2025
:2017E00070470C2070470920704708207047072070471420704705207047042070470F20E1
:20180000704700BFF0FF01000C22104B014602FB0033002030B4D3E90E529863EFF31180D4
:20182000202484F31288BFF36F8F1C6C04F0C00444F002041C6480F31188BFF36F8F1DB11F
:201840002B4630BC0248184730BC7047481100205880000010B4EFF31182202383F3128802
:20186000BFF36F8F1648016841F002040460C80707D482F31188BFF36F8F012010BCFFF70B
:20188000FDBC1049D1F80C14C903F2D5EFF3118083F31288BFF36F8F0B490B6C03F0C00306
:2018A00043F002030B6480F31188BFF36F8F82F31188BFF36F8F002010BCFFF7A5BF00BF02
:2018C0009811002000E010504811002070B5204CC2B0E36A0546802B1A4628BF80220192C4
:2018E0001BB92075002042B070BDD4F8583201AA02A904F1300098470028F4D1042D2069E9
:20190000019A0FD0019A236A206913442362E36A02A99B1AE362E36898470028E2D06FF06B
:201920000900E0E7236822A998470028F7D1A36A019D02AA2B44A36222AB8542E2D0117818
:2019400013F8016B0130314402F8011BF5E700BFC8710020012337B50546254C0193636B32
:201960002BB1012B29D06FF0040003B030BDD4F85832204801AA0DF1030198470028F4D12C
:201980009DF80330C3F3801203F03F03A3630623E363012384F8402063639DF90330002BD3
:2019A000DDDB0023636394F8403013B1A36B5B42A363A36B00202B60D7E7D4F858320D48F3
:2019C00001AA0DF1030198470028CED1E26B192A0ADC9DF80330A16B03F07F0393400B43D4
:2019E0000732A363E263D8E76FF01800BDE700BFC8710020F8710020F7B5094C0546D4E9DF
:201A0000086701A8FFF7A6FF38B9019B1E44B74232BF6FF008002575E36203B0F0BD00BFD5
:201A2000C87100202DE9F041466807463369002B3AD0782096F81480234D00FB085393F82F
:201A400074408CBB184646222146103006F0C6FA317D1E4A336952F831C021468C4529D149
:201A60000024C3F84441D3F84421C3F30833581CFEF7E0FF7823012203FB085888F8742069
:201A8000C8F86020327D124903FB02529160327D022103FB0255DB20EC60FEF7EBFF022149
:201AA00040F20D10FEF7E6FF3846BDE8F041094905F007BCCAB2920002F58070442A04BF79
:201AC0001C501A580131C9E750100020E0960000C10C00007D73000038B5142200211448F3
:201AE00006F07CFA134B144A144C1A60144B154A00211A6014F003030FBF4FF4006503F216
:201B0000FC75C3F10403E4182A46204606F066FA074B0D4AC3E900452260A2F11022203D33
:201B2000A2F1EF129C606560E261DC60002038BD28100020DC000020292200003F78002046
:201B4000D80000201523000055AA00FF2DE9F34132480DF1060105F061FA304E10B16FF0A0
:201B6000110554E09DF80630A6F5177403F00F0213F0700FA26148D130460DF1070105F017
:201B80004DFA05460028EAD14FF006089DF8077007F03F079DF90730002B22DB2663002696
:201BA0004FF6FF734FF4007231461D48A4F84430666306F013FAB7420CBF07230123194A8C
:201BC000C4E91266C4F85422174AC4E90867A4F84660A4F8506084F85260C4F858222375A7
:201BE00015E030460DF1070105F018FA0028B6D1B8F11B0F0FD09DF8073003F07F0303FACE
:201C000008F31F4308F10708C4E76FF00205284602B0BDE8F0816FF01805F8E72474002005
:201C20001B720020A3700000F974000037B5274C237D082B43D8DFE803F00A0F1A1E2224D9
:201C4000264505006FF017000823237530E0FFF77DFF0028F8DB2BE001A8FFF77BFE002813
:201C6000F7D1019B002B25DD4FF0FF30ECE70320FFF7C2FEEDE70420FFF728FEE9E70520B0
:201C8000F6E70620F8E701A8FFF764FE0028E0D1019D636829462069984768B9A36A2B44AB
:201CA000A362D4E908239A4204D107230020237503B030BD0223F9E76FF00900C4E76FF08D
:201CC0000400C1E76FF00A00BEE700BFC8710020B0F5FA2F70B5144624D2C0F5FA239A4241
:201CE00020D8CAB142F20103104DC5F80035A9B106F069F9BFF35F8FD5F81834DB0706D4C3
:201D0000C4F308041CB10123AB60BFF35F8F4FF40052064BC3F80025002070BDFF2106F03B
:201D20005DF9E7E76FF01500F7E700BF00B004502DE9F7430F4615460446002855D0002AA9
:201D400050D0DFF8AC80D8F80060002E4DD1D0F8C812D4F8D832DFF89C909942D9F80000BD
:201D600039DA06236A46D4F8DC1205F0AAF988B9D4F8DC12BDF800300631AB42C4F8DC1277
:201D800005D1DDF80220D4F8C8329A420CD01A4805F030F96FF01D03C8F800306FF01D0687
:201DA000304603B0BDE8F0832B463A46D9F8000005F087F90028EDD1D4F8DC322B44C4F8C0
:201DC000DC32D4F8C8321D44D4F8CC32C4F8C8529D42E5DBE2E713463A4605F072F9002865
:201DE000EFD0DBE76FF02106DAE76FF02006D7E7BC11002034740020DC97000038B5084B70
:201E00005A78D20709D51C783CB9064D284605F0DFF82046044B1D6038BD6FF01200FBE7A9
:201E200032010020550C0000000100202DE9F84F14461D46FFF7EEF8A042A941C0F0E580F6
:201E4000744ED6E90012641A24F01F0365EB02055B1842EB0502C6E90032EFF311822023A4
:201E600083F31288BFF36F8F6B4FDFF8B08138686409B84208BF002044EAC564684DC8F826
:201E800000409146D5E90021D8F80030A8B3D0E9044C4FEAE37EA3427EEB0C0A05DAE41A0D
:201EA0006CEB0E0CC0E9044C27E0A21841EBE4710023C5E900210022C0E90423D0E90032A7
:201EC00013605A600023C0E9003389F31188BFF36F8F83689847EFF31189202383F3128878
:201EE000BFF36F8FD8F8003038681B1BB8424A46C8F80030C5D1D5E900219A1841EBE37339
:201F0000C5E900230023C8F800303B68BB427ED0002B7CD0D3E90443B4F1004F73F100021B
:201F200075DA002BB8BF0024FFF774F8D6E9002720230125801A61EB0701C4FB03014028C2
:201F400071F10004374C38BF184694F808E038BF002105FA0EFC28BF20F01F001CF0670F16
:201F60004FD0314B5E68F64306F0670616EA0C0F47D04FF000082D4E101847EB010103EB26
:201F80000E0206EB0E1792F85420C7F82C850C2707FB0232276882F814E0D76067681761C9
:201FA0009A6842EA0C029A60EFF31187202282F31288BFF36F8F94F808C01D4A4FEA8C0CE4
:201FC00042F80C80227AC1F31301120102F1A04202F56222C2F82005C2F8241587F311888F
:201FE000BFF36F8F227A883305FA02F2D3E8EF0F1043C3E8E10F0029F8D1237A9D40C6F816
:20200000245389F31188BFF36F8FBDE8F88F6FF0004489E778010020E000002038740020E0
:2020200080010020E80000204000002000200E5000210E5078232DE9F04F6F4C0E460C1B74
:20204000B4FBF3F4D0F81413DFF8B0B1C9B28BB041F400315BF83420009005F0BBF9810343
:20206000054638D50023E7000BEBC404CDE907330993636807A819460193FFF7FFF93B1D01
:2020800003934FF0000A5E4B0DF11C090293029A12F8013B0292039A02EBD3021BF80220F6
:2020A00003F0070322FA03F3DA071AD40AF1010ABAF1030F09F10409E9D14FF40031002228
:2020C000009805F087F9019907A8FFF7D7F90028D7D125F400350124002D76D10BB0BDE8CD
:2020E000F08F484B53440493D9F800100029DDD091FAA1F1B1FA81F1049B1C7841EA4414F9
:202100002046FFF723F9083036F81080C8084FEA98030593012319F8002001F0070103FACA
:2021200001F122EA010209F8002006A80694FEF7B7FD069A059B203250F82220C8F382072C
:202140005B07B846C2F3014223D53046D7B22146424605F09CF906A80694FEF7A1FD069B3B
:20216000203350F82330C3F301439F4207D10021204605F056F93946204605F052F906A820
:202180000694FEF78DFD0122069B02FA03F30362AAE7022A0DD10321204605F042F907F0BF
:2021A0000503012BEBD142462146304605F06FF9E5E702212046059205F033F9032FF2D06C
:2021C000059A032ADBD1022FECE795FAA5F3B3FA83F3009904FA03F225EA020503F5A2728B
:2021E00051F8222006EB43033046B3F86410C2F3014205F04CF96FE750100020E09600000A
:2022000089A5000089A5000001490248FFF712BF5010002000A00D5001490248FFF70ABF37
:20222000C810002000C01050F8B5384E3468F368D4B1B468C4B1002860D000295ED001FB9B
:2022400000F5B5FBF0F0884258D1291D56D8AA070CD025F0030204321C4603E061689142D4
:202260004ED2A469002CF9D12046F8BD2A46F3E7891A232904F120071CD80123A360D4E9F3
:202280000523AAB19361A3690BB162695A610023C4E905333369DB0703D5FFF763F90028A1
:2022A00031D12A46002138463C4605F097FEDBE7F360E8E702F1200C04EB0C032039C3E9FB
:2022C0000110DC6021691248196144F80C00A0F11020A0F1EF10D86101B1CB606169596120
:2022E000A069986141B18B61996901B14B6101212361C4E90121CAE7F360F5E70024B3E78B
:20230000A0680028B4D0012004F05AFE2810002055AA00FF70B50546002840D03B4E33687A
:20232000002B3CD0B268002A39D0834203D872681344984202D3012004F042FEA0F120048F
:202340002046FFF7EFF80028F5D155F8183C012BF1D155F8143C45F8180C0BB39A68FAB94C
:2023600055F81C2C02F120015A680A445A6055E905321A6155F8145C2B6903B1DD60202276
:202380000021204605F02AFE286908B183684BB333699B0703D5FFF7E5F80028CBD170BD8C
:2023A00055F8100C00282AD0836843BB4268636813442033636003692361D4E905239AB99F
:2023C000CBB9436963618269A261B3B19C61A36903B15C61236903B1DC602022002105F069
:2023E000FDFDD5E72C46E1E79361A369002BE8D062695A61E5E7F360F7E7F460E7E7F3680A
:2024000045F8083C03B15C61F460C1E72810002030B50468ACB1B4FA84F30122C3F11F03AA
:20242000DBB29A4024EA0202D0E8EF5FA54204D1C0E8EC2FBCF1000FF6D1EAD102480B709B
:2024400030BD0248FCE700BF0000AD0B0200AD0B2DE9F3410221E420FEF70CFBA94BAA4CDA
:20246000D3F8182722F44032C3F818272278002A40F01D81D3F8101521F00201C3F810155A
:20248000D3F8101541F00101C3F810150521C3F8A4160421C3F8AC160723672101F0010058
:2024A0000244013BD2B24FEA5101F7D1052A40F0FE8019464FF0010C934E00256720CFB22D
:2024C00004E00CFA02F220EA0200013590FAA0F25FFA85FEBE45B2FA82F2F2D30131327523
:2024E0000529224482F8547006F10C06E5D10121002586489A0801FA02F212F0670F18BF56
:202500001D500433302BF5D1E420FEF793FA7D4B0027D3F8102503F5C07322F00202C3F885
:20252000902340F6FF72C3F8A821794A1F60A3F58071043393420F60F8D14FF00108714DA8
:20254000744EC5F860803068734BB0FBF3F05D235843724B43EA080398476368704903EAD8
:20256000080301A8019384F80080FFF751FF6D4B984240F0A3806C4B1F72636823F00103C2
:202580006360A36843F00103A360D5F810359B0700F18D80D5F8103543F00203C5F8103535
:2025A000D5F8482712F0010202BFD5F8483743F00103C5F84837534BD3F84017D3F8441774
:2025C0004F00F9D42AB9D3F8482722F00102C3F84827514A3368B3FBF2F34A4A03EB4313E2
:2025E000002B64D0D2F84017D2F844174D0063D4FEF710FD01224D4B20F01F00C3E9000119
:202600004B49D1E8EF3FC1E8E02F0028F9D13BBB48498A608A684B6002F00302012ACB603A
:202620001ED1CB608A68032A1AD8EFF31185202282F31288BFF36F8F4FF6FF763E48848EA4
:2026400004F00702C48EB44251D0022A3CD10134C48685F31188BFF36F8F1C3004F071FDED
:20266000EFF305821AB9354B1B78002B44D1EFF31182202383F31288BFF36F8F012000250D
:20268000012420272E4B2F4ED3F84CC4D3F84C141CF4803F5CD001F00301012958D1002867
:2026A00077D082F31188BFF36F8F002001E04FF0FF3002B0BDE8F081013B91E7224B9842E3
:2026C000F5D16FF00B00F4E75124D440E4070ED50B60036A43B9C0E9071142B92A46022175
:2026E0001A48FEF787F8BBE719600162F5E785F31188BFF36F8FB3E70421114B1046C3F8BD
:202700000813BCE700200E504000002000210E50B0210E50FC00002040420F00F081000051
:20272000540000200000AD0BE8000020780100204C1000203C100020481100203F8000208C
:2027400000E0105000E100E00200AD0B6411002072B685F31188BFF36F8FBFF34F8F20BFD1
:2027600082F31188BFF36F8F62B6D3F8401411F0FF0189D1D3F808C1BCF1000F84D0C3F8AA
:202780000811D3F80811C3F84044C6F8A0711C617AE70422C3F8042387E700BF2DE9F74FBF
:2027A000904604460846FEF7D1FDD8F800900D4607462679B9F1000F29D02046FEF7E2FD5D
:2027C00038B12046FEF7CCFD18B1684803B0BDE8F08F01A80195FEF763FA019B99F80020BE
:2027E00000EB8300D0F88030614923F00F0343EA8203C0F880303C2303FB0673083331F8D0
:20280000132022F0020242F0010221F81320D8F80430C3B12946204693F80090D3F804A017
:20282000FEF7B0FDA8B1BAF1000FCED13C2303FB06764F4A083632F8163023F01C0343EAC5
:20284000890322F81630D8F80830002B50D14948BCE73C227243DFF818E102EB070C0CF124
:20286000080C3EF81C3023F02003DB04DB0C2EF81C30BAF1000FD9D0B9F1030FA5D8D8F8E8
:2028800004102068496891F800A000EB8A00B9F1000F04D1C0F81095C0F81095C6E7D0F890
:2028A00010B552442BF0030BC0F810B5206843EA4A3300EB8A01D1F810050EEB420220F440
:2028C000473020F47C70C1F8100541F6F070D1F810B500EA051040EA094040EA0B0043F0B4
:2028E0002003C1F81005A2F864502EF81C309DE72946D3E900862046FEF768FDB8F1000F7A
:20290000A5D0782320791A4D4343EA18EB58984504D153689E4201D100220CE0782303FB16
:20292000005001A96030FFF773FD124B98427FF44DAF9DF804203C212379C3EB0313134434
:2029400045F833802379C3EB0313134405EBC3035E60237901FB0373083335F8131041EA98
:20296000422242F4807225F8132070E70400AD0B501000200000AD0B2DE9F04FD50640F2CE
:20298000063548BF4FF00308476802EA05053B7B58BFC2F3401887B001F01F06B5F5837F33
:2029A000144646EA43168DF8028041D00DD8062D40D005D8A5B1022D12D06FF0150034E028
:2029C000B5F5807FF9D101250AE040F202239D4232D0B5F5407F31D0B5F5007FEDD10425C2
:2029E00020032DD501237A688B4053603B6973BB03A80396FEF754F9039B84F4803100EB24
:202A00008300D0F88020C1F30041C4F3404343EA410322F4706243EA880322F00F0243EA3B
:202A200005231343C0F88030002007B0BDE8F08F0925D5E70825D3E70625D1E70525CFE721
:202A4000620341BF01237A688B409360CEE707F11008314640460DF10302FEF7F1FC14F49E
:202A60004039824648D13046FEF770FC3C223B7D554D02FB0303083335F813300446DB0793
:202A80002ED5404604F0E0FC31464046FEF768FC58B14046FEF788FCD7F810B000B20BEB48
:202AA0008003C3F81095C3F8109540463146FEF78DFC3C223B7D03A802FB034400230834F4
:202AC00025F814300396FEF7EBF8039B00EB8300D0F880203D4B134043F00203C0F8803035
:202AE0003B4B9A45A0D1387D3A4B9DF8031003EB8000FEF719FB97E7002301AACDE904237E
:202B0000404603AACDE901330393FFF747FE304B814698427FF451AF14F4003347D0304670
:202B2000FEF714FC3146814640469DF802B004F48034FEF727FC28B94046FEF711FC002830
:202B40007FF43BAF3C223B7D1F4902FB0393083331F8133013F01C0F02D0002C3FF42DAF25
:202B600003A80396FEF79CF8B4FA84F43C22039B640900EB8300D0F8803023F4706323F016
:202B80000F0343EA8B0343EA440343EA052343F00103C0F880303B7D02FB039909F10809A4
:202BA00031F8193043F0030321F8193098E7CDE9043331460DF10203404603AA0393FFF763
:202BC000EDFD48458CD0F8E650100020F0F0FCFF0000AD0BF40000202DE9F041456801F038
:202BE0001F04287B88B044EA40142869002800F0BD80B2F5001F05F1100607D121463046E8
:202C000004F022FC002008B0BDE8F0810027B2F5800F03A80397476054D1B3F1007F14BF50
:202C2000052304238DF80C300023CDE906030593AB680DF10707CB4013F0010F5AD1B2F1FF
:202C4000A07F57D102A80294FEF72AF8029B203350F82330DA074DD43A4621463046FEF7F7
:202C6000EFFB454B984238D004972146304605AAFFF794FD414B98427BD121463046FEF7C6
:202C80006FFB2F69002846D03046FEF77BFB8046002840D13046FEF787FB02B2920002F5EA
:202CA000807347F80380FB582B691344D3F8102542F00102C3F8102501232A698340C2F8C8
:202CC00014339FE7B3F1C06F05D0B3F1007F14BF01230223A6E70323A4E7294B287D39466A
:202CE00003EB8000FFF794FB244B9842BCD06FF00B0088E73A4621463046FEF7A1FB1F4BDB
:202D00009842B2D1287D1E4B9DF8071003EB8000FEF70AFAA9E7D7F8143320469B035CBF70
:202D20004FF40033C7F81433FEF710FB3C222B7D02FB0300134B083033F81030C3F38203D5
:202D4000042B0FD0052B0FD002A80294FDF7A8FF029BC168D94001F001010231204604F01C
:202D600060FB4FE70321F9E70221F7E76FF0850049E76FF0150046E70400AD0B0000AD0B94
:202D8000F40000205010002070B500251E4C1F4ED4F80C3303B970BDB3FA83F3C3F11F0391
:202DA0009A0002F5807292B202F1A04202F58712156012680122D8B202FA03F3DBB2102B91
:202DC000C4F8083311D0402B1BD0042B16D1D4F84C14D4F84C14890710D1C4F84024C4F80A
:202DE00004332261D4F80C33D4E702237371C4F81451D4F814312023C4F804333368984768
:202E0000F0E77571FAE700BF00E0105040110020F7B5284B284CD3F82C6304F188070EB96C
:202E200003B0F0BD96FAA6F00123B0FA80F08340DA43224926EA0306231893F8545083007D
:202E400019440C2303FB0543DB6873B3D7E8EF3F03EA020CC7E8EECFBEF1000FF6D1C3405B
:202E6000DB0719D5020102F1A04202F56222D2F82435D2F82025D1F800C0BCF1000FCED01A
:202E80004FF0000CC1F800C00C2101FB054529690091E9688847C2E705F10C0304EBC30C4C
:202EA00054F83320DCF80430E5E70A68002AB6D00B60B4E700200E504000002000210E501A
:202EC0002DE9F04F82464FF000098DB01D46531E01910393039B58785C1C252819D1002017
:202EE0004FF0FF381E46444603460236029031780396392955D81F2914D8002900F0EF81CD
:202F000001992520D04701993078D04709F10209E0E7002800F0E3810199D04709F1010965
:202F20000394D7E7A1F12002192AE9D801A757F822F000BF9D2F0000012F0000012F000090
:202F40009D2F0000012F00001D300000012F0000012F0000012F0000012F000069300000CF
:202F60009D2F0000012F00007D30000029300000012F0000373000005730000057300000AA
:202F80005730000057300000573000005730000057300000573000005730000008460136FB
:202FA000A5E7582900F0EB80A1F16302D7B2172FA6D8172AA4D801A757F822F02532000048
:202FC000A3300000012F0000012F0000012F000083300000A3300000012F0000012F0000A8
:202FE00083300000012F0000012F0000012F000059310000012F0000012F0000F93100007A
:20300000012F0000A3300000012F0000012F000059310000012F0000833000002520019901
:20302000D04709F1010955E7029A4FF0000802F0FE020292B3E7002C0DDAB8F1000F0DDA84
:20304000029A002A00F043810A2224EAE47402FB0414303CA3E7B8F1000FF5DB0A2202FBA8
:203060000812A2F130089AE7B8F1000F55F8042B80F22F81002A80F22E81544202220292FB
:203080008DE7682903D1682B06D1482387E76C2902D16C2B00F02181002B7FF431AF0B46B4
:2030A0007DE77A2B06D1752955F8046B14D14FF0000B0CE06C2BF6D04C2BF4D1073525F0D1
:2030C0000703752903F10805D3E9006B06D120283BD1854F013C09E04FEAE67BBBF1000FA6
:2030E000F5DA7642814F6BEB4B0B013C0DF12D03059300230493304659460A220023FDF7B8
:20310000BDF9059BB446303203F8012D5A460593049BBCF10A0F8B4672F1000203F1FF31DD
:2031200006460491E7D2C3F1010B30330DEB0306B8F1000FA6F104066DDA029BD9077DD463
:20314000A8EB0B03A4EB0B0413E02B280ABF684F684F04F1FF34C9E770290FD155F8042BE6
:203160000023FAB96FF004034FF0050B614F624E053C029A920770D4A04666E078216C2B4E
:2031800003D1002355F8042B08E04C2BF9D1073525F007031D465B6855F8082B232825D151
:2031A000880621D5554F023C002601F06001A1F1390B0DF12D0E02F00F01092988BF59440A
:2031C00030310EF8011D102A4FEA121141EA03714FEA131C73F1000306F1FF3008D2C6F1AF
:2031E000010B06F13003A1E7454FDCE7414FDBE706460A466346DEE755F8046B304604F038
:20320000CBFEB8F1000F834602DB4045A8BFC3464FF00008374FA8EB0B03002B92DDA4EBFB
:203220000804A6E755F8043B4FF0010B8DF81830304F4FF0FF33013C06AE9AE7A046EAE738
:20324000029320200199D047029BB8F10108F7D524EAE472013C9144A41AB84606E004931E
:2032600002920199D047029A049B9046424612F8010B0028F3D11A46013A15D5002BACBF53
:20328000C7EB03077F425B46013B15D5BBF1000FA8BF5F4426464F44013E14D5002CA8BF6B
:2032A0003F1907EB080915E60493029230200199D047049B029ADFE70293019916F8010B42
:2032C000D047029BE0E701992020D047E4E70122D5E6904663E6144661E64C235FE64846D7
:2032E0000DB0BDE8F08F00BFAB9D0000F7970000F9970000D0A5000001980000FB97000028
:20330000FE9700000FB41FB5002106AB53F8042B044800910393FFF7D3FD05B05DF804EB03
:2033200004B07047E907000005460C4607B5C9B18B682A480093D1E900234521FFF7E2FF4D
:20334000636945210093D4E903232548FFF7DAFF4521E2692348FFF7D5FF4521A2692248C8
:20336000FFF7D0FF012D2DD1EFF3058245211F48103AFFF7C7FFEFF31183202383F3128857
:20338000BFF36F8F1A4B53F825301A4A4521127C194800922A46FFF7B5FF3CB1E369C3F324
:2033A00008031BB145211548FFF7ACFF45211448FFF7A8FFEFF31183202383F31288BFF3F8
:2033C0006F8FFEE7EFF31183202383F31288BFF36F8F042DD6D90B4BD7E700BF1598000031
:2033E000499800007D98000091980000C4980000249700009C110020DC98000009990000B4
:203400002F9900000798000038B5134CD4F89030C3F30723013B984207D9024645210F4892
:20342000FFF770FF6FF0150038BD0D7A0B6805F01F0223F01F031A43CB686D0923F01F033E
:2034400043EA450343F00103C4F89800C4F89C20C4F8A030E8E700BF00ED00E04399000031
:20346000012938B504462FD143680021D868FDF753FC64680021E0682568FDF74DFC082372
:20348000C5F8003594F82C3053B1E2685368127A03EBC2029A4212D845210D48FFF732FF63
:2034A000227A52B9A36AC5F804370123C5F80837C5F84C21D5F84C21AB62002038BD5979E8
:2034C0000029EDD00833E5E76FF08500F6E700BF6E99000010B5244C45212448FFF712FF6A
:2034E000A36A99013ED522484521FFF70BFF1E20A36ADA0104D51F484521FFF703FF1F203F
:20350000194CA36ADB0204D51B484521FFF7FAFE0220A36A1C0304D518484521FFF7F2FEF9
:203520002120114CA36A590304D515484521FFF7E9FE2220A36A9A0304D512484521FFF790
:20354000E1FE2320084CA36ADB0304D50E484521FFF7D8FE2420A36A6FEA03436FEA13430A
:20356000A36210BD1D20C3E700ED00E08C990000A9990000C1990000E09900000F9A0000E2
:20358000329A00005C9A00007B9A000070B5284C06460D4627484521FFF7B4FEA36AD904B5
:2035A0003BD525484521FFF7ADFE1720A36A1A0504D522484521FFF7A5FE18201C4CA36A35
:2035C0009B0511D51E484521FFF79CFEA26BA36A180408D545211B48FFF794FE1EB1A36AC9
:2035E00023F40043A3621920114CA36A590504D515484521FFF786FE1A20A36ADA050ED54C
:2036000012484521FFF77EFE1B20094A936A43F47F43936200232B7070BD1620C6E7A36A24
:203620009B04F2D50A484521FFF76CFE1C20ECE700ED00E0AB9A0000C69A0000DC9A000015
:20364000F49A0000129B00002C9B00004C9B0000699B000070B5294C06460D46284845216E
:20366000FFF750FEA36AD80646D526484521FFF749FE1120A36A190704D523484521FFF7F1
:2036800041FE12201D4CA36A9A0711D545211F48FFF738FE626BA36A1B0608D545211C4821
:2036A000FFF730FE1EB1A36A23F08003A3621320124CA36ADE0704D516484521FFF722FE39
:2036C0001420A36A9C0604D513484521FFF71AFE15200A4B9A6AD10658BF9A6A9A6A920643
:2036E00042BF5A6A22F400525A629A6A42F0FF029A6200232B7070BD1020BBE700ED00E024
:203700009D9B0000B89B0000DC9A0000F09B00000D9C0000289C0000699B00004FF0A53395
:2037200030B5ADF50B5D8BB00DF500540434D0F8E052036001464FF43972204604F043FCA6
:203740004FF40052264901A804F03DFC01AB03F50850EAB223493D3004F035FC2249234D1E
:203760000B7D04F12C0084F83C32CB694FF4047263600B6A4431A36051F81C3CE36051F8EC
:20378000183C2361D1F82032A361D1F81C32636111F8043C84F8283051F8083C636251F89F
:2037A000103CE36151F80C3C2362114C04F00BFC4FF440522968206803F08FFC42F2E42364
:2037C0002968206801AA03F082FC20B10948FFF799FD6FF01E000DF50B5D0BB030BD00BFB8
:2037E0004180002041A00020C871002030740020347400204C9C00004FF0A53370B5044694
:203800000D460A4E03604FF48052306803F065FC4FF4397322462946306803F058FC20B123
:203820000348FFF76FFD6FF01E0070BD347400205E9C000038B5244D0446D0F8D0124FF4DA
:203840000052286803F049FCC0BBD4F8D012286801F50053C4F8D8321C4A4FF4005303F097
:2038600036FC054630B11A48FFF74CFD6FF01E05284638BDD4F8D032D4F8D42203F5005389
:203880009342C4F8D0321CDAD4F8E0221149A2F50052C4F8E022A1F5005004F094FBD4F89B
:2038A000E0220C4904F23D2004F08DFB0A4B2046196801F54051FFF79FFFD9E76FF0220545
:2038C000D6E76FF01B05D3E73474002041800020709C000041A000203074002038B5154630
:2038E0000446002847D0B2F5805F05D9234803F081FB6FF01E0038BDD0F8E03220481844F1
:2039000004F061FBD4F8E0321D44B5F5005FC4F8E0522ED32046FFF701FF1A494FF40472A8
:203920000B7D04F12C0084F83C32CB694431636051F8243CA36051F81C3CE36051F8183C5B
:203940002361D1F82032A361D1F81C32636111F8043C84F8283051F8083C636251F8103CE5
:20396000E36151F80C3C236204F02DFB2046FFF761FF0020BFE76FF02000BCE7829C00000F
:2039800041800020C871002070B5374EADF50B5D364D8AB0044642F2E4233168286801AA23
:2039A00003F08FFB48B13248FFF7ACFC6FF01E0528460DF50B5D0AB070BD316828684FF4CC
:2039C0003973224601F5405103F07BFB05460028E9D1D4F8C032013318D0BAAB03F5E85344
:2039E000D3F8E412D4F8C8221C33914205D1D3F8DC22D4F8DC329A422ED0BAAB03F5E85343
:203A0000D3F8EC22D4F8D0329A4225D1BAAB03F5E8514FF439721C31204604F0D4FA4FF4F1
:203A2000005201A9134804F0CEFA80220DF509511148013104F0C7FA6369002BB8D0A269AB
:203A40009342B5D8D4F8C03203F50073C4F8C0320023C4E90533ABE7D4F8E022802AEBD858
:203A6000044804F23D21E5E730740020347400208E9C00004180002041A0002000232DE909
:203A8000F04F7D4DA7B0C5E99833FEF7CFF80028FBD02C69002C00F0EB80D4F8DC32002B7D
:203AA00040F0AB800A221E46DFF8D0917448B9F8001003929AB2914267D8DFF8C8813246DB
:203AC0007148FFF71FFCD8F8003003F580433344B3F5DA2F5FD8360B06F1010A01266B4FDE
:203AE000D4F8C4124FF48052A1EB063101363868B6B203F0F2FA5645F2D9D4F8C432013EC7
:203B0000A3EB06339A460026DFF880B10093B9F80020B3B29A4244D85D4B4FF4A8221B78C7
:203B2000D8F800100F331B03C4F8C83203F58A23C4F8CC324FF47043C4E9B432C4F8D832E1
:203B40004FF4DA23534A01F54051C4E9B0230023C4F8E032A9F80030009B2046C4F8DC32F4
:203B6000FFF74AFE4FF44052D8F80010386803F0B4FA04234FF4AB21386803AA03F0A7FAFA
:203B8000002865D06FF0240425E030F8022F0133063216448EE74048FFF7B4FB6FF01E04FA
:203BA00019E03E48B2B202F5005330F81330991D019150F82210DBF800000DF11602ADF81D
:203BC0001030CDF8121003F07CFA40B13448FFF799FB6FF01D04204627B0BDE8F08F5146E6
:203BE000019BDBF8000004AA03F071FA013608B12C48D1E7019B9A4489E70223234E049317
:203C00004FF40052D4F8D012306803F066FAE0B9D4F8D012D4F8E032234A306803F057FA08
:203C2000014618B12148FFF76DFBB7E7D4F8E022D4F8D032C4F8E0021344C4F8D0324FF47D
:203C4000AB210423306804AA98E76FF02204C2E7D5F854326E6A2BB934462146144803F03F
:203C6000C9F9B8E71348984704460028F5D1F3E76FF02004AFE700BFC8710020C071002015
:203C8000BE510020307400209F9C0000347400200801002028580500C49C0000C01100202F
:203CA000ED9C0000FD9C0000418000200E9D0000259D0000F87100202DE9F0438046914625
:203CC0000D46ADF5017D29B12A4BDA69D3F86012521ADA610024A8450AD8002C3FD0FFF7D7
:203CE000CDFE3FE0002C26DBFDF7A0FF04461BE0002CF4D1A8EB0507B7F5007F28BF4FF4F0
:203D0000007769463A464846FCF756FD78BB194EF369C6F85CD23B44F361D6E998239A421E
:203D200008BFC6E998740024D6E998239A42D9D1012C08BF0024D9F8C0323D443B44C9F841
:203D4000C0320D4B1B78022BC5D164236B434246B3FBF8F32946094803F04CF9BBE7FFF7DD
:203D60008DFE044620460DF5017DBDE8F0836FF00904B4E7C87100203E780020429D00005B
:203D8000002210B50C4B1C7884420FD001320B2A03F11003F7D16FF0010010BDD268507846
:203DA000C00706D5107820B90B60F6E7DA68002AF4D16FF01200F0E7D08200002C232DE988
:203DC000F3411E4D0F4603FB0055EB682E89D5F820801E440423314640460DEB030203F0AF
:203DE00000FD044620B10124204602B0BDE8F08146F60813BDF804206D899A421AD1BDF8B6
:203E000006309D4201D00324EEE7042340460DEB0302A91903F0E5FC0028E4D146F607134D
:203E2000BDF804209A42EED1BDF806302B4433443B60D9E7002DF1D0E5E700BFC40F002076
:203E40002DE9F0415C4B05465F6800268AB0C7F3080486F31188BFF36F8F02F07F43B3F122
:203E60007F4F07D102F00C03082B14D145215348FFF748FA002635464FF00008E31E8DF8DC
:203E80000780092B00F28380DFE803F00A767A7281818181817E10074CBF0D460126EBE7DB
:203EA00045214748444CFFF72DFA8DF80780E36A9A0705D545214348FFF724FA002432E051
:203EC000E36A002B02DA45213F48F5E7E36A5B00F4D545213D48FFF715FA6369AA6943F44E
:203EE00080736361BFF34F8FBFF36F8F636932F8022C23F480736361BFF34F8FBFF36F8F99
:203F00004DF602739A4208D0A36ADBB213B301200DF10701FFF79EFB2CE045212A682C48A7
:203F2000FFF7F0F92C689DF80730002B41D12022294602A804F047F8099BAEB3C3F30802B2
:203F400022B96FEA53236FEA43230993204602A9FFF7EAF9A36A13F47F4F05D001200DF19C
:203F60000701FFF713FB05E0A36AB3F5803FA5D3FFF7B0FA0446D6E700200DF10701C9E7E7
:203F800000200DF10701ECE74521124894E7124917F4F87F114A124808BF0A46A4F110039C
:203FA0004521FFF7AFF989E723F4FF7323F00103CBE70AB0BDE8F08100ED00E0AD9D000054
:203FC000DD9D0000F99D00001F9E0000329E0000569E0000779E00007F9D0000949D0000EE
:203FE000A09E000010B572B6002484F31388FCF70FFD23464FF0FF300C4A03F120010133EB
:20400000102B42F82100F8D100234FF0FF30074A03F160010133102B42F82100F8D162B65F
:20402000BFF34F8FBFF36F8F10BD00BF00E100E08FB59D4A9D4B22F07F029A60BFF34F8FC3
:20404000BFF36F8FD3F88820994822F47002C3F88820984A0021121A03F0C0FF9648974AD1
:204060009749121A03F0AFFF9648974A9749121A03F0A9FF40F20F14002210B2012101329F
:20408000FCF7F8FCA242F8D10020FDF723FA904B03F5006282F3088883F30A88E022834B49
:2040A000DFF8308283F822200022DA771A765A769A7683F82020596A41F4E021596283F8ED
:2040C0002320596941F010015961596941F480615961596921F008015961102119614FF0CD
:2040E000FF319962D962D3F89010090A11F0FE0F2AD0BFF35F8F7849C3F89420C3F8C01079
:2041000002217648C3F89820C3F89C10C3F8A0000120C3F8980000F10050C3F89C0000F588
:20412000BF3000F5F170C3F8A00088F80010D3F89000C0F30720814217DB0522C3F89420CF
:20414000BFF34F8FBFF36F8F654998F800404E68002E00F085801F2E22D800224521614850
:20416000FFF7D0F86FF015047AE0C3F89810C3F8A0200131DBE72046C3F89850D3F89C204D
:2041800026F01F0602F01F021643C3F89C6003F0C4FA61E04F45EED1E8B203F0BEFA5FE0F8
:2041A000F206DAD10A68D306D7D1104603F005F8164406F1FF390546484602F0FEFF85420B
:2041C0006BD115F1160F6AD0A54268DA374BC3F89850D3F89C00C3F89850D3F8A07020F0FB
:2041E0001F00824247F01F07D4D0013AC3F8985022F01F00D3F8A0204F4502F01F0242EA6E
:204200000002C3F8A0202046C1D003F086FA10F1160FA7D0254B013FC3F89850D3F89C1050
:204220009DF80820013061F304028DF80820D3F8A030009626F01F0637445B08D2B2A7EB29
:20424000090763F3471227F01F076946C0B28DF808200397FFF7D8F810F1160F82D0441C5C
:20426000012088F80040FDF735F90220FDF732F9002383F30B881C4C1C4DA4F5A04686F305
:204280000B8884F3098800201A498847184619461A46A84718488047FEE76FF015052A4630
:2042A000452113485CE700BF0000000000ED00E038010020C4A000204000002038010020D8
:2042C00058B10000400000204000002058B10000C8F0002040800020AAFF4400E1CF0700B0
:2042E00018970000B89E0000C8F00020E5490000E09E0000DB790000E979000030B50D4647
:20430000816887B0102302AA1039044603F069FA002802DA012007B030BD1022204602A9A9
:2043200003F027FB00283FD11022204902A803F03AFE00280CBF012302232B70A1680123BC
:20434000203921F00F0120460DF10702203903F048FA0028DEDB9DF80730204603F00F02D1
:204360001B096A702B7101220DF1070103F001FB10B96B78042B03D901236B7000232B7116
:20438000A2682046203A22F00F02103AA91C03F001FB0028BED1A2682046203A22F00F028E
:2043A000E91C03F0F7FAB6E70323C6E7AC97000030B5816885B0103921F00F04054603F0B3
:2043C00093FA10220146684603F008FE10226846064903F0F8FD10236A462146284603F06E
:2043E00069FA003818BF012005B030BDAC9700002DE9F04F0025DFF8F481ADF2145D044625
:204400000E467B484921FEF77DFFD8F824305B6807932B46079A2F4613449E4205F101056F
:20442000F8D8FCF715FE2A46009049217148079BFEF768FF204603F05EF920B34FF4C0728D
:20444000D8F85C30D8F82860534300225033013E07990A449A4201D2013EF9E7AE4212D898
:2044600057216548FEF74EFF0799079BBA1C73434A4362485721FEF745FF0123E3710DF2A8
:20448000145DBDE8F08FD8F820B05D4F5D4B8BAE3B603246202300215846D8F84C9003F0A6
:2044A000A0F900205A46314602F07CF9282332464FF4AB21386802F004FE00287CD133684F
:2044C000514ADFF848A1934267D10A238AF800300E234FF4AB210B93386804230BAA02F049
:2044E000F6FD002868D14A4802F084FD7168494B01F5AB221960283201F5AD232833C2F38A
:204500000B029A1A444BB1F5005F1A6068D201234248037000929AF80020414802F06AFD4B
:204520006368404A03F0FF23934229D12368012B26D131464846FFF7E1FE3278012A52D0C3
:20454000394B3A49032A08BF0B46F27849210292B2783748019272780092364AFEF7D2FEAA
:204560003378032B0CD1484601F054FE484603F090FA4846A16803F07DFA4846FFF718FF0D
:20458000FCF766FD492102462B48FEF7BBFE6379012B40F097802F468EE00E2B03D10A2386
:2045A0008AF80030A2E70A2B01D10223F8E7022B08BF8AF8000099E76FF024011F4802F0E2
:2045C00019FDD9F80820002A3FF459AFD9F80410D9F80C000DF2145DBDE8F04F02F07DBD25
:2045E000C1F3473394E7164BAFE700BFC40F0020179F0000409F0000779F0000A69F000079
:2046000034740020F88000004E4557503E780020D79F0000BC01002030740020080100200A
:204620004AA0000000010004139F00000D9F0000A5A0000095A00000E6A000000EA000007F
:20464000089F00002168C1F101032B44BB4232D3B14AD8F82430127818683A44013A53F8D6
:20466000322003EBC70353F8083C121A1B1A0129099208930CD1E368022B06D0584601F026
:20468000C9FD2146584601F02DFD484601F0C2FD079B594600935846DDE9082301F04EFD57
:2046A000204601F079FD23680133236018B19B4A136801331360013F002FC3D10123236071
:2046C000032363714FF439720021304603F086FC9AF800300A2B4BD18F4B4FF470411A7873
:2046E00000270F32120302F58A23C6F8CC324FF4A823C6E9B4138A4BDFF828E21F808A4B2F
:20470000DFF82882C3F800E0DFF824E2DF61C3F804E0D8F800E09F62C3F808E0DFF814E2A0
:204720001E61C3F80CE01F75C3F854724FF4DA2C4FF4C8338048C6F8C822C6E9B00CC6F81E
:20474000D812CDE90013CDE903C74FF48C234FF400610290794802F04DFC32463946D8F83B
:204760000000FFF7A9FAB84273DD02238AF80030FCF76EFC492102467148FEF7C3FD714B46
:204780001B78022B40F085800DF50B784046FFF7FBF800285DDB644E6B4A644B32601B68A5
:2047A000634AC6F81080C6E901230023674AF361F260B362D8F8C0223375C6F85432644B4F
:2047C0009A425CDD63480DF12C0A4FF4007352465949006802F075FC00283AD14FF4007341
:2047E0003769C6E99830C6F85CA2FDF7AFF997F83C32824633757B684FF40472F361BB68CA
:2048000007F12C013362FB6806F14400B3623B69F362FB6973637B6AF3633B6AB36397F873
:20482000283086F8403003F0CEFB7B69C6F86032BB69C6F86432D7F8E032B3F5005F03D30C
:204840003846FEF7F7FF8246BAF1000F17DA08233375042363716379042B7FF410AEDFF89B
:20486000B8803D4898F8001002F0C4FB0126DFF8ACA0AE4215D9012323606371FFE5D8F8D3
:20488000C0122A4BA1F5AB21424618682839FFF713FAFCF7DDFB492102463048FEF732FDEA
:2048A000D9E72168B14234D82D4B98F800205B6A3244013A186853F8327003EBC60353F8A3
:2048C000083C0129A3EB0003A7EB000708930CD1E368022B06D0584601F09CFC214658464E
:2048E00001F000FC484601F095FC079B3A46594600935846089B01F021FC204601F04CFC79
:2049000023680133236020B1DAF800300133CAF800300136ADE700BF08010020C0010020C8
:20492000C07100204D070000C8710020BC0100201D710000E97000002858050013A100007C
:20494000A5A100003E780020311D0000DD3800002758050034740020EFA10000CAA1000091
:20496000C40F0020002273B50446CDE9002202F0C2FE28B3174E184D3368AB4203D11046CF
:2049800001A9FFF71BFAF36AAB4203D169460120FFF714FADDE90032934288BF0193019B2C
:2049A000A36020460199FFF723FD0C4B1A68002A03DD57210A48FEF7A5FC002002B070BD9C
:2049C00001F0D6FD04F1080102F068FFA3680193E7E700BFC40F00203DB8F396C00100203E
:2049E0004EA2000001252DE98048B54B8FB003201D70FCF76FFD0420FCF76CFD4921B14892
:204A0000FEF780FCB04C60220021204603F0E6FAAE4B0220636204F1200103F580632365F4
:204A2000FFF7AEF908BB052004F14C01FFF7A8F928BB80260220626A0AA90A9602F087FED7
:204A4000F8B132465721A248FEF75CFC012384F858308DF82F3094F85830FF2B40F0BB81D0
:204A600045219C48FEF74EFCFEE700250222CDE90050002345219848FEF744FCFEE70522CF
:204A8000F5E70A9B0520226D0AA9A3620A9602F05EFE78B1324657218D48FEF733FC84F8AD
:204AA0005850002001F086FD804650B1002257218A48C9E70A9B206A636502F00EFFE0659C
:204AC000EFE701230A9303F10123CDE90B300D9006A9206AFFF712FC9DF81820012A00F074
:204AE000A6807F4B7F49032A08BF0B469DF81B20492102929DF81A207B4801929DF81920F8
:204B000000927A4AFEF7FEFBE06C08A9FFF7F6FB9DF82020012A00F08C80714B7149032ACE
:204B200008BF0B469DF82320492102929DF822206D4801929DF8212000926D4AFEF7E2FB77
:204B40009DF81830012B76D19DF81A30032B72D19DF82030012B6ED049216648FEF7D2FB8C
:204B60000223276A0D933B78022B40F09B803846E56D02F0B2FE40F27F134FF4C079BE68DC
:204B80005FFA85FA503E03FB0A664FF0FF35012309FB10669B4631460123384608AACDF8BF
:204BA000109002F01EFE031E09F1FF3905937CDB0122384608A902F0DCFE059B002878D0D7
:204BC0005B4501D008F10108A6EB0A06B9F1000FE0D1B8F1010F03DD45214748FEF792FB47
:204BE0006A1C08D07F2D00F3918040F2011301350A95ADF82C30B9680123203921F00F01CC
:204C0000384608AA203902F0ECFD00284DD10122384608A902F0ADFE10B101238DF8203041
:204C20009DF8203003F00F038DF82F3009E0334B5CE7324B76E749213148FEF763FB0023C9
:204C40000D939DF82F309DF82D2000930A999DF82C302C4802F0CEF90AA802F04CFD002875
:204C600069D10AA8FFF77EFE9DF82F3084F85830033B012B05D803F076F910B1FF2384F8D6
:204C800058309DF82F30023B022B4CD803F054F9002848D0FF2384F8583045210D48FEF7B4
:204CA00031FBFEE7052B3FF462AF002257211648CAE6049AB5F1FF3F08BF154684E700BFF9
:204CC0003F8000207DA20000C40F0020C4070020E3A2000021A4000096A2000025A30000AE
:204CE000139F00000D9F0000A5A0000051A3000095A000005FA3000095A30000089F000007
:204D00007EA30000E2A30000B8A300000223803D8DF82D306B1005F00105013301350A9351
:204D20008DF82C5067E794F85830FF2BB5D00AA801F040FC8AE69DF82F60012E30D101F0CD
:204D4000A5FC831E022B054611D830460AA902F07FF8B0B9E8B284F858008DF82F0001286A
:204D600027D83FF478AEFF2384F8583073E6C0B2042884F858008DF82F00F0D9052807D069
:204D8000F1E7012807D0052384F858308DF82F3003F0E9F81CE084F858008DF82F005AE693
:204DA00001200AA902F054F80028ECD19DF82F00DEE70AA8FFF7D6FD94F85830023B022B7A
:204DC0003FF649AE03F0CFF80028CCD103F0B4F80028C8D13FE60020012B08900CD10021C1
:204DE000084602F035F8054650B9089B01330893089F012F0ED0FEE701F0DCFB0028EED038
:204E0000102200210AA803F0E9F845216948FEF779FAFEE7236A014610220AA8D3F804804E
:204E200003F0DCF8492142466348FEF76BFAE38A49210093637D227D6048FEF763FA492167
:204E40005F48FEF75FFA228967234244DFF87481AA46D8F804405C4EE443DFF87091326097
:204E600004F06704C9F82833002C40F082804FF001094FF0FF37E420FBF7EAFD534B544D7F
:204E8000D3F84827C62022F00102C3F84827D3F8102522F00102C3F81025D3F8102522F09C
:204EA0000202C3F81025C3F86490C3F8689088F80040C5F80873FBF7CBFDC5F82C90C5F8B4
:204EC0005041D5F85031C5F84C41D5F84C31C5F82441D5F82431C5F8004505F578354FF42F
:204EE0008270C5F80873FBF7B3FDC5F82C90C5F85041D5F85031C5F84C41D5F84C31C5F880
:204F00002441D5F82431334BC5F80045C3F80873BFF36F8F72B623462F4A03F12001013351
:204F2000102B42F82170F8D14FF0FF3104F160030134102C42F82310F8D10024274BC3F8E3
:204F40000444FBF765FD84F30B8884F30A8833681B6883F3088884F31488BFF36F8FBFF309
:204F60006F8F33685B68984745211D48FEF7CAF9FEE7D8F80830E9B207FA01F202EA030008
:204F800010F0670F13D023EA0203C8F80830D8F80430DB4303F06703134208D009EB0113FA
:204FA000C3F82CA5E30702D50E48FCF7BDF86408013559E72DA4000050A400007FA40000DC
:204FC0009DA40000400000202410002000200E5000600C5000E0105000E100E0002008E099
:204FE000C2A4000044000020012208B5444BC3F80028FCF771F810B1424BC3F80C24424876
:20500000FCF778F80830FCF775F80830FCF772F80830FCF76FF800F5F470FCF76BF83B4A3A
:20502000D2F88C3043F44063C2F88C300022D30003F57F0303F54043D3F8001401310AD0C5
:20504000D3F8001439B1D3F800140132D3F80434402A0B60EBD12A4BD3F840242AB3FCF76D
:205060002BF848B12A4BD3F834232A4B9A429EBF234B294AC3F84026FCF71EF818B1274B89
:20508000274AC3F8AC27224BD3E9D0231C2A10D1012B10D134221A4BC3F82426D3F83C26D4
:2050A00022F40022C3F83C2605E0C822C3F84024D5E72F2AECD0FCF70FF840B1194BD3F8C2
:2050C0000026D20744BF6FF00102C3F8002603236FF0F801144AC2F81835144BC3F8081571
:2050E0006FF0FF01C3F80C150849D1F88C3043F44063C1F88C300023C2F8A03508BD00BF1A
:20510000000012500030055000C50D5000ED00E000C0FF00001D0A1840E0A91E00A00850DC
:2051200078000A0400E0105000B0045000F00C5010B50A46044620B119B1054B00211B686B
:205140009847044B2046BDE810401B68184700BFD4000020D80000202DE9F043044600277F
:2051600093B00DF11F05DFF8748025F01F05102201231B4911F8010D013A03440B704FEABF
:205180001323F7D1E81901F003F9A946064600BBD8E90C321037013342F10002302FC8E96E
:2051A0000C32E4D154B104F1300299F8003014F8011B4B40A24209F8013BF6D120222946C3
:2051C000064802F000FF1022064805F1200102F0FAFE304613B0BDE8F08300BF38010020A6
:2051E0006801002058010020074A1368591C11604BB9064A4820D2F8003443F00703C2F84A
:205200000034FBF717BC7047C40100200080045010B5124B1C68013C1C60ECB94820FBF7C7
:2052200017FC07220E4BC3F80823D3F8002422F00702C3F80024C3F80041D3F80021C3F867
:205240000441D3F804214FF48072C3F80841D3F80831044BC3F8882110BD00BFC4010020B8
:205260000080045000E100E010B51E4C4368B4EB132F4FEA132215D142691B4B9A420CD0C1
:2052800003F5FF437D331344012B03D80388B3F5105F1DD06FF0860019E047F21213028871
:2052A0009A42F6E7114B9A42F4D1028802F44F43B3F5824F0ED1438844F2121007338242AD
:2052C0004FEAD30301D15B00013300200B6010BD0223FAE7B2F5885FFAD143880733DB08BF
:2052E000F3E700BF004E800001C0FF7F4B4E800008B5FCF755F901230360104B0A6832B9B2
:20530000D3F80C211AB9D3F80821002AF6D00B687BB90B4B99420ED0A3F58473D3F8083195
:20532000002B0CBF4FF0FF306FF00200FCF738F908BD0020FAE74FF0FF30F7E700500450CE
:205340000851045010B50446012001F007F9064B0649C3F800450648FFF7CAFF0446002068
:2053600001F0FCF8204610BD00500450085104500850045038B5064D0C46C5F80005054976
:205380000548FFF7B5FF10B9D5F80835236038BD00500450105104500C50045040292DE943
:2053A000F04104460E462FD80378033303F00303012B21D86FF0210002F0CBFB054640B9CC
:2053C00013493246204602F0FEFD4021104802F01EFC2846BDE8F081637838462B44C8F8D5
:2053E0000035FFF785FF68B901352378C3F382039D42F1D30020DFE70025DFF81880064965
:20540000064FF2E70220D7E76FF08905E1E700BF00000020005004500451045004500450F5
:205420002DE9F7438846DDE90A791E46A84953681446B1EB132F05464FEA132203D0A54B41
:205440009A4240F04281A44BEB1868F10002032B72F1000249D2A14BEB1868F10002022B0B
:2054600072F100029E4B1ED39E4A01A8C4E900239D4BE3604FF47053019302F03BFB019B03
:205480000146A3602046FFF7EFFE48B9019B9F4202D26FF0890003E0C9F80030002070706B
:2054A00003B0BDE8F083914A01A8C4E900234FF00823E3604FF44043019302F01BFB019B22
:2054C0000146A3602046FFF7CFFE0028E8D1019B9F42DED3C9F80030854B804508BF9D421E
:2054E00014BF012302233370D8E76946284602F0BEFB0028D4D1B5F1F80348F1FF38022B5B
:2055000078F10008C0F0D28002F08DFB0028C7D19DF8001011F00F0240F0CB80BDF80230C5
:20552000C3F3C113013BDBB2022B00F2C580714801F03001C05C704B102943EA00036360D6
:205540002CD16E4B2360204601A9FFF78DFE0028A6D1019B9F429CD344F212122188914220
:2055600004BF042206F8012BC9F800309DF800303278C3F3011363F3010232709DF802203C
:2055800008BF07F1FF37C2F30212042A009B68D8012A6AD870D06FF0980081E71346904609
:2055A0009DF803105648490899B901A8CDF8048002F0A0FA9DF80220019902F00F03033BF1
:2055C000A160072B7ED8DFE803F0307D0F7D7D1D2226CA0705D5062B71D850F8232048EA8B
:2055E000020849080133DFE74FF410534549C2F30212013A2380E160032A1CD8DFE802F060
:20560000192A2C2E4FF410534FF00821EFE74FF410533D49EBE711F4A05F47F2421144F245
:20562000421318BF0B463949E1E74FF410533849DDE7802262809DF8002012F0300F82D1EB
:20564000B3F5105F03D118F0030F3FF47CAF6FF0960025E7C022EDE7FF22EBE74FF4807208
:20566000E8E7052A97D1032206E044F2121122888A4214BF0222042203F03003202B00D18B
:2056800002323378757062F384033370238803F44F42B2F5824F04D139463046FFF77EFEE0
:2056A000FEE6B3F5885F7FF4FBAEF5E76FF08600F6E66FF08800F3E66FF09100F0E66FF0D9
:2056C0008300EDE66FF09200EAE66FF08B00E7E6004E80004B4E8000FF3F0080FE3F00809A
:2056E00003004E8012710001090600060024000103C0FF7F86A50000004B4E800110800104
:2057000090830000004440040002C0030008000600025005BFF35F8F4FF0A3430022DA61A2
:20572000BFF35F8FBFF35F8F4FF0FF321A63BFF35F8FBFF35F8F3422DA61BFF35F8F0122A8
:20574000014BC3F80423704700800450EF2938B5044624D903681D6815F0400522D1FFF721
:2057600043FD01212176FFF7D5FF104B2846636023680F4A1B68C4E90355A36204F12C0345
:20578000236204F128036362E3671323C4E9212304F18C03E361074BA160636138BD6FF0FB
:2057A0002200FBE76FF00200F8E700BF8083000004000020C5150000014610B5164C0B6903
:2057C0001B68980302D4204601F082FE0B691A680B6812F4003216D003F58050406A10F401
:2057E000A02F14BF012000200028E8D132B103F58052526AD1070AD492070AD4BDE810405A
:20580000D868FBF7B5BFD868C0F30040ECE7082010BD0220FCE700BF8801002010B5154B55
:20582000186D28BB1A684FF0010C91690824C1F30B02482A5A6528BF482211F4003F9A6586
:2058400008BF0022DA65CA0358BFC3E9150001F47002B2F5700F08BF986D0029B8BF002260
:20586000C3E919C4B8BFC3E91922012298651A65014810BDC8010020180200202DE9F04F14
:20588000874DA1B06A780DF17709022A2B7829F01F0901D1072B63D013F001044AD1DFF842
:2058A00004A2DFF804B2DAF800205A453FD0FFF79BFC7E4B01211C607D4B48201C607D4AAE
:2058C000FBF7D8F87C4B7D4952F8040B43F8040B8B42F9D100237A4CE3667A4B236003F5CD
:2058E000C0436360FFF79AFFA8B1636DF820B3F5007FCCBF4FF480634FF400730AA9A360CE
:20590000FFF738FD88BBF9200AA9FFF733FD60BBFFF77EFC08E00E2002F01BF90446FFF740
:2059200077FC002C40F022812B78CAF800B043F001032B702B789E0706D40121624A43F0EB
:20594000020382F880152B706A782B781AB9DC0744BF02226A7058075CBF43F004032B700D
:205960000024204621B0BDE8F08F584ED6E90C3213432BD0D6E90C32023342F10002B2F5A6
:20598000803F4CD220270DF12808102F39464FF0100228BF102101234D4810F8014D013A44
:2059A000234403704FEA1323F7D14846019100F0EFFC044670BB0199002F48D1D6E90C3287
:2059C000013342F10002C6E90C32DEE7B26B414B9A42D7D000231A46F2540133402BFBD14C
:2059E0000AA800F033FC80B90AA8FFF7B5FBA0B9034602460AA9CA540133302BFAD100230D
:205A00000122C6E90C23334BB36302F0A2F804460028AFD0FFF7FCFBA8E00E20F5E70AA843
:205A200000F014FC80B90AA8FFF796FB04460028F0D103460AAA13550134302CFAD10022DE
:205A40000023C6E90C239DE76FF09204E2E74A4608EB010312F8010B08F8010B4345F9D108
:205A60009846D6E90C32013342F100027F1AC6E90C328AD13846FFF76FFB04460028C9D117
:205A80004FF4807303A8039302F034F8039E02F0CAF8044600B320210AA802F0B8F8B9E7EA
:205AA000BC070020D0000020117365008C01002088010020AC83000000C080511CD3805154
:205AC000C801002000208051380200203801002068010020B4A5B4A50422394602A802F0BD
:205AE0007DFA9DF8083016F0030223F03F038DF8083040F0F48039464FF0010C9DF80B3006
:205B00007B485B0850F8044B264206D00CFA07F10B43012103F07F0322430137072FF1D112
:205B200029B19DF80B1063F347018DF80B1036EA020440F0D780BDF80A30F82023F4F87367
:205B400043F0C00303A9ADF80A30FFF713FC28B1F92003A9FFF70EFC002839D120210AA8FC
:205B600002F055F86FF08A04FFF752FB2B785F0700F1BB8043F0010399072B7019D55D4E76
:205B80000027B0464FF0010A4FF003093046C6F820A086F81C90013701F089FF202F06F13E
:205BA0002C06F3D1002388F880352B7823F002032B700021504B04221B6869704F4898478D
:205BC0004F4B2B78DA0744BF23F001032B70C8E618222146012703A802F000FA4FF602039A
:205BE0004FF0FA08DFF81C9138460993079700F0B5FC03ABC9F8008548464349C9F804357F
:205C0000FFF776FB0646204600F0A8FC46B120210AA801F0FCFF6FF09204FFF7F9FAA5E797
:205C20001C22314603A802F0D9F9384B042202A909A8089302F0C7F9BDF80A301022C3F317
:205C4000C1130AA903A8079302F0BDF9384600F085FCF823C9F8003503AB48462A49C9F860
:205C60000435FFF745FB0446304600F077FC2CBB1C2103A801F0CBFF4FF0FF33DFF890C070
:205C80001022CDE908C3BDF80A300EA9C3F3C11303A8079302F097F9384600F05FFCF92375
:205CA000C9F8003503AB48461749C9F80435FFF71FFB0646204600F051FC16B101F0B3FFEF
:205CC000A5E703A81C2101F0A2FF4046FFF73AFB00289CD120210AA801F099FF18E66FF09F
:205CE0008604D8E66FF08504D5E623F0040341E79083000038020020D4000020C00700202F
:205D0000BC0700200050045000510450400081515000815138B50E4D0446C5E90415FFF7D4
:205D200063FA04220B4B0C49C3F804232B68DA68D20309D403F580535B6A13F4A02303D19E
:205D4000C4E90053204638BD084601F0C1FBEDE7C801002000800450880100200422054B3D
:205D600010B5C3F808230446FFF752FA00232361A36410BD0080045037B56C46054600684C
:205D8000FFF7ECFF20460D49FFF7C4FF94E8030085E80300002100F04DFB0446686050B94A
:205DA000286801F0DDFF2868FFF706FD044610B92868FFF7D3FF204603B030BD0882000002
:205DC00008B5244B1B789BBBBFF35F8F4FF0A343986ABFF35F8FBFF35F8F4FF0A343DA6B3D
:205DE000BFF35F8F10F0240F02F0230226D0BFF35F8FDA69BFF35F8FBFF35F8F10215963B3
:205E0000BFF35F8FBFF35F8F00215963BFF35F8FBFF35F8FD96BBFF35F8F4906F8D422B153
:205E2000BFF35F8FDA61BFF35F8F6FF01F0008BD094801F04DFB0028CDD1C5E74FF0FF303A
:205E4000002AF4D1BFF35F8F1863BFF35F8F1046EDE700BF3F8000208C010020BFF35F8F83
:205E6000094A1368BFF35F8F43F48071BFF35F8F1160BFF35F8F23F48073BFF35F8F1360BE
:205E8000BFF35F8F704700BF0010805102480B1A58425841704700BF000800062DE9F0419E
:205EA0001E465A4B0F460360F02104469046FFF74DFC054688B9237E57F8252058F825007B
:205EC000002B00F0A08048B3A368062B08D904F1180001F0E7FE6FF044052846BDE8F08160
:205EE000B0F1807F06D304F1180001F0DBFE6FF03F05F2E7E3691A60E36998606268E369B6
:205F0000D268DA60E3691033E361236903442361E3680344E360A3680133A3600135AE42A6
:205F2000C9D1237E002B6ED0D4E903239A4204D02268A36A52685340A36263690699204670
:205F40009847E36904F17C02A3F11001914252D8012243F80C2C53F8042C42F0200243F861
:205F6000042C53F8082C42F0005243F8082C236A04F12C02A3F11001914240D8012243F8E1
:205F80000C2C53F8042C42F0200243F8042C53F8082C42F0005243F8082C636A03F1540206
:205FA000BFF35F8F4FF0A3431A60BFF35F8F626A0432BFF35F8F1A61BFF35F8FBFF35F8FA5
:205FC00003225A63BFF35F8FBFF35F8F9A63BFF35F8F4FF0FF3504F118066B1C7FF47DAF56
:205FE000237E83B1FFF7ECFE421C0546F8D0304601F058FEF1E7103242F80C2CA6E7103263
:2060000042F80C2CB8E76FF0200566E7749700002DE9F0431D46314BD9B0CDE90601CDE96F
:206020000435222120230DF13008CDE90813CDE90A3207460323CDF8008009AA05A91CA8CB
:20604000FFF72CFF0446002843D1FE7FEB7FF609DB0923494FEA467602A818BF46F08046F1
:20606000FFF758FEDDE902949CBB314648461CAA01F0D8FE044660BB202241461C9801F0BC
:206080001FFE20221D9814A901F01AFE1E9C20222046394601F014FE2022FB7FA91803F0D2
:2060A0007F03E3771F9801F00BFE209C20222946204601F005FEEB7F484603F07F03E377C5
:2060C00001F04EFE4846FFF777FB04464846FFF745FE204659B0BDE8F08300BF090100200C
:2060E0003897000030B50D46134B85B0044602A9D86CFEF703F9EB79012B0CD08DF80730B4
:20610000A3682046203B23F00F010DF107020123203901F082FC9DF80B30012B02D1204668
:2061200001F0B7FCA968204601F0A4FC2046FEF73FF9002005B030BDC40F00202DE9F84F0E
:2061400006460F46904699460024DDF828A0DFF844B0A24501D800200FE0AAEB0405B5F546
:20616000806F28BF4FF4806530462B46094A04EB080101F036FB10B10120BDE8F88F2B464E
:206180005A46384604EB090101F094FB0028F3D12C44DEE73C740020F0B51D4F05463E6A73
:2061A00085B0304601F099FB4FF4C0736A795843012AFB6D04BF00271946B4682A79A4F18B
:2061C000500402F1FF3203FB02441CBF5900DF012B68241A013B30463C4401FB034401F0B8
:2061E0007CFB0746304601F07FFB10220146684601F0F4FE2B796A468DF8003021463B46FF
:20620000304601F057FB003818BF012005B0F0BDC40F002038B50C4B0546DC6D01F05DFB1F
:20622000844203D2284601F058FB04464FF4C0726243A96864425032224001232846891ADD
:2062400001F059FBC00F38BDC40F0020F8B505464B4C4C4EFEF7C8FFFFF700FEBFF35F8FC9
:20626000E368BFF35F8F9B08013BBFF35F8FA360BFF35F8FBFF35F8F00232364BFF35F8F27
:20628000BFF35F8FF1226264BFF35F8FBFF35F8F4FF400726263BFF35F8FBFF35F8F266005
:2062A000BFF35F8FBFF35F8F226BBFF35F8F5108C2F34202052A5AD011F0060FF2D02BBB08
:2062C000BFF35F8F6268BFF35F8F032AEAD92E4B2B4F2E4ABFF35F8FD7F88010BFF35F8FBA
:2062E000BFF35F8F43F8041BBFF35F8F9342F1D1FFF7B4FDBFF35F8F3B68BFF35F8F43F0B0
:206300000103BFF35F8F3B60BFF35F8FBFF35F8FA368BFF35F8F01331B012F2B2AD9BFF3F4
:206320005F8F6368BFF35F8F9B002F2B25D9BFF35F8FD4F88030BFF35F8F3024104A291D61
:2063400005F8013B8D424FEA132304F1FF3405D0002CF5D1FEF75CFF2046F8BD002CF9D077
:20636000BFF35F8FD2F88030BFF35F8FE7E7FEF74FFF6FE76FF03F04ECE7012392E700BF2B
:20638000001080510100040010108051201080514FF4807310B592B0019301AB06931123DB
:2063A000204A2149CDE908230AAB079340F611021E4BCDE90C120A9320330E9321230EAAC6
:2063C0000B921B4A0290CDE910230123CDE903320F9320230593FEF707FFFFF79BF9BFF37D
:2063E0005F8F4FF0A34306AA1A60BFF35F8FBFF35F8F02AA1A61BFF35F8FBFF35F8F032294
:206400005A63BFF35F8FBFF35F8F9A63BFF35F8FFFF7D6FC431C0446FAD0FEF7F9FE204655
:2064200012B010BD040000202000002038010020100000202DE9F843036904469D681B6851
:206440004668B3F5003F0BD10023E364FFF7E6F90369002B48D12046FFF780FC122041E0B1
:20646000C76C002FF2D1DFF8DC90D9F84034012B1CD0B723DFF8D08034493548C8F8003567
:20648000FEF736FF50BBB82330493148C8F80035FEF72EFF10BBB9232C492D48C8F800355D
:2064A000FEF726FFD0B90123C9F840340121294A136803F580539962002199625968C8065F
:2064C000FCD488060AD4D96A012199601960596801F02300490727D40028F8D02046FFF73D
:2064E0003DFC0120BDE8F8834168E36023691A68236822F0FE02920503F58053920D1A620E
:2065000023691B68D80048BFE368284644BFCB1AF61800230028E5D0C20742BF9A00166004
:2065200001330E444010F5E7DB6AC3F38123032B01D00949CF561766022223689A6001234A
:2065400083E700BF00800450005004500451045004500450C8010020C4A80000034BC3F8EB
:206560000005D3F80024D207FBD5704700B004501FB50D4B6A461C6A1023A1682046103976
:2065800001F02FF9034640B1227845210748FCF7B9FE0024204604B010BD10226846044977
:2065A00001F001FDF6E700BFC40F0020A5A50000AC9700002DE9F341DFF8C880064647468E
:2065C00040B10024304601F096F828B123461C46002122E00346FAE7FFF7CAFF20B101A986
:2065E00001F05CF9054630B10120012C00D1002002B0BDE8F0817B6A019A596803460B4449
:206600009A4205F10105FAD87379012B16D134BB32682346AA4298BF21462C2202FB037572
:2066200020234246286A01F0DCF80028DCD1D6B9012CDCD0012308F12C08C8E7022BC5D138
:206640003368012B04D9AB42C0D884F00103BFE7BCD134B13379023B18BF0123B8E7234695
:20666000B6E72346D9E7D8F80020074B9A4205D1012CBCD0012408F12C08A3E74FF0FF305D
:20668000B3E700BFC40F00203DB8F39630B585B06946022001F0B0F9044610B1FF2005B0CC
:2066A00030BD052002A901F0A7F9012840D1224649213348FCF726FE324B8DF80C4002930B
:2066C00000229DF800109DF808002F4C2378042B06D0052B2FD14B1E18BF0123002B39D073
:2066E0006378042B05D0052B2CD1431E18BF012383B3A378042B03D09DF803509D4229D11E
:20670000E378042B03D09DF80B509D4222D12379042B1BD16279022A28D11C4B1C480022B6
:206720004921FCF7EFFD6079831E022BB7D9B5E70028C5D0B2E7A3EB010CDCF1000343EB4E
:206740000C03CBE71D1A6B426B41D1E79DF802509D42DFD00132032A04F10604B6D10D4880
:2067600000224921FCF7CEFD012098E7032A05D0094B0A49042A08BF0B46CFE7084BCDE783
:20678000F4A5000003010303C7A80000D1A500003FA6000063A60000E2A50000DBA500007C
:2067A000D6A500002DE9F04FF9B002AF2523044607F1E800C7E9082101F0E9FA0346A0B9EE
:2067C00007F1680207F1A80107F1E80001F01CF858B9B7F86830012B07D1D7F8A810386A4C
:2067E00007F1500200F0FDFF38B14FF0FF35284607F5EE77BD46BDE8F08F97F85030012BD6
:20680000F3D1D7E908214FF6FF7307F1500001F0BEFA0028E9D1636AE16D5A684FF4C073EE
:2068200003FB012153424F311940A36A606D013B534342435B1A521A934228BF13467A6EBB
:206840009A42D2D84FF0FF3507F1360307F1340207F1380107F1500000F0D6FF0028C4DBDB
:2068600040F0ED823A6DB96BFB8E6AB17A6D5AB1FA6D914208D34FF6FF74934830F8022B1B
:20688000A242B2D09A42F9D1242BDDD1BB8E402BABD1386A07F1680200F0A3FF0028A4D18C
:2068A0003B6A5B687B617B6A1B893B617B6ADB68FB607B6A5B89BB60FEF7E0FF05460028C1
:2068C00000F08C82024645218048FCF71BFD4FF0FF35B9E72C2303FB0494204601F017F9DA
:2068E0008046002800F0C38010F18C0F06D199F88035002B40F089826FF08808424645217B
:206900007348FCF7FFFC013DE3E7204601F0FFF8204601F0CCF880460028EFD1267F002EDC
:206920004CD101236B4A31462377626163601C2207F1E80001F052FBE220C7E90F6607F14F
:20694000A80101F094F98046002864D1B7F8AA30C3F3C113013BDBB2022B23D85E4A002120
:20696000D25C5E4B1343C7F8EC30DBB2002B626908BF00220346C7F8FC20CDE9000007F1D1
:20698000E802E220FEF74CFD10F18A0F804611D1D7F8EC3052491A0AB1EB132F11D0514B86
:2069A0009A420ED0204601F082F86FF08608A5E73446B3E778BB204601F079F86FF09608C7
:2069C0009CE707F13C0107F1E800FEF74DFC804608BB636AD7F83C8033BB434B41461B687A
:2069E000012098470346606220B307F14006C4F82880E220CDE90086002107F1E802FEF7E1
:206A00000FFD8046C8B1606A10B1A16AFEF790FB0023C4E90933204601F049F818F18C0FCD
:206A200008BF6FF0870869E76FF08A08204601F03EF863E76FF08C08F8E7A446336807F13A
:206A4000E806A3620FCEACE80F0096E807008CE8070004F1080001F04DF8237F012B1AD0D8
:206A6000204601F054F8804600287FF447AFA3682688190509D53046E168FFF707FA68B990
:206A800030462169FFF702FA40B9204601F04CF86FF0840832E702232377E1E763681048C2
:206AA0004FEA132CB0EB132FD4E909121ED00D4B9C451BD0BCF1000F18D0204601F034F870
:206AC0006FF085081AE700BFBC97000089A60000A8A60000E230FF7F86A50000004B4E8066
:206AE000004E80004B4E8000DC00002006F44F43B3F5824FE1D126F0FF00B0F5824FC7F8B2
:206B00001CD002D0B0F5E24FD7D1F6B2422E638846D1EE4603F10806F6080736F608AEEB17
:206B2000C606B546FF2B02AE40F09380A54BBB61A54B9C4540F0AE80022A4ED14FF48079AF
:206B40000B7807F1280A7B6007F1E80850469F49FFF7E0F89AE8030088E80300D7F8EC3096
:206B6000002B3CD1D7F8E8B079685846FFF762FC0346C7F8EC0090BB584601F0F1F858464E
:206B8000FEF71AFE10F1020F834668D14046FFF7F3F8034618BBB9F10109D7D15B461EE056
:206BA000412E0DD1DE1DF6082FD0EE460736F608AEEBC606B546FF2B02AE4AD1844BB6E760
:206BC000302E25D1B3F5A07F46D035D823F02002C02A41D0B3F5807F3ED06FF0860318464C
:206BE00000F0B7FF10F1860F0646D7F81CD03FF464AF204600F098FF8046002E40F0DF809C
:206C000000287FF47BAE01257DE6D7F81CD054E7E3D8123EF6B2192EDFD801226D49B240B5
:206C20001140C9B9D207D8D5B3F5807F14D009D823F02003C02BCFE7B3F5C07F0CD0B3F54D
:206C4000007FC9E7B3F5C07F06D040F209229342C2E7B3F5E07FBFE76FF08503BFE700280B
:206C600099D1D7F8E8A0504601F062F8DAF80CA0016881465246304601F0A5F95246D9F8BE
:206C80000410B01801F09FF94046FFF775F8034630B1A4E7B0F5824F0ED1304601F093F9A9
:206CA000BB695B68202B7ED02046D7F81CD000F03BFF6FF0940821E64FF0200B07F1E80AB3
:206CC00007F1A80839640123C7F844B05046CDF8008007F1440207F14001FFF7DFF8034630
:206CE00000287FF47CAF98F8002022F0070288F8002098F81F2002F07F0242F0400288F82D
:206D00001F20AAEB0B02BBF1010B1370F9D1324907F14800FEF7FEFFD7E91293002B7FF4DD
:206D20005EAF52465946484601F07CF8034600287FF455AF20224146D7F8E80000F0C0FF05
:206D4000202207F1C801D7F8EC0000F0B9FF484601F006F84846FEF72FFD7860484600F04B
:206D6000E7FFD0F800A04168202207F1C80001F02AF99AF8001098F83F20484642EAC112E8
:206D800088F83F20FEF7EAFF7B68002B7FF427AF07F1C8012022304601F015F94021404680
:206DA00000F035FF7CE7BB683A69F9681A440A443046796907F16803FFF72AF910E7B046B8
:206DC0009CE500BF94970000004E800060970000A0970000200221024C970000DFF8689055
:206DE00099F88035002B3FF487AD4E464A462C461649137F022B03D153698B423FF46AAD60
:206E00000134202C02F12C02F3D100242346327F002A3FF4CDAD3CB9022A05D1326A1AB991
:206E20003279002A18BF34460133202B06F12C06EDD1002C7FF469AD6FF08C085EE5002DAE
:206E40007FF4D3ACD3E400BF38020020E230FF7F2DE9F0412C262C4F054606FB0076346A6C
:206E60008846204600F040FD731EF21C13F8011F814238D19342F9D1A5B12046FFF7CAF907
:206E800098F80730042B09D1386AFFF7C3F9024640B949211D48FCF735FA03E0FFF7F6FBD2
:206EA0000428F1D00120BDE8F081D06813891B1823D25289D21820D2A3689A421DD240F6EF
:206EC0000C63194219D1104822463146FFF76AFC00B9E8E711E00023A2681946204600F010
:206EE0000AFD0B4A0CE02C236B43FA181169C806C2D4F858074B9842D7D0002DEBD1064A01
:206F000045210648C7E700BFC40F0020E8A60000DEA600003DB8F396D6A6000027A7000083
:206F200030BFFFF7FDBF00BFEFF30880EFF3098101B57246FCF784FF01BD00BF002080F327
:206F40001488BFF36F8F002080F30A8880F30B880F4880F30888FEF747F800200D4908604E
:206F6000BFF34F8FFDF73EF8202080F311880A484FF40061401880F30988EFF31480022120
:206F8000084380F31488BFF36F8FFDF751F80000C8F0002094ED00E0C8F000201EF0040F78
:206FA0000CBFEFF30880EFF30980816911F8021C0229FFD001B5724600F008FD01BD00BF46
:206FC00008B50248FCF79EF9FEE700BFD9A80000014B1860704700BF040100200239012937
:206FE00002D8034B1B6818474FF0FF30704700BF040100200FB41FB5002106AB53F8042B9B
:207000000548009102210393FBF75AFF05B05DF804EB04B0704700BFF57F0000D0E901231A
:207020009A421FBF0268D25C013383601ABF00200A70012070470F290346F0B502D94FF656
:20704000FF70F0BD008820B3002210464FF0800C8A42F6DA1E7B7EB91F88002FEFD05D8890
:207060006C1CA4B25C801D446D7BA742DD7204BF5E801E8083F80CC01C7BDD7A40002C42B3
:2070800080B24FEA540418BF40F001001C730132DEE701221C7B4D1EAA409442CFDB0246C7
:2070A000D4E790F820302BB1013B042B02D96FF008007047C38A002B14BF6FF0080000202B
:2070C000704710B484682468A44610BC604710B484686468A44610BC604783689B6803B1E5
:2070E00018476FF057007047A8B1D0F8E0321A44B2F5005FC0F8E0220BD3D0F8D032A2F534
:20710000005203F50053C0F8D832C0F8D032C0F8E022002070476FF02000704760B1D0F8B6
:20712000C8321944D0F8CC32C0F8C8129942ACBF6FF01F00002070476FF0200070470020AF
:20714000704770B48D68002605F00305032DCB6002D08E6070BC70474D688E60002DF9D0A5
:20716000AC4670BC6047038B13F0070305D10368002B0CBF002003207047022B05D1408BB0
:20718000B0FA80F0400980007047012B05D10368002B0CBF0020052070470020704710B45B
:2071A000EFF31182202484F31288BFF36F8F416110BC0121F9F71EBB704740E800F313F423
:2071C000803FD8B208BF6FF0150070470C220369C9B201FB0233186C00F00700704770B5D7
:2071E000C9B20369EFF31185202484F31288BFF36F8F0C2606FB0134246C14F0C00408D093
:20720000A24206D085F31188BFF36F8F4FF0FF3070BD012271430B441A6485F31188BFF3F1
:207220006F8F43680B445B6898470020F0E78022FFF7D5BFF8B5069F0469C9B2EFF31186DE
:20724000202585F31288BFF36F8F0C2569430C44256C05F0070CBCF1010F0BD1276486F3C4
:207260001188BFF36F8FC4E90E2343685B5898470020F8BD05F0C005AF4286F31188BFF366
:207280006F8F0CBF6FF077004FF0FF30F1E713B580240094FFF7CEFF02B010BD6FF08500E3
:2072A000704710B41C240069CBB203FB0400002110BC10474FF4FA2200230020C1E9002378
:2072C000704738B50C4603210546A047002802DA10F1860F04D101212846A04700EAE07042
:2072E00038BD436800205B68DB680B607047436802EA01005B6821EA02015860002099606C
:207300007047436800205B6859607047436800205B689960704743685A68136821EA030084
:207320000B40506000209360704710B503695868F8B1884219D19C680868A142586000D15A
:207340009860002008602AB15A680A609A68596002B99960002010E0814206D1086820609D
:2073600098688142EDD19C60EBE7044600680028F2D1002AE8D16FF0150010BD01298CBF88
:207380006FF085000020704743681B68D3F83031704743681B68D3F88004C3F880047047AE
:2073A00042681368D3F84C0150B10020926A12780A70C3F84C01D3F84C2101229A62704759
:2073C0004FF0FF30704700470020F9F7C9BE0020F9F754BFF0B5044600200127054684463B
:2073E00095420AD1D4F8443133B10023C4F84431D4F8443140F40030F0BDEBB29B0003F5E0
:2074000080769B0807FA03F3194208D054F806E0BEF1000F03D044F806C0A6591843013554
:20742000DEE707B5019001A8F9F73AFC019B00EB8300D0F8803023F4403343EA0141C0F838
:20744000801003B05DF804FB38B504460D46F9F787FFB0B12046F9F795FF90B92046F9F7AB
:20746000A3FF012322688340C2F81833236800B203EB8003D3F8102522F00302C3F810253F
:2074800038BD2846BDE838400021FFF7CABF70B5044608461646F9F759FF083034F81030C7
:2074A0000D46DA0509D5C3F3432304EBC3023146284654F8333052689847A3682BB1314661
:2074C0002846E268BDE87040184770BD0020704703461A6822B118681A6800221A60704749
:2074E00020BFF6E7022804D0042804D10020FAF78BB90120FBE770472DE9F74F90F9143099
:207500000446013388469146176811D004F1160A04F2231BB8F1000F25D0002594F82060C1
:20752000062E20D8DFE806F0224F6A762F86940000680DF10701FFF771FD18B1012003B059
:20754000BDE8F08F9DF807301A0903F00F030333043222756375B4F91430B3F5E16FD5D0AA
:207560006FF01A00EBE76FF01400E8E701215046FFF761FD4FF6FF73984222D008B903210A
:20758000A08384F8201094F82030B342C6D17E1B00F08E8020680DF10701FFF73FFD002835
:2075A0007DD1E08AB0F5807F00F0848023300122204400F008FDE38A37460133A844E3823D
:2075C000A8E73146DDE7AF4207D908215046FFF732FD4FF6FF73984201D133460BE0E38BF7
:2075E000C0B25A1C54FA83F3E28383F82301002308F80500013584F82030C4E7002150464F
:20760000FFF719FD4FF6FF739842E6D000020323A083F0E708215046FFF70DFD4FF6FF737F
:207620009842DAD0A38B1843002301306383A0830523E0E707215046FFF7FDFC4FF6FF738D
:207640009842CAD0638B1843013006236083D2E77B1BC2D0628B08EB05019A4228BF1A4646
:20766000B4F81CC08818814209D1638B15449B1A9BB2002B638314BF33460023BBE7E38B6C
:20768000A3EB0C03DBB21BF8033001F8013B94F81EE00BF80E30E38B0133E383E3E7D9F8D7
:2076A0000030B3423FF44AAFDB1B2B44C9F80030002044E76FF0130041E7084611461A4639
:2076C00009B1FAF705BB6FF01500704708460021FAF7FEBAB1F5FA2F104610B51A4607D2D9
:2076E000C1F5FA24A34203D800F06DFC002010BD6FF01500FBE74379012B07D10368012B03
:2077000004D10079431E584258417047002070470021012008B5FBF707FE30B50C684B68F7
:2077200085B00A894D890094013B24F01F04234402F01F0242EA451223F01F0369468DF83E
:2077400008200393FBF760FE05B030BD70472DE9F04F85B00D46C0B201A91646FCF710FB6F
:2077600000283BDB019B002B38D0D3E90178D86802A9836803AA5B69D5F800909847DDE97E
:20778000020A00231C4619460430B844514502D100202B6012E04FF0000CD0F800E050F888
:2077A000042C944502D301310830EFE7A74211D8A045EDD9994504D86FF00B0005B0BDE8B0
:2077C000F08F06EBC302A4EB070B46F833B0C2F804E0013374440CF1010CE0E76FF01500E3
:2077E000ECE7002930B40BDB84688C4208D9641AA34205D84468C068214430BCFFF761BCB0
:207800006FF0150030BC70472DE9F3411D46036804460E46174623B94FF0FF3002B0BDE89D
:20782000F0814368002BF7D04FF6FF78D4E904239A4216D223685B8923B1E368934204BFB0
:20784000043323610423216960680DEB0302FFF7C8FF0028E0D1A37A2BB1D4E903329A429A
:2078600001D30120DAE72389BDF80610434501F1040203D0BDF804C09C450BD115B1BDF8D7
:2078800004302B802369043333603980236913442361C3E7236913442361C7E710B4846824
:2078A0000A46203C24F00F04A4F13001042310BCFFF797BF002930B40BDB84688C4208D962
:2078C000641AA34205D84468C068214430BCFFF7FEBB6FF0150030BC704708B5C0688368AD
:2078E000DB689847006808BD08B5C0688368DB689847407908BD2DE9F04306460D461F467C
:20790000144685B022B3836899422FD25B1A93422CD3FFF7E2FF81463046FFF7E5FF1022D3
:207920000146684600F05AFB2C44C9F100089FB108EA0508A4EB0905454509D04B466A464B
:2079400029463046FFF7B6FF18B95FB1454506D8002005B0BDE8F08308EA0408ECE7A5EB00
:207960000905E9E74D44A845E6D8F1E74FF0FF30EFE738B50C461546FFF7B6FF21462544BC
:2079800011F8013B834203D1A942F9D1012038BD0020FCE738B50C460123114622460546CE
:2079A000FFF71FFF00280FDB012221462846FFF7E0FF38B92378012B14BF022301230020E0
:2079C000237038BD0323FAE70120FAE708B501460068FBF7A9FCFFF7A3BA61B662B680F31E
:2079E0001188BFF36F8F7047EFF31180202383F31288BFF36F8F704713B50C46C0B201A924
:207A0000FCF7BEF930B92146019802B0BDE81040FCF774BC012002B010BD2DE9F0431D46BD
:207A200085B006460F469046FFF757FF6C1E044440420440102C1AD83046FFF755FF814601
:207A40002A464146684600F0BEFA4946621B0DEB050000F0C3FA23466A4639463046FFF71F
:207A600029FF003818BF012005B0BDE8F0834FF0FF30F9E7042307B5019181680DEB030238
:207A8000203921F00F013039FFF7C7FF03B05DF804FB012307B5816801AA203921F00F0152
:207AA0008DF80430FFF7B9FF03B05DF804FB38B50446406A10B1A16AFDF73AFB0023C4E9B2
:207AC0000933237F012B0FD0023B012B0FD8236A012B0CBF00256FF096052C2200212046F5
:207AE00000F07CFA284638BD236A002BF1E76FF09605F2E70368D90444BF43F48063036092
:207B000003689A0444BF43F4006303607047037F022B06D1036A5A1C03D0013303620020B0
:207B200070476FF096007047034668B1017F8A1E012A0BD80329026A03D1012A01D1FFF7EB
:207B4000B6BF1AB1013A1A62002070476FF0960070470A2840DCC31C22DA10F1400F47D01B
:207B600010F13F0F2BDA10F1410F44D010F1550F44D010F1490F08BF6FF0840018BF6FF09A
:207B80008600704709282AD8DFE800F00529290816293829292F6FF09800704700207047E2
:207BA000C31C0D2B1BD8DFE803F0072F1A1C1A1A1A1A1A1A1D1A1A1D6FF08500704710F1EF
:207BC000210F1ED00BDB10F1200F1DD010F1100F08BF6FF09400D1E764380928D2D96FF01B
:207BE000860070476FF0940070476FF08C0070476FF0840070476FF0890070476FF09300D1
:207C000070476FF0880070476FF092007047002313B51C4601901A460198013399428454A9
:207C2000F9D102B010BDF7B5FA206946FDF7A2FB044610B1002003B0F0BD009D2F0AEDB2F5
:207C4000AC4205D1FA20FDF77DFB0028F2D009E0E6193046FDF776FB38B1304601A9FDF730
:207C600089FB10B96FF09200E5E70134E8E713B50C46FDF77FFBC31C0FD0013009D0042280
:207C80004FF0FF3321460DEB0200019300F08BF930B96FF08B0002B010BD6FF08400FAE7F4
:207CA0000020F8E710B5044618B9BDE81040FDF7AFBA03781BB1FDF7ABFA0023237010BD30
:207CC0008B18991A12B110F00F0F01D100F07BB90978013AC9B200F8011BF2E770B500230B
:207CE00004460D460DB162070CD125F00F0632462046002100F072F90023A2192C44A2422D
:207D000004D170BD04F8013B013DEBE702F8013BF5E708B5FDF7B2FD48B1002383F311887C
:207D2000BFF36F8F0423184602DF6FF0040008BD30B50169D0E901344A680968C90042BFDB
:207D4000C168611A5B1800210AB9183030BDD50742BF8D1D40F82530013123445210F3E70A
:207D60000369DB682BB1026843F4202343F400631360BFF35F8F032203691B6813F4003F8D
:207D800003681ABF03F58053DA619A6070472DE9F7430446174699460E4629B94FF0FF3866
:207DA000404603B0BDE8F083002AF7D0CB680D8938461D44042329460DEB0302FFF711FD42
:207DC00080460028EAD146F60812BDF804107389914224D1BDF806109942DFD1042338461C
:207DE0000DEB03022944FFF7FCFC0028D6D146F60713BDF804209A42D0D10023C4E9006779
:207E0000A4F80890A3727389BDF806202B44E360738913442B44043563612561C0E7002B79
:207E2000E5D0BBE72DE9F74F0369D0F84C909D6843690446D0E9017B0E469246D3F86C806C
:207E4000B9F1000F06D0FDF789FF1025284603B0BDE8F08FFDF7E2FC43681F2B04DC204690
:207E6000FDF77CFF0D25F1E720232269E360B8F1000F01D013691E4313681E4346F4C00636
:207E8000236846F4F8565E6023691B68DA0003D5E368ABEB03031F447DBBB8F1000FD5D071
:207EA00023691B69002BD1D0D8F8083040469847D4E90167CDE900012369E2681B6806EB53
:207EC000071613F0805F23D0C1F3076141F0010100F03F0343F020038DF80710B2F1080191
:207EE0008DF8003002D0B01AFFF7F8FE083E082269463046FFF7E4FEA8E7EB0748BF4AF80E
:207F000029704FEA650548BF09F101095F44C3E7C1F3056141F0200140F001038DF8071091
:207F2000B2F108018DF80030A6EB0706DFD006F10800FFF7D3FEDAE707B5022001A9FBF792
:207F40001FFF70B9012301986A4681688DF80030203921F00F011039FFF75FFD03B05DF8B2
:207F600004FB0120FAE71FB5022001A9FBF708FF10B1012004B010BD019C02A92046FCF763
:207F8000BDF90028F5D19DF80B30032BF2D12046FFF77FFDEEE77047034600201A5C02B97E
:207FA00070470130FAE710B55AB10139841810F8012B11F8013FA04201D09A42F7D0D01A95
:207FC00010BD1046FCE710B5431E0A44914200D110BD11F8014B03F8014FF7E70346C9B274
:207FE0000244934200D1704703F8011BF9E74FF0FF307047FEF7F2BFB884FF7F0100000061
:20800000B50A0000000000000000000058800000000000007880000000000000B880000099
:20802000000000009880000000000000D8800000512400000000000000000000F8800000E3
:20804000137D000000000000D91A000000000000FD1D0000000000002FA50000B882000075
:20806000548100003401002048110020D50B0000000000000000000002A500001C82000038
:20808000308100002C01002090010020251A000000000000000000000DA50000348200008A
:2080A000308100002E0100209C010020251A0000000000000000000018A500004C82000039
:2080C0003081000030010020A8010020251A0000000000000000000024A5000088820000C3
:2080E0007081000032010020B40100208D0F00000000000000000000E9A40000000000003E
:208100001881000036010020000000008D0C00000000000000000000D5760000BB7600005A
:20812000CD760000750C0000B57200007D0C000079290000E3720000EF72000003730000FD
:208140000D73000017730000D92B00002B730000000000009D7200002F7200008F720000C2
:2081600000000000CD7100000000000000000000A1730000C10E00009373000082A70000AF
:208180000300000063A70000030000008DA7000003000000BDA700000300000057A7000033
:2081A0000300000074A70000030000009BA70000030000004FA70000030000007AA700003F
:1C81C00003000000BAA70000030000007EA7000003000000AAA7000003000000C0
:2081E00000A0105000820D5000040550000000000338FDD870470000000000000000000080
:208200000338FDD8704700000000020000000000000000000000000000000000FFFF000097
:2082200000820D50000000000100000000A00D5000000000FF070000000405500000000002
:208240000200000000000000000000001F00000000A01050000000000000000000C01050DD
:208260000100000024000000260000022506000127060003648200000400000000600C50AF
:20828000748200000100000000600C5000000000000000007C82000000C201000000D60193
:2082A0000000000000000040000000003D7800203C7800200101000055180000491200000B
:2082C000DDA40000CF730000C9730000E3A40000000000000000000000F00000F8800000B0
:2082E0000100000000F0000000080000F88000000200000000F0000000600400F88000003F
:208300000300000000F8000000580400F88000000400000000F8000000580400F8800000BE
:20832000050000000050050000900100F8800000060000000050050000080000F8800000FF
:20834000070000000058050000880100F88000000800000000E0060000700000F8800000E2
:20836000090000000050070000700000F88000000A00000000C0070000100000F88000005C
:208380001300000063000000A3000000030000000001000000020000001400000028000082
:2083A00000400000010000000200000000388A408F409440A140A640AC401548CB40AE40CC
:2083C000A3400038003800380038CE40ED409D4149415641324137413C414141B941BE41BD
:2083E000D7410E42FA418D411B42804162426A42774274436E4366437F432E4824460038FA
:20840000003800380038AF48D548F34863457D4585439D45A845BB45E345ED45CF45FC45B5
:2084200015468C466E4695468E460038003800382842003800380038003800380038003812
:208440000038003800380038003800381949194919491949194919491949194919491949F8
:2084600000380038003800380038003800380038003800380038003800380038003800387C
:2084800000380038003800380038003800380038003800380038003800380038003800385C
:2084A0000038003800380038003800388C090038FFFFFF000000000010270081878A001ABF
:2084C0007B627AA678797A8D00307B627AA778797A8D003078207B6279217A220C108650B4
:2084E00082A2808182A28287828D001A0030722095407AAC797B003078247B627AA8847988
:208500007A8D00307224A7407B2479257A26856286A87284868D11A68584116286A7858641
:2085200084208621862286509A5086A6867286A88685868D8462868D781086A67270001A6F
:2085400000307ABB7879003000830030001C001C001C001C001B7C22001D1310D040001A4F
:20856000001C001C001C001B7C22001D001B7C22001D1310DA40001A000C016A3427001AB8
:20858000006E1027001A7B62782479257A260C1086500E1022590E101A59848FC50811B8A0
:2085A00085850410295911A284871AA211111120071890A2801A9020001919A272871AA626
:2085C0001970001B7C201AA21A8013100B410E101D590410335986A21A72868D001A003051
:2085E000870811B8858211A284871AA211111120031890A2801A9020001915A281871AA224
:2086000015151520031890A2801A9020001907418650052408250426F5408650042406254F
:208620000526F54086500C2406250B26F54086500B2408251A26F55000AB0C1A00300DA7D7
:2086400002720AAC060D0EA703720BAC060E02620CA872030C8D00307DBB0203048F05A617
:20866000707003628650042072210E229A500070108A0E240B250E26F350027286500420BD
:2086800072210D229A5002721027108A0D240A250D26F35005A70D0E05200C2105229A50E9
:2086A000007005BB030505A60E05003002628650042072210D229A500070108A0D240A2520
:2086C0000D26F35000300DA70D0E05A67070027286500C200D2105229A50007005BB0305AD
:2086E00005A60E05003002620DA7027203620EA7037201BB0D0E00BB02030D200E218022DC
:2087000082AC8081812082213910A941006201A80180018D012408250626B15000300324C3
:20872000062508268650F340032405250A268650F350026286500A2072210A229A503810E8
:20874000003906200A210B229A500BA60B0C0BA80B050B8D38100039003002620A8E0A8F0F
:208760000B8E0B8F072787500EA8720B0C200E210D229A500A200E210E229A50006286506F
:2087800003240D251A2608210E221A510262008107271A2072211A229A5000AB0A1A003077
:2087A00086500DBB08060DA6040D032406250E26F3500E2007210E229A500EA7050E0E8DAD
:2087C0000E240D250B26F34086500A2408250D26F35002200D210E229A500E240C250B262C
:2087E000F340865007200A210D229A5003240C250E26F35005A60D0E058D0030865001A730
:2088000000720AB9010006240A250426F55077A7047238100030011877A70401381000309A
:208820000420042104229A5077A704723810003C001977A704013910003C0030A0A2721012
:20884000685380A2811090A291100210965308105B541410FB5439108134001A000C8650A8
:2088600033A2041002102D440810D74414105B4558522620782148522621001C7A20CC4267
:2088800058522620782148521D2079214A52262026211D22001E7A20CC42585278247925CC
:2088A0007D527A20CC42112084214852112010107A590E10364901218526006886AC860122
:2088C0002EA67070C1522E2236102C2235A78682006CC80811B83581EA5026201121001C80
:2088E000262002101254112126220718B120021015540810C7541410515580210019E352E9
:2089000026202621D0501122BC520068C152006C2320361026201B220318001E8021001983
:208920002621001A001B0B102320001F001A2CBA73742CBA2C2C2CA72C742DA7018677A72D
:208940002D2C001AA122DC5202108D53081054541410F65480A2807290A29072808D908D21
:20896000001A003082A2821082A2827282A81082001A2C2013211622071880A2818280216C
:208980009020B22200193222DC5229A2322828A2323131A2292525A2293030A2312222A23C
:2089A000312F2FA2301F1FA2302E2EA22F1C1CA22F2D2DA22E1919A22E2C2CA22D1616A2EF
:2089C0002D132FA6117030A6127031A6137013A62C7011201121081802108D5308105454C5
:2089E0001410F654A020B121001926A62F7027A6307028A63170001A1120842148521D2050
:208A0000822148528A0811B88583142011211122001C05188024B1208421001E0019202053
:208A20001D211D22001C05188024B1208421001E0019E352262026211922001EDA501122B7
:208A4000BC5219222620BC5277A22872F810821077A7850177108620CC4285A6850183A673
:208A6000830183A6830113A272101DA619701EA61A701FA613702C43585278210810E044BE
:208A8000818F918F001A003077A701003810013A001A00305852042168530210395408102F
:208AA000F0543810053A001A00305852262078214A52001A00305852151075536E53262094
:208AC00002214A5200302DA2A1A12EA2A12D80A2812D90A2912E001A2FA205102EA2808067
:208AE0002CA280332EA22E802DA290902EA62E2C2EA62F2E2CA72D2E2CA22C722C8D001ABC
:208B000030A691912CA681812DA230911A10E24331A2A1A11810C5432EA2818131A231315E
:208B20002CA22C2D31A231332FBA2E742EA62F3131A62C2CD1432EA681312FA781312CA2F9
:208B40002C2D2EA22E2F31A62C2C2EBA2E742DA22D2D2FA22E2E2DA62D2D80A72F3131A7F4
:208B60002C80A0A230A12FA22E3190A72F2D001A2EA281812CA22C2DCD4331A67092ED4347
:208B800031A77092ED4330A2A1A12FA231A131A230822FA22F3031A731812FA72F9130A26D
:208BA0003131A0A231A12CA2813030A231302EA62C2C31A22F2F2EA6302E80A7312E2CA7A5
:208BC0002C802EA2913031A22F2C90A7312E001AB0A2A0A0001A2EA670921B442EA77092C2
:208BE0001B442DA2A2B231A2A1A12CA281B22FA2A13131A282312DA2912D2FA22E2F2EA229
:208C0000A1A22C21F543AAC3E7D3EAE32CA6047477A72C00381477A604707814001A2DA2B2
:208C200005102EA633332FA62D2D2EA22E2E2FA62F2D2EA22E332FA22F2F30A62F2F2EA6F1
:208C40002E2F2FA62E3077A22F72001A90A77090908D001A2DA2A1A180A281A190A2912DFD
:208C6000001A2FA205102EA280802CA280332EA22E802CA22C802DA2909030A280902EA606
:208C80002E2C2DA62D302EA62F2E2CA72D2E001A2CA281A12DA281812EA62D912DA22D2D55
:208CA000A0A22C2C2CA22C2E2EA22E2E181085442FA2A03387442FBAA0042EA62E2C80A685
:208CC0002E2F2CA6A02C2DA22DA02CA22C8090A62C2D001A702398448223984431A68392FE
:208CE0002FA282A130A2A1A130A2313031A2818132A22F2F29A6313231A63191A0A229A15B
:208D000031A22F312EA6812F32A630322FA6913032A281322FA22F2E2CA2812F2DA2299110
:208D200080A632312CA62C2D32A62FA031A22C2929A2328090A63129001A30A2A1A12DA2A6
:208D4000A2A22CA281A22FA282A12DA2912D30A292302EA2A1A22C21A04472C494D496E46D
:208D6000006877A772043714006C001A2DA272872CA22D8177A7812C391081362CA22D918B
:208D800077A7912C39109136001A003077A60570001A90A68090001A80A281A190A291A1EA
:208DA000001A31A272102CA280802DA290902EA62C2D2FA22C2D2FA2332F2FA62F312EA7F3
:208DC0002E2F2E8D001A2CA6819130A281812DA291912EA2A1A12CA22C2C2EA62E2E2FA67B
:208DE000302D2DA7302D2CA72C2F2EA72F2E90A22D2F80A22C2EA0A22E2F001A2EA67082FC
:208E00002E452EA770822E452FA2A1922EA2A12E30A2819131A22E2F32A6912E2EA7812ED3
:208E20002CA6812F2FA6912F32A22C322CA22E2F2EA630312FA7303130A72C2F31A7322EE8
:208E400080A22E3090A22F31A0A23031001A2CA2A2812DA2A2912FA2A1922EA2A1822C210C
:208E600032450DC528D52BE5001A80A77080808D001A5852022407257D522620CC52E650DF
:208E80008750262072210A229A503810003906200A210B229A500BA60C0B0BA80B070B8DFE
:208EA000381000390030E65087500A8E0A8F0B8E0B8F0DA8720B0C200D2135229A500A2099
:208EC0002B229A50EA50585208222B230224352526262653E6500081262072212C229A50F2
:208EE00000AB0A2C0030E6502BA872062B8DEA50585202242B257D520820CC42000C006459
:208F000035A60A0CE65087503520722135229A500BA7073506200B210B229A503810003952
:208F20000030000C006435A60A0CE65087500B8F3520722135229A50EA50585208220B2394
:208F4000022435250D2626530030585226200B2148521D2006214A52262026211D22001E15
:208F60001D2008214A52262026211D22001E0D20CC42E65087500B200C210A229A5082A726
:208F80000882828D0030585208220C2378240A252626265300682620062100AB818000AB49
:208FA0009190003058520620021050540810F35414105F5506240B257D521D2008214A5278
:208FC000262026211D22001E1120CC5211240A257D520D20CC42E65087500A200D212B2238
:208FE0009A50EA50CF550BA62B700D240B257D520820CC428650000800B8797917A70173BD
:20900000179E179E0BA2781017A217100C200E2280A60B7090A2721082A6907092A67070E0
:2090200068460E227AA882927A8D00300E210C2211A6819112A7819113A2111114A2121243
:2090400015A6829216A7829215A2151216A2111611A7131481A2131412A2171114A61516C9
:2090600015A7151682A2141416A2151513A6131292A2160B91A2111312103B46001B0A1079
:2090800040460C210E22424606217A5608217C5636A2060B36A236870AA608360A8D003040
:2090A000E650875091A2918736A2768736A2913681A2818781A6368181A28172818D91A680
:2090C0007070001A02248F46062408217A56EA501410C447F34606217A560A8FEA501410E8
:2090E000C9471C4735A2811034A2911031A2353536A2343433A2041035A2313634A2721022
:2091000033A2333531A7363136A6343331A73136318D39108134001A31A2911036A204101B
:2091200031A2313133A2721036A2363131A7313336A6363333A2363633A2333634A2333328
:2091400035A2343635A2353134A2313335A23572358D33A7007333A73374339E339E339ED6
:20916000352433253526F55035A2351034A2343533A2343433A2333633A63331338D722039
:209180003810052081A23480818D7D1081A70081001A000C8650D00811B8080132A20410B9
:2091A00032A6323284210C20A5570C212D2088571120AE57071880222D21C0205D578021D3
:2091C000AE5700190C210C2088C75DD768E7D050112217570A20B9570030001B0C200B10B9
:2091E0002D206847000C86500821B6569C5632A2041032A63232920811B80A0602210C2084
:20920000A5570C212D2088571120AE57031880222D21C0205D578021AE57001908212120FB
:20922000A55721212D2088572120AE57031880222D21C0205D578021AE5700190C212122B0
:209240000C205D5788C75DD768E7DA5011221757212217570C20B95777A680703E10003910
:2092600000AB0B90003031A6918136A7918131A2318236A2369233A670B2734731A69181DC
:2092800036A7918131A2319236A2368233A770B2734734A2A1A233A2B13335A6313631A717
:2092A000313636A7343333A6343380A2313690A23533A0A23633B0A23531001A31A691813A
:2092C00036A7918134A2313133A2313631A2A1B136A2A1A131A6313136A6363636A7363325
:2092E00034A7343180A23136A0A2363390A23334B0A23134001A80A2811090A29110A0A2C8
:209300007210B0A28090001A31A6918190A7918180A63170A0A6A1A1B0A2B132001A35A2A8
:20932000721035A835A180A2813590A29135808D908D001A082558527D520A20CC4258525C
:209340000821DB5708205F550822062302240A252626265377A626703E100B3900AB0B2747
:209360000030918F2CA291872DA272872CA22C2C2EA72C2D2CA22C332CA72C2D2DA22E2E17
:209380002FA22E2C2DA22D2F2FA22F2F2FA22D2F2FA22F722F8D30A70074309E309E2F24B3
:2093A00030252F26F5502FA22F872DA22F2D2FA22D2D2FA22F2C2FA72F2E2F8D39109134B8
:2093C00081A22D72818D7C1081A7008177A7810037109134001A000C7B62865078231BA6A8
:2093E0007D721B9E341043481B9E83241B257A26F5507A207A211B229A501BA71B831B8D0D
:209400003910003D001A00305852782078211C229A501CA61C041C209A501CA61C051C8DE5
:209420001C23195877A67A703D1000307AA7007A00301DA77D721EA61D701E9E83241E2583
:209440007A26F550381000301EA77A723910003D1FA283101DB91D0020A6757021A2721041
:2094600022A6212122239E5824A6287025A67570A85823A72821238D39106B4822A62221CB
:209480005C481DA71D721D9E1F239E5826A21F2827A2262828A72721288D381099482AA6F7
:2094A000727029A2272728A72921288D3810874829A229292AA62A727D481EA7202A28A6A1
:2094C000247025A61E70A8582BA6287024A22B2B20A62A7026A22B2627A2272474487AA2B5
:2094E00026727A8D001A003023A28372238D23241D252326F55028A22310001A25A7257288
:209500003810001A28A22828A848061000385852022407257D522620CC5200680AA60C80BE
:209520000AAC0A01381000392AA67206E6502BA8722A2AAC2B0187500A2006212B229A509B
:209540002BA7072B2BAC2B012A202B210B229A5038100039003006100038E65087500A8EB3
:209560000A8F0B8E0B8F2AA60A0B2AAC2A0138100039EA50585208222A2302240B252326BE
:209580002653E6502AA60C232AAC2A0100AB0A2A0030061000385852E65087502AAC0D0F16
:2095A0002AA62A0F2A2007212A229A502AA6062A2AAC2A012BAC0A0F2BA62B0F2B202A2168
:2095C0002B229A502BBB2B0C2ABB2A0CEA50585208222A230A242B250D262653003000382F
:2095E00085A9010F001A11BA010F85A78511001A007001A67070007001A77D72001A0070D4
:2096000009A67070007009BB7D0F7D2109620081001A81620081001A0F210F260068868EF8
:20962000C15236108636006C021050590310875211A6267012A6277013A62870E65036A801
:20964000850F368D01213626EA508742900811B8868615D418E4112012541D201121001CBE
:20966000125411211D220318C120001E12548021001926A6117027A6127028A613702620A6
:209680002621001C001C001C001B7C22001D262113106B491122BC522621E7D3EAE3001A12
:2096A00000680F8E006C2CA20F10875902108759A0A2A02C15108959001A80A2802C90A24B
:2096C000902C001AFA1ED65F0080000000800000308000003880000058800000588000004F
:2096E0000800000002000000040000000100000000A0105000820D50000405507D000000A6
:20970000001000001000000001FF0000910B0000610B0000000000004000002000000000C1
:20972000060001003CA500004AA500005EA500006DA5000079A500003D00000000000000E2
:20974000C00E000000000000000000003B000000000C0000000300000000000000000000F1
:209760000100021000030000000000000000000000000000200600000002000000040000A7
:20978000400000008000000040000000900000004D5700000000600020000000C4A70000AA
:2097A000000050002000000084A8000010002DE15D29410B8D77679C110F1F8A010002004A
:2097C0001000110012002000210022002300240025003000310032003300FFFF6164647228
:2097E000657373206F722073697A65206D69736D61746368210D002D002B00307800305816
:2098000000286E696C2900556E6B6E6F776E206572726F720025633A2072302F61313A20DB
:2098200020307825303878202072312F61323A2020307825303878202072322F61333A208E
:20984000203078253038780A0025633A2072332F61343A2020307825303878207231322F9B
:2098600069703A2020307825303878207231342F6C723A20203078253038780A0025633AF1
:209880002020787073723A20203078253038780A0025633A204661756C74696E6720696E77
:2098A000737472756374696F6E206164647265737320287231352F7063293A203078253015
:2098C00038780A0025633A20556E68616E646C6564204952516E3A2025640A0025633A2010
:2098E0003E3E3E205A455048595220464154414C204552524F522025643A202573206F6EE2
:20990000204350552025640A0025633A204661756C7420647572696E6720696E7465727251
:209920007570742068616E646C696E670A0A0025633A2048616C74696E6720737973746554
:209940006D0A0025633A204661696C656420746F20616C6C6F63617465206E6577204D50DA
:209960005520726567696F6E2025750A0A0025633A20556E61626C6520746F207265616428
:209980002070696E2073746174650A0025633A202A2A2A2A2A205553414745204641554C84
:2099A00054202A2A2A2A2A0A0025633A2020204469766973696F6E206279207A65726F0A0B
:2099C0000025633A202020556E616C69676E6564206D656D6F7279206163636573730A0079
:2099E00025633A202020537461636B206F766572666C6F772028636F6E746578742061727B
:209A00006561206E6F742076616C6964290A0025633A2020204E6F20636F70726F6365734F
:209A2000736F7220696E737472756374696F6E730A0025633A202020496C6C6567616C2077
:209A40006C6F6164206F66204558435F52455455524E20696E746F2050430A0025633A20B9
:209A60002020496C6C6567616C20757365206F662074686520455053520A0025633A2020C3
:209A800020417474656D707420746F206578656375746520756E646566696E656420696EE8
:209AA000737472756374696F6E0A0025633A202A2A2A2A2A20425553204641554C54202A0D
:209AC0002A2A2A2A0A0025633A202020537461636B696E67206572726F720A0025633A2048
:209AE0002020556E737461636B696E67206572726F720A0025633A20202050726563697333
:209B000065206461746120627573206572726F720A0025633A202020424641522041646402
:209B2000726573733A20307825780A0025633A202020496D70726563697365206461746142
:209B400020627573206572726F720A0025633A202020496E737472756374696F6E2062758C
:209B600073206572726F720A0025633A202020466C6F6174696E672D706F696E74206C6184
:209B80007A7920737461746520707265736572766174696F6E206572726F720A0025633A39
:209BA000202A2A2A2A2A204D5055204641554C54202A2A2A2A2A0A0025633A202020537420
:209BC00061636B696E67206572726F722028636F6E746578742061726561206D696768748F
:209BE000206265206E6F742076616C6964290A0025633A202020446174612041636365730F
:209C0000732056696F6C6174696F6E0A0025633A2020204D4D464152204164647265737377
:209C20003A20307825780A0025633A202020496E737472756374696F6E2041636365737345
:209C40002056696F6C6174696F6E0A006D6167696332207772697465206572720D006D6163
:209C600067696331207772697465206572720D00666C6173682077726974653220657272CB
:209C80000D006572726F722073697A650D006D61676963312072656164206572720D003D04
:209CA0003D3D3D20746F74616C5F636F756E743D25640920746F7461745F73697A653D258A
:209CC000640D0A002323205468652064656C74612066696C65206861732061206269672049
:209CE000766172696174696F6E210D0A00666C6173682072656164206572720D00666C61EC
:209D00007368207772697465206572720D00666C61736820777269746520657272203D2068
:209D200025640D0A004170706C792070617463682066696C65207265736C74203D2025643D
:209D40000A002D2D2D2D2D2D2D2D2D2D2D2D70617463685F6F66667365743D256409207088
:209D6000617463685F73697A653D2564092070726F6772657373203D20256425250A005219
:209D80006573657276656420457863657074696F6E20280053707572696F757320696E74E9
:209DA0006572727570742028495251200025633A20535053454C20696E20746872656164B5
:209DC000206D6F646520646F6573206E6F7420696E646963617465205053500A0025633A42
:209DE000202A2A2A2A2A2048415244204641554C54202A2A2A2A2A0A0025633A2020204236
:209E00007573206661756C74206F6E20766563746F72207461626C6520726561640A00255B
:209E2000633A2020204465627567206576656E740A0025633A2020204661756C74206573DC
:209E400063616C6174696F6E20287365652062656C6F77290A0025633A20415243485F4522
:209E60005843455054207769746820726561736F6E2025780A0A0025633A202A2A2A2A2A55
:209E8000204465627567206D6F6E69746F7220657863657074696F6E202A2A2A2A2A0A00A8
:209EA00025633A202A2A2A2A2A20257320256429202A2A2A2A2A0A0025633A2050617274EF
:209EC0006974696F6E2025753A2073616E69747920636865636B206661696C65642E0A00D8
:209EE00025633A20496E76616C696420756E6465726C79696E6720726567696F6E20696EBD
:209F00006465782025750A00676F6F6400756E736574006261640025633A2053746172744D
:209F2000696E672073776170207573696E67206D6F766520616C676F726974686D2E0A00CC
:209F400025633A206C6173745F6964783D25640920736563746F725F737A3D2564092053BA
:209F6000746172742044656C7461204446552061742025750A0A0025633A204E6F742065C2
:209F80006E6F756768206672656520737061636520746F2072756E207377617020757067F3
:209FA000726164650A0025633A20726571756972656420256420627974657320627574203D
:209FC0006F6E6C792025642061726520617661696C61626C650A000D0A736F75726365202B
:209FE00068617368206973206D6174636865642C206E6F772073746172742064656C7461B3
:20A0000020757067726164652121210D0A007265743D2564097265616420706174636820B8
:20A0200066696C65206572726F722C20657869742064656C74612075706461746520707261
:20A040006F636573732121210A00232370617463685F73697A65203D20256409206F7046B2
:20A060006C6167203D202530325809206D6F76655F75705F70616765733D256409207374E7
:20A08000617475735F616464726573733D3058256C580D0A005365636F6E646172792069C8
:20A0A0006D6167650025633A2025733A206D616769633D25732C20737761705F7479706534
:20A0C0003D307825782C20636F70795F646F6E653D307825782C20696D6167655F6F6B3DAB
:20A0E000307825780A0025633A203D3D3D3D3D3D3D3D3D3D3D3D5374617274207365637476
:20A100006F72206D6F76652075702061742025750A0A000A54726176657273653A206D633F
:20A1200075626F6F745F7061643D30582558092066726F6D5F63757272656E743D305825F7
:20A140006C58092073697A653D307825580920746F5F63757272656E743D3058256C5809D0
:20A160002073697A653D30782558092070617463685F63757272656E743D3058256C580950
:20A180002070617463685F656E643D3058256C5809206261636B75705F616464723D3058ED
:20A1A000256C580A0025633A203D3D3D3D3D3D3D3D3D3D3D3D547261766572736520656EAF
:20A1C000642061742025750A0A0025633A203D3D3D3D3D3D3D3D3D3D3D3D4170706C79692B
:20A1E0006E6720656E642061742025750A0A00212121546865726520697320736F6D6574D1
:20A2000068696E672077726F6E6720647572696E67206170706C792C206C6574277320729F
:20A220006573746F726520746865206F6C6420696D6167652E206D6F76655F646F776E5F2E
:20A2400070616765733D25642121210D0A0025633A20256420737461747573207772697499
:20A2600065206661696C7320706572666F726D696E672074686520737761700A0025633AE9
:20A28000205374617274696E6720626F6F746C6F616465720A0025633A204661696C6564D6
:20A2A00020746F206F70656E20666C61736820617265612049442025642028696D61676541
:20A2C00020256420736C6F74202564293A2025642C2063616E6E6F7420636F6E74696E754F
:20A2E000650A0025633A204661696C65642072656164696E6720736563746F72733B20420E
:20A300004F4F545F4D41585F494D475F534543544F52533D2564202D20746F6F20736D6162
:20A320006C6C3F0A0025633A204661696C65642072656164696E6720696D616765206865CB
:20A3400061646572733B20496D6167653D25750A005072696D61727920696D6167650025A3
:20A36000633A20426F6F7420736F757263653A207072696D61727920736C6F740A00256309
:20A380003A20426F6F7420736F757263653A206E6F6E650A0025633A20446574656374656A
:20A3A0006420696E636F6E73697374656E7420737461747573210A0025633A204661696CAB
:20A3C00065642072656164696E6720626F6F74207374617475733B20496D6167653D25750D
:20A3E0000A0041667465723A62732D3E6964783D2564092062732D3E6F703D256409202085
:20A4000062732D3E73746174653D2564092062732D3E737761705F747970653D25640D0AF3
:20A420000025633A2070616E6963210A0025633A20556E61626C6520746F2066696E6420E7
:20A44000626F6F7461626C6520696D6167650A0025633A20426F6F746C6F61646572206317
:20A460006861696E6C6F61642061646472657373206F66667365743A20307825780A002521
:20A48000633A20496D6167652076657273696F6E3A207625642E25642E25640A0025633A63
:20A4A000204A756D70696E6720746F2074686520666972737420696D61676520736C6F74F1
:20A4C0000A0025633A204E657665722073686F756C642067657420686572650A0068666382
:20A4E0006C6B006C66636C6B007272616D2D636F6E74726F6C6C657240353030346230308B
:20A5000030006770696F406438323030006770696F403530343030006770696F4031306155
:20A52000303030007561727440633630303000636C6F636B403130653030300043505520BC
:20A54000657863657074696F6E00556E68616E646C656420696E74657272757074005374C5
:20A5600061636B206F766572666C6F77004B65726E656C206F6F7073004B65726E656C2055
:20A5800070616E6963000103020001020007182323232323232323232323232300010405B7
:20A5A000020608090F25633A204661696C656420746F207265616420737461747573206643
:20A5C000726F6D2025642C206572722025640A0A0074657374007065726D0072657665729A
:20A5E00074004255473B2063616E27742068617070656E0025633A205365636F6E64617234
:20A600007920696D616765206F6620696D6167652070616972202825642E29206973207501
:20A620006E726561636861626C652E20547265617420697420617320656D7074790A002558
:20A64000633A20496D61676520696E6465783A2025642C205377617020747970653A2025F7
:20A66000730A0025633A20496D61676520696E6465783A2025642C20537761702074797019
:20A68000653A206E6F6E650A0025633A205053412063727970746F20696E69742066616996
:20A6A0006C65642025640A0025633A2045443235353139207369676E617475726520766554
:20A6C00072696669636174696F6E206661696C65642025640A007072696D6172790073653E
:20A6E000636F6E646172790025633A20436C656172656420696D61676520256420707269A1
:20A700006D61727920736C6F7420747261696C65722064756520746F20737475636B20724E
:20A7200065766572740A0025633A20496D61676520696E2074686520257320736C6F742012
:20A740006973206E6F742076616C6964210A006D6375626F6F7400656432353531395F70BA
:20A7600073610063627072696E74665F7061636B61676500666C617368006D707500736F40
:20A78000630063616368655F6E72667800636C6F636B5F636F6E74726F6C00666C617368CB
:20A7A0005F6E72665F7272616D00756172745F6E7266785F7561727465006F730063726172
:20A7C00063656E00EDFFFFFFFFFFFFFFFFFFFFFFFFFFFFFFFFFFFFFFFFFFFFFFFFFFFFFF71
:20A7E000FFFFFF7FEDD3F55C1A631258D69CF7A2DEF9DE1400000000000000000000000011
:20A80000000000101AD5258F602D56C9B2A7259560C72C695CDCD6FD31E2A4C0FE536ECDFC
:20A82000D3366921586666666666666666666666666666666666666666666666666666666B
:20A8400066666666A3785913CA4DEB75ABD841414D0A700098E879777940C78C73FE6F2B0F
:20A86000EE6C0352B0A00E4A271BEEC478E42FAD0618432FA7D7FB3D99004D2B0BDFC14F04
:20A880008024832BEDFFFFFFFFFFFFFFFFFFFFFFFFFFFFFFFFFFFFFFFFFFFFFFFFFFFFFF94
:20A8A000FFFFFF7F066D0700000000000000000000000000000000000000000000000000A2
:20A8C00000000000203042040104030402040104010403010403040104657869740A0000EE
:20A8E000000000001177000000000000117700000000000011770000000000001177000038
:20A90000000000001177000000000000117700000000000011770000000000001177000017
:20A920000000000011770000000000001177000000000000117700000000000011770000F7
:20A940000000000011770000000000001177000000000000117700000000000011770000D7
:20A960000000000011770000000000001177000000000000117700000000000011770000B7
:20A98000000000001177000000000000117700000000000011770000000000001177000097
:20A9A000000000001177000000000000117700000000000011770000000000001177000077
:20A9C000000000001177000000000000117700000000000011770000000000001177000057
:20A9E000000000001177000000000000117700000000000011770000000000001177000037
:20AA0000000000001177000000000000117700000000000011770000000000001177000016
:20AA20000000000011770000000000001177000000000000117700000000000011770000F6
:20AA40000000000011770000000000001177000000000000117700000000000011770000D6
:20AA60000000000011770000000000001177000000000000117700000000000011770000B6
:20AA8000000000001177000000000000117700000000000011770000000000001177000096
:20AAA000000000001177000000000000117700000000000011770000000000001177000076
:20AAC000000000001177000000000000117700000000000011770000000000001177000056
:20AAE000000000001177000000000000117700000000000011770000000000001177000036
:20AB0000000000001177000000000000117700000000000011770000000000001177000015
:20AB200000000000F116000000000000117700000000000011770000000000001177000076
:20AB40000000000011770000000000001177000000000000117700000000000011770000D5
:20AB60000000000011770000000000001177000000000000117700000000000011770000B5
:20AB8000000000001177000000000000117700000000000011770000000000001177000095
:20ABA000000000001177000000000000117700000000000011770000000000001177000075
:20ABC000000000001177000000000000117700000000000011770000000000001177000055
:20ABE000000000001177000000000000117700000000000011770000000000001177000035
:20AC0000000000001177000000000000117700000000000011770000000000001177000014
:20AC20000000000011770000000000001177000000000000117700000000000011770000F4
:20AC40000000000011770000000000001177000000000000117700000000000011770000D4
:20AC60000000000011770000000000001177000000000000117700000000000011770000B4
:20AC8000000000001177000000000000117700000000000011770000000000001177000094
:20ACA000000000001177000000000000117700000000000011770000000000001177000074
:20ACC000000000001177000000000000117700000000000011770000000000001177000054
:20ACE000000000001177000000000000117700000000000011770000000000001177000034
:20AD0000000000001177000000000000117700000000000011770000000000001177000013
:20AD20000000000011770000000000001177000000000000117700000000000011770000F3
:20AD40000000000011770000000000001177000000000000117700000000000011770000D3
:20AD60000000000011770000000000001177000000000000117700000000000011770000B3
:20AD8000000000001177000000000000117700000000000011770000000000001177000093
:20ADA000000000001177000000000000117700000000000011770000000000001177000073
:20ADC000000000001177000000000000117700000000000011770000000000001177000053
:20ADE000000000001177000000000000117700000000000011770000000000001177000033
:20AE0000000000001177000000000000117700000000000011770000000000001177000012
:20AE20000000000011770000000000001177000000000000117700000000000011770000F2
:20AE40000000000011770000000000001177000000000000117700000000000011770000D2
:20AE60000000000011770000000000001177000000000000117700000000000011770000B2
:20AE8000000000001177000000000000117700000000000011770000000000001177000092
:20AEA000000000001177000000000000117700000000000011770000000000001177000072
:20AEC000000000001177000000000000117700000000000011770000000000001177000052
:20AEE000000000001177000000000000117700000000000011770000000000001177000032
:20AF000000000000117700000000000011770000D880000089730000000000001177000045
:20AF20000000000011770000000000001177000000000000117700000000000011770000F1
:20AF40000000000011770000000000001177000000000000117700000000000011770000D1
:20AF60000000000011770000000000001177000000000000117700000000000011770000B1
:20AF8000000000001177000000000000117700000000000011770000000000001177000091
:20AFA00000000000117700000000000011770000000000001177000009220000C773000094
:20AFC000000000001177000000000000117700000000000011770000000000001177000051
:20AFE000000000001177000000000000117700000000000011770000000000001177000031
:20B00000112E0000C77300000000000011770000000000001177000000000000117700001F
:20B020000000000011770000000000001177000000000000117700000000000011770000F0
:20B040000000000011770000000000001177000000000000117700000000000011770000D0
:20B060000000000011770000000000001177000000000000117700000000000011770000B0
:20B08000000000001177000000000000117700000000000011770000000000001177000090
:20B0A000000000001177000000000000117700000000000011770000000000001177000070
:20B0C000000000001177000000000000117700000000000011770000000000001177000050
:20B0E000000000001177000000000000117700000000000011770000000000001177000030
:20B100000000000011770000892D0000C773000000000000117700000000000011770000A7
:20B120000000000011770000000000001177000000000000117700000000000011770000EF
:20B14000000000001177000019220000C77300000000000011770000000000006700000003
:20B160000000000000000000000000000000000000000000000000000000000000000000CF
:20B180000000000000000000000000000000000000000000000000000000000000000000AF
:20B1A00000000000000000000000000000000000000000000000000000000000000000008F
:20B1C00000000000000000000000000000000000000000000000000000000000000000006F
:20B1E000000000000000000067742000DD7F0000B9710000CD740000E0000020E00000208D
:20B200002D1E000000000000FF000000FF0000000F0000000090D0033F710000EF7F000055
:20B220000853696745643235353139206E6F204564323535313920636F6C6C6973696F6E7C
:14B240007301000000000000000000000000000015E015E09C
:20F000003DB8F3960000000000080000BC2A01000000000000000000000000000000000083
:20F02000FFFFFFFFFFFFFFFFFFFFFFFFFFFFFFFFFFFFFFFFFFFFFFFFFFFFFFFFFFFFFFFFF0
:20F04000FFFFFFFFFFFFFFFFFFFFFFFFFFFFFFFFFFFFFFFFFFFFFFFFFFFFFFFFFFFFFFFFD0
:20F06000FFFFFFFFFFFFFFFFFFFFFFFFFFFFFFFFFFFFFFFFFFFFFFFFFFFFFFFFFFFFFFFFB0
:20F08000FFFFFFFFFFFFFFFFFFFFFFFFFFFFFFFFFFFFFFFFFFFFFFFFFFFFFFFFFFFFFFFF90
:20F0A000FFFFFFFFFFFFFFFFFFFFFFFFFFFFFFFFFFFFFFFFFFFFFFFFFFFFFFFFFFFFFFFF70
:20F0C000FFFFFFFFFFFFFFFFFFFFFFFFFFFFFFFFFFFFFFFFFFFFFFFFFFFFFFFFFFFFFFFF50
:20F0E000FFFFFFFFFFFFFFFFFFFFFFFFFFFFFFFFFFFFFFFFFFFFFFFFFFFFFFFFFFFFFFFF30
:20F10000FFFFFFFFFFFFFFFFFFFFFFFFFFFFFFFFFFFFFFFFFFFFFFFFFFFFFFFFFFFFFFFF0F
:20F12000FFFFFFFFFFFFFFFFFFFFFFFFFFFFFFFFFFFFFFFFFFFFFFFFFFFFFFFFFFFFFFFFEF
:20F14000FFFFFFFFFFFFFFFFFFFFFFFFFFFFFFFFFFFFFFFFFFFFFFFFFFFFFFFFFFFFFFFFCF
:20F16000FFFFFFFFFFFFFFFFFFFFFFFFFFFFFFFFFFFFFFFFFFFFFFFFFFFFFFFFFFFFFFFFAF
:20F18000FFFFFFFFFFFFFFFFFFFFFFFFFFFFFFFFFFFFFFFFFFFFFFFFFFFFFFFFFFFFFFFF8F
:20F1A000FFFFFFFFFFFFFFFFFFFFFFFFFFFFFFFFFFFFFFFFFFFFFFFFFFFFFFFFFFFFFFFF6F
:20F1C000FFFFFFFFFFFFFFFFFFFFFFFFFFFFFFFFFFFFFFFFFFFFFFFFFFFFFFFFFFFFFFFF4F
:20F1E000FFFFFFFFFFFFFFFFFFFFFFFFFFFFFFFFFFFFFFFFFFFFFFFFFFFFFFFFFFFFFFFF2F
:20F20000FFFFFFFFFFFFFFFFFFFFFFFFFFFFFFFFFFFFFFFFFFFFFFFFFFFFFFFFFFFFFFFF0E
:20F22000FFFFFFFFFFFFFFFFFFFFFFFFFFFFFFFFFFFFFFFFFFFFFFFFFFFFFFFFFFFFFFFFEE
:20F24000FFFFFFFFFFFFFFFFFFFFFFFFFFFFFFFFFFFFFFFFFFFFFFFFFFFFFFFFFFFFFFFFCE
:20F26000FFFFFFFFFFFFFFFFFFFFFFFFFFFFFFFFFFFFFFFFFFFFFFFFFFFFFFFFFFFFFFFFAE
:20F28000FFFFFFFFFFFFFFFFFFFFFFFFFFFFFFFFFFFFFFFFFFFFFFFFFFFFFFFFFFFFFFFF8E
:20F2A000FFFFFFFFFFFFFFFFFFFFFFFFFFFFFFFFFFFFFFFFFFFFFFFFFFFFFFFFFFFFFFFF6E
:20F2C000FFFFFFFFFFFFFFFFFFFFFFFFFFFFFFFFFFFFFFFFFFFFFFFFFFFFFFFFFFFFFFFF4E
:20F2E000FFFFFFFFFFFFFFFFFFFFFFFFFFFFFFFFFFFFFFFFFFFFFFFFFFFFFFFFFFFFFFFF2E
:20F30000FFFFFFFFFFFFFFFFFFFFFFFFFFFFFFFFFFFFFFFFFFFFFFFFFFFFFFFFFFFFFFFF0D
:20F32000FFFFFFFFFFFFFFFFFFFFFFFFFFFFFFFFFFFFFFFFFFFFFFFFFFFFFFFFFFFFFFFFED
:20F34000FFFFFFFFFFFFFFFFFFFFFFFFFFFFFFFFFFFFFFFFFFFFFFFFFFFFFFFFFFFFFFFFCD
:20F36000FFFFFFFFFFFFFFFFFFFFFFFFFFFFFFFFFFFFFFFFFFFFFFFFFFFFFFFFFFFFFFFFAD
:20F38000FFFFFFFFFFFFFFFFFFFFFFFFFFFFFFFFFFFFFFFFFFFFFFFFFFFFFFFFFFFFFFFF8D
:20F3A000FFFFFFFFFFFFFFFFFFFFFFFFFFFFFFFFFFFFFFFFFFFFFFFFFFFFFFFFFFFFFFFF6D
:20F3C000FFFFFFFFFFFFFFFFFFFFFFFFFFFFFFFFFFFFFFFFFFFFFFFFFFFFFFFFFFFFFFFF4D
:20F3E000FFFFFFFFFFFFFFFFFFFFFFFFFFFFFFFFFFFFFFFFFFFFFFFFFFFFFFFFFFFFFFFF2D
:20F40000FFFFFFFFFFFFFFFFFFFFFFFFFFFFFFFFFFFFFFFFFFFFFFFFFFFFFFFFFFFFFFFF0C
:20F42000FFFFFFFFFFFFFFFFFFFFFFFFFFFFFFFFFFFFFFFFFFFFFFFFFFFFFFFFFFFFFFFFEC
:20F44000FFFFFFFFFFFFFFFFFFFFFFFFFFFFFFFFFFFFFFFFFFFFFFFFFFFFFFFFFFFFFFFFCC
:20F46000FFFFFFFFFFFFFFFFFFFFFFFFFFFFFFFFFFFFFFFFFFFFFFFFFFFFFFFFFFFFFFFFAC
:20F48000FFFFFFFFFFFFFFFFFFFFFFFFFFFFFFFFFFFFFFFFFFFFFFFFFFFFFFFFFFFFFFFF8C
:20F4A000FFFFFFFFFFFFFFFFFFFFFFFFFFFFFFFFFFFFFFFFFFFFFFFFFFFFFFFFFFFFFFFF6C
:20F4C000FFFFFFFFFFFFFFFFFFFFFFFFFFFFFFFFFFFFFFFFFFFFFFFFFFFFFFFFFFFFFFFF4C
:20F4E000FFFFFFFFFFFFFFFFFFFFFFFFFFFFFFFFFFFFFFFFFFFFFFFFFFFFFFFFFFFFFFFF2C
:20F50000FFFFFFFFFFFFFFFFFFFFFFFFFFFFFFFFFFFFFFFFFFFFFFFFFFFFFFFFFFFFFFFF0B
:20F52000FFFFFFFFFFFFFFFFFFFFFFFFFFFFFFFFFFFFFFFFFFFFFFFFFFFFFFFFFFFFFFFFEB
:20F54000FFFFFFFFFFFFFFFFFFFFFFFFFFFFFFFFFFFFFFFFFFFFFFFFFFFFFFFFFFFFFFFFCB
:20F56000FFFFFFFFFFFFFFFFFFFFFFFFFFFFFFFFFFFFFFFFFFFFFFFFFFFFFFFFFFFFFFFFAB
:20F58000FFFFFFFFFFFFFFFFFFFFFFFFFFFFFFFFFFFFFFFFFFFFFFFFFFFFFFFFFFFFFFFF8B
:20F5A000FFFFFFFFFFFFFFFFFFFFFFFFFFFFFFFFFFFFFFFFFFFFFFFFFFFFFFFFFFFFFFFF6B
:20F5C000FFFFFFFFFFFFFFFFFFFFFFFFFFFFFFFFFFFFFFFFFFFFFFFFFFFFFFFFFFFFFFFF4B
:20F5E000FFFFFFFFFFFFFFFFFFFFFFFFFFFFFFFFFFFFFFFFFFFFFFFFFFFFFFFFFFFFFFFF2B
:20F60000FFFFFFFFFFFFFFFFFFFFFFFFFFFFFFFFFFFFFFFFFFFFFFFFFFFFFFFFFFFFFFFF0A
:20F62000FFFFFFFFFFFFFFFFFFFFFFFFFFFFFFFFFFFFFFFFFFFFFFFFFFFFFFFFFFFFFFFFEA
:20F64000FFFFFFFFFFFFFFFFFFFFFFFFFFFFFFFFFFFFFFFFFFFFFFFFFFFFFFFFFFFFFFFFCA
:20F66000FFFFFFFFFFFFFFFFFFFFFFFFFFFFFFFFFFFFFFFFFFFFFFFFFFFFFFFFFFFFFFFFAA
:20F68000FFFFFFFFFFFFFFFFFFFFFFFFFFFFFFFFFFFFFFFFFFFFFFFFFFFFFFFFFFFFFFFF8A
:20F6A000FFFFFFFFFFFFFFFFFFFFFFFFFFFFFFFFFFFFFFFFFFFFFFFFFFFFFFFFFFFFFFFF6A
:20F6C000FFFFFFFFFFFFFFFFFFFFFFFFFFFFFFFFFFFFFFFFFFFFFFFFFFFFFFFFFFFFFFFF4A
:20F6E000FFFFFFFFFFFFFFFFFFFFFFFFFFFFFFFFFFFFFFFFFFFFFFFFFFFFFFFFFFFFFFFF2A
:20F70000FFFFFFFFFFFFFFFFFFFFFFFFFFFFFFFFFFFFFFFFFFFFFFFFFFFFFFFFFFFFFFFF09
:20F72000FFFFFFFFFFFFFFFFFFFFFFFFFFFFFFFFFFFFFFFFFFFFFFFFFFFFFFFFFFFFFFFFE9
:20F74000FFFFFFFFFFFFFFFFFFFFFFFFFFFFFFFFFFFFFFFFFFFFFFFFFFFFFFFFFFFFFFFFC9
:20F76000FFFFFFFFFFFFFFFFFFFFFFFFFFFFFFFFFFFFFFFFFFFFFFFFFFFFFFFFFFFFFFFFA9
:20F78000FFFFFFFFFFFFFFFFFFFFFFFFFFFFFFFFFFFFFFFFFFFFFFFFFFFFFFFFFFFFFFFF89
:20F7A000FFFFFFFFFFFFFFFFFFFFFFFFFFFFFFFFFFFFFFFFFFFFFFFFFFFFFFFFFFFFFFFF69
:20F7C000FFFFFFFFFFFFFFFFFFFFFFFFFFFFFFFFFFFFFFFFFFFFFFFFFFFFFFFFFFFFFFFF49
:20F7E000FFFFFFFFFFFFFFFFFFFFFFFFFFFFFFFFFFFFFFFFFFFFFFFFFFFFFFFFFFFFFFFF29
:20F8000008560020ED300100DFCB0100D9300100D9300100D9300100D9300100D93001006F
:20F8200000000000000000000000000081320100D930010000000000E9310100D9300100E5
:20F84000D5340100D5340100D5340100D5340100D5340100D5340100D5340100D534010058
:20F86000D5340100D5340100D5340100D5340100D5340100D5340100D5340100D534010038
:20F88000D5340100D5340100D5340100D5340100D5340100D5340100D5340100D534010018
:20F8A000D5340100D5340100D5340100D5340100D5340100D5340100D5340100D5340100F8
:20F8C000D5340100D5340100D5340100D5340100D5340100D5340100D5340100D5340100D8
:20F8E000D5340100D5340100D5340100D5340100D5340100D5340100D5340100D5340100B8
:20F90000D5340100D5340100D5340100D5340100D5340100D5340100D5340100D534010097
:20F92000D5340100D5340100D5340100D5340100D5340100D5340100D5340100D534010077
:20F94000D5340100D5340100D5340100D5340100D5340100D5340100D5340100D534010057
:20F96000D5340100D5340100D5340100D5340100D5340100D5340100D5340100D534010037
:20F98000D5340100D5340100D5340100D5340100D5340100D5340100D5340100D534010017
:20F9A000D5340100D5340100D5340100D5340100D5340100D5340100D5340100D5340100F7
:20F9C000D5340100D5340100D5340100D5340100D5340100D5340100D5340100D5340100D7
:20F9E000D5340100D5340100D5340100D5340100D5340100D5340100D5340100D5340100B7
:20FA0000D5340100D5340100D5340100D5340100D5340100D5340100D5340100D534010096
:20FA2000D5340100D5340100D5340100D5340100D5340100D5340100D5340100D534010076
:20FA4000D5340100D5340100D5340100D5340100D5340100D5340100D5340100D534010056
:20FA6000D5340100D5340100D5340100D5340100D5340100D5340100D5340100D534010036
:20FA8000D5340100D5340100D5340100D5340100D5340100D5340100D5340100D534010016
:20FAA000D5340100D5340100D5340100D5340100D5340100D5340100D5340100D5340100F6
:20FAC000D5340100D5340100D5340100D5340100D5340100D5340100D5340100D5340100D6
:20FAE000D5340100D5340100D5340100D5340100D5340100D5340100D5340100D5340100B6
:20FB0000D5340100D5340100D5340100D5340100D5340100D5340100D5340100D534010095
:20FB2000D5340100D5340100D5340100D5340100D5340100D5340100D5340100D534010075
:20FB4000D5340100D5340100D5340100D5340100D5340100D5340100D5340100D534010055
:20FB6000D5340100D5340100D5340100D5340100D5340100D5340100D5340100D534010035
:20FB8000D5340100D5340100D5340100D5340100D5340100D5340100D5340100D534010015
:20FBA000D5340100D5340100D5340100D5340100D5340100D5340100D5340100D5340100F5
:20FBC000D5340100D5340100D5340100D5340100D5340100D5340100D5340100D5340100D5
:20FBE000D5340100D5340100D5340100D5340100D5340100D5340100D5340100D5340100B5
:20FC0000D5340100D5340100D5340100D5340100D5340100D5340100D5340100D534010094
:20FC2000D5340100D5340100D5340100D5340100D5340100D5340100D5340100D534010074
:20FC4000D5340100D5340100D5340100D5340100D5340100D5340100D5340100D534010054
:20FC6000D5340100D5340100D5340100D5340100D5340100D5340100D5340100FFFFFFFF42
:20FC800081F0004102E000BF83F0004330B54FEA41044FEA430594EA050F08BF90EA020F93
:20FCA0001FBF54EA000C55EA020C7FEA645C7FEA655C00F0E2804FEA5454D4EB5555B8BF69
:20FCC0006D420CDD2C4480EA020281EA030382EA000083EA010180EA020281EA0303362D20
:20FCE00088BF30BD11F0004F4FEA01314FF4801C4CEA113102D0404261EB410113F0004F8A
:20FD00004FEA03334CEA133302D0524263EB430394EA050F00F0A780A4F10104D5F1200EC7
:20FD20000DDB02FA0EFC22FA05F2801841F1000103FA0EF2801843FA05F359410EE0A5F10F
:20FD400020050EF1200E012A03FA0EFC28BF4CF0020C43FA05F3C01851EBE37101F000451B
:20FD600007D54FF0000EDCF1000C7EEB00006EEB0101B1F5801F1BD3B1F5001F0CD3490895
:20FD80005FEA30004FEA3C0C04F101044FEA445212F5800F80F09A80BCF1004F08BF5FEA74
:20FDA000500C50F1000041EB045141EA050130BD5FEA4C0C404141EB0101013C28BFB1F5ED
:20FDC000801FE9D291F0000F04BF01460020B1FA81F308BF2033A3F10B03B3F120020CDA88
:20FDE0000C3208DD02F1140CC2F10C0201FA0CF021FA02F10CE002F11402D8BFC2F1200C9C
:20FE000001FA02F120FA0CFCDCBF41EA0C019040E41AA2BF01EB0451294330BD6FEA0404D5
:20FE20001F3C1CDA0C340EDC04F11404C4F1200220FA04F001FA02F340EA030021FA04F326
:20FE400045EA030130BDC4F10C04C4F1200220FA02F001FA04F340EA0300294630BD21FA44
:20FE600004F0294630BD94F0000F83F4801306BF81F480110134013D4EE77FEA645C18BF22
:20FE80007FEA655C29D094EA050F08BF90EA020F05D054EA000C04BF1946104630BD91EA5C
:20FEA000030F1EBF0021002030BD5FEA545C05D14000494128BF41F0004130BD14F58004B9
:20FEC0003CBF01F5801130BD01F0004545F0FE4141F470014FF0000030BD7FEA645C1ABF35
:20FEE000194610467FEA655C1CBF0B46024650EA013406BF52EA033591EA030F41F4002124
:20FF000030BD00BF90F0000F04BF0021704730B54FF4806404F132044FF000054FF0000150
:20FF200050E700BF90F0000F04BF0021704730B54FF4806404F1320410F0004548BF40429C
:20FF40004FF000013EE700BF42004FEAE2014FEA31014FEA02701FBF12F07F4393F07F4F16
:20FF600081F06051704732F07F4208BF704793F07F4F04BF41F40021704730B54FF460742A
:20FF800001F0004521F000411CE700BF50EA010208BF704730B54FF000050AE050EA01020C
:20FFA00008BF704730B511F0004502D5404261EB41014FF4806404F132045FEA915C3FF4F6
:20FFC000D8AE4FF003025FEADC0C18BF03325FEADC0C18BF033202EBDC02C2F1200300FA42
:20FFE00003FC20FA02F001FA03FE40EA0E0021FA02F11444BDE600BF70B54FF0FF0C4CF44B
:020000040001F9
:20000000E06C1CEA11541DBF1CEA135594EA0C0F95EA0C0F00F0DEF82C4481EA030621EAF7
:200020004C5123EA4C5350EA013518BF52EA033541F4801143F4801338D0A0FB02CE4FF07A
:200040000005E1FB02E506F00042E0FB03E54FF00006E1FB03569CF0000F18BF4EF0010EA4
:20006000A4F1FF04B6F5007F64F5407404D25FEA4E0E6D4146EB060642EAC62141EA555167
:200080004FEAC52040EA5E504FEACE2EB4F1FD0C88BFBCF5E06F1ED8BEF1004F08BF5FEA3C
:2000A000500E50F1000041EB045170BD06F0004646EA010140EA020081EA0301B4EB5C04EB
:2000C000C2BFD4EB0C0541EA045170BD41F480114FF0000E013C00F3AB8014F1360FDEBFCD
:2000E000002001F0004170BDC4F10004203C35DA0C341BDC04F11404C4F1200500FA05F34D
:2001000020FA04F001FA05F240EA020001F0004221F0004110EBD37021FA04F642EB0601A7
:200120005EEA430E08BF20EAD37070BDC4F10C04C4F1200500FA04F320FA05F001FA04F255
:2001400040EA020001F0004110EBD37041F100015EEA430E08BF20EAD37070BDC4F120051C
:2001600000FA05F24EEA020E20FA04F301FA05F243EA020321FA04F001F0004121FA04F2BF
:2001800020EA020000EBD3705EEA430E08BF20EAD37070BD94F0000F0FD101F00046400061
:2001A00041EB010111F4801F08BF013CF7D041EA060195F0000F18BF704703F000465200C3
:2001C00043EB030313F4801F08BF013DF7D043EA0603704794EA0C0F0CEA135518BF95EA3F
:2001E0000C0F0CD050EA410618BF52EA4306D1D181EA030101F000414FF0000070BD50EA42
:20020000410606BF1046194652EA430619D094EA0C0F02D150EA013613D195EA0C0F05D17E
:2002200052EA03361CBF104619460AD181EA030101F0004141F0FE4141F470014FF00000E8
:2002400070BD41F0FE4141F4780170BD70B54FF0FF0C4CF4E06C1CEA11541DBF1CEA135576
:2002600094EA0C0F95EA0C0F00F0A7F8A4EB050481EA030E52EA03354FEA013100F08880D1
:200280004FEA03334FF0805545EA131343EA12634FEA022245EA111545EA10654FEA00262F
:2002A0000EF000419D4208BF964244F1FD0404F5407402D25B084FEA3202B61A65EB0305D2
:2002C0005B084FEA32024FF480104FF4002CB6EB020E75EB030E22BFB61A754640EA0C0048
:2002E0005B084FEA3202B6EB020E75EB030E22BFB61A754640EA5C005B084FEA3202B6EBA9
:20030000020E75EB030E22BFB61A754640EA9C005B084FEA3202B6EB020E75EB030E22BF57
:20032000B61A754640EADC0055EA060E18D04FEA051545EA16754FEA06164FEAC30343EA63
:2003400052734FEAC2025FEA1C1CC0D111F4801F0BD141EA00014FF000004FF0004CB6E7B6
:2003600011F4801F04BF01430020B4F1FD0C88BFBCF5E06F3FF6AFAEB5EB030C04BFB6EB18
:20038000020C5FEA500C50F1000041EB045170BD0EF0004E4EEA113114EB5C04C2BFD4EB56
:2003A0000C0541EA045170BD41F480114FF0000E013C90E645EA060E8DE60CEA135594EA27
:2003C0000C0F08BF95EA0C0F3FF43BAF94EA0C0F0AD150EA01347FF434AF95EA0C0F7FF43E
:2003E00025AF104619462CE795EA0C0F06D152EA03353FF4FDAE1046194622E750EA41065F
:2004000018BF52EA43067FF4C5AE50EA41047FF40DAF52EA43057FF4EBAE12E74FF0FF3CE9
:2004200006E000BF4FF0010C02E000BF4FF0010C4DF804CD4FEA410C7FEA6C5C4FEA430C89
:2004400018BF7FEA6C5C1BD001B050EA410C0CBF52EA430C91EA030F02BF90EA020F002022
:20046000704710F1000F91EA030F58BF994208BF90422CBFD8176FEAE37040F0010070472F
:200480004FEA410C7FEA6C5C02D150EA013C07D14FEA430C7FEA6C5CD6D152EA033CD3D005
:2004A0005DF8040B704700BF8446104662468C461946634600E000BF01B5FFF7B7FF002897
:2004C00048BF10F1000F01BD4DF808EDFFF7F4FF0CBF012000205DF808FB00BF4DF808EDC7
:2004E000FFF7EAFF34BF012000205DF808FB00BF4DF808EDFFF7E0FF94BF012000205DF8DA
:2005000008FB00BF4DF808EDFFF7CEFF94BF012000205DF808FB00BF4DF808EDFFF7C4FF7E
:2005200034BF012000205DF808FB00BF4FEA410C7FEA6C5C02D150EA013C0AD14FEA430C0C
:200540007FEA6C5C02D152EA033C02D14FF0000070474FF0010070474FEA410212F50012C7
:2005600015D211D56FF47873B3EB625212D94FEAC12343F0004343EA505311F0004F23FA53
:2005800002F018BF404270474FF00000704750EA013005D111F0004008BF6FF000407047C4
:2005A0004FF00000704700BF53B94AB9002908BF00281CBF4FF0FF314FF0FF3000F00CB8F3
:2005C000ADF1080C6DE904CE00F010F8DDF804E0DDE9022304B07047704700BF034613F870
:2005E000012B002AFBD1181A013870472DE9F04786468C460846089E154674461946002B39
:2006000040F0C1808542B2FA82F245D94AB1C2F1200300FA02FC954094402EFA03F343EAA7
:200620000C0C4FEA154EA8B2230CBCFBFEF80EFB18CC08FB00F943EA0C43994528D9EB1889
:2006400008F1FF3704D2994502D9A8F102072B44A3EB0903A4B2B3FBFEFC0EFB1C330CFBD4
:2006600000F044EA0344A04214D92C190CF1FF3304D2A04202D9ACF102032C44241A43EAC2
:2006800007401EB1D440002334607360BDE8F0874746DDE76346F1E792BB431B01214FEAB2
:2006A000154EAFB2200CB3FBFEFC0EFB1C330CFB07F840EA0343984561D9EB180CF1FF308E
:2006C00004D2984502D9ACF102002B44A3EB0803A4B2B3FBFEFC0EFB1C330CFB07F744EA5C
:2006E0000344A7424DD92C190CF1FF3304D2A74202D9ACF102032C44E41B43EA0040C0E771
:20070000C2F120039540944020FA03F12EFA03F34FEA154E9040AFB20343B1FBFEFC0EFB6C
:200720001C10190C0CFB07F841EA0041884522D969180CF1FF3004D2884502D9ACF1020064
:200740002944A1EB08019BB2B1FBFEFC0EFB1C110CFB07F743EA01439F420ED9EB180CF130
:20076000FF3104D29F4202D9ACF102012B44DB1B41EA004193E76046E3E76146F7E7604631
:20078000A4E76346B8E7834206D916B9002108467CE7C6E900E0F9E7B3FA83F78FB983429E
:2007A00001D3724508D8BEEB020460EB030301209C461EB9002169E73846FAE7C6E9004C29
:2007C000F8E7C7F1200CBB400EFA07F522FA0CF42EFA0CF1BA401C4320FA0CF3B8404FEA73
:2007E000144901431FFA84FEB3FBF9F809FB18300B0C08FB0EFA43EA00439A4540D9E3184D
:2008000008F1FF3004D29A4502D9A8F102002344A3EB0A0389B2B3FBF9F809FB183308FB57
:200820000EFE41EA03418E452CD9611808F1FF3304D28E4502D9A8F10203214443EA0040CD
:20084000A1EB0E01A0FB02984145CE46434602D306D14D4504D20138B9EB020E68EB04034A
:20086000002EA7D0B5EB0E0261EB030101FA0CFC22FA07F3F9404CEA0303C6E9003199E7E5
:200880004046C5E74346D9E72DE9F04F824617461C4600259FB00391387810B9284600F022
:2008A000A9BD252809D00399D0470028C0F2A2857B1C01350593059FEEE71822002110A807
:2008C0000DF009FC7B78252B00F0BC80002398469E469C461846791C0E4611F8012B2B2A0F
:2008E00000F0E38000F2DA80202A00F0E180232A00F0E1802BB19DF8483043F040038DF83C
:200900004830B8F1000F05D09DF8483043F020038DF84830BEF1000F05D09DF8483043F09F
:2009200010038DF84830BCF1000F05D09DF8483043F008038DF8483028B19DF8483043F0B5
:2009400004038DF848309DF8483003F04401442903D16FF386138DF848309DF848302A2AB4
:2009600043F080030E968DF8483040F0A9809DF8493043F001038DF84930731C1A782E2A0B
:200980000CBF012100219DF8492061F341028DF849200CD15A1C0E925A782A2A40F0A0805D
:2009A0009DF84920023342F004028DF849201A786C2A00F0C18000F2A380682A00F0A980C5
:2009C0006A2A00F0C2804C2A00F0C78013F8012B782A05938DF84B2000F209816D2A00F23E
:2009E000C980692A00F20381572A00F2E280412A04D0A2F14503022B00F2F98004219DF864
:200A00004A3002F0DF02A2F1410961F30203D9F100029DF8491042EB090262F3C7110A0624
:200A20008DF84A308DF84910CBB200F11F8103F07802182A40F009816FF3C6038DF8493039
:200A40000023F8E08DF84B30BB1C05939DF849309DF84A20DE0702F0070040F1098154F83A
:200A6000041B0029049108DA9DF8481041F004018DF84810049949420491590740F10081E8
:200A800054F8046B002E80F2FF809DF849306FF341038DF849304FF0FF36F5E02D2A0DD04D
:200AA000302A7FF427AF012316E74FF0010C13E74FF0010E10E74FF001080DE701200BE798
:200AC0000EA801F007FE0E9BB3423FF457AF9DF848201390C00F60F341028DF848204DE76D
:200AE0000EA801F0F7FD9DF848301490C3F3400242EAD07262F341038DF848300E9B56E7C8
:200B0000742A26D07A2A7FF461AF06219DF849200CE05A78682A9DF8492006D1012161F35A
:200B2000C6028DF84920023350E7022161F3C6028DF84920013349E75A786C2A9DF849209C
:200B400001D10421EBE70321F0E705219DF84920ECE707219DF84920E8E7BDF8482022F4B2
:200B6000F04222F0020242F4804242F00202ADF84820DFE76E3AD3B201229A4040F282430B
:200B80001A429DF8493039D112F0240F61D1D1072DD503219DF84A2003F07803A3F1400833
:200BA00061F30202D8F100038DF84A2043EB080341E00120A2F15801C9B200FA01F111F44F
:200BC000624F7FF41BAF40F6010319429DF849301AD111F4043F0AD09DF84A2060F3020221
:200BE00003F07803402B8DF84A207FF429AF9DF8483043F001038DF8483021E702219DF8E1
:200C00004A2061F30202EBE702209DF84A1003F0780360F30201402B8DF84A1002BF9DF8CB
:200C2000481041F001018DF84810632A7FF408AF003B18BF01239DF84820C2F340010B431E
:200C400063F341028DF8482000E713F0380FCED1F6E603219DF84A2013F0780F61F302025D
:200C600014BF012300238DF84A20E4E70123E2E79DF948100029ACBF4FF0FF311399FBE635
:200C80009E077FF508AF149E00230428CDE913339DF8493007D1990705D49DF94910002910
:200CA000ACBF06260D2602F00702012AC3F3C30332D1DA1E042A04D8DFE802F02045452040
:200CC00020002268012B4FEAE271CDE910211BD19DF94020D117CDE9102104349DF84820E5
:200CE000069292074FD03A465046059B03990BF07DFE0028C0F27E830544DCE554F8042B7C
:200D0000D117CDE91021E9E7022BE6D111B242F3C032CDE91012E0E7022A24D1DA1E042A80
:200D200004D8DFE802F0181010181800012B4FF0000154F8042B14D0022BCDE91021CDD139
:200D400092B21092CAE7073424F00704F4E80201CDE91001C2E754F8042B10920022119271
:200D6000BCE7D2B2CDE7042A08D1073424F00704D4E900010834CDE91001AFE7032AADD135
:200D800054F8042BDDE79DF84B80B8F1780F3FF692ADB8F1570F5CD8B8F1250F00F0A480DC
:200DA000B8F1240F7FF687ADB8F1410F04D0A8F14503022B3FF67FADDDE91023002BC0F29C
:200DC0004D810699080700F14C81C1F300194FEA4919C3F30A51C3F31303002940F0448176
:200DE00052EA030014BF4FF0010C4FF0000CD80240EA5250D702CDE90C70B8F1460F47EA6A
:200E0000010740EAE17008BF4FF06608384300F0B781BCF1000F10D01B0343EA12531703D2
:200E20003A4618464FF0000C002880F25681BCF1000F40F05981CDE90C730D9BA1F2FE3BA9
:200E400043F000430D930021DDE90C230F46052060E1A8F15802202A3FF62DAD01A151F874
:200E600022F000BF2F100100B7080100B7080100B7080100B7080100B7080100B7080100E1
:200E8000B7080100B7080100B90D0100B7080100DB0F0100EF0F0100B90D0100B90D0100D3
:200EA000B90D0100B7080100EF0F0100B7080100B7080100B7080100B70801003510010066
:200EC0002F1001007F0F0100B7080100B7080100F90E0100B70801002F100100B7080100FB
:200EE000B70801002F10010040460399D0470028C0F280820135DEE4002E109F3BDB31467B
:200F000038460DF06FFA002F3FF4D5AC4FF000093E18F31B9DF84A2012F01001069100F0C5
:200F20005E82023312F04002DDF84C80089218BF149A434418BF9B18049ACDF81C80002A5E
:200F400040F36882D31A9DF8482004935007C2F3800B00F15F82510640F14F82B9F1000F78
:200F600007D048460399D0470028C0F24382D9460135302242E23846FFF730FBC6E71098FB
:200F8000002800F027820DF175030093002117AB12AA01F0B5FB4FF000090746BDF84A3083
:200FA00003F0EF0343F4F04343F01003ADF84A30002E0CDB9DF848200DF17503DB1B6FF39D
:200FC00086129E428DF8482001D9F31A1393002F3FF471AC0DF175066DE0109B4FF00009E7
:200FE0008DF85C300DF15D06012317AF92E7069B1F0754BFC3F300194FF02B09DDE9102307
:2010000058BF4FEA4919002B06DA4FF02D09524263EB4303CDE91023DDE910010DF1750340
:20102000009312AA17AB01F06BFB0746C0E74FF00009F1E7109A072B3FF63DACDFE803F080
:201040000C04060C08080C0C157034E4158032E4EB17C2E900532EE415602CE44FF02D09F2
:20106000B7E64FF02B09B4E640F2FF70814231D1A34908F101085FFA88F811F80810134322
:2010800001F003011ED101290BBF492369234E216E210CBF462266228DF85C309DF84830A9
:2010A0008DF85D106FF386138DF85E208DF848300DF15F0617AFF31BB9F1000F3FF42AAF47
:2010C000013327E7012915BF6E234E23612141211A46E1E74FF0000C89E692184FF0010C12
:2010E00001F1FF3140419FE6CDE90C20A5E6520842EAC3725B08B3F1333F59460BF1010B80
:20110000F5D201F1020B012100FB03FCA2FB0023013F63441BF1020FE9DB09B1CDE90C23C6
:20112000DDE90C32BBF1000F2DDCCBF10401A1F120000BF11C0B02FA0BFB22FA00F0CA4039
:20114000CB40079208F0DF0243EA0B03472A43EA00037BD1F91C01DBBE422ADAA8F1020852
:20116000002E5FFA88F87ADD9DF84820013E920675D4B6F1000B18BF4FF0010B721C26E08C
:201180004FF0000B5FE6023342F100020CA80BF1FF3B0137CDE90C320BF0F9FBDDE90C324D
:2011A000DB185241002A0BF1FF3BF9DACDE90C32B6E79DF84820F61B90064DD4B6F1000B6E
:2011C00018BF4FF0010BF2194FF066084AD4102AA8BF10229FED487B10208DED0E7B0B9027
:2011E000DDE90E01002A3FD1079A1B1842EB0101B1F1805F47D2CDE90C31069BB8F1660F91
:2012000003F0200240F0C680002F47DC30238DF85C30002A76D1002E40F3BD812E238DF8A7
:201220005D3087B17B42B342A8BF3346002B1393A6EB0306D4BF002301239DF84A2063F3BD
:2012400045128DF84A200DF15E0340E0B8F1660F4FF0000BB7D091E74FF0000BB3E74FF03F
:20126000000B8BE70022B5E7400840EAC1704908CDE90E010EA8CDE908230BF088FB089AC3
:20128000099B013AACE75B0843EAC1730CA84908CDE90C3101370BF07AFBAEE717AB0B997D
:2012A00000290BDD0BA90CA8CDE906320BF087FB069B013F079A03F8010BF0D11397AAB9F3
:2012C000002E40F366812E2103F8011B0027002E21DD0B9A002A1EDD0BA90CA806930BF047
:2012E0006EFB069B013E03F8010BF0E72E2203F8012BEBE7AFF30080000000000000000854
:20130000331C02002E238DF85D30002F9BD0002E88DC0DF15E03BBF1000F4FD114961E46A5
:2013200008F0DF03452B24D1002FBABF7F422D232B23632FC8BF64227370C4BFB7FBF2F3CB
:2013400002FB13774FF00A02C8BF03F13001B7FBF2F3C8BFB17003F1300102FB137386F8AA
:20136000008003F13003D4BF02360336317073700236139B002B2BDC149B002BD4BF002396
:2013800001239DF84A2063F3861200238DF84A2033708FE60BA90CA806920BF010FB069A6C
:2013A00030288DF85C0018BF07F1FF3712B9002E40F3F1802E238DF85D3044E71E4616F852
:2013C000012C013B302AF9D02E2A08BF1E46A7E70123D6E7714E81460523771F9AE51107B4
:2013E00048BF01339EE5104609920399D0470028099A05DA1FB0BDE8F08F2022DDF810B017
:20140000594600290BF1FF3BEDDC049BCDF810B02B445D1AB9F1000F05D048460399D0472C
:201420000028E7DB0135089B002B77D09DF94930002B28DB3B46DFF8689118789B4619F867
:201440000020013352073FD49DF84A30EF1B98065F4407D44246002A08F1FF383BDC079BFC
:201460003B449F1A9BF800002E280AD10399D0470028BFDBB8F1000F07F1010731DC0BF13A
:20148000010B5D4638E0B94699F80000C846702809F1010913D1EF1B149D47443D44EB1B9A
:2014A000002B33DC33464246504603990BF09EFA00289FDB3844049E0546064464E00399F7
:2014C000D0470028E0DA95E706930399D0470028069BB2DA8EE730200399D0470028B9DAC3
:2014E00088E730200399D04708F1FF38C0E70399D0470028FFF67EAF2878A84619F80030D7
:2015000001355907F3D4A7EB0B07C5E730200399D0470028FFF66EAF0137C0E79DF84A30F3
:20152000DA0601D41B0706D530200399D0470028FFF660AF0135069B3BB103999DF84B008B
:20154000D0470028FFF656AF0135A84406E030200399D0470028FFF64DAF0135A8EB05035D
:20156000002BF4DC33463A46504603990BF03EFA0028FFF63FAF28449DE720200399D04724
:201580000028FFF637AF0135731B002BF5DCFFF792B91746BFE60DF15D03BCE6CFFE010077
:2015A000341C0200000000002DE9F04F476A97B08346209E08910C92129355EC104B8DED13
:2015C000000B7FB9102009F05DFE0246CBF8240020B9A74BEA21A74809F024FEC0E9017714
:2015E0000760C760DBF82430196859B15A680123584693404A608B600AF00CFEDBF8243094
:2016000000221A602B1EB7BF23F00043002301220193A8BF3360019F974BB8BF3260BB43BC
:2016200019D142F20F73129A1360C7F31303234300F0DB85219B53B9904B21E0904B039350
:201640000833219A1360039817B0BDE8F08F8B4B03930333F5E79DED007B0022002351EC96
:20166000170B8DED0A7BFEF72FFF804650B10123129A1360219B13B1824B219A1360824BD4
:201680000393E0E7C7F30A5614AA15A958469DED0A0B0BF047F80290002E76D00B9BA6F29C
:2016A000FF36CDF84C80C3F3130343F07F53DDE90A0143F4401319460022744BFEF7E4FA25
:2016C00065A3D3E90023FEF797FC65A3D3E90023FEF7DCFA04460D463046FEF723FC62A3BD
:2016E000D3E90023FEF788FC02460B4620462946FEF7CCFA04460D46FEF72EFF002207463B
:20170000002320462946FEF7E9FE40B13846FEF709FC22462B46FEF7D7FE00B9013F162FAB
:2017200052D85B4B03EBC703DDE90A01D3E90023FEF7D4FE002849D0013F00231193149BB3
:201740009B1B5A1E4CBFC3F101030023079245BF0693002306930793002F39DB079B10975D
:201760003B44079300230993089B092B66D8052BC5BF043B002401240893089B023B032B97
:2017800067D8DFE803F02D3A3859DDE914631E4406F23243202BC9BFC3F14003C3F12003AB
:2017A0009F4006F21243D8BF04FA03F006F1FF36C4BF24FA03F347EA0300FEF7A3FB0122C8
:2017C000A1F1F873139276E70123B7E71190B6E7069BDB1B06937B42099300231093C3E711
:2017E00000230D930C9B002B56DC012399461A4604930C920CE00123F3E700230D930C9B36
:20180000FB1803F1010904934B46012BB8BF0123DBF824000021042202F114059D423FD987
:20182000416058460AF0B6FC039000283BD1194B02464FF4D571CEE60123DFE701240023DB
:201840000D9408934FF0FF330022994604931223CFE701230D93F5E761436F63A787D23F03
:20186000B3C8608B288AC63FFB799F501344D33F841D02009B1D02000000F07F801D020014
:20188000771D02009BFA01009AFA01000000F83F30F301000F1E02000C9B99460493B7E742
:2018A00001315200B8E7DBF82430B9F10E0F039A1A606FD8002C6DD0002F36DD07F00F0206
:2018C000A04BF8054FEA271403EBC20393ED007B8DED0E7B17D59C4B04F00F044FF00308D7
:2018E000D3E90823DDE90A01FEF7B0FCCDE90001954D5CB9DDE90E23DDE90001FEF7A6FC8C
:20190000CDE900012BE04FF00208F1E7E10709D508F10108DDE90E01D5E90023FEF76CFB0A
:20192000CDE90E0164100835E3E700F007817C42844B854D4FF0020804F00F02241103EB1F
:20194000C203DDE90A01D3E90023FEF755FB0023CDE90001002C40F0E580002BD0D1119BBA
:20196000DDE90045002B00F04C810022774B20462946FEF7B3FD002800F04381B9F1000F81
:2019800000F03F81049B002B00F3E480DDE90A34CDE90034159B002B02DB0E2F40F342829C
:2019A0000D9A002A40F06782099C0025DDF81880B8F1000F0DD0079B002B0ADD4345069A95
:2019C000A8BF4346D21AA8EB03080692079AD31A0793099B0BB30D9B002B00F0A682002C54
:2019E00000F0A1822946224658460AF03DFD029A0146054658460AF08DFC02990646584657
:201A00000AF008FC099B1B1B099300F09182099A314658460AF028FD0290012158460AF02C
:201A200063FC109B0446002B00F084821A46014658460AF019FD089B0446012B03DC009B49
:201A4000002B00F07C820026236904EB830318690CF05EFEC0F120001096079B184410F0F8
:201A60001F0000F09182C0F12003042B40F38182C0F11C00069B034480440693079B034410
:201A80000793069B002B05DD1A46029958460AF045FD0290079B002B05DD21461A46584683
:201AA0000AF03CFD0446119B002B00F07682214602980CF07CFE002880F26F8200230A2299
:201AC000029958460AF0C8FB0D9B7E1E0290002B00F05C82002329460A2258460AF0BCFB34
:201AE000049B0546002B03DC089B022B00F35E82B8F1000F05DD2946424658460AF00EFD1B
:201B00000546109B002B00F0D082696858460AF041FB0746002840F07F820D4B024640F245
:201B2000EA2158E5E20706D508F10108D5E90023FEF762FA0123641008350BE74FF0020855
:201B40000DE700BF30F3010008F301000000F03F0F1E020020460022AC4B2946FEF74CFA2B
:201B60007E1E08F10108049CCDE900014046FEF7D9F9DDE90023FEF73FFAA54B0022FEF705
:201B800085F8A1F15073CDE90E010F93002C3BD10022A04BDDE90001FEF776F802460B4604
:201BA000CDE90023DDE90E23FEF7B6FC002840F05781DDE90E2101F10043DDE90001FEF798
:201BC0008DFC00283FF4E2AE002425460C9BDDF80CA0DE434FF00008214658460AF01AFB5E
:201BE000002D00F0A980B8F1000F05D0A84503D0414658460AF00EFB294658460AF00AFB1E
:201C00009AE03E464C46B1E7834B03EBC40353E90201039B1C440D9B002B4AD002460B4656
:201C200000207E49FEF712FBDDE90E23FEF72CF8DDF80CA0CDE90E01DDE90001FEF78CFC21
:201C40000546FEF76FF9024630350B46DDE90001FEF71AF80AF8015B02460B46CDE9000162
:201C6000DDE90E01FEF758FC002865D100206C49DDE90023FEF708F802460B46DDE90E01C7
:201C8000FEF74AFC002840F00D81A24500F0EA8000225E4BDDE90E01FEF7AEF900225B4BDE
:201CA000CDE90E01DDE90001FEF7A6F9CDE90001C2E7DDE90E23FEF79FF9A046DDF80CA0B9
:201CC000CDE90E01DDE90001FEF746FC0546FEF729F9024630350B46DDE90001FDF7D4FF53
:201CE0000AF8015B02460B46A245CDE900234FF0000223D1494BDDE90E01FDF7C7FF02468D
:201D00000B46DDE90001FEF707FC002840F0CA8000204249DDE90E23FDF7B6FF02460B462D
:201D2000DDE90001FEF7DAFB70B1C24608F1FF381AF8013C302BF8D0374655E0334BFEF722
:201D40005BF9CDE90001BDE7DDE90A34CDE90034159B002BFFF628AE0E2F3FF725AE2E4B81
:201D600003EBC70393ED007B0C9B002B8DED047B02DAB9F1000F64D0DDF80CA0DDE9004590
:201D8000DDE9042320462946FEF760FAFEF7E4FB0646FEF7C7F8DDE90423FEF72DF902460E
:201DA000204606F130040B462946FDF76DFF0AF8014B039C02460B46AAEB0404A14540F039
:201DC0008280FDF763FF04460D46DDE90423FEF7A3FB002865D120462946DDE90423FEF779
:201DE00073FB08B1F3075CD4029958460AF012FA002301378AF80030129B1F60219B002B33
:201E00003FF421ACC3F800A01DE400BF0000244000001C400000144030F301000000E03F50
:201E20000000F03FA24B03EBC70393ED007B0C9B002B8DED047B9FDAB9F1000F9CDC7FF4EB
:201E4000C3AE00229B4BDDE90401FEF7D5F8DDE90023FEF757FB044600287FF4B5AE3E4680
:201E60002546B4E0DDE90A34CDE90034159B002B01DB0E2FD6DD089A012A36DC139A82B30D
:201E800003F23343099CDDF81880069A012158461A440692079A1A4407920AF025FA054673
:201EA00086E53E4653469A4613F8012D392A06D1039A9A42F7D13022039901360A701A78D5
:201EC00001321A7038E700227B4BFEF795F80022002304460D46FEF7F7FA00283FF450AF9A
:201EE00082E7149BC3F13603CCE709F1FF34099BA34208DBB9F1000FA3EB04040EDBDDF884
:201F000018804B46C1E7099B109AE31A0994DDF8188000241A444B461092B6E7069BA3EB1A
:201F200009080023B1E7029E71E5099A029970E5029672E5089B012B17DC009BABB9019B00
:201F4000C3F313039BB9019B23F00046360D360536B1069B012601330693079B0133079302
:201F6000109B002B7FF470AD1096012075E50026F6E73FF486AD1C33069A1A4498440692B0
:201F8000079A1A4407927CE50346F4E7049B002B2BDC089B022B09DC27E0B9F1000F1DDCE5
:201FA000089B022B1ADD3E46CDF81090049B002B7FF40CAE2146052258460AF04DF90146C7
:201FC000044602980CF0F3FB00287FF7FFADDDF80CA0312301360AF8013BFBE50D9B3E4693
:201FE000CDF81090002B7FF483AD039F214602980CF004FA039B00F13009049A07F8019B10
:20200000FB1A9A4240F3CB8000230A22029958460AF022F90290E9E72A6905F10C010C3080
:20202000023292000CF04AF80122394658460AF075FA039BA846054603F1010ADDE9032331
:2020400013440793009B03F0010309930AF1FF332146029804930CF0D1F94146069000F1C8
:20206000300902980CF0A3FB2A462146074658460AF0C0FAC268014602B358460AF0CAF8FD
:20208000002F3ADA0122029958460AF047FA214602900CF08CFB002803DC29D119F0010FD0
:2020A00026D0B9F1390F1DD132E02846C1E700BF30F3010000001440000024400A90029853
:2020C0000CF075FB0A990C9058460AF0A3F80C9A5ABB089B53B9099B43B9B9F1390F17D03F
:2020E000002F05DD069B03F1310901E0002F2ADADDF810A00AF8019B6EE5089B3B4304D180
:20210000009B03F00103002BBCD0B9F1390F36D1049F392307F8013BBA46013F1AF8013CB4
:20212000392B5AD001333B7056E5002F06DB089B3B4306D1009B03F0010313B9002AA1DCEA
:20214000D6E7002AE1DC079B57460AF8019C53452ED000230A22029958460AF07DF8A84583
:2021600002904FF000034FF00A02414658460BD10AF072F8804605460AF1010A66E7DDF8A2
:2021800010A009F10109B5E70AF066F82946804600230A2258460AF05FF80546ECE7049B67
:2021A0004FF00008002BCCBF1F460127039B1F440122029958460AF0B1F9214602900CF09F
:2021C000F6FA0028A8DC02D119F0010FA4D1BA4617F8013D302BFAD0FEE4039BBB429BD1A7
:2021E0003123039A01361370F6E4219B002B7FF425AA014BFFF744BA771D02002DE9F04114
:2022000012F0FC6F1346D0E9014706690ED0424940F2DF33414A42480AF008FC41480AF045
:2022200005FC40F2DF313D480AF0F7FB02F03002302A0CD13C4940F2E233384A38480AF0C7
:20224000F5FB3A480AF0F2FB40F2E231EBE7384A384D1A40AA420CD1374940F2E6332F4AA0
:202260002F480AF0E3FB35480AF0E0FB40F2E631D9E703F00602042A09D1314940F2E933E9
:20228000264A27480AF0D2FB40F2E931CBE713F4402216D09D030CD42A494FF47B731F4ABE
:2022A0001F480AF0C3FB28480AF0C0FB4FF47B71B9E7B2F5402F18D0244A9A4301D183F479
:2022C0004023012524688D40254223F4801219D11F494FF47F73114A11480AF0A7FB1D48D0
:2022E0000AF0A4FB4FF47F719DE71B494FF47C730A4A0B480AF09AFB18480AF097FB4FF493
:202300007C7190E73468DB074CBF2C43AC4334603B68BDE8F041184779F8010048F8010053
:20232000D6F80100F3F8010017F9010050F9010002000300020001008DF90100D4F901002A
:2023400023FA010056FA01009CFA01000100100044FB010082FB0100D7FA010018FB0100C2
:2023600070B50124184B1C700BF084FC4FF47A75A0FB0506002347F6122205FB0161FEF7E6
:2023800013F91249024612480AF0EAFA114B18681B7904FA03F143681B6819420ED10E4935
:2023A00040F2B6630D4A0E480AF040FB0D480AF03DFB40F2B66109480AF02FFB8368BDE81B
:2023C00070405B69184700BFB010002094FB01009AFB0100D000002044FB010048F80100F4
:2023E000D6F8010082FB010070B54B4D28460BF092FB044628B9296848480AF0B1FA204686
:2024000070BD0D212846464AFFF7F8FE044630B10D2301462A6843480AF0A2FAEFE7D5E98E
:202420000126B4692B692CB3126892040ED43E4940F293333D4A3E480AF0F8FA3D480AF0FC
:20244000F5FA40F2933139480AF0E7FA1B684FF0A07213F4005F14BF4FF000734FF080635A
:202460000D212846A047044638B10D2321462A683148D1E76FF05704F7E73049304B4B6015
:202480004FF400538B60F36913B10122284698472C4C2D480D2229680AF062FA206850B19F
:2024A0000BF039FB054630B9236801461A6827480AF056FA2560206878B1E288217942F43C
:2024C0000032FFF79BFE23790146E8B12268204812680AF045FA002323601E480AF040FADA
:2024E0001D4C1E4D2378002BFCD029461C480AF037FA01200AF0E3FB014610B119480AF01C
:202500002FFA00232370EDE721681A46096816480AF026FAE1E700BFE4E80100BBFB01002B
:2025200011000100E1FB010044FB010048F80100D6F8010082FB01000AFC01002808002087
:2025400061230100D000002040FC01005CFC01008FFC0100DCFC0100B010002094FB01009B
:20256000EEFC010043FD0100C3FC0100B2F5802F2DE9F04110D2042A28D843494FF4077379
:20258000424A43480AF052FA42480AF04FFA4FF407713E480AF041FA0823D21ACC1D114446
:2025A00024F0070421F00701091B17294FEAD1060ED8394940F22523344A35480AF036FA68
:2025C00034480AF033FA40F22521E2E70423E4E70027046031463046A660E7600AF070F9FD
:2025E0000121421D804630460AF061F99200D51DED082844B0423AD8B8F1FF3F3946A2F1E8
:20260000100204F11000B8BF3A460BF064FD2A46394620460AF047F93B463A4639462046DB
:202620000AF018F9A6EB05082046394601220AF022F9424629460AF036F92B463A46294654
:2026400020460AF007F9314620460AF02CF943463A46314620460AF0FDF831462046012249
:202660000AF009F92946BDE8F0410AF035B90B4940F23A23054A06480AF0D8F905480AF09F
:20268000D5F940F23A2184E73CFE01006EFD0100D6F801005DFE010076FE01009FFE01008F
:2026A000014B1B68184700BFD8000020014B1860704700BFD800002007B50B46002102468D
:2026C00000910348FEF7E0F803B05DF804FB00BFA1260100F0B5024601680A270020074EC7
:2026E0000B461C780131355D6D0701D41360F0BD07FB0043A3F13000F2E700BF341C0200D5
:202700002DE9F84F15469A46D378234A6F2B12F803B081460F460BF0030B2BD026D8582B71
:202720000CBF10260A26DDF828803246002348463946FDF739FF092A08F1FF38D4B21ED838
:202740003034B145E4B277F1000788F8004001D3D04511D82B789B0605D5082E15D1AB782B
:2027600043F00803AB704046BDE8F88F03F0F703702BD5E70826D6E781460F46D5E7BBF19B
:20278000010F0CBF37345734DBE7102EEBD1AB7843F01003E6E700BF341C02002DE9F84F08
:2027A0000446A38B08461907154612D4022803F0070165D120460AF046F988B1013804285A
:2027C00000F23781DFE810F05C0035018200D400040101280CBF43F0100143F02001A183EB
:2027E0001434204607F02CFA002840F09D819A4940F23113994A9A480AF018F92146B1E077
:2028000003F00702501F01281ED80020062A2768C4E9000014D13A4603E0E08B0130E0835B
:202820001268002AF9D123F0070343F002022046A2830AF008F990B342F02002A2832EE086
:2028400023F007039AB2F2E7042A33D123F007039AB22046A2830AF0F6F810B142F0200213
:20286000A283A38B03F00709894540F0EC80A18BCA0640F1508121F01003A38301F0070157
:20288000D4F81880A38BB8F1000FB9DA0022276823F00703C4E9002243F00103A383A38B33
:2028A00003F00709894540F0CF80002FDFD00026B24644E06B4940F21B136B4A68480AF035
:2028C000B5F840F21B1168480AF0A7F849B167494FF4AB73644A62480AF0A8F84FF4AB7148
:2028E000F1E723684BB9624940F257135E4A5C480AF09CF840F25711E5E723691E684EB9D1
:202900005C494FF4AD73584A55480AF08FF84FF4AD71D8E70F4688464FF00609A38B23F01D
:20292000070343F006039BB2A383A268002A40F08D80002F40F08D80002E98D0BA4643F038
:20294000080304F1140B5846A38307F079F9002840F09A80404940F23113404A40480AF0AE
:2029600065F8594644480AF061F840F23111ADE0022909D0414940F25D133B4A38480AF04C
:2029800055F840F25D119EE7E78B4FB13C494FF4AF73354A32480AF049F84FF4AF7192E759
:2029A00023695E684EB9334940F261132E4A2C480AF03CF840F2611185E7A38BB84623F033
:2029C000070343F004039BB24FF00409A383ACE7012909D02B494FF4B273234A20480AF0B3
:2029E00025F84FF4B2716EE723684BB9204940F265131D4A1A480AF019F840F2651162E798
:202A000023699E684EB91B494FF4B473164A14480AF00CF84FF4B47155E70027A38BB8469E
:202A200023F0070343F005039BB24FF00509A3837BE70C4940F26B130B4A094809F0F6FF83
:202A400040F26B113FE7002700266EE74FF0010A75E7924673E700BFA3FF010076FF010050
:202A6000D6F801009AFA0100D0FE0100F5FE010001FF010024FF0100BAFF01003BFF010015
:202A800051FF010060FF010085F31188BFF36F8FBAF1000F1CD177BB16B120462549B04759
:202AA000EFF31185202383F31288BFF36F8F584607F0B8F838BB88231F4A2049204809F085
:202AC000B5FF59461F4809F0B1FF88211A48FBE6A1680029DFD00D680029DCD043464A4663
:202AE0002046D1F804A0D0471DB12B6829461D46F2E72B46FAE7394643464A4620463F68E9
:202B000009F0CDFFC7E7584607F0B0F8A38B23F00803A383ABE68B067FF562AE21F02003B9
:202B2000A38301F0070145E685F31188BFF36F8FBDE8F88F492B010076FF0100CFFF0100A4
:202B4000D6F80100E4FF0100F8B504460D4600F11406EFF31187202383F31288BFF36F8FF0
:202B6000304607F05FF868B988230C4A0C490D4809F05CFF31460C4809F058FF882107485E
:202B800009F04BFF304607F071F8A5613A462046BDE8F8400121FFF701BE00BF76FF010047
:202BA000CFFF0100D6F80100E4FF01002DE9F04704460F4609F063FF051E68DB04F11409D4
:202BC000EFF3118A202383F31288BFF36F8F484607F028F8804660B98823384A38493948C2
:202BE00009F024FF4946384809F020FF8821334842E0484607F03AF84FF6FF72E38BA68B40
:202C0000934206F0070645D0022E15D135460133E383484607F014F8002841D140F231135B
:202C2000264A2A49274809F001FF4946284809F0FDFE40F23111DAE7062E13D8DFE806F045
:202C4000092D1212090409006FF085054FF00008DFE700233B60636883B9C4E9007786B1EE
:202C60003546F3E71B4917484FF4E4731A4A09F0DDFE4FF4E471184809F0CFFE1F60676066
:202C8000EDE7524602212046FFF788FD35462846BDE8F0876FF00A05D8E76FF00405D5E76E
:202CA0008AF31188BFF36F8FB8F1000FEFD0002332463946204609F0F2FEE8E776FF010029
:202CC000CFFF0100D6F80100E4FF0100A3FF0100BAFF010060FF0100D0FE010008B542687F
:202CE000034602F00302032A816002D02AB1002000E0006800225A6008BD054905484523CD
:202D0000054A09F093FE4521034809F086FE00BF9AFA0100D6F80100FAFF0100014B0360E0
:202D200000207047F8F3010070B5104B0D461C68B4B10F4B196800238B4202DB6FF001000C
:202D400070BD224612F8106B864202D014460133F2E7E0680AF0DFFE28B100202C60EFE7DE
:202D60006FF00C00ECE76FF01200E9E7DC000020F8F3010008B5044809F0F2FDBDE808400E
:202D8000024809F0EDBD00BF200002005500020030BFFFF7FDBF00BF054B9A699B689A427C
:202DA0001FBF044A536843F080535360704700BF500A002000ED00E0154B9A6A12F0007FD1
:202DC0009A6A14BF1E201D2012F0807F9A6A18BF1F2012F4801F9A6A18BF022012F4002FAF
:202DE0009A6A18BF212012F4802F9A6A18BF222012F4003F9A6A18BF232012F4803F9A6AB9
:202E000018BF24206FEA02426FEA12429A62704700ED00E010B5194B0246986A9C6A10F450
:202E2000805F14BF1720162014F4006F9C6A18BF1820A40509D5986B986A000404D51AB1B3
:202E40009A6A22F400429A6219200C4B9A6A12F4806F9A6A18BF1A20D2050CD49B6A13F4B9
:202E6000005F18BF1C20054A936A43F47F43936200230B7010BD1B20F5E700BF00ED00E098
:202E800010B5264B0246986A9C6A10F0100F14BF1120102014F0080F9C6A18BF1220A40784
:202EA00009D5586B986A000604D51AB19A6A22F080029A621320194B9A6A12F0010F9A6A80
:202EC00018BF142012F0200F9A6A18BF1520D20602D49B6A9B0712D5104B9B6ADC060ED545
:202EE0000F494FF495730F4A0F4809F09FFD0F4809F09CFD4FF495710A4809F08EFD074B90
:202F00009A6A920642BF5A6A22F400525A629A6A42F0FF029A6200230B7010BD00ED00E0C1
:202F2000B500020083000200D6F80100FF00020070B5594B05465B6800269CB0C3F308037B
:202F400086F31188BFF36F8F02F07F40B0F17F4F08D102F00C00082804D012074CBF0D463D
:202F6000012675B94D4940F211434D4A4D4809F05DFD4D4809F05AFD40F21141484809F06F
:202F80004CFD0022033B8DF80720032B7CD8DFE803F002737756404AD46A14F0020473D148
:202FA000D36A002B1ADBD36A5B0058D55369A96943F480735361BFF34F8FBFF36F8F536947
:202FC00031F8021C23F480735361BFF34F8FBFF36F8F4DF60273994219D12C689DF80730CF
:202FE0009BB96822294602A80BF068F8099B002E4CD0C3F3080222B96FEA53236FEA432368
:203000000993204602A909F0E0FD1CB070BD936ADBB233B101200DF10701FFF731FF04462F
:20302000DCE7936A13F47F4F05D001200DF10701FFF7F0FEF3E7936AB3F5803F02D3FFF712
:20304000BBFEECE7194940F2EA23154A154809F0EDFC174809F0EAFC40F2EA218EE7134959
:2030600040F2ED230E4A0F4809F0E0FC114809F0DDFC40F2ED2181E700200DF10701CCE7DE
:2030800000200DF10701D3E70024A7E723F4FF7323F00103B4E700BF00ED00E06301020071
:2030A00083000200D6F80100760102009AFA0100B4010200D8010200064B5A6942F01002C4
:2030C0005A615A6942F480625A615A6922F008025A61704700ED00E0EFF30880EFF30981AB
:2030E00001B57246FFF724FF01BD00BF002080F31488BFF36F8F002080F30A8880F30B88C2
:203100000F4880F3088802F011FB00200D490860BFF34F8F00F02CF8202080F311880A4837
:203120004FF40061401880F30988EFF314800221084380F31488BFF36F8F00F023F90000E0
:203140000856002094ED00E0C8100020002318460649D1F89020C2F30722934200DB70470A
:20316000C1F89830C1F8A0000133F6E700ED00E010B572B6002484F31388FFF7E7FF23462F
:203180004FF0FF300C4A03F120010133102B42F82100F8D100234FF0FF30074A03F160018C
:2031A0000133102B42F82100F8D162B6BFF34F8FBFF36F8F10BD00BF00E100E0084B9B6881
:2031C00083420BD1EFF3058343B1064B5A6842F080525A605A6A22F400425A6206F058BA3F
:2031E000500A002000ED00E023498A6882F8CDE04FF030001044EFF3098C80E8F01F1EF044
:20320000100F03D102F18C0080EC108A202080F31288BFF36F8F194F4FF000668A698A604F
:203220003E6092F9CDE0D2F884000023C2F8843080F311881EF0100F03D00023E1EE103A91
:2032400003E002F18C0090EC108AEFF3148323F0040383F31488BFF36F8F02F1300090E806
:20326000F01F8CF3098802F1000004B509F0C2FCBDE8044070470000500A002004ED00E0E1
:203280001EF0040F0CBFEFF30880EFF30980816911F8021C0229FFD001B5724609F09BFC64
:2032A00001BD00BF00B2002807DB01234109034A00F01F00834042F82130704700E100E045
:2032C00000B200280CDB01220649430900F01F008240203341F82320BFF34F8FBFF36F8F8F
:2032E000704700BF00E100E0054B420953F82220012300F01F0003FA00F01040704700BF89
:2033000000E100E038B54B1C072B04460D460FD96B23104A1049114809F088FB2946104804
:203320000723224609F082FB6B210A4809F075FB00B20028ACBF00F160400A4A4FEA431385
:20334000DBB2ABBF00F5614000F00F0080F80033135438BD080202003F020200D6F80100BC
:203360005A02020014ED00E0044B054A23F07F039360BFF34F8FBFF36F8F704700F80000F9
:2033800000ED00E008B5FFF7EFFF104BD3F8882022F47002C3F88820D3F8882042F4A002BB
:2033A000C3F888204FF04042C3F83422BFF34F8FBFF36F8F0023E1EE103A04F0B7FC06F0BF
:2033C0005DFC00F077F804F0F1FC00BF00ED00E042F8203C009B0D4942F81C3C019B21F002
:2033E000010142F8183C029B42F8081C42F8143C4FF0807342F8043C0023C0F884304FF43A
:203400007D43203A0265C0F8CC3070477BC90100104B9B6883421AD1EFF30580B8B9EFF3B3
:203420001181202282F31288BFF36F8F1A7B22F002021A73EFF3148323F0040383F314881C
:20344000BFF36F8F81F31188BFF36F8F70476FF015007047500A00200E461546002300B51C
:20346000E1EE103AEFF3148323F0040383F31488BFF36F8FBFF36F8F084B9860436F83F3BB
:203480000B882C4686F309880020054B98472046002100220023034C204700BF500A002013
:2034A000FDCB01007BC901001022014B1A61704700ED00E00023202040F20F1210B5044CB6
:2034C000E1180133934281F80003F9D110BD00BF00E100E008B5EFF30583064A103B02EBA8
:2034E000C30152F8330049688847BDE80840FFF753BC00BFC4E901001FB5094C094A2346C7
:203500000121094800F0FAF800230393074B0121E41A01A80193029400F014F904B010BDDA
:203520000080012000000020ACF401005804002010B50C7A0B6804F01F0223F01F031A4348
:20354000CB68640923F01F03054943EA440343F00103C1F89800C1F89C20C1F8A03010BD81
:2035600000ED00E010B5074BD3F89030C3F30723013B984202D8FFF7DBFF10BD6FF01500FB
:20358000FBE700BF00ED00E02DE9F04F0F46144606464FF000084D4D85B0B84580F29280D6
:2035A000D6F80490B9F1000F36D0B9F11F0F40F2878019F01F0F40F08380D6F800A01AF0F7
:2035C0001F0F7DD1504609F03CFB834609EB0A00013809F036FB834572D11BF1160F6FD004
:2035E0005C456DDDC5F898B0D5F89C10C5F898B0D5F8A03021F01F0143F01F0AD6E9003242
:203600001A44994202F1FF391ED1CA4508D131465FFA8BF009F01EFB08F101080C36BCE72B
:203620003146C5F898B0D5F89C3022F01F0203F01F031343C5F89C30E0B209F00BFB10F1BC
:20364000160F3DD0441CE7E7C5F898B0D5F8A020013B23F01F0302F01F021343CA45314618
:20366000E0B2C5F8A030E8D009F0F4FA10F1160F26D0C5F898B0D5F89C209DF808300AF11A
:20368000FF3A62F304038DF80830D5F8A0309DF808205B0863F347128DF80820D6E90032CE
:2036A0001344009323F01F035344A3EB0903013023F01F036946C0B20393FFF753FFBEE7B0
:2036C0006FF01504204605B0BDE8F08F00ED00E00522044BC3F89420BFF34F8FBFF36F8F41
:2036E000704700BF00ED00E0BFF35F8F0022024BC3F89420704700BF00ED00E038B50C4D80
:203700000C462A78FFF740FF287016300FD14FF4BB73084A0849094809F088F9214608482C
:2037200009F084F94FF4BB71024809F076F938BDB11000209A0202009AFA0100D6F801001A
:20374000C90202002DE9F74F314E894605464FF00008B3462F4FC84502DB03B0BDE8F08F28
:20376000D5F804A0BAF1000F4CD029680846019109F067FA019904460AEB0100013809F02B
:2037800060FA84424FF01402234B15D002FB08F36FF015024BF803204FF4C3731F4A204942
:2037A000204809F043F949461F4809F03FF94FF4C3711A4809F031F914F1160F3460EBD0D0
:2037C0001978A142E8DD02FB08B0C7F89840C7F89840D7F89C4000F10801007B64F3040052
:2037E0000871D7F8A0000C79400860F347140C71D7F89C1021F01F017160D7F8A01021F0DC
:203800001F01316108F1010814360C35A3E700BF3408002000ED00E0B11000209A02020078
:203820009AFA0100D6F80100F50202002DE9F041574C584ED4F890303568C3F307239D42B3
:2038400086B013D940F2AD13534A5449544809F0EDF8D4F8902029465248C2F3072209F044
:20386000E5F840F2AD114C4809F0D7F80020FFF73BFF4D4BC4F8C03085421AD14B4C01A899
:203880002570FFF74BFA002506464FF04108484FAE4215D1002023783D49D1F89020C2F383
:2038A000072293426DDB0020FFF712FF06B0BDE8F081716801EB0011FFF73AFE0130DBE7D8
:2038C000019A290102EB0513D3F80CC00CEA0700B0F5001F27D0B0F5800F40D0B0F5801F47
:2038E0004DD1586852589B68CDE902022122013B20F01F010B4423F01F038DF81020059303
:20390000207802A9FFF72EFE002835DA234940F2D713214A224809F089F8264809F086F84F
:2039200040F2D7119FE758689B685258013B20F01F010B4423F01F031CF0010FCDE90202B4
:203940008DF810800593DBD01B497B23124A144809F06CF8194809F069F87B2183E7586877
:203960009B685258013B20F01F010B44CDE9020223F01F030222C0E723780133237001358D
:2039800086E7C1F89830C1F8A000013385E700BF00ED00E0B8F401009A0202009AFA0100D4
:2039A000D6F8010024030200AAFF4400B11000200000F0FFAD030200580302007E030200C0
:2039C00008B50B4BC3F1005303F5C033B3F5006F0CD208499223084A084809F027F80848DD
:2039E00009F024F89221044809F017F8002008BD086A002016040200E6030200D6F801005E
:203A00005E040200014B1860704700BFE4000020F8B506460D460024064FAC4208DA3B68CC
:203A200098470A28305504F1010401D00D28F4D12046F8BDE0000020F8B50D46094F461E54
:203A4000C0F10104A3199D4201DC2846F8BD73780A2B02D10D203B6898473B6816F8010FB2
:203A60009847EFE7E400002010B5074C2368C2180648C0F1005101F5C0318A4236BF226096
:203A80004FF0FF30C01810BD48080020086A002010B5044658B9114940F29713104A114808
:203AA00008F0C4FF40F297110D4808F0B6FF142007F0E8FB206060B90B4940F29F13084A3E
:203AC000084808F0B3FF094808F0B0FF40F29F11EAE7BDE810400AF057B800BFE604020098
:203AE000E6030200D6F80100E50402002105020010B558B909490A4840F2C713094A08F028
:203B000095FF40F2C711074808F087FF4FF0FF32BDE810404FF0FF3304F0D4B9E6040200F7
:203B2000D6F80100E603020008B558B90749084840F2E313074A08F079FF40F2E311054801
:203B400008F06BFFBDE8084004F08CBAE6040200D6F80100E603020008B5054808F000FF35
:203B6000002383F31188BFF36F8F0423184602DF4405020008B5234A234B1A6000F05EF85A
:203B80004FF47A612148D0F82436C3F30802C3F309434B4382F480721D49883201FB023373
:203BA0004FF4FA215B00B3FBF1F201FB12331949B3F57A3F28BF0132C1F80429D0F8203699
:203BC0004FF47A60C3F30802C3F30943434342F21C5082F4807202F2172200FB02334FF4D8
:203BE0007A701B0AB3FBF0F200FB1233B3F5FA7F4FF0010328BF0132C1F81C27C1F800367D
:203C0000002008BD0020A1075C01002000C0FF00F82A00800000125048B1054B054A1B689C
:203C2000B3FBF2F35843044B43F00103184770475C01002040420F00F0F201000122024B59
:203C4000C3F80424704700BF002008E037B540230C460A490093411A491105462346084AC1
:203C6000084809F034F8011E05DA2846234603B0BDE83040184703B030BD00BF60080020EC
:203C800039CD0100A4E80100C9B2012908B509D9084909487F23094A08F0C8FE7F21074808
:203CA00008F0BBFE0C22036901FB0233986C00F0070008BD8A050200D6F801004D05020014
:203CC00070B5C9B2012903690BD91949194840F2D113194A08F0AAFE40F2D111164808F084
:203CE0009CFEEFF31185202484F31288BFF36F8F0C2606FB0134A46C14F0C00408D0A242B1
:203D000006D085F31188BFF36F8F4FF0FF3070BD012206FB01339A6485F31188BFF36F8F5A
:203D2000436803EBC1035B6898470020EFE700BF8A050200D6F801004D05020070B50D46A3
:203D400006490446411A491140220548FFF7B8FF2B4601462046BDE870401847600800205F
:203D6000A4E8010070B500220121044640F20510FFF7C8FA0F4801F061FE0F4B984215D143
:203D800001F06CFE26690D49304608F09EFE00280BDB0125B5642469084904F1200008F0A1
:203DA00094FE002801DB0020656570BD6FF00400FBE700BF753E01000000AD0BE0F4010011
:203DC0001FB500220123CDE902236B46084ACDF800D0CDF804D008F0A8FF002805DB43F6DD
:203DE00009520023684604F0ABFA05B05DF804FB51CD010010B5EFF31184202383F3128847
:203E0000BFF36F8F074A136823F00201DB07116002D4012001F0DCFE84F31188BFF36F8F3B
:203E200010BD00BFB80800200C22104B014602FB0033002030B4D3E910521864EFF3118005
:203E4000202484F31288BFF36F8F9C6C04F0C00444F002049C6480F31188BFF36F8F1DB1D9
:203E60002B4630BC0248184730BC704760080020A4E8010008B5062818D8DFE800F02121B0
:203E8000090B042121000020BDE80840FFF7CCBF0120F9E70B494FF43D730B4A0B4808F052
:203EA000C5FD4FF43D71084808F0B7FD05494FF44173054A054808F0B9FD4FF44171F2E7F6
:203EC00008BD00BF9AFA01004D050200D6F8010010B4EFF31182202383F31288BFF36F8F6A
:203EE0001748016841F002040460C80708D482F31188BFF36F8F01205DF8044B01F0D8BDAB
:203F00001049D1F80C14C903F1D5EFF3118083F31288BFF36F8F0C498B6C03F0C00343F065
:203F200002038B6480F31188BFF36F8F82F31188BFF36F8F00205DF8044BFFF775BF00BF66
:203F4000B808002000E01050600800202DE9F041012206464049D1E8EF3FC1E8E02F0028B3
:203F6000F9D1A3B93D493E484B60CB608A60FEF71DFE00280BDA3B494FF429733A4A3B48C8
:203F800008F054FD4FF42971374808F046FD5EB3731E012B56D8012E06D1354BD3F8503470
:203FA00003F00303012B1FD009F00CFE0546E8B9304B1B78D3B1042207462D4BC3F808239B
:203FC0002B4CDFF8B880D4F84C24D4F84C34D20315D503F00303012B01D0012E0FD165B3F7
:203FE00087F31188BFF36F8FBDE8F081EFF31187202383F31288BFF36F8F0125E0E7BDB110
:20400000384608F00FFED4F8403413F0FF03DAD1D4F80821002AD6D0C4F80831D4F808316E
:2040200020220123C4F84034C8F8A0212361CAE70021202005F086FAE5E704220C4BC3F85A
:204040000423D1E70C4940F2B623074A074808F0EDFC40F2B62197E75C0800204C08002021
:2040600080080020AE0502004D050200D6F8010000E01050C41000209AFA010000E100E036
:2040800008B5074809F047FD38B10648FFF7BAFC0448FEF70BFB002008BD6FF01200FBE775
:2040A00024E90100A94001000A2838B50446074D04D1AB680D2128465B689847AB680348C7
:2040C0005B68E1B29847204638BD00BF24E9010000487047FCF40100024B0B600123136044
:2040E000704700BF04F5010008B501220448114609F051FD034B044A0020C3F80C2508BD19
:20410000BC08002000B0045080000080B0F5FA2FF8B505460E46144631D2C0F5FA239A4292
:204120002DD82AB34FF0FF324FF0FF33154804F007F940F20113144F2246C7F80035CEB1E7
:204140003146284609F0BAFFBFF35F8FD7F81834DA0705D4230703D00123BB60BFF35F8F77
:204160004FF48072084BC3F80025064804F06AF80020F8BDFF21284609F0ADFFE4E76FF001
:204180001500F6E7BC08002000B004500048704740F501002DE9F34743680F1E0546164641
:2041A000D3F818907DDBBB184B457AD847EA0204C4F30B04002C74D1006908F002FE214649
:2041C000284608F054FE4FF0FF3A0446002E45D10121284608F04BFE002C08BF0446286982
:2041E00008F0EDFD204602B0BDE8F08780462E4B5A7882B10AFA02F137EA01010BD101214D
:204200009140B14207D8B8F1000F1ED098F80110914238BF98460134042C03F10203E7D1F6
:20422000B8F1000F13D00023812298F800102846CDE900333B4608F0CAFD012398F8012011
:20424000044693401F44F61A21E09846E3E76FF015040121284608F00AFEC0E7002CF8D181
:204260002346CDE9004480220621284608F0AFFD04460028EDD14E45B8D10346CDE90000B5
:204280008022C721284608F0A2FD00260446002CDFD140F21B620023284608F016FE0446AD
:2042A00094E76FF015049DE7EA05020010B5036961B920493F23204A204808F0B7FB20489C
:2042C00008F0B4FB3F211C4808F0A7FB486850B91C494023184A194808F0A8FB1A4808F0A0
:2042E000A5FB4021EFE75868F8B1884219D19C680868A142586000D19860002008602AB18F
:204300005A680A609A68596002B99960002010E0814206D10868206098688142EDD19C60EB
:20432000EBE7044600680028F2D1002AE8D16FF0150010BD2E060200F2050200D6F80100EC
:2043400037060200460602005806020008B503685F2B4FEA531107D80C4A03F01F0352F88D
:204360002120DA40D2070BD409490A4840F2CA33094A08F05BFB40F2CA31074808F04DFBFA
:204380000360064B53F8210008BD00BF54F50100A2060200D6F801006F06020048F5010001
:2043A000F0B5406801F01F04057B87B044EA45140569002D77D0B2F5001F00F1100506D1D9
:2043C0002146284609F0B6FA002007B0F0BD0027B2F5800F01AE0197776033D1B3F1007F39
:2043E00014BF052304238DF804300023CDE9046303938368CB40D90739D4B2F1A07F36D160
:2044000068460094FFF7A2FF009B203350F82330DB072CD46A462146284602F099F8254BE0
:2044200098421AD0CDF808D02146284603AA01F0FFFE214B984239D101222146284602F071
:204440001BF9C1E7B3F1C06F05D0B3F1007F14BF01230223C7E70323C5E76946284602F02A
:2044600003F9154B9842DDD06FF00B00ADE76A462146284602F06CF80F4B06469842D3D15C
:2044800028469DF8001002F0E7F8B042CCD00B490B4840F2E1130B4A08F0C8FA40F2E111AA
:2044A000084808F0BAFA6FF085008EE76FF015008BE700BF0400AD0B0000AD0BF106020095
:2044C000D6F80100C50602002DE9F043466840F20635337BD00601F01F0747EA431748BFAF
:2044E000032302EA050558BFC2F3401387B0B5F5837F14468DF8033043D00FD8062D42D04D
:2045000007D8B5B1022D14D06FF0150007B0BDE8F083B5F5807FF7D101250AE040F2022229
:20452000954232D0B5F5407F31D0B5F5007FEBD1042522032DD5012372688B4053603369EB
:2045400073BB03A80397FFF701FF039B00EB830084F48033C3F30043C4F34044D0F880201F
:2045600044EA43049DF8033022F4706244EA830422F00F0244EA05231343C0F8803000200A
:20458000C4E70925D5E70825D3E70625D1E70525CFE7630341BF012372688B409360CEE705
:2045A0001036394630460DF1020201F0D1FF14F4403F804617D13946304609F0B9F9254BB8
:2045C0009845DCD130469DF8021002F045F84045D5D021492148DE23214A08F027FADE2184
:2045E0001F4808F01AFA4FF0000901AB3946304603AACDE90439CDE90199CDF80C9001F01D
:2046000017FE144B98427FF47FAF14F4003315D09DF8033084F48034C4F300448DF80E30D9
:2046200039464B46304603AA8DF80C508DF80D4001F0E6FE074B9842C1D065E7CDE90433C9
:2046400039460DF10303304603AA039301F0F0FDF0E700BF0000AD0BF1060200D6F801002A
:20466000C50602004209022A034670B503D0012A1FD002B370BD154E326951680029F9D010
:20468000012503F01F030C689D400029F2D08A682A4014D04B6883B90D4964230D4A0E48EA
:2046A00008F0C4F90D4808F0C1F96421094808F0B4F90B4EE0E70B4EDEE7304698471CB163
:2046C000236821461C46E0E72346FAE704E901002E120200F2050200D6F80100580602001D
:2046E000E4E80100C4E8010038B545682B69E3B11035284601F0A2FF0446B0B901462846D1
:2047000001F056FF0B4B984211D1224628460A4901F010FF22460121DB20FEF7F3FD224646
:20472000012140F20D10FEF7EDFD002038BD6FF00400FBE70000AD0B6546010008B5036843
:204740005F2B4FEA531107D80C4A03F01F0352F82120DA40D2070BD409490A4840F2CA33B8
:20476000094A08F063F940F2CA31074808F055F90360064B53F8210008BD00BFB4F5010082
:20478000A2060200D6F801006F060200A8F501002DE9F04F1546824640F2FF19DFF868B1D9
:2047A00085B000EB8108D04503D1002005B0BDE8F08FDAF80020C2F3C3210829C2F30804F1
:2047C00000F29D804F4B4C4508BF4FF0FF34B2F1D05F5F5C4FEA126110D2192910D8DFE85A
:2047E00001F01219205B23295B0F0F0F0F0F0F0F0F0F0F0F0F0F0F0F5E72757838296BD041
:204800006FF08500D2E7C5F80446631C51D10AF1040AC8E7C5F80C46621CF8D000263146A9
:2048200016E0C5F81046F0E7661CC5F80046EED0002604E0601CC5F80446E8D0012603A83E
:204840000394FFF77BFF0121039A01FA02F28260DAF80020039402F40040002818BF0021E2
:2048600003A818BF012601920091FFF767FF039C019A00EB8400D0F88040C2F3412C009923
:204880003A0242EA8C020A4304EA0B04224342EA4602C0F88020BAE7C5F80846BCE7C5F89B
:2048A0006045611CDAF80020B1D0C2F30042002AC4D0012603A80394FFF740FF039A06FA73
:2048C00002F24260ABE7C5F86445EAE7C5F86845E7E7C5F86C45E4E703A80394FFF72EFFA3
:2048E000039A631C00EB8200D0F8802022F0E04242F08042C0F8802089D001268FE76FF0F2
:20490000150053E727070200F0F0FCFF032908B50BD90849084840F23D33084A08F086F865
:2049200040F23D31054808F078F801F5AC7150F8210008BD62070200D6F80100300702006E
:2049400008B503685F2B4FEA531107D80C4A03F01F0352F82120DA40D2070BD409490A48BD
:2049600040F2CA33094A08F061F840F2CA31074808F053F80360064B53F8210008BD00BF01
:20498000CCF50100A2060200D6F801006F060200C0F50100F7B5044600220121D220FEF78E
:2049A000B1FC60682369234A00F1080102F08CFB214B98423AD166680021B56B01AA28469D
:2049C00008F0AFFC002805DB019B2A6819791868FFF7DEFE00273D463068E9B2FFF796FFB2
:2049E00000280DDB019001A8FFF7AAFF019A0368D34013F001031CBF0123AB403B43DFB2B5
:204A00000135042DE8D1002301206268916A00FA03F23A420CBF01220022D20321F81320D1
:204A20000133042BF1D1002003B0F0BD6FF00F00FAE700BF49D301000000AD0BF7B50546F7
:204A400000220121C620FEF75DFCC620FEF72AFC6C680121E06808F033FD6B681968636957
:204A6000C1F82435E28BA38BA07E1343228C1343628C1343627E9BB20243207E0243134322
:204A8000C1F86C3569680B68D3F8002242F48022C3F800220822C3F800254A6A0121C3F83B
:204AA0003C270022C3F840271965D3F830110029FBD0C3F800256B680021D86808F000FDC8
:204AC0006C680021E068256808F0FAFC0823C5F8003594F82C3073B10021E06801AA08F0E9
:204AE00020FC002807DB002340F2FF1601990879DAB290420FD8227A52B9A36AC5F804371A
:204B00000123C5F80837C5F84C21D5F84C21AB62002003B0F0BD0A6852F82320C2F30802C6
:204B2000B24204D094F92D70B7EB521F01D10133DEE7074940F26133064A074807F076FF84
:204B4000064807F073FF40F26131024807F065FF9AFA010078070200D6F80100AC0702009B
:204B60002DE9F04104460D46476809F02BF8A0B9274B1B788BB14FF02008642663681B68AD
:204B8000D3F830318BBB012008F0F8FD013EF5D10021202004F0D6FCEFE72021EFF31183DC
:204BA0001A4681F31288BFF36F8F60680068D0F8300120B983F31188BFF36F8FEEE77B6A5C
:204BC00000201D706368796A1B68C3F83C170121C3F84017C3F83001D3F83001196582F3DA
:204BE0001188BFF36F8FBDE8F081EFF311831A4688F31288BFF36F8F61680968D1F8301177
:204C00000029DCD183F31188BFF36F8FC0E700BFC410002008B503685F2B4FEA531107D877
:204C20000C4A03F01F0352F82120DA40D2070BD409490A4840F2CA33094A07F0F7FE40F268
:204C4000CA31074807F0E9FE0360064B53F8210008BD00BF90F60100A2060200D6F8010088
:204C60006F06020084F60100012310B503FA01F1436804691B6819420ED10E4940F28D631C
:204C80000D4A0E4807F0D2FE0D4807F0CFFE40F28D61094807F0C1FE2368194218BF82F031
:204CA000010222B18368DB68BDE81040184783681B69F9E744FB010048F80100D6F80100FD
:204CC00082FB01002DE9F8434468066905460021E06B08F01CFC002822DB216C481C16D126
:204CE0000127636B9847B4680834D6E9023203EBC203A4F10802934214D8304608F049FCCE
:204D00006B680021D86B08F002FC002008E004F1440000F053FA10F1130F01D0411DDFD1E6
:204D2000BDE8F88354F8080C08F0F5FE002858D054F8080C14F8041C34F8023C03F030029D
:204D4000302AD0F81080D0E901C90ED1264940F2E233264A264807F069FE264807F066FE84
:204D600040F2E231214807F058FE03F00602042A09D1214940F2E9331C4A1D4807F056FE67
:204D800040F2E931EEE7DCF800C0DA0707FA01FE54BF43F4B01383F4D0131EEA0C0F23F4DC
:204DA00080120CD115494FF47F73104A104807F03DFE134807F03AFE4FF47F71D2E7D8F8C7
:204DC00000C0DB074CBF4EEA0C032CEA0E03C8F80030D9F800309847002804F1080484DA61
:204DE0009EE76FF012009BE717F9010048F80100D6F8010050F9010023FA010044FB010072
:204E000082FB01002DE9FF4105690646AA6CD0F804802B6D002A35D1002B53D0B8F8384064
:204E2000686C9C4228BF1C46EF6CEB6C53B12A6D42B107F06042B2F1005F03D0082C28BFAE
:204E400008246F6E6A6CAC651AB1AA6C002A18BF224601921BB12B6D002B18BF2346009026
:204E60000022694640460393029702F0D1FC184B984229D06FF00401304604B0BDE8F04153
:204E800008F0A9BB696CEF6C0846B8F83840ABB1934228BF13469C4228BF1C460029C4D0BB
:204EA00001F06043B3F1005FBFD0082C28BF0824286E224609F002F9286EB6E7944228BFA3
:204EC0001446EBE71946D7E704B0BDE8F08100BF0000AD0B2DE9F04F91B001934368074626
:204EE00002938B8804699804884691462DD44FF0FF324FF0FF3304F1100003F021FAC4F8AB
:204F00000480D7F804B0D7F810A0DBF8083003939AF85D3023B1DAF80030984500F08180A7
:204F2000B8F804C01CF4006F16D06FF0850523689B8813F4005304D1636004F1100003F017
:204F400081F9284611B0BDE8F08FA369002BCED163689942CBD1D4E71CF0090F02D06FF05C
:204F60001505E4E7CCF34513082BF8D1D8F800E07A4B9E45F3D906AD0BF10C060FCE0FC5A3
:204F80000FCE0FC5039B96E80300734594BF0B93CDF82CE01CF0020F85E803000CF0040337
:204FA0002FD0002B14BF032302238DF83030CCF300138DF83130DBF80030D3F80036591C93
:204FC0000AD01CF0020F059305A81ED1FFF722FE0123059A934083609AF85D302BB158467E
:204FE00002F0BAFB00238AF85D303B4658465C4A06A902F06BFB5B4B98420DD06FF0040547
:2050000095E7003B18BF0123CFE7FFF703FE0123059A93404360DFE70123CAF800808AF84A
:205020005D30012384F85C30029B196C4A1C03D003F1440000F0F2F8B9F1000F68D1C4F89C
:2050400034900023A36304F1480204F1380104F1340008F049FA019B6064002B60D1E36390
:205060000023236404F1500204F1400104F13C0008F03AFA002501212A46E06425632046C3
:2050800008F066FA3846FFF7BDFE2A462B46A06B83424DD100231946256CA9424FD19A42C0
:2050A00038BF1A4626464FF4FA534FF0000803FB02F556F8203B47F6122C1B684146B5FB83
:2050C000F3F540F2E730C8354FF47A720023E5FB0C01FBF769FA02460B46304603F030F9E3
:2050E000024618B9256B15F1740F2FD10298C4F8588002F031FB6FF07301384684F85D8088
:2051000008F069FA304603F095F96FF073050EE7D9F800306363002B93D0D9F8043091E79F
:20512000019B1B68E363002B9AD0019B5B6898E7616B01EBC301496801330A44A8E7E06B0E
:2051400000EBC100406801310344A6E7002D3FF4EEAE0146386908F0FBF9E8E647E8010027
:20516000F9D501000000AD0B08B503685F2B4FEA531107D80C4A03F01F0352F82120DA406A
:20518000D2070BD409490A4840F2CA33094A07F04DFC40F2CA31074807F03FFC0360064B8F
:2051A00053F8210008BD00BF20F70100A2060200D6F801006F06020014F701000123F0B522
:2051C00087B08DF80230022300248DF804306B4403930F4601AB0DF1030104930546029122
:2051E000059401F041FA0C4B064698420FD13946284603AA01F01CF8B0420BD028469DF81E
:20520000031001F029FA6FF0040007B0F0BD6FF01200FAE72046F8E70000AD0BF7B50C4653
:20522000054608F089FB002221460646284601F023FA01A80194FFF797FF019B00EB830280
:20524000D2F88010154B0B4043F00C03C2F8803000F08AF807462B689B59B3B10026214666
:20526000284608F067FB01A80194FFF77DFF019B00EB8300D0F88020084B134043F0040364
:20528000C0F88030304603B0F0BD00F06DF8C01BC728E0D96FF07306E1E700BFF0F0FCFFBE
:2052A00070B514461D4608F000FAA042A94113D30A4AD2E90061A41B24F01F0365EB0100B2
:2052C0009B1941EB0001C2E90031640944EAC060BDE8704004F05EBE70BD00BF6004002081
:2052E00010B500220121E420FEF70CF8174A0020D2F8183723F44033C2F8183701F07EFB11
:20530000134B0446984208D10120124901F02AFCA04205D0104B984214D04FF0FF3010BD94
:2053200008F0C3F967220D4B20F01F00C3E900010B4BC3E900010B4B02201A60FEF706FE0E
:205340000020ECE76FF00B00E9E700BF00200E500000AD0B580100200200AD0B6004002074
:20536000580400201809002038B5EFF31185202383F31288BFF36F8F174804F053FC68B945
:205380008823164A1649174807F050FB1249164807F04CFB8821114807F03FFB0E4804F08E
:2053A00065FC08F082F904460B4804F049FC68B940F23113094A0D490A4807F037FB064939
:2053C0000B4807F033FB40F23111E4E785F31188BFF36F8F204638BD1C09002076FF01003F
:2053E000CFFF0100D6F80100E4FF0100A3FF0100BAFF010008B508F058F9054AD2E900328C
:20540000C01A61EB0201400940EAC16008BD00BF6004002037B5431C0CBF6FF0004420EA04
:20542000E07408F042F90D4BD3E90025801A61EB05032021C4FB0103402873F100042CBFFF
:2054400020F01F01002352184FF0010145EB03030091034801F01AFC03B030BD6004002011
:2054600050010020F0B585B06E4681680546103921F00F0407F0A2FB32460A4B03F1100C1B
:20548000374618685968083303C763453E46F7D110232146284607F060FB003818BF0120CB
:2054A00005B0F0BD38F801002DE9F0431D4685B006460F46904607F07AFB6C1E0444404241
:2054C0000440102C06D94FF4B471104B104A114805F0A8FE304607F071FB81462A464146C5
:2054E000684608F0EBFD4946621B0DEB050008F0F2FD23466A463946304607F02EFB0038C8
:2055000018BF012005B0BDE8F08300BF9AFA0100270A02009D09020030B50D46816887B03F
:20552000102302AA1039044607F002FB002802DA012007B030BD1022204602A908F0D3F836
:2055400000283AD110221E4902A808F0A7FD00280CBF012302232B70204608F0BEF801232A
:2055600001460DF10702204607F0E2FA0028DFDB9DF80730204603F00F021B096A702B71F2
:2055800001220DF1070108F0AEF810B96B78042B03D901236B7000232B71A2682046203A05
:2055A00022F00F02103AA91C08F0B0F80028BFD12046E91C08F0D7F8BBE70323CBE700BFF6
:2055C00038F801000E2A13B5044606D90C4B4FF4CF710C4A0C4805F025FE0E2901D90B4B6E
:2055E000F5E741EA02118DF8071008F076F8012301460DF107022046FFF756FF02B010BDED
:20560000E0090200120A02009D090200F2090200F7B50D1E69460CBF17462F460446FFF779
:205620007BFF78B99DF80060022E22D0032E0BD0012E26D135B19DF80330032B02D1204661
:2056400008F08AF803B0F0BD002DFBD12046FFF709FF0028F6D157B1204608F07DF8002821
:20566000F0D1002231462046FFF7ACFFEAE70226F7E76DB90146A268204607F083FA03207E
:20568000E0E740F24F21034B034A044805F0CAFD0420D7E79AFA0100040A02009D090200CF
:2056A00013B50C4B0C4603EBC00001A90079FDF73BFB014660B9221E18BF01220198FFF755
:2056C000A7FF0446019807F032FA204602B010BD0124FAE72CF70100064BD3F840231C2A4A
:2056E00005D1D3F84403431E5842584170470020704700BF00C0FF0003689A070CD50368CA
:20570000DB070DD50922074BC3F80C250F22C3F8042501221A60FEE7034B0360EF3B036087
:20572000704700BF00801050F000FA5008B501234D4AC2F800384D4AD2F840231C2A01D094
:205740002F2A02D14A4AC2F80C344A48FFF7D4FF0830FFF7D1FF0830FFF7CEFF0830FFF70D
:20576000CBFF00F5F470FFF7C7FF434AD2F88C3043F44063C2F88C300022D30003F57F0378
:2057800003F54043D3F8001401310AD0D3F8001439B1D3F800140132D3F80434402A0B60F0
:2057A000EBD1314BD3F840242AB3FFF795FF48B12E4BD3F83423314B9A429EBF2A4B304AE3
:2057C000C3F84026FFF788FF18B12E4B2E4AC3F8AC27264BD3E9D0231C2A10D1012B10D18F
:2057E0003422214BC3F82426D3F83C2622F40022C3F83C2605E0C822C3F84024D5E72F2A5D
:20580000ECD01A4BD3F840331C2B01D02F2B08D11E4BD3F80026D20744BF6FF00102C3F88B
:20582000002603236FF0F8021949C1F81835194BC3F808256FF0FF02C3F80C250E4BD3F89F
:205840008C2042F44062C3F88C20D3F8882042F47002C3F88820BFF34F8FBFF36F8F00237C
:20586000C1F8A03508BD00BF0000125000C0FF000030055000C50D5000ED00E0001D0A1842
:2058800040E0A91E00A0085078000A0400E0105000B0045000F00C5030B50468ACB1B4FAB7
:2058A00084F30122C3F11F03DBB29A4024EA0202D0E8EF5FA54204D1C0E8EC2FBCF1000FBE
:2058C000F6D1EAD102480B7030BD0248FCE700BF0000AD0B0200AD0B10B50368CB40DB0719
:2058E00010D401238B40026843EA0201D0E8EF4F944204D1C0E8EC1FBCF1000FF6D1F2D1A1
:20590000014810BD0148FCE70000AD0B0400AD0BF7B5044668B101283FD0414941484FF434
:205920008673414A07F082F84FF486713E4807F074F814224FF4847304203C490025C1F858
:205940000803012002F1A04203F1A04303F5871302F5871210601D601B68354BD3F840331F
:205960001C2B1FD02F2B1DD0844201D10DF10705002342F210762D4F8DF80730002C39D0BE
:20598000012C1BD02649274840F2EE43294A07F04DF840F2EE412748C9E704224FF4807323
:2059A0007120CAE7012C01D1CC60DFE70025DFE783B1012007F0E2FE013E27D0D7F80C3458
:2059C00003F48033002DF3D0002B0CBF012300232B701DD10022184B5A7117E0012007F008
:2059E000CDFE013ECAD111E083B1012007F0C6FE013E0BD0D7F84C3403F48033002DF3D0FE
:205A0000D7F84C2402F003022A700BB903B0F0BD9DF80730002BE1D0012CF7D1DAE700BF75
:205A20009AFA0100D6F801003A0A020000E0105000C0FF00770A020020090020044B1A790F
:205A400022B9012218601A710248704702487047200900200000AD0B0C00AD0B08B50F4B67
:205A60001A795AB90E490F484FF4B6730E4A06F0DDFF4FF4B6710C4806F0CFFF1B6843B143
:205A800040F20510FDF730FC18B940F20510FDF709FC0022054BC3F8402408BD20090020EF
:205AA000AB0A0200D6F801003A0A020000E0105038B5404C23795BB93F4940F2C1133F4A9A
:205AC0003F4806F0B3FF40F2C1113C4806F0A5FF3C4B58B101284BD03B4940F21D23374A2A
:205AE000374806F0A3FF40F21D21EEE7D3F84C14D3F84C24C80323D502F00303012B04D029
:205B000013B10020FFF704FF00232E4A0420C2F8403410224FF48473002103F1A04303F55F
:205B2000871319601D68012502F1A04202F5871215602268002A37D0224BC3F804030CE0F7
:205B4000D3F84824D107DFD5D3F850249207D8D422681AB10422C3F8042338BDD3F80821B8
:205B6000002AFBD00022C3F80821D3F80831F4E70022C3F81021D3F81011C3F81821D3F892
:205B80001811C3F81421D3F81431104BD3F840331C2B01D02F2B02D101220A4B9A6000226A
:205BA0004FF480737120B7E71A68002AFCD019601B68D2E720090020AB0A02003A0A02000D
:205BC000D6F8010000E010509AFA010000C0FF0008B5094B1B795BB90849094840F237237B
:205BE000084A06F023FF40F23721064806F015FFBDE80840FFF78CBE20090020AB0A02002C
:205C0000D6F801003A0A020070B50025264C274ED4F80C3303B970BDB3FA83F3C3F11F0351
:205C20009A0002F5807292B202F1A04202F58712156012680122D8B202FA03F3DBB2102BE2
:205C4000C4F8083324D00FD893422AD0042B11D0174918484FF46F73174A06F0E7FE4FF42F
:205C60006F71154806F0D9FE202B1AD0402BEFD1757116E0D4F84C14D4F84C14890710D115
:205C8000C4F84024C4F804332261D4F80C33C1E702237371C4F81451D4F814312023C4F881
:205CA000043333689847F0E700E01050200900209AFA0100D6F801003A0A02005F2898BF4B
:205CC000074B4FEA50129FBF53F8223000F01F0023FA00F000F0010088BF0020704700BFF2
:205CE00040F70100034A4309D35C00F01F001844C0B27047BB0B020070B505460846FFF794
:205D0000F1FF3C212A791E4B01FB0202083233F81200C10527D578240026C0F3432120F404
:205D2000F85023F812002A7904FB02340E3434F8020F10F4807F03D0C0F34320814212D006
:205D40000136232EF3D10020C2EB02120A4443F8320078202A7900FB02306030FFF7BCFDB4
:205D6000084B984200D170BD0749084840F2EB13074A06F05BFE40F2EB11054806F04DFECC
:205D8000280900200000AD0BF1060200D6F80100080B020010B5016804460846FFF78EFFD4
:205DA00058B9104940F2CA330F4A104806F03EFE40F2CA310C4806F030FE01F01F035F2927
:205DC00023604FEA511209D9094940F2D333064A064806F02BFE40F2D331EBE7054B53F8D8
:205DE000220010BDA20602006F060200D6F801009AFA010034F70100072808B50BD90849E2
:205E0000084840F2D133084A06F010FE40F2D131054806F002FE800000F5807008BD00BF46
:205E2000FE0A0200D6F80100C90A0200F0B50646002487B0114F019117F8012B06AB03EB9C
:205E4000D20313F8143C02F00702D34013F0010306D10134032CEFD10023184607B0F0BD1D
:205E6000074A03AD07CA85E8070055F824100A6A46F824200A62002AEBD0EEE7CB0B020067
:205E8000D0F2010010B504460846FFF72BFF3C2303FB0400024B083033F81000400B10BD89
:205EA0002809002010B504460846FFF71BFF3C2303FB0400034B083033F81000C0F340000F
:205EC00010BD00BF2809002010B504460846FFF709FF3C2303FB0400044B083033F8100067
:205EE00010F01C0018BF012010BD00BF2809002010B504460846FFF7F5FE3C2303FB04000A
:205F0000034B083033F81000C0F3401010BD00BF2809002010B504460846FFF7CFFE58B9AF
:205F20001B4940F21E231B4A1B4806F07FFD40F21E21184806F071FD24792046FFF7B2FF71
:205F400048B1164940F21F23124A134806F06EFD40F21F21EDE72046FFF7B6FF48B91049AC
:205F60004FF408730B4A0C4806F060FD4FF40871DFE72046FFF7BCFF30B12046FFF782FF10
:205F8000BDE81040FFF738BF4FF4A27010BD00BF460B0200080B0200D6F80100670B020093
:205FA000850B020010B504460846FFF79BFE3C2303FB0400034B083033F8100000F0010050
:205FC00010BD00BF2809002078232DE9F04F6F4C0E460C1BB4FBF3F4D0F81413DFF8B8B1F9
:205FE000C9B28BB041F400315BF83420009007F04EFC8103054638D50023E7000BEBC40469
:20600000CDE907330993636807A819460193FFF70DFF3B1D03934FF0000A5D4B0DF11C0983
:206020000293029A12F8013B0292039A02EBD3021BF8022003F0070322FA03F3DA071AD4E3
:206040000AF1010ABAF1030F09F10409E9D14FF400310022009807F01AFC019907A8FFF742
:20606000E5FE0028D7D125F400350124002D76D10BB0BDE8F08F474B53440493D9F8001006
:206080000029DDD091FAA1F1B1FA81F1049B1C7841EA44142046FFF725FE083036F81080C5
:2060A000C8084FEA98030593012319F8002001F0070103FA01F122EA010209F8002006A889
:2060C0000694FFF767FE069A059B203250F82220C8F382075B07B846C2F3014223D52146B4
:2060E0003046D7B2424607F04BFB06A80694FFF751FE069B203350F82330C3F301439F42E5
:2061000007D10021204607F0A7FB3946204607F0A3FB06A80694FFF73DFE0122069B02FAD4
:2061200003F30362AAE7022A0DD10321204607F093FB07F00503012BEBD14246214630460E
:2061400007F01EFBE5E702212046059207F084FB032FF2D0059A032ADBD1022FECE795FACE
:20616000A5F3B3FA83F3009904FA03F225EA020503F5A27251F8222006EB43033046B3F8D3
:206180006410C2F3014207F0FBFA6FE728090020CB0B0200CB0B02004CF70100F7B5044616
:2061A00000790D46FFF7FEFE002836D0204607F09AFB277929463846FFF79AFE58B138465F
:2061C000FFF760FE0022266800B206EB8003C3F81025C3F8102529462046FFF78DFD2846F2
:2061E000FFF780FD3C222379019502FB030000220B4B083023F8102001A8FFF7CBFD019B9E
:2062000000EB8300D0F88020064B134043F00203C0F88030044803B0F0BD0448FBE700BFCB
:2062200028090020F0F0FCFF0000AD0B0400AD0B2DE9F04F9046044685B00846FFF752FD81
:20624000D8F800900D4607462679B9F1000F1ED0204607F010FB50BB4B46CDE900008DF8B9
:206260000E008DF80F000DF10F020DF10E01284607F0A5FA3C2303FB06735E49083331F87B
:20628000132022F0020242F0010221F81320D8F80430002B3FD02946207993F80090D3F808
:2062A00004A0FFF7FFFD20B1BAF1000F26D0524835E03C227243DFF83CE102EB070C0CF114
:2062C000080C3EF81C3023F02003DB04DB0C2EF81C30BAF1000F11D0B9F1030FE7D8D8F8D4
:2062E00004102068496891F800A000EB8A00B9F1000F17D1C0F81095C0F810953C2303FBFB
:2063000006763C4A083632F8163023F01C0343EA890322F81630D8F8083063BB374805B028
:20632000BDE8F08FD0F810B552442BF0030BC0F810B5206843EA4A3300EB8A01D1F81005EA
:206340000EEB420220F4473020F47C70C1F8100541F6F070D1F810B500EA051040EA094010
:2063600040EA0B0043F02003C1F81005A2F864502EF81C30C2E72946D3E900862046FFF74E
:20638000BBFCB8F1000FC9D078232079194D4343EA18EB58984504D153689E4201D100224F
:2063A0000CE0782303FB00500DF10F016030FFF773FA124B9842B2D19DF80F203C21237990
:2063C000C3EB0313134445F833802379C3EB0313134405EBC3035E60237901FB037308333E
:2063E00035F8131041EA422242F4807225F8132094E700BF280900200400AD0B0000AD0B47
:206400002DE9F043054685B0084690461F46FFF769FC0E460446B8F1000F2DD095F804905B
:206420004846FFF73FFD18B94846FFF761FD50BB31464846FFF748FD18B198F80130012BE8
:2064400021D001238DF80F30002308F10102CDE900830DF10F0108F10203304607F0AFF9EA
:206460003C222B792F4902FB0343083331F8132042F0030221F81320002F50D031462879DE
:20648000FFF710FD18B9284805B0BDE8F08300214FF03C0E38782B68820003EB8003C3F850
:2064A0001015C3F810152B791E490EFB0343083331F813C02CF4604C2CF0200C21F813C046
:2064C00097F801C0BCF1000F29D02B68BF781A44D2F81085154B4FEA0C4C08EA0303C2F88D
:2064E000103541F6F0730CF4403C03EA06133F05D2F8108543EA0C0307F480173B4343EA1F
:206500000803C2F810352B790EFB0344083431F8143043EA403343F0200321F81430044835
:20652000B2E700BF280900200400AD0B0FE0ECFF0000AD0B30B578250479044B05FB0434DE
:20654000A160017905FB0133DA6030BD2809002070B514465AB91049104840F24D33104AC5
:2065600006F064FA40F24D310D4806F056FA06793046FFF7BDFC68B10846FFF7B3FB3C236E
:2065800003FB0600074B083033F8103006485B0B237070BD0548FCE7A60B0200D6F80100DC
:2065A000080B0200280900200000AD0B0400AD0B2DE9F8438046077978201C4E00FB076303
:2065C00093F8744084BB1846A14646222146103007F081FD98F80420154BD8F8005053F8F5
:2065E0003280A04513D10023C5F30830C5F844310130D5F84431FCF755FE782303FB07661C
:2066000001230C4886F874303366BDE8F883E0B2FFF7F2FBA0F580739B08112B04BF45F84B
:2066200000902B580134DCE70348EEE7280900204CF701000000AD0B0C00AD0B782102790A
:20664000044B01FB023393F87400003818BF0120704700BF280900200079024B03EB800090
:20666000FFF73AB9600100200079024B03EB8000FFF712B9600100202DE9F74390F80490CE
:20668000044648460D461646FFF71EFC58B9354940F25343344A354806F0C8F940F2534194
:2066A000314806F0BAF94846FFF722FC276800B34846FFF7F7FB8046D8B94846FFF7E2FBA6
:2066C0000546FFF799FB47F800803B5823682AB203EB8203D3F8102542F00102C3F8102594
:2066E00026B101232268AB40C2F8143303B0BDE8F083D7F814339B035CBF4FF40033C7F85A
:2067000014334EB91A4940F26D43174A174806F08DF940F26D41C3E72846FFF7E3FA3C2281
:20672000237902FB0300134B083033F81030C3F38203042B11D0052B11D001A80195FFF72B
:2067400029FB019BC168D94001F001010231284603B0BDE8F04307F07FB80321F7E70221C5
:20676000F5E700BF850B0200080B0200D6F80100B00B02002809002001490248FFF724BC90
:206780002809002000A00D5001490248FFF71CBCA009002000C0105008B5154B027AD3F8FC
:2067A000101521F001010A43C3F810250268B2F5803F0BD30F4940F2A4730F4A0F4806F06F
:2067C00035F940F2A4710C4806F027F9C3F8A4264268FF2A09D90A4940F2AF73064A07485A
:2067E00006F024F940F2AF71EDE7C3F8AC2608BD00200E50010C0200CE0B0200D6F80100D7
:20680000290C02000B2808B50BD90A490A4840F243730A4A06F00AF940F24371074806F068
:20682000FCF80023000100F1A04000F56220C0F82C3508BD4F0C0200D6F80100CE0B020013
:2068400070B5044648B910491048CD23104A06F0EDF8CD210E4806F0E0F80E4E007A3318BF
:2068600093F85450FFF7CEFF0C2303FB05632268DA6062681A610122217A1975B3688A4057
:206880001343B36070BD00BF9F0C0200D6F80100630C0200400000200B2808B50BD90B492E
:2068A0000B4840F2EB430B4A06F0C0F840F2EB41084806F0B2F8000100F1A04000F562208B
:2068C000D0F82415D0F8200508BD00BF4F0C0200D6F80100CE0B02000B2808B50BD9114911
:2068E00040F2DB43104A114806F0A0F840F2DB410D4806F092F8B3F5801F09D30C4940F23A
:20690000E143094A094806F091F840F2E141EFE7000100F1A04000F56220C0F82025C0F808
:20692000243508BD4F0C0200CE0B0200D6F80100AB0C0200012303FA00F010F0670F0AD018
:20694000064B5B68DB4303F067030342044B054818BF184670470448704700BF40000020B9
:206960000000AD0B0400AD0B0800AD0B2DE9F0481B4B1B78012B0BD01A494FF48B731A4A8D
:206980001A4806F053F84FF48B71174806F045F848B9174940F21713134A144806F046F8D9
:2069A00040F21711F1E7EFF31181202383F31288BFF36F8F4FF0FF356FF040440D4ED6E9BE
:2069C00000BC5D4574EB0C07F9D3CCF31303C0E900B381F31188BFF36F8F0748BDE8F088C1
:2069E00040000020C80C0200630C0200D6F80100F10C020040270E500000AD0BF0B54F4D64
:206A000085B02C78002C40F095804D4A01AB07CA83E807004B491846D1F8102522F00202A0
:206A2000C1F81025FFF7B8FE0723672202F001012144013BCCB24FEA5202F7D1052C7BD124
:206A400019464FF0010C3D4E00246720CFB204E00CFA02F220EA0200013490FAA0F25FFA40
:206A600084FEBE45B2FA82F2F2D30131327505292A4482F8547006F10C06E5D101210024F4
:206A800031489A0801FA02F212F0670F18BF1C500433302BF5D1E420FCF704FC294B012449
:206AA000D3F810255D2022F00202C3F8102540F6FF72C3F828230022C3F88021C3F88020CD
:206AC000C3F88421C3F88420C3F88821C3F88820C3F88C21C3F88C20C3F89021C3F890208A
:206AE000C3F89421C3F89420C3F89821C3F89820C3F89C21C3F89C20C3F8A021C3F8A020EA
:206B0000C3F8A421C3F8A420C3F8A821C3F8A820C3F8AC21C3F8AC201C660C4B0C4A1B68AE
:206B2000B3FBF2F358430B4B234398470A482C7005B0F0BD0948FBE70948F9E74000002078
:206B4000DCF2010000200E5000210E505C01002040420F0000F301000000AD0B0C00AD0BEB
:206B60000100AD0BF7B53D4C064623780D46012B0BD03B4940F213233A4A3B4805F056FFA9
:206B800040F21321374805F048FF49B937494FF40573344A344805F049FF4FF40571F1E7CF
:206BA000277D4FB1324940F215232E4A2E4805F03DFF40F21521E5E7636804F1140103F031
:206BC000010301A80193FEF767FE2A4B98423CD12F70636823F001036360A36843F0010338
:206BE000A360254BD3F81025950732D4D3F8102542F00202C3F81025C6B1D3F8482712F0A7
:206C0000010202BFD3F8481741F00101C3F84817194BD3F84017D3F844174C00F9D42AB991
:206C2000D3F8482722F00102C3F84827134B144A1B68B3FBF2F3104A03EB43135BB1D2F895
:206C40004017D2F84417490001D403B0F0BD013BF4E70C48F9E70C48F7E700BF400000209E
:206C6000C80C0200630C0200D6F80100FB0C02000D0D02000000AD0B00200E505C01002026
:206C800040420F000C00AD0B0700AD0B2DE9F0472A4D1F462B78044690469DF820905BB99B
:206CA000274940F2F623274A274805F0BFFE40F2F621244805F0B1FE48B9244940F2F72374
:206CC000204A214805F0B2FE40F2F721F1E7007AFFF730FE1E4B064698422CD12046FFF794
:206CE000AFFDEFF3118A202383F31288BFF36F8F227A184B9200134400221A60207A4246C2
:206D00003B46FFF7E9FD8AF31188BFF36F8FB9F1000F10D00123227A883503FA02F2D5E88C
:206D2000EF1F1143C5E8E01F0028F8D1227A9340094AC2F824333046BDE8F087400000208F
:206D40002F0D0200630C0200D6F801009F0C02000000AD0B00210E5000200E502DE9F74303
:206D60002C4B2D4FD3F82C6307F1880916B903B0BDE8F08396FAA6F80123B8FA88F803FA22
:206D800008F3D94326EA030607EB080393F854500C2303FB0573187D40450BD01F4920482D
:206DA00040F2B7331F4A05F041FE40F2B7311D4805F033FE1C4CDB684FEA880214441BB3E1
:206DC000D9E8EF3F03EA0102C9E8EC2FBCF1000FF6D123FA08F3DB0711D5FFF75DFD02460D
:206DE0000B4621680029C1D0002121600C2101FB0575296940460091E9688847B6E707EB62
:206E0000C503D3E91823ECE72268002AAED02360ACE700BF00200E50400000205A0D020092
:206E2000D6F80100630C020000210E5010B55AB92D4940F251332D4A2D4805F0F7FD40F288
:206E400051312A4805F0E9FD13684BB9294940F25E33264A264805F0E9FD40F25E31F0E75E
:206E6000242404FB0104C4F8043793884BB9224940F26B331D4A1E4805F0D8FD40F26B3110
:206E8000DFE75B00B3F5004F09D31C4940F26D33164A174805F0CAFD40F26D31D1E7C4F808
:206EA00008379368B3F1807F09D3154940F27A330E4A0F4805F0BAFD40F27A31C1E700EB11
:206EC0004110C0F82835D368B3F1807F09D30D4940F28333054A064805F0A8FD40F2833137
:206EE000AFE7C0F82C3510BD7E0D020030070200D6F80100930D0200AB0D0200B70D02005F
:206F0000E80D0200090E020008B503685F2B4FEA531107D80C4A03F01F0352F82120DA4023
:206F2000D2070BD409490A4840F2CA33094A05F07DFD40F2CA31074805F06FFD0360064B73
:206F400053F8210008BD00BF68F70100A2060200D6F801006F0602005CF70100142370B541
:206F600005790A4C6B43E618E35833B90221006806F0F5FC08B101233372142303FB0544F8
:206F8000207A023818BF012070BD00BF180A00202DE9F74F0B7F06460C461BB3677F218B13
:206FA00094F815C0A57D94F81AE0E07E33685FB9D4E90198E7682268C3F86025C3F8649594
:206FC000C3F86885C3F86C750A0440D53A493B4840F246333A4A05F029FD40F246313848D1
:206FE00005F01BFD4FF00108DFF8D8A00D1F01F1100701F10C0955F804BFBBF1FF3F1AD0CD
:207000003B78CDF804B001A8D3B1FFF77DFF019B08FA03F3436001A8CDF804B0FFF774FFE3
:20702000019B00EB8300D0F8803003EA0A0343F00303C0F88030A94507F10107DBD1ADE705
:20704000FFF762FF019B08FA03F38360E3E7C3F80CC5C3F8045500254EEA0022C3F80815A1
:20706000C3F8102530680F34C0F81051D0F81021C0F80851D0F80821C0F80C51D0F80C2127
:20708000C0F30830FCF70EF9012014F8011F336800FA05F251B1D3F818150A430135042D84
:2070A000C3F81825F1D103B0BDE8F08FD3F8181521EA0202F2E700BF2C0E0200D6F8010095
:2070C00030070200F0F0FCFF2DE9F041142690F804800D4C06FB08F6A71997F808C0BCF1F3
:2070E000000F0ED1A2517B6019B10B7F3B74FFF74FFF142303FB0844012304482372BDE862
:20710000F0810348FBE700BF180A00200000AD0B0C00AD0B2DE9F041154614221F4603799B
:2071200004462B4803EB830600EB860602FB0300037A88465BB9274940F26713264A27484A
:2071400005F074FC40F26711234805F066FC4DB923494FF4B473204A204805F067FC4FF415
:20716000B471F1E70B6803F06043B3F1005F09D01C4940F26913184A184805F057FC40F2DE
:207180006911E1E70A4620680021FFF74FFE424601212068FFF74AFE226805F0010303EB90
:2071A0005505C2F81455FA0710D417F0020203D0002B14BF0822042221682046C1F8002277
:2071C0003A463146BDE8F04106F0F3BB1022F3E7180A0020910E02004D0E0200D6F8010023
:2071E000BD0E0200D00E0200142370B5164D0679044603FB06531B7A5BB91449144840F26F
:20720000BF13144A05F012FC40F2BF11114805F004FC00220368C3F80022012203685A6039
:2072200069B12046FFF79AFE0028FAD000222368C3F80025142303FB065501232B7220460A
:20724000BDE87040FFF78ABE180A0020910E0200D6F801004D0E0200142108B50A4B0279CA
:2072600001FB02331B7A5BB90849094840F2DD13084A05F0DBFB40F2DD11064805F0CDFB28
:20728000BDE80840FFF76ABE180A0020F90E0200D6F801004D0E0200B22110B51A4806F07C
:2072A0005EFBC106044608D5184BDA68520704D51A6812B1012059689047A00608D5134BD1
:2072C000DA68110704D51A6812B1022059689047220608D50D4BD86810F0100003D11A6879
:2072E0000AB159689047A3070DD50022064BC3F800250122054B1A721A6822B1BDE8104013
:2073000003205968104710BD00200D50180A0020064C08B50649074840F2A923224605F09E
:2073200085FB40F2A921204605F077FB3D0F0200710F0200D6F80100202908B501D9FFF78F
:20734000E7FF054B40EA0120C3F80005D3F80024D207FBD508BD00BF00B00450054BD3F8B1
:2073600040031C2804D0A0F12F035842584170470120704700C0FF0008B503685F2B4FEA83
:20738000531107D80C4A03F01F0352F82120DA40D2070BD409490A4840F2CA33094A05F0C7
:2073A00045FB40F2CA31074805F037FB0360064B53F8210008BD00BF80F70100A206020024
:2073C000D6F801006F06020074F7010073B51446421C06460D4618D0012902D1BBB106F035
:2073E0007EFB01A80196FFF7C7FF019B094A00EB8300D0F88010A30043EA45032B430A4093
:20740000134343F4A063C0F8803002B070BD06F072FBE6E7F0F0FCFF03460E4A10B50E48CE
:207420000E4CA34218BF1046B0FBF1F201FB120082420DD912F001000AD17E2A07D8A34250
:2074400014BF022304239A4234BF0020012010BD0020FCE70024F4000020A10700A0045059
:207460002DE9F74F91F8213006460C4690F804A0002B00F0A2804FF0010891F822907E4886
:2074800032687E4D7E496369824208BF0D46B5FBF3F5FFF763FF7B4FA0B1022D40F2918099
:2074A000237E13F0FD0F40F08C806B080133DBB2994538BF9946242303FB0A739A7F42F0EB
:2074C00008029A77242202FB0A7394F82300997F60F3000199773379217C02FB03739A7FD1
:2074E00061F341029A7794F823B0BBF1000F23D1237E5A46012B94BF002301230121206825
:20750000FFF764FF5B465A4601216068FFF75EFF5B465946A27EA068FFF758FF237C5A46A0
:207520000121E06883F00103FFF750FF01235A461946E069FFF74AFF2423B8F1000F47D064
:207540004FF0FF3203FB0A731A62637EA07C217ED4F80CC094F81080019394F824E094F8C4
:2075600020A03368BEF1000F12D1D4E900B2D4F808E0E469C3F800B6C3F80426C3F808E6A0
:20758000C3F80C46C3F810C6C3F8B885C3F8B095C3F8C005384883420CBF042002208542B8
:2075A00029D239494FF49C63384A394805F03EFA4FF49C61354805F030FA98464FF00209D8
:2075C0005DE7242303FB0A739A7F6FF3C30278E703FB0A7AE2689AF81E30CAF82020227CBA
:2075E0004FF0FF3C62F341038AF81E30637EA07C217E0193B1E77E2D09D9264940F2E1438E
:20760000224A234805F012FA40F2E141D2E7EA0709D5214940F2E2431C4A1D4805F006FA35
:2076200040F2E241C6E7019AC3F82C55003A18BF0122022916D0032917D0012901D142F0EB
:207640000202C3F854252422C3F8ACA533795343FB586BB13068C0F3083003B0BDE8F04FD5
:20766000FBF720BE42F00402EBE742F00602E8E703B0BDE8F08F00BF00A004500024F40085
:207680000020A1072C0A0020CA0F0200970F0200D6F801001610020064100200431C07B5C1
:2076A0000ED0019001A8FFF767FE019B00EB8300D0F88020044B134043F00203C0F88030A3
:2076C00003B05DF804FB00BFF0F0FCFF2DE9F84F0446914698460D4659B9184918484FF444
:2076E0001673184A05F0A2F94FF41671154805F094F924230779DFF85CB05F430BEB070617
:2077000096F81CA0BAF1000F13D149690068FFF783FE80B1204629464BF80790C6F80480CE
:20772000FFF79EFE0123084886F81DA03377BDE8F88F0648FBE70648F9E700BF880E02007D
:20774000D6F801007D1002000000AD0B0C00AD0B0400AD0B2C0A00202DE9F8432427067922
:20776000264D7743EB191B7F04465BB92449254840F2B923244A05F059F940F2B9212248CD
:2077800005F04BF90068C0F30830FBF799FDEB5953B123681D4A06EBC601C3F80823206875
:2077A00005EB810106F082F9242707FB06572368D3F80006D3F80486D3F80896BB7FDB0706
:2077C00014D4FFF76BFF4846FFF768FF4046FFF765FF386AFFF762FF2368D3F80C06D3F86A
:2077E0001046FFF75BFF2046FFF758FF242303FB065500232B77BDE8F88300BF2C0A002096
:20780000910E0200D6F801007D1002000700F81F2DE9FF4724230679954F824603FB067306
:207820001B7F0D4690465BB9924940F2AD33924A924805F0FBF840F2AD318F4805F0EDF825
:207840000B685BB94B684BB18D4940F2AE338A4A8A4805F0EBF840F2AE31EEE7D5E90223C2
:2078600052B95BB1874940F2AF33834A834805F0DDF840F2AF31E0E71B0C01D1EB884BB16A
:2078800081494FF46C737C4A7C4805F0CFF84FF46C71D2E718F008090FD0242303FB067327
:2078A0001B6A013309D0794940F2B333724A734805F0BCF840F2B331BFE724237343FA1871
:2078C000517F002940F0BD80FB5823B118F0140F04BF01235377242495E80F0004FB0674F2
:2078E00004F10C0C8CE80F00206A431C04D0A37F9C071AD506F0F3F82B68DAF8004023B12D
:2079000003F06043B3F1005F06D1AB6883B103F06043B3F1005F0BD02423002203FB06735C
:207920005B485A7704B0BDE8F08706F0E4F8E3E718F0010318BF0123C4F84C3718F0020314
:2079400018BF0123EA46C4F8143795E80F0000258AE80F00039BC4F83C07C4F84017C4F857
:207960000427C4F80837C4F80851D4F808310723C4F80035FFF7F2FC00283ED02423734395
:20798000FA18917F080738D58221C4F8841CF958002958D0C4F80051D4F800310123C4F81E
:2079A0000433B9F1000F43D10123236024237343FA58F918002A3BD1FFF7D0FC20B18B7FE9
:2079C000190748BFC4F8842C242303FB0673186A431C07D0242303FB06739B7F9D0724D529
:2079E00006F089F8B9F1000F1DD106EBC606204607EB860106F05AF815E0B9F1000FD5D131
:207A000024237343FB58002BCED101232360D4F80831002BFBD052460421204606F008F891
:207A2000C4E706F05CF81B487CE706F058F8D9E7042318F0040F14BFC4F80833C4F8043386
:207A4000F1E715486EE7B9F1000FDED0FFF786FC0346106A3BB9411CE5D0937F9A07E0D58C
:207A600006F049F8DFE7431CC4F8841CB2D1DAE72C0A0020910E02007D100200D6F80100B5
:207A8000B91002000011020047110200F61102000A00AD0B0000AD0B0B00AD0B70B5FFF74D
:207AA0005DFCA8B1234B9B7F180711D5224BD3F80423D1070CD5D3F800214AB10022C3F8AB
:207AC0000021D3F80011C3F8842C0122C3F808231A4D04212A46184805F0AAFF48B355F8F3
:207AE0000C3CA5F10C045BB91549164840F21943154A04F09BFF40F21941134804F08DFFE6
:207B0000206A421C04D0A37F9B070FD505F0F3FF637F1BB10749084805F0C8FF0023237258
:207B20000A48D4E90031BDE87040184705F0D7FFEEE770BD2C0A002000A00450380A0020D8
:207B40002C120200D6F801007D100200340A002008B50A4A0A4B93420ED90A4919230A4A24
:207B60000A4804F063FF0A4804F060FF1921064804F053FF2033EEE7FCD308BDC4E9010080
:207B8000A4E801005D1202003A120200D6F801007512020070B50446EFF31186202383F3A0
:207BA0001288BFF36F8F0E4B9D6805F0C7FF042C0CD10C4987230C4A0C4804F037FF0C482E
:207BC00004F034FF8721084804F027FF86F31188BFF36F8F2846BDE87040FBF7EFBA00BF8D
:207BE000500A0020B612020094120200D6F80100D312020038B50A4B53F82040013053F87A
:207C00002050A54200D838BD606830B1037FDB0701D405F096FF0834F3E723689847FAE773
:207C20008CF70100012270B5374B032086B01A70FFF7E0FFFBF79EF80420FFF7DBFF334C43
:207C4000334DAC42264628D932494223324A334804F0ECFE324804F0E9FE42212E4804F072
:207C6000DCFE54F80C3C059354F8103C049354F8143C039354F8183C029354F81C3C019330
:207C800054F8203C009354E90A2354E90C0100F0C7FD54F8303C5E65D3E7AE4204F13004F3
:207CA000DFD301F02FFA194C1E4EAC421FD919496623194A194804F0B9FE194804F0B6FEDE
:207CC0006621CBE7D4E90A23B3F1FF3F08BFB2F1FF3F05D052EA0301206803D101F07AFC1F
:207CE0003034E2E73146183002F012F8F8E7E9D301F076FAFAF778FB0B4A137B23F0010342
:207D0000137306B070BD00BFC41000203CF201003CF201002913020008130200D6F80100BF
:207D20007512020037DC01003805002008B50348034A0021121A05F01BFF08BD5804002057
:207D4000C8100020D02370B5134E012203FB0066002386B0CDE904230F220193CDE9023246
:207D600018234FF4A0720D4D0D4903FB0055044602FB00110B4B3046009500F051FD737B8B
:207D80002C7423F004037373074B013403EBC423EE606B6006B070BD68040020500A0020E5
:207DA000C81800207D7E0100C8100020BFB50020FFF720FF294B03F5006282F3088883F3DD
:207DC0000A880024E023264D264F85F82230EC772C766C76AC7685F820406B6A43F4E0233E
:207DE0006B6285F82340FBF767F9FBF75DFB4FF0FF33AB62EB62FBF719FDFBF77DFB1A489B
:207E000000F0ACFDFFF7A4FE0120FFF7F3FE0220164DFFF7EFFE01F073FA154B15499D61A7
:207E2000154B4FF47052059301232846CDE90343CDE901443B46009400F0F2FC06466A7B98
:207E4000284622F004026A7300F004FF2046FFF779FF3A4631462846FBF7FEFAC8100020B1
:207E600000ED00E0257C01000806002038050020500A0020081A00205613020008B50D4BCC
:207E80009B6893F90E30002B09DB2024EFF3118384F31288BFF36F8F04F0B7FEF6E70649B6
:207EA00006481C23064A04F0C1FD1C21044804F0B4FD00BF500A00207C130200D6F801006C
:207EC0005B1302002DE9F341044617461E46EFF3058565B158496F23584A594804F0A6FD4E
:207EE000584804F0A3FD6F21544804F096FDEFF31188202383F31288BFF36F8F524801F092
:207F000091FE60B98823514A51494D4804F08EFD4D49504804F08AFD88214C48E5E74A4881
:207F200001F0A4FEE3684C4A9BB1A0689168884229D057EA06032ED1434801F081FEA0B128
:207F400088F31188BFF36F8F6FF00F0002B0BDE8F081916891F90E100133E36093683A4892
:207F60002161A36001F06CFE78B940F23113374A3A49334804F05AFD3349394804F056FD6C
:207F800040F23111C9E72169E6E788F31188BFF36F8F0020DAE791F90E1090F90E306FF0F3
:207FA0007E029942A8BF19469142B8BF11468B4202DD05F0E1FD054622464146CDE900761A
:207FC000214800F0E9FE0028E3D0EFF31186202383F31288BFF36F8F1B4801F023FE00286D
:207FE00090D0194801F042FEA068C0B1236821699C420AD04BB193F90E309942A8BF1946E2
:208000006FF07E039942B8BF194605F0B5FD30B131460D4801F01CF86FF00A0096E7002D63
:20802000F6D1094801F00CFE00289ED086F31188BFF36F8FF0E700BFC6130200A4130200AB
:20804000D6F80100D8130200740A002076FF0100CFFF0100E4FF0100500A0020A3FF010080
:20806000BAFF0100F8B50546EFF3058363B15549D723554A554804F0D9FC554804F0D6FCD0
:20808000D721514804F0C9FC8368002B00F09380504A9268934240F09180C3683BB94E491D
:2080A000EF23494A494804F0C1FCEF21E9E7012B03D0013BC3600020F8BDEFF31187202408
:2080C00084F31288BFF36F8F444801F0ABFD60B98823434A43493D4804F0A8FC3F494248AE
:2080E00004F0A4FC88213E48CCE73C4801F0BEFD2969A86805F040FDEFF3118384F312887F
:20810000BFF36F8F83F31188BFF36F8F5BB93749B023374A2D4804F089FC364804F086FC26
:20812000B0213348AEE72C68A54215D100232B48C5E9023301F084FD002837D140F231136C
:20814000274A2D49214804F071FC24492B4804F06DFC40F23111C6E7002CE7D0A3683BB92E
:2081600027499923224A194804F060FC9921D8E70026D4E9003213605A60637BC4E900660A
:2081800023F002036373A66004F1180001F0A4FEAC6094F90E3020462B61C4F8886000F0EE
:2081A00059FD39460D4800F053FF84E787F31188BFF36F8F7FE76FF015007DE74FF0FF3079
:2081C0007AE700BFC6130200A4130200D6F80100D8130200500A0020FD130200740A002005
:2081E00076FF0100CFFF0100E4FF01003F1402001414020057140200A3FF0100BAFF01000D
:208200005A14020008B583684BB90B490B4899230B4A04F00BFC9921094804F0FEFBD0E9DE
:20822000003213605A600023427BC0E9003322F002024273836008BD5A140200D6F8010071
:208240001414020070B50446EFF31186202585F31288BFF36F8F304801F0E4FC60B98823F8
:208260002E4A2F492F4804F0E1FB2B492E4804F0DDFB8821294818E0274801F0F7FCEFF3CA
:20828000118385F31288BFF36F8F83F31188BFF36F8F63B92549B023254A224804F0C6FBDE
:2082A000244804F0C3FBB021214804F0B6FB2568AC4213D095B12846FFF7A4FF05F1180008
:2082C00001F00AFE00232846C5F8883000F0C2FC3146BDE87040104800F0BABED4E9023274
:2082E0009A4218BF01330C48A36001F0A9FC68B940F23113094A10490A4804F097FB064940
:208300000E4804F093FB40F23111B3E786F31188BFF36F8F70BD00BF780A002076FF0100B1
:20832000CFFF0100D6F80100E4FF01003F1402001414020057140200A3FF0100BAFF010072
:20834000F7B5044616461D46EFF305837BB152EA05030CD02D4988232D4A2E4804F066FB4F
:208360002D4804F063FB8821294804F056FBEFF31187202383F31288BFF36F8F274801F0FA
:2083800051FC60B98823264A2649224804F04EFB2249254804F04AFB88212148E5E71F48F0
:2083A00001F064FCA368D3B1013B1C48A36001F047FC68B940F23113194A1C49154804F056
:2083C00035FB16491A4804F031FB40F23111E4E787F31188BFF36F8F002003B0F0BD56EACA
:2083E00005030BD10D4801F02BFC0028E2D087F31188BFF36F8F6FF00F00EEE72246394665
:20840000CDE90065054800F0C7FCE6E79114020071140200D6F8010057140200780A002068
:2084200076FF0100CFFF0100E4FF0100A3FF0100BAFF01002DE9F8430546EFF31188202758
:2084400087F31288BFF36F8F314801F0EBFB064660B988232F4A3049304804F0E7FA2C4944
:208460002F4804F0E3FA88212A481BE0284801F0FDFB6FF00A090023EFF3118287F3128827
:20848000BFF36F8F82F31188BFF36F8F62B92549B023254A214804F0C9FA244804F0C6FA63
:2084A000B021214804F0B9FA2C68A5420ED06CB12046FFF7A7FE04F1180001F00DFD2046F6
:2084C000C4F8889000F0C6FB3346D5E70022AA602BB14146BDE8F8430D4800F0B9BD0C4864
:2084E00001F0AEFB68B940F231130A4A10490B4804F09CFA06490F4804F098FA40F2311121
:20850000B2E788F31188BFF36F8FBDE8F88300BF780A002076FF0100CFFF0100D6F8010069
:20852000E4FF01003F1402001414020057140200A3FF0100BAFF01002DE9F0430446764EB7
:20854000764F85B0EFF31188202383F31288BFF36F8F304601F066FB68B98823704A71499B
:20856000714804F063FA6C49704804F05FFA88216B4804F052FA304601F078FBD4F8D450D1
:20858000F5B9022104F1EC0005F011FB002840D004F1E40500220121284601F0A1F90028AD
:2085A000F8D100234FF0FF3202934FF0FF334146CDE90023304604F1DC0201F0EFF9C1E72F
:2085C000D4F8D8202B68954208BFC4F8D830C4F8D430D4F8EC30304643F00203C4F8EC30B4
:2085E000EB68D5F8049023F0040343F00103EB6001F026FBF8B940F23113494A4C494A4838
:2086000004F014FA44494B4804F010FA40F23111AEE7D4F8EC30DD06C3D5C4F8EC003E48A0
:2086200001F00EFB0028E6D088F31188BFF36F8F05B0BDE8F08388F31188BFF36F8FB9F163
:20864000000F0AD13C49384840F2AB233B4A04F0EDF940F2AB2139488BE72846C847EFF37C
:208660001188202383F31288BFF36F8F304601F0D9FA00283FF471AF304601F0F7FAEB68FE
:20868000D90623F0010231D4EA60EB689A0716D5386823F00203EB6088B10021036870B1CE
:2086A0004268954230D1036841BB7A683B60824200D17B60002340F8083BFFF7C3FDD4F8C4
:2086C000EC30304623F00203C4F8EC30C3F3002501F0B6FA00288ED088F31188BFF36F8F52
:2086E000002D7FF42FAF00F013FE2BE723F01103EB6005F11000FFF7A5FDC6E70B607B68DE
:20870000834208BF7960D5E723B11A68014618461346C4E71A46F9E7840A00207C0A0020A5
:2087200076FF0100CFFF0100D6F80100E4FF0100A3FF0100BAFF010000150200DF140200D8
:20874000F0B589B004460E9D58B92F4940F2F1232E4A2F4804F06AF940F2F1212B4804F086
:208760005CF949B92B4940F2F223284A284804F05DF940F2F221F1E7D0F8EC0010F00100E9
:2087800009D0254940F2F323204A214804F04EF940F2F321E2E7C4E9350004F1DC00C4E9CD
:2087A000370004F1E400C4E9390055B32879002840F2011008BF0120C4F8EC0000204FF0C0
:2087C000FF364FF0FF37CDE90330CDE90100CDE906672046114B009400F07AF855B12968DD
:2087E00011B1204605F0F4F96B791BB1237B43F001032373204600F0EDFEC4F8D04009B08E
:20880000F0BD0120D8E700BF4B150200DF140200D6F8010051150200171502003985010091
:208820007FB50B9E04460F2E2ED1234883422FD104F15800C4E916000C9800252073042015
:20884000073222F00702C4E91D12A6738E180A9A6073C4E90655A560E573E5670292099ACA
:2088600020460192089A00923246FAF7B1FD134B65659B6884F86C500BB1D3F880303046A4
:20888000C4F8803004B070BD06F110001E28CFD940F205230A4A0B490B4804F0C7F8314617
:2088A0000A486FF00F030E2204F0C0F840F20521034804F0B2F800BF7D7E0100500A0020A3
:2088C000571502007A150200D6F80100FA150200F0B587B00446DDE91276EFF3058575B1B3
:2088E000194940F29223194A194804F09FF8194804F09CF840F29221144804F08EF80595A2
:20890000109D04950F9D03950E9D02950D9D01950C9D0095FFF784FFB6F1FF3F08BFB7F140
:20892000FF3F05D056EA070305D1204600F052FE204607B0F0BD3A46334604F1180006493F
:2089400001F0E6F9F4E700BFC613020057150200D6F801002B16020037DC010040F20113F8
:208960008381002310B50446C0E91D3301F004FC014B9C6010BD00BF500A00206FF00A011F
:20898000094A9368C3F888100849C3F884004B6843F080534B60002383F31188BFF36F8F60
:2089A0009368D3F888007047500A002000ED00E038B590F90D200146002A437B11DA03F0BB
:2089C0007F0343731B4B984209D11B491B4856231B4A04F02BF85621194804F01EF805F0B2
:2089E000FAF8184D2A4652F81C4FAB68944200D004B9EC688B4214D05BB91349D523134ABB
:208A00000E4804F013F8124804F010F8D5210F48E3E75A7BD20604D1DA897F2A01D9A26921
:208A20002AB1A34202D0204601F070F82346AB6138BD00BF6804002072160200D6F80100D7
:208A400050160200500A0020BF160200931602005714020008B583684BB90949094899233A
:208A6000094A03F0E3FF9921074803F0D6FF05F0B2F8437B23F0020343730023836008BD07
:208A80005A140200D6F801001414020070B590F90D20437B002A50DBD9064ED163F07F03AC
:208AA0004373274B984209D1264927484F23274A03F0BCFF4F21254803F0AFFF244C224615
:208AC00052F81C3F216A934207D1C0E900210860206211E09942F8D01B68002BF5D090F975
:208AE0000E5093F90E60B542F4D0AE42F2DD5968C0E9003108605860E569954200D005B936
:208B0000E568A3685BB91349D523134A0E4803F08DFF124803F08AFFD5210F48CCE75A7BB8
:208B2000D20604D1DA897F2A01D9AA6932B1AB4202D0284600F0EAFFA56170BDA361FCE78C
:208B40006804002072160200D6F8010050160200500A0020BF16020093160200571402005F
:208B600070B590F90D200146002A437B314C10DA03F07F03A042437309D12F4956232F4A33
:208B80002F4803F053FF56212C4803F046FF05F022F84B7BA14263F07F034B7307D1264964
:208BA0004F23264A264803F041FF4F21ECE7254C224652F81C3F206A934207D1C1E9002070
:208BC0000160216211E09842F8D01B68002BF5D091F90E5093F90E60B542F4D0AE42F2DD4F
:208BE0005868C1E9003001605960E569A368954200D005B9E5688B4214D05BB91249D5239E
:208C0000124A0F4803F012FF114803F00FFFD5210E48BAE75A7BD20604D1DA897F2A01D9EE
:208C2000AA692AB1AB4202D0284600F06FFF2B46A36170BD6804002072160200501602009B
:208C4000D6F80100500A0020BF160200931602005714020038B50446EFF31185202383F374
:208C60001288BFF36F8F174800F0DCFF68B98823154A1649164803F0D9FE1249154803F023
:208C8000D5FE8821104803F0C8FE0E4800F0EEFF2046FFF7FBFE0B4800F0D2FF68B940F258
:208CA0003113094A0C490A4803F0C0FE05490B4803F0BCFE40F23111E4E785F31188BFF375
:208CC0006F8F38BD880A002076FF0100CFFF0100D6F80100E4FF0100A3FF0100BAFF01009A
:208CE00070B504460D46EFF31186202383F31288BFF36F8F214800F095FF68B98823204A13
:208D00002049214803F092FE1C49204803F08EFE88211B4803F081FE184800F0A7FF00231B
:208D200094F86C10627B84F86C3091B18DB1134800F086FFE8B940F23113114A14491248BD
:208D400003F074FE0D49134803F070FE40F23111DFE712F0280FEAD1A36813B12046FFF743
:208D600079FE637B204623F004036373FFF78EFEDDE786F31188BFF36F8F70BD880A002061
:208D800076FF0100CFFF0100D6F80100E4FF0100A3FF0100BAFF01002DE9F047DFF800A1B9
:208DA000344D1746DDE90898DAF80820324BA84204460E461A600BD13049314840F2722361
:208DC000304A03F033FE40F272212E4803F025FEEFF31183202383F31288BFF36F8F2846BD
:208DE00000F020FF60B98823274A2849244803F01DFE2946264803F019FE88212248E5E77E
:208E0000284600F033FFDAF808503946284604F0EAFEB8F1FF3F08BFB9F1FF3F06D04A46D3
:208E200043461C4905F1180000F072FF204600F007FF68B9184940F26B13134A104803F09F
:208E4000F5FD2146154803F0F1FD40F26B11D5E7084800F0F5FE40B90F4940F26B130A4A89
:208E6000074803F0E3FD0349ECE73046BDE8F047FFF784BD880A00208C0A0020E6160200C2
:208E8000D6F801005016020076FF0100CFFF0100E4FF010037DC0100A3FF0100BAFF010001
:208EA000500A00202DE9F04104460D46EFF31187202383F31288BFF36F8F584800F0B2FE97
:208EC00060B98823564A5749574803F0AFFD5349564803F0ABFD8821514818E04F4800F0BA
:208EE000C5FE637B03F01F02002A0CBF012600265DD103F07F0363734D4B9C4209D14D491C
:208F0000494856234C4A03F091FD56214A4803F084FDDFF83881204604F05DFE4246637B08
:208F20006DB263F07F03A573637352F81C3F93423AD1D8F82010C4E900210C60C8F8204070
:208F40000FE09942F7D01B68002BF4D093F90E008542F6D0A842F4DD5968C4E900310C6021
:208F60005C60D8F81C40944200D00CB9D8F80C40D8F808309C4202D0204600F0C7FDC8F8F0
:208F80001840264800F05CFE00283FD140F23113234A2A49244803F049FD2049284803F0C2
:208FA00045FD40F2311197E7D8F82010CCE79B072AD5A16841B923491B489923224A03F03C
:208FC00035FD99212048A2E720466DB204F003FEA5730B68994209D14B68C4E900131C600B
:208FE0004C60CEE74A689342F6D01B68002BF3D093F90E209542F5D0AA42F3DD5A68C4E9D1
:20900000003214605C60BCE7A573BAE787F31188BFF36F8F3046BDE8F08100BF880A0020D2
:2090200076FF0100CFFF0100D6F80100E4FF0100680400207216020050160200A3FF010017
:20904000BAFF01005A14020014140200500A002070B504460D46F9B9EFF30586E6B91A4B5D
:209060009A699B689A4217D000F0EAFD78B940F26B13164A1649174803F0D8FC21461648C5
:2090800003F0D4FC40F26B11104803F0C6FC3046BDE87040FFF772BC204600F0D1FD68B91E
:2090A00040F23113094A0A490A4803F0BFFC2146094803F0BBFC40F23111E5E785F31188E1
:2090C000BFF36F8F70BD00BF500A002076FF0100A3FF0100D6F80100BAFF0100034648B98E
:2090E000EFF3058232B9064A91699268914201D0FFF744BC83F31188BFF36F8F704700BF09
:20910000500A002010B5EFF31184202383F31288BFF36F8F264800F085FD60B98823254A83
:209120002549264803F082FC2149254803F07EFC8821204810E01E4800F098FDEFF3058348
:2091400063B120498F23204A1C4803F06FFC1F4803F06CFC8F211C4803F05FFC1C4B9A6827
:20916000D37B012B0AD11B499023174A134803F05DFC164803F05AFC9021ECE7013BD373CE
:209180000B4800F05DFD68B940F23113094A12490A4803F04BFC0649104803F047FC40F252
:2091A0003111C6E784F31188BFF36F8F10BD00BF880A002076FF0100CFFF0100D6F80100AE
:2091C000E4FF0100C61302001414020057140200500A00201F170200A3FF0100BAFF01002A
:2091E00070B5EFF31186202383F31288BFF36F8F374800F017FD60B98823364A3649374809
:2092000003F014FC3249364803F010FC8821314813E0344D2E4800F029FDAB68DA7B72B99E
:20922000314940F20D33314A2C4803F0FFFB304803F0FCFB40F20D312C4803F0EEFBEFF362
:20924000058161B12B4940F20E33284A234803F0EDFB274803F0EAFB40F20E31ECE7013219
:20926000DA732A4652F81C4F944200D004B9EC685A7BD20604D1DA897F2A01D9A2692AB177
:20928000A34202D0204600F041FC23461048AB6100F0D6FC68B940F231130E4A16490F4850
:2092A00003F0C4FB0A49154803F0C0FB40F23111ADE786F31188BFF36F8FEFF3118020231E
:2092C00083F31288BFF36F8FBDE87040FFF706BF880A002076FF0100CFFF0100D6F80100F8
:2092E000E4FF0100500A0020501702005016020057140200C6130200A3FF0100BAFF01009A
:20930000024B03F11C02C3E907227047500A002070B5EFF3058373B1394940F22443394A97
:20932000394803F083FB394803F080FB40F22441344803F072FBEFF31186202383F312880D
:20934000BFF36F8F324800F06DFC60B98823314A31492D4803F06AFB2D49304803F066FBC2
:2093600088212C48E5E72E4C294800F07FFCA168206A0B68814214BF1A46002249680B6074
:209380005960A368216A2AB9264AC3E900210B6023620CE093F90E0092F90E50A84225D020
:2093A000854223DD5168C3E900210B605360E5691C4B9D4200D005B9E568A3689D4202D017
:2093C000284600F0A3FB1248A56100F039FC88B940F26B130F4A14490B4803F027FB0C49A8
:2093E000124803F023FB40F26B11BAE78A42CBD01268C8E73046BDE87040FFF7BFBA00BF2A
:20940000C613020050160200D6F8010057140200880A002076FF0100CFFF0100E4FF0100F2
:20942000500A00206C0A0020A3FF0100BAFF01002DE9F04106460C46EFF3058777B13449C7
:2094400040F23C43334A344803F0F0FA334803F0EDFA40F23C412F4803F0DFFA50EA010300
:2094600004D1FFF755FF0020BDE8F081EFF31188202383F31288BFF36F8F294800F0D2FBEB
:2094800060B98823274A2849234803F0CFFA2449264803F0CBFA88212248DDE7244D2048BC
:2094A00000F0E4FBA868234B1860FFF781FAA868234632462049183000F02AFCAA68044662
:2094C000537B174843F00403537300F0B9FB68B940F26B13134A19490F4803F0A7FA1049E7
:2094E000174803F0A3FA40F26B11D5E74046FFF745FAAB68D3E90A23B3F1004F08BFBA42A6
:20950000B1D104F0B3FB201A20EAE070ACE700BFC613020050160200D6F8010057140200C2
:20952000880A002076FF0100CFFF0100E4FF0100500A00208C0A002037DC0100A3FF010069
:20954000BAFF010070B504460E46EFF3058575B11B4940F266431B4A1B4803F067FA1B483E
:2095600003F064FA40F26641164803F056FAFFF75FFFB6F1FF3F08BFB4F1FF3F034620468E
:2095800017D04FF47A7247F611202946C3FB020147F61223984271F100030BD30C4B83426C
:2095A00043F608538B4107D347F612220023F6F7FBFF70BD2846FCE76FF00040F9E700BF3A
:2095C000C613020050160200D6F8010057140200ED85FFFF38B50446EFF31185202383F334
:2095E0001288BFF36F8F204800F01CFB68B988231E4A1F491F4803F019FA1B491E4803F0EC
:2096000015FA8821194803F008FA174800F02EFB637B5B0710D504F1180000F05DFC637B6B
:20962000204623F004036373FFF730FA2946BDE838400D48FFF70CBD0B4800F001FB68B9B4
:2096400040F23113094A0D490A4803F0EFF906490B4803F0EBF940F23111D3E785F3118806
:20966000BFF36F8F38BD00BF880A002076FF0100CFFF0100D6F80100E4FF0100A3FF010039
:20968000BAFF0100014B9868704700BF500A00202DE9F8430446077BEFF31185202383F386
:2096A0001288BFF36F8F7D4800F0BCFA68B988237B4A7C497C4803F0B9F978497B4803F0BF
:2096C000B5F98821764803F0A8F9744800F0CEFA637B190717D5714800F0B2FA68B940F2DB
:2096E00031136F4A7249704803F0A0F96B49714803F09CF940F23111E4E785F31188BFF377
:209700006F8FBDE8F883D90943F0080240F083806273A36813B12046FFF79CF904F1180037
:2097200000F0DAFBA66D04F15808B04511D04FF0000976B13046FFF78DF906F1180000F0C6
:20974000CBFB3046C6F88890FFF7A0F9A66DB045EFD1DFF88881D8F808309C4270D1EFF3B7
:209760000589B9F1000918BF4FF00109D8F81C60514A964200D00EB9D8F80C60B34202D02F
:20978000304600F0C3F92046C8F81860F9F740FEB9F1000F02D04948FFF7E0F8D8F80830E9
:2097A0009C4260D1EFF30586002E5CD1237BDA071FD53A4800F044FA002890D085F3118816
:2097C000BFF36F8F86F31188BFF36F8F0423184602DFEFF31185202383F31288BFF36F8F36
:2097E0002E4800F01FFA00283FF461AF2B4800F03DFA2A4800F024FA28BB40F26B13284A60
:209800002B49294803F012F924492A4803F00EF940F26B1156E703F07F0343F00803637318
:20982000274B9C4208D127495623274A1E4803F0FDF85621244846E7204604F0CCF968E7D9
:209840004FF0000992E72846FFF798F81F494FF4DD731D4A144803F0E9F81D4803F0E6F88B
:209860004FF4DD71E6E70D4800F0EAF900283FF436AF85F31188BFF36F8FFB077FF541AFFB
:2098800040F23D53104A1349074803F0CFF82146114803F0CBF840F23D51CBE7880A0020AD
:2098A00076FF0100CFFF0100D6F80100E4FF0100A3FF0100BAFF01006C0A0020080600208F
:2098C000680400207216020050160200811702008C170200AE170200B9170200500A0020B8
:2098E0002DE9F843064688461746EFF31189202383F31288BFF36F8F214800F093F90546F1
:2099000068B988231F4A2049204803F08FF81C491F4803F08BF888211A4803F07EF81848B1
:2099200000F0A4F93468A6421FD004B32046C4F888802761FFF78EF804F1180000F0CCFA7F
:209940002046FFF7A3F80E4800F07AF988B940F231130C4A0F490D4803F068F808490E48A3
:2099600003F064F840F23111D6E70025EBE72546E9E789F31188BFF36F8F2846BDE8F883E2
:20998000880A002076FF0100CFFF0100D6F80100E4FF0100A3FF0100BAFF0100D3B5DDE972
:2099A0000667089CCDE90067FFF7F6F91CB1034B9B681B69236002B0D0BD00BF500A0020F7
:2099C0002DE9F84306460F469046EFF31189202383F31288BFF36F8F1F4800F023F968B9AC
:2099E00088231E4A1E491F4803F020F81A491E4803F01CF88821194803F00FF8164800F059
:209A000035F93468A6421CD10025134800F018F9D0B940F23113114A1449124803F006F824
:209A20000D49134803F002F840F23111E3E741462046B84705460028E7D17368A342E3D0C0
:209A40002468002CF3D1DFE789F31188BFF36F8F2846BDE8F88300BF880A002076FF01008A
:209A6000CFFF0100D6F80100E4FF0100A3FF0100BAFF010008B568B10F4B98420AD303F12C
:209A80001802904206D21822C01AB0FBF2F302FB13034BB109490A4838230A4A02F0C6FF45
:209AA0003821084802F0B9FF0122074BC0105843064B1A5408BD00BFD8060020FF1702001A
:209AC000D6F80100D7170200ABAAAAAAC5100020C3897F2B12D80A4B1B6863B1094B90F980
:209AE0000E201B689A4209DB437BDB0606D1064BC31A18BF012303F0010070470023FAE7A7
:209B000068010020900A00206804002070B50E4B0E4C1E7C054606EB460304EBC304204663
:209B200000F0DAF900220A4B28469A55FFF7D0FF48B1084B2046BDE870401A680649013AB6
:209B4000D31700F0E5B870BD500A0020D8060020C510002068010020759A010038B5EFF38C
:209B60001185202383F31288BFF36F8F234800F059F868B98823224A2249234802F056FF4B
:209B80001E49224802F052FF88211D4802F045FF1A4800F06BF81E4B1E4A9C681068A04289
:209BA00013D1FFF7B3FF154800F04AF808BB40F23113134A1849144802F038FF0F49174857
:209BC00002F034FF40F23111DFE700211B7C1160134AD35C002BE6D02046FFF779FF002894
:209BE000E1D0637BDB0602D12046FEF7B9FF2046D7E785F31188BFF36F8F38BD880A002083
:209C000076FF0100CFFF0100D6F80100E4FF0100500A00208C0A0020A3FF0100BAFF0100BF
:209C2000C5100020006838B1044B00F003001B7CC01A18BF0120704701207047500A00202A
:209C4000002302680360EFF30581074B19B19968497BC90706D4197C98680843831A58420A
:209C60005841704701207047500A0020024B1A7C9B68134303607047500A0020074808B566
:209C8000074A0849121A03F075FFBDE808400648064A0749121A03F06DBF00BF400000204A
:209CA00058040020A01E02004000002040000020A01E0200024B1868984208BF00207047A3
:209CC0006C010020034B1B680BB9FBF793BB0020704700BF940A002030B570B10B4B5B68AF
:209CE00098420AD0036843B1D3E90421D0E90445121941EB0501C3E90421D0E900321360E2
:209D00005A600023C0E9003330BD00BF6C010020B3F1FF3F08BFB2F1FF3F2DE9F74F044621
:209D200090469B4615461F4600F0B880D0F80090B9F1000F0CD05B4972235B4A5B4802F024
:209D400075FE5B4802F072FE7221574802F065FE8160EFF311830193202383F31288BFF314
:209D60006F8F5448FFF75EFF824660B98823524A52494E4802F05AFE4E49514802F056FEDD
:209D800088214D48E2E74B48FFF770FFB8F1FF3F7BF1FF334B4A1FDBFFF794FF06460135A5
:209DA0004BF1000B474A2D184BEBE073D2E90017C4E904536D1843EB0707FFF77BFF0346AD
:209DC000DFF810E1DEF80490F3B9C4E900E9C9F80040CEF8044029E06FF00103D2E90012CB
:209DE0005B1A4FF0FF3161EB0202B3EB080362EB0B02012B72F10001BCBF01234A464FF02E
:209E0000000AC4E90432D8E7D3E9041CD4E904208A4270EB0C0B2EDA891A5A686CEB0000D7
:209E2000C3E90410C4E9003214605C60FFF742FF84420ED1244B1B685BB9BAF1000F02D1E4
:209E4000FFF740FF0646304603F0F9FE0021FBF7E1FA1848FFF7F4FEB0B940F23113164AAC
:209E60001A49124802F0E2FD1249194802F0DEFD40F2311185E7521A60EB0C009945C4E99D
:209E80000420A2D01B689FE7019B83F31188BFF36F8F2846394603B0BDE8F08F00252F466A
:209EA000F7E700BFD4190200B0190200D6F8010057140200980A002076FF0100CFFF010008
:209EC000E4FF0100F0060020940A0020A3FF0100BAFF01006C01002070B50446EFF31186F8
:209EE000202383F31288BFF36F8F2348FFF79AFE68B98823214A2249224802F097FD1E496D
:209F0000214802F093FD88211C4802F086FD1A48FFF7ACFE236833B3FFF7CCFE05462046F0
:209F2000FFF7DAFE00224FF00043A542C4E9042306D1FFF7C7FE03F082FE0021FBF76AFA78
:209F400000240D48FFF77CFE80B940F231130B4A0E490C4802F06AFD07490D4802F066FD16
:209F600040F23111D0E76FF01504EAE786F31188BFF36F8F204670BD980A002076FF0100E0
:209F8000CFFF0100D6F80100E4FF0100A3FF0100BAFF01002DE9F04D0446EFF31186202389
:209FA00083F31288BFF36F8F4348FFF73BFE68B98823424A4249434802F038FD3E49424881
:209FC00002F034FD88213D4802F027FDDFF808813948FFF74BFEC8F80040FFF76BFE4FF05C
:209FE000000A04464FF0000B384FD8F80030D7E9001CD81754B1D4E90452AB4270EB020E01
:20A000001EDAED1A62EB0002C4E9045200245B184CEB0000C7E900302046C8F8004003F0E8
:20A020000EFE2146FBF7F6F92348FFF709FEA8B186F31188BFF36F8FBDE8F04DFFF78EBD26
:20A0400069184CEBE5732046C4E904ABC7E90013FFF742FE1848FFF7F3FD68B940F2311358
:20A06000164A1B49174802F0E1FC1349194802F0DDFC40F23111A6E786F31188BFF36F8FA3
:20A080002046A3689847EFF31186202383F31288BFF36F8F0848FFF7C5FD002888D006481E
:20A0A000FFF7E4FDD8F800305B1BC8F80030FFF701FE044699E700BF980A002076FF0100AD
:20A0C000CFFF0100D6F80100E4FF0100F0060020A3FF0100BAFF0100940A002070B5EFF3C6
:20A0E0001186202383F31288BFF36F8F1A48FFF799FD68B98823194A19491A4802F096FC61
:20A100001549194802F092FC8821144802F085FC1148FFF7ABFDFFF7D5FD144AD2E900456B
:20A12000041945EBE0750C48FFF78AFD68B940F231130A4A0E490B4802F078FC06490D480D
:20A1400002F074FC40F23111DFE786F31188BFF36F8F2046294670BD980A002076FF010067
:20A16000CFFF0100D6F80100E4FF0100F0060020A3FF0100BAFF0100014BC0F8803070477F
:20A180008003002038B50D4C0D4DAC4213D90D491A230D4A0D4802F049FC0D4802F046FCA3
:20A1A0001A21094802F039FC2046D4E9011203F063FD1834E9E7F7D3002038BD80030020C5
:20A1C000980300205C1A0200F4190200D6F801007512020007B5074B4FF4806200930649D0
:20A1E0004FF0FF330548FEF7ABFA002003B05DF804FB00BFA4F7010008660020F8060020D9
:20A20000F8B50D4E0D4C0E4D33680E48984767782B680C48984733680B489847022F08D136
:20A220002478E31F5C425C412B68074898472046F8BD0024F8E700BF980100209C0A002028
:20A2400094010020240400201004002070B51D4E1D4C33681D4898472378590744BF23F0E4
:20A260000403237023789A0705D500F0C1F8237823F002032370164D14482B689847336873
:20A2800014489847637813B1134803F02DFD002304211148637000F0CBF82B680D4898477E
:20A2A00033680A4898472378DB0705D503F019FD237823F0010323702B680448BDE87040F9
:20A2C000184700BF980100209C0A0020100400209401002024040020A00A00202DE9F0419F
:20A2E000FFF78EFF18B100242046BDE8F081364F36483B689847044620B16FF08F04FFF7EA
:20A30000A5FFF1E7324D2B78D80706D403F0E7FC04462B7843F001032B702E4E2B483368C7
:20A32000984710B1002CE8D0E9E7002CE7D13B682648984704460028DFD12B78990706D4B6
:20A3400000F04EF804462B7843F002032B7033681E4898470028E5D1002CD0D13B681B4876
:20A3600098470028C9D13368184895F8008098470028C2D13B681848984704460028BCD1B9
:20A380006B7843B918F0010F05D0144803F0AAFC022304466B7033680F4898470028C1D127
:20A3A000002CACD13B68094898470028A5D12B7806485A075CBF43F004032B7033689847C7
:20A3C000002890D099E700BF98010020100400209C0A00209401002024040020A00A00203C
:20A3E0000122024B002083F880257047A40A00202DE9F0410A4C002526464FF00108032788
:20A400002046C4F820802777013503F04BFC202D04F12C04F4D1002386F88035BDE8F081C9
:20A42000A40A0020014B1B68184700BF7401002010B50A46044619B1024B00211B689847D3
:20A4400010BD00BF7801002010B50C4C206800F0AFFD0B4A1368591C11604BB9094A482021
:20A46000D2F8003443F00703C2F80034F8F71AFF2068BDE8104000F0B5BD00BF800100206C
:20A48000281000200080045038B5164D286800F08FFD154B1C68013C1C60ECB94820F8F79B
:20A4A0000FFF0722114BC3F80823D3F8002422F00702C3F80024C3F80041D3F80021C3F897
:20A4C0000441D3F804214FF48072C3F80841D3F80831074BC3F888212868BDE8384000F0B7
:20A4E00081BD00BF80010020281000200080045000E100E070B50D4D0D4E2B68B34202D19C
:20A500000024204670BDFFF79FFF00F0A9FA00F0E5FA40B103F0F5FB0446FFF7B5FF002C9A
:20A52000EFD12E60ECE700F0D3F9F5E77C010020117365000022074BC3F81021C3F80C2194
:20A54000C3F80021C3F80421C3F80821C3F81421704700BF0050045008B5FFF7EBFF012390
:20A560000360104B0A6832B9D3F80C211AB9D3F80821002AF6D00B687BB90B4B99420ED05B
:20A58000A3F58473D3F80831002B0CBF4FF0FF306FF00200FFF7CEFF08BD0020FAE74FF09B
:20A5A000FF30F7E7005004500851045070B506460D4619B34B6913F00F040CD0114950233A
:20A5C000114A124802F032FA114802F02FFA50210D4802F022FA2146012003F011FA0D4885
:20A5E0000D49C0F80065C0F80455FFF7B5FF21460546204603F004FA284670BD6FF0010524
:20A60000FAE700BFCD1A02007E1A0200D6F80100F61A0200005004500051045010B50446DE
:20A620000021012003F0ECF9064B0749C3F800450648FFF791FF00210446084603F0E0F906
:20A64000204610BD00500450085104500850045038B50C4659B1074D0749C5F800050748CC
:20A66000FFF77AFF10B9D5F80835236038BD6FF00100FBE700500450105104500C500450D5
:20A680002DE9F04F89B006460F4690461D4603F0F0FB044678B973690090C3F3013262F34F
:20A6A00005148DF8004014F0300408D1B168890710D06FF08604204609B0BDE8F08F102CBA
:20A6C00008D1BDF8023023F4F87343F4A873ADF802304EE0DBB2F82B02D06FF08504EAE7A6
:20A6E00000234FF0010B9E4619461846D6F808C0DFF8CC9159F804AB1CEA0A0F08D00BFA85
:20A7000000F343EA0E0303F07F0E012341EA0A0101300728EED12BB19DF803306EF34703C0
:20A720008DF803303CEA0101D7D17388FF2B35D005D8802B34D0C02BCFD1022303E0B3F5A0
:20A74000807FCAD104239DF8021063F306118DF8021014B91CF0030FABD13379022B2BD052
:20A7600020D8012BA5D1BDF8021063F3C811ADF80210012A6FD0032A23D0002A99D13388B9
:20A78000B3F5105FA9D1182D6DD0202D70D0102D8FD1DFF830A101251F261AE00323D2E790
:20A7A0000123D0E7032B01D0FF2B82D10221BDF8023061F3C8138AE7BDF8023043F4C07347
:20A7C00085E7412D3DD104254F26DFF8FCA008F101080024381903F020FB00286CD0013462
:20A7E000AC42F7D11F2E07D02946384603F029FB044600287FF45FAF009B4FF0FF390793DC
:20A8000000239B46CDF818A0BDF802204344C2F3C112059201AC03F1100C224618685968D4
:20A82000083303C263451446F7D101A907EB0B00FFF7BCFE044630B303F01BFB6FF09204CC
:20A8400039E7182D19D0202D1AD0102D7FF431AFDFF874A09FE7302D7FF42BAF03253F263B
:20A86000DFF868A0B5E7DFF85CA002252726B0E7DFF850A002252F26ABE7DFF84CA0F4E70C
:20A88000DFF844A0F6E71C2101A80BF1010B03F0B8FAAB4506D00AEB0B12CDE906294FEA97
:20A8A0000B13B1E71F2E3FF406AFFA20FFF7B6FE00283FF400AFC1E76FF08A04FBE600BFAA
:20A8C000ACF7010040008151000000201084045010B590B01C22002101A803F0FCFBF820AB
:20A8E00003F09BFA08B3202200200DEB020100F09DF90446F8B901A84FF4807103F097FAD6
:20A900000E4B0F4904930F4BCDE901130E4BF821069320230DEB0302FFF7B2FE202104464F
:20A920000DEB010003F06DFA05E0F92003F075FA0028D8D10446204610B010BD0010C00482
:20A9400000240001014B4E80F800FF7F10B50446FFF77AFD104B186800F02AFB0CB10123F5
:20A960002370BFF35F8F4FF0A3430022DA61BFF35F8FBFF35F8F4FF0FF321A63BFF35F8F55
:20A98000BFF35F8F3422DA61BFF35F8F0122034BC3F8042310BD00BF84010020008004508E
:20A9A00010B5044638B9FFF76FFDBDE81040074B186800F017BB03783BB1FFF765FD034B9F
:20A9C000186800F00FFB0023237010BD8401002038B51C4CD4F80051C5B1BFF35F8F4FF00E
:20A9E000A343996ABFF35F8FBFF35F8F4FF0FF321A63BFF35F8F0023C4F80031D4F8003194
:20AA0000114B1868BDE8384003F023BBD4F8083153B100F081F803F04FFAC4F80851D4F8DD
:20AA200008310121094BECE709494423094A0A4801F0FCFF094801F0F9FF4421054801F06D
:20AA4000ECFF00BF008004508C010020880100209AFA0100081B0200D6F801006E1B02000E
:20AA600008B5074B186803F0E3FA064B186803F0DFFABDE80840002248201146F8F742BC1F
:20AA80008C0100208801002038B5094B1C7864B1084B4FF0FF311D68284603F0CBFA4FF0CA
:20AAA000FF310446284603F0D2FA204638BD00BFC41000208C01002010B5064C236D3BB999
:20AAC000214651F8503B986903F003FA01232365014810BD2C1000207C10002038B500246F
:20AAE0000B4D0C4BEC662B6003F5C0436B60FFF7E3FF50B16B6D2046B3F5007FCCBF4FF4F8
:20AB000080634FF40073AB6038BD0E20FCE700BF2C10002000208051004870472C10002024
:20AB20004FF480732DE9F04796B0804603A80393002403F0F9F94FF010091E4E0DF12F0546
:20AB400025F01F0506F1200A012210211A4803F043F92B1900935246102320211548CDF8B1
:20AB6000049000F0EBF80746F8B9D6E90C321034013342F10002302CC6E90C32E4D1B8F11F
:20AB8000000F04D022464146284603F018F92E46084C0FCE0FC496E80F00203584E80F009C
:20ABA00095E80F00103484E80F00384616B0BDE8F08700BFE807002008080020F0B5184DE2
:20ABC000184FAB6B8DB0BB4228D0174E306800F0EFF9402300221946284603F007F96846FE
:20ABE00003F0AFF9044678B96846FFF799FF044690B9302302461946684603F0F7F80122C3
:20AC00000023C5E90C23AF63306800F0EBF9204603F077F80DB0F0BD0E24F5E70020F9E776
:20AC2000E8070020B4A5B4A5900100202DE9F04F99B00DF1570802F10F0982460E46144626
:20AC400028F01F084FEA191922B100296CD0B2F5803F69D8364F374D386800F0A9F9D5E972
:20AC60000C3213430BD15046FFF7A8FF834630B1386800F0B7F9584619B0BDE8F08FD5E9FE
:20AC80000C2319EB020243F10003B3F5803F13D302A803F056F9E8B902A8FFF741FF8346C3
:20ACA0000028E5D130230246194602A803F09EF800220023C5E90C234FF4807302A80293F2
:20ACC00003F032F9DFF870A03CB92046FFF728FF8346CDE76FF0920BCAE7102C4FF001024F
:20ACE0004FF010015046A14628BF4FF0100903F073F8102352462021CDE900830D4800F060
:20AD00001DF883460028B3D14A463046414603F0D5F9D5E90C32013342F10002C5E90C320A
:20AD2000A4EB09044E44CFE76FF0860BA3E700BF90010020E80700200808002010B543F00E
:20AD4000005392B0109321234FF480740E9201221193149B01940293159B01AC41F0005121
:20AD600006940C91112440F6110143F00053CDE903232023DFF864C00A90CDE908C40D91C5
:20AD800000200EA90AAC07940B910F920593FFF7DDFDBFF35F8F4FF0A34306AA1A60BFF345
:20ADA0005F8FBFF35F8F02AA1A61BFF35F8FBFF35F8F03225A63BFF35F8FBFF35F8F9A637F
:20ADC000BFF35F8F03F0FBF8431C0446FAD00020FFF7E6FD204612B010BD00BF04000020A9
:20ADE000BFF35F8F094A1368BFF35F8F43F48071BFF35F8F1160BFF35F8F23F48073BFF3B0
:20AE00005F8F1360BFF35F8F704700BF0010805108B5FFF7E5FFBFF35F8F064A1368BFF326
:20AE20005F8F43F00103BFF35F8F1360BFF35F8F08BD00BF0010805170B50026C0E900667B
:20AE400005460C46FFF700FB01232B70FFF7C8FFBFF35F8F204BDB68BFF35F8F9B08013B1B
:20AE6000ACB3226842B19A4205D9FFF70DFB6FF03F002E7070BD1346D4E90115E068002938
:20AE800008BF4FF40071002808BFF1202469BFF35F8F114A9360BFF35F8FBFF35F8F156403
:20AEA000BFF35F8FBFF35F8F5064BFF35F8FBFF35F8F5163BFF35F8F44F4802444F00104F5
:20AEC000BFF35F8F1460BFF35F8F0020D2E74FF40071F1202546DAE70010805170B5037873
:20AEE0000D461446002B53D0BFF35F8F2D4A136BBFF35F8F5908C3F34203052B4BD011F07A
:20AF0000060F02D14FF0FF3070BD4368D3B9BFF35F8F5368BFF35F8F032BF3D9224B2349A9
:20AF2000BFF35F8FD2F88060BFF35F8FBFF35F8F43F8046BBFF35F8F8B42F1D1FFF768FF51
:20AF400001234360BFF35F8F164B9A68BFF35F8F0132B4EB021F21D8BFF35F8F5A68BFF387
:20AF60005F8FB4EB820FCDD884B1BFF35F8FD3F88020BFF35F8F291D05F8012B8D424FEAB7
:20AF8000122204F1FF34EFD0002CF5D10020BBE76FF02000B8E76FF05100B5E76FF03F00DA
:20AFA000B2E700BF00108051101080512010805108B54FF0FF324FF0FF33FCF783FF48B15A
:20AFC000054906481723064A01F030FD1721044801F023FD08BD00BFCB1B0200D6F801005D
:20AFE000861B020008B5FDF73DF848B1054906481F23064A01F01AFD1F21044801F00DFD12
:20B0000008BD00BFCB1B0200D6F80100861B02002DE9F74F002782460C469346009700F154
:20B020000C06EFF31189202383F31288BFF36F8F3046FEF7F7FD68B98823194A19491A482D
:20B0400001F0F4FC3146194801F0F0FC8821144801F0E3FC3046FEF709FEDAF80850504653
:20B060006C4004EA0B0205EA0B08554010496A46CAF808500195FEF7A3FC009C44B120464E
:20B08000C4F8887065660021246EFDF729FEF5E730464946FDF7DCFF404603B0BDE8F08F56
:20B0A00076FF0100CFFF0100D6F80100E4FF010057E001002DE9F04F85B09046DDE90E2B01
:20B0C00006460C46EFF3058179B152EA0B010CD03E49F9233E4A3F4801F0A8FC3E4801F05E
:20B0E000A5FCF9213A4801F098FC0392002C5BD008F001030293FEF7C5FA06F10C05074608
:20B10000EFF3118A202181F31288BFF36F8F2846FEF788FD039A60B98823304A30492D4802
:20B1200001F084FC29462F4801F080FC88212B48D9E728460392FEF799FD18F0020F1CBFED
:20B140000021B160D6F80890029B039A09EA04019BB18C4213D12846FEF772FDF0B940F27A
:20B1600031131E4A20491B4801F060FC29461F4801F05CFC40F23111D9E70029EBD152EA96
:20B180000B0115D12846FEF75BFD0028E7D08AF31188BFF36F8F4FF0000903E08AF311881C
:20B1A000BFF36F8F04EA0904204605B0BDE8F08FC7E919485146CDE9002B28463246FDF742
:20B1C000EBFD0028E7D1D7F86490EBE791140200D41B0200D6F801005714020076FF0100C8
:20B1E000CFFF0100E4FF0100A3FF0100BAFF010008B5EFF305834BB1074908483623084AD1
:20B2000001F014FC3621064801F007FCC0E90233C0E9000008BD00BFC6130200D6F80100DF
:20B22000D41B02001FB514461A46094B05461B68D86854B9074B1C4600910749CDE90134A0
:20B240002B4600F00DF8F8F787FC044BF4E700BF9C01002059140200041C0200F71B0200CB
:20B260000EB403B503AB0146054853F8042B0068019300F0B3F802B05DF804EB03B07047A1
:20B280009C010020024B0146186800F04DB800BF9C01002038B50546002941D051F8043C71
:20B2A0000C1F002BB8BFE41800F068FF1D4A136833B9636014602846BDE8384000F064BFCB
:20B2C000A34208D9206821188B4201BF19685B6809182160EDE71A465B680BB1A342FAD909
:20B2E00011685018A0420BD120680144501811608342E0D118685B68084453601060DAE720
:20B3000002D90C232B60D6E7206821188B4202BF19685B680918636008BF21605460CAE7B7
:20B3200038BD00BFA0100020F8B5CD1C064625F0030508350C2D38BF0C25002D01DBA942F8
:20B3400003D90C2333600020F8BD00F017FF21490A6814469CB9204F3B6823B9214630461E
:20B3600000F0CAFC38602946304600F0C5FC431C23D10C233046336000F006FFE3E7236814
:20B380005B1B17D40B2B03D923601C44256004E06368A2420CBF0B605360304600F0F4FEFE
:20B3A00004F10B00231D20F00700C21A1CBF1B1AA350C9E722466468CCE7C41C24F00304C5
:20B3C000A042E3D0211A304600F096FC0130DDD1CFE700BFA01000209C1000202DE9F04F60
:20B3E0000D469DB014469846064618B183690BB900F0F0FD874B9D421BD175686B6ED907A0
:20B4000005D4AB899A0502D4A86DF8F771FBAB891B0701D52B69EBB92946304600F0E0FC25
:20B42000C0B16B6EDC070ED54FF0FF301DB0BDE8F08F794B9D4201D1B568DFE7774B9D42A4
:20B4400008BFF568DAE7AB899805EDD4A86DF8F76BFBE9E70023CDF80C804FF00109DFF8A7
:20B46000C081099320238DF8293030238DF82A3023469A4613F8012B0AB1252AF9D1BAEBA3
:20B48000040B0BD05B4622462946304602F042FE013000F0A680099A5A4409929AF80030BD
:20B4A000002B00F09E8000234FF0FF320AF1010A049307938DF853301A93CDE9052354465C
:20B4C0000522574814F8011B03F014F9049BD0B9D90644BF20228DF853201A0744BF2B22C9
:20B4E0008DF853209AF800202A2A14D0079A544600204FF00A0C214611F8013B303B092B6F
:20B500004AD970B914E0A0EB0800A24609FA00F018430490D3E7039A111D1268002A0391D1
:20B5200001DB079204E0524243F002030792049323782E2B0AD163782A2B32D1039B0234E0
:20B540001A1D1B6843EAE37303920593DFF8E0A003222178504603F0CDF838B1A0EB0A00A0
:20B560004022049B013482401343049314F8011B06222C488DF8281003F0BCF800283FD087
:20B58000294B1BBB039B073323F0070308330393099B3B4409936BE70CFB02320C460120DC
:20B5A000A9E7002301344FF00A0C19460593204610F8012B303A092A03D9002BC6D00591ED
:20B5C000C4E70CFB012104460123F0E703AB2A4604A930460093154B00F02CF80746781C29
:20B5E000D6D16B6ED90705D4AB899A0502D4A86DF8F79AFAAB895B063FF516AF099815E7A6
:20B6000003AB2A4604A930460093084B00F046FAE4E700BF0CF80100ECF70100CCF701009C
:20B62000341D02003E1D020035B6010015E101003A1D02002DE9F04F8DB00C4616461F4679
:20B64000DDF85880054600F043FD036818460493F4F7C4FF002305900A93D8F8003094F8D3
:20B6600018A00733D4F800B023F0070303F10802C8F800204FF0FF32D3E9008929F0004350
:20B68000CDF8188007939C4BDDE90601C4E91289F4F74CFF70BB4FF0FF32974BDDE9060137
:20B6A000F4F726FF30BB0022002340464946F4F715FF10B12D2384F84330904A904BBAF1D6
:20B6C000470F94BF9046984603234FF0000923612BF00403236033460BAA214628460097DC
:20B6E00002F0CBFD013040F096804FF0FF300DB0BDE8F08F42464B4640464946F4F716FF9C
:20B7000040B14B467F4A002BBCBF2D2384F843307D4BD4E763685A1C26D1062363604BF413
:20B72000806200232846226003930AABCDE901A309AB49EC108B00930DF12303616802F079
:20B74000FBFCBAF1670F8046099915D1CB1C3BDB6368994238DC0A9B994255DB236821610F
:20B76000D80745D54B1C42E00AF0DF02472AD6D1002BD4D10123D1E7BAF1470F07D1C81CEB
:20B7800025DB63688B4222DB4FF0670AE3E7BAF1650F1FD80139524604F15000099102F0E1
:20B7A00033FD0A9A81461318012A236102DC2268D20701D5013323619DF82330002B8AD0D8
:20B7C0002D2384F8433086E74FF0650AE2E74FF0450ADFE7BAF1660FBDD1002963680BDD68
:20B7E000216113B92268D00702D501330B4423614FF00009A165DFE713B92268D20701D5A3
:20B800000233F4E70123F2E70029D4BFC1F1020201221344EBE723685A0507D42369424684
:20B8200031462846B84701302BD15EE7BAF1650F40F2DD8000220023D4E91201F4F744FEC2
:20B84000002833D00123314A31462846B84701303FF44BAFDDE90938434502DB2368D80706
:20B860000FD531462846DDE90423B84701303FF43CAF4FF0000908F1FF3804F11A0AC84526
:20B8800009DC23689B0700F10381E0680B9B9842B8BF18462BE70123524631462846B847D2
:20B8A00001303FF422AF09F10109E8E7099B002B39DC0123154A31462846B84701303FF4D1
:20B8C00014AFDDE9093959EA030302D12368D907D7D531462846DDE90423B84701303FF435
:20B8E00004AF4FF0000A04F11A0B099B5B4253450EDC4B4693E700BFFFFFEF7F451D0200D5
:20B90000491D02004D1D0200511D02009AFA010001235A4631462846B84701303FF4E5AEAF
:20B920000AF1010AE1E7A36DDDF828A05345A8BF5346002B994636DC4FF0000B29EAE97919
:20B9400004F11A02A36D0693A3EB09035B4531DC099B9A453ADC2368DA0737D4099BAAEB9D
:20B960000309069BAAEB03039945A8BF9946B9F1000F33DC4FF0000829EAE97904F11A0BBD
:20B98000099BAAEB0303A3EB090343457FF779AF01235A4631462846B84701303FF4A5AE49
:20B9A00008F10108ECE7424631462846B8470130C2D19AE60123314628460692B847013031
:20B9C0003FF493AE0BF1010B069ABBE7DDE9042331462846B8470130C0D186E6069A4B4679
:20B9E000314628464244B8470130C3D17DE6DDF828A0BAF1010F01DCDB0736D501234246E7
:20BA000031462846B84701303FF46FAE31462846DDE90423B84701303FF467AE0022002332
:20BA20000AF1FF3AD4E91201F4F74EFDC0B9534608F1010231462846B84701300CD154E692
:20BA400001235A4631462846B84701303FF44DAE08F10108D045F3DB4B4604F15002DFE65D
:20BA60004FF0000804F11A0BF4E701234246E1E701234A4631462846B84701303FF435AE37
:20BA800008F10108E3680B995B1A4345F0DCFCE64FF0000804F11909F4E700BF2DE9FF47B6
:20BAA0000F7E914680460C46782F9A460C9D01F1430207D8622F0AD8002F00F0E080582F4B
:20BAC00000F0BB8004F1420684F842703AE0A7F16303152BF6D801A151F823F035BB0100BB
:20BAE00049BB0100C5BA0100C5BA0100C5BA0100C5BA010049BB0100C5BA0100C5BA01003C
:20BB0000C5BA0100C5BA010065BC0100D9BB01001BBC0100C5BA0100C5BA010087BC010052
:20BB2000C5BA0100D9BB0100C5BA0100C5BA010023BC01002B6804F142061A1D1B682A60FC
:20BB400084F842300123ABE0236829681F0601F10400286001D50D6803E05E06FBD5B1F97D
:20BB60000050002D61687ADA2D200029A16084F843002DDA6D425E480A231646B5FBF3F17C
:20BB800003FB1157C75D06F8017D2F460D46BB42F4D9082B0BD12368DF0708D5236961685B
:20BBA0009942DEBF302306F8013C06F1FF36921B22614B4603AA21464046CDF800A002F0A1
:20BBC0005CFB013071D14FF0FF3004B0BDE8F08723F004032360CDE72B682068191D296032
:20BBE000050601D51D6802E04106FBD51D886F2F3F4814BF0A230823002184F84310666833
:20BC0000002EA660B9DB216821F004012160002DB3D1002EB1D11646BBE7236843F02003FC
:20BC200023607827334884F84570296823680E1D2E601E0603D50D6804E02D48F3E75D065A
:20BC4000F9D50D88D90744BF43F0200323600DB11023D1E7236823F020032360F8E724488D
:20BC60000A23CCE72B682668181D6169286035061B6801D5196002E07006FBD5198000234B
:20BC80001646236195E72B6800211A1D2A601E686268304602F02EFD08B1801B6060636811
:20BCA0002361002384F8433083E72369324649464046D047013086D023689B0714D4E06870
:20BCC000039B9842B8BF18467FE70123324649464046D04701303FF476AF0135E368039943
:20BCE0005B1AAB42F1DCEAE7002504F11906F5E7551D0200661D020038B50023054D04468A
:20BD000008462B60F7F7B0FE431C02D12B6803B1236038BDA4100020F8B50E461446054643
:20BD200018B183690BB900F055F9214B9C4210D16C68A369A360A3891A0701D5236993B943
:20BD40002146284600F04CF868B14FF0FF373846F8BD184B9C4201D1AC68EAE7164B9C42E2
:20BD600008BFEC68E5E72369F6B220683746C01A6369834205DC2146284600F0ADF80028C5
:20BD8000E3D1A3680130013BA36023685A1C22601E706369834204D0A389DB07D7D50A2E0C
:20BDA000D5D12146284600F097F80028CFD0CCE70CF80100ECF70100CCF7010038B504462B
:20BDC000064D0846114600222A601A4600F064FF431C02D12B6803B1236038BDA410002047
:20BDE000314B70B51D6806460C4625B1AB6913B9284600F0EFF82D4B9C420ED16C68B4F9CE
:20BE00000C301A072CD4DD0611D40922326043F040034FF0FF30A3813DE0254B9C4201D1FB
:20BE2000AC68ECE7234B9C4208BFEC68E7E7580712D5616B41B104F14403994202D0304683
:20BE4000FFF728FA00236363A38923F02403A3810023636023692360A38943F00803A381D4
:20BE600023694BB9A38903F42073B3F5007F03D02146304600F042F9B4F90C3013F001028B
:20BE80000AD00022A26062695242A261226942B913F08000BBD170BD990758BF6269A260FC
:20BEA000F4E70020F7E700BF9C0100200CF80100ECF70100CCF7010038B50023054D0446D4
:20BEC00008462B6000F0ECFE431C02D12B6803B1236038BDA410002038B50B6905460C46EC
:20BEE00013B90025284638BD18B183690BB900F071F8144B9C421BD16C68B4F90C30002B0B
:20BF0000EFD0626ED00704D4990502D4A06DF7F7EFFD2846214602F0FEFA636E0546DA07CC
:20BF2000E0D4A3899B05DDD4A06DF7F7FDFDD9E7054B9C4201D1AC68DFE7044B9C4208BF4D
:20BF4000EC68DAE70CF80100ECF70100CCF70100002310B504468360818119464366C281BD
:20BF600008228361C0E90033C0E904335C3002F0B2F8054B24626362044BA362044BE3624C
:20BF8000044B236310BD00BF5FE3010081E30100B9E30100DDE30100014902F055BB00BF2F
:20BFA000D9BE01000148F7F7A3BD00BFAC0300200148F7F7B9BD00BFAC0300200148F7F752
:20BFC00097BD00BFC00300200148F7F7ADBD00BFC003002010B50446FFF7F0FFA3691BB15C
:20BFE000BDE81040FFF7F0BFC4E9123323652046124B134A1B68A262A34204BF0123A361B6
:20C0000000F020F86060204600F01CF8A060204600F018F800220421E0606068FFF798FFAC
:20C0200001220921A068FFF793FF02221221E068FFF78EFF0123A361D2E700BFC8F70100A1
:20C0400099BF0100F8B50746FFF7ACFF1E4B1E68B36913B93046FFF7BDFF4836D6E901347B
:20C06000013B03D533680BB33668F7E7B4F90C50D5B9164B04F158006566E360F7F708FD91
:20C08000FFF796FF0822294604F15C002560A561C4E90155C4E9045502F01DF8C4E90D5581
:20C0A000C4E912552046F8BD6834D9E70421384602F0B4FA044630600028D5D1FFF778FF9D
:20C0C0000C233B60EEE700BFC8F701000100FFFF00487047F002002038B50446064D08465A
:20C0E000114600222A601A4600F0DDFD431C02D12B6803B1236038BDA41000208B89F7B58E
:20C100009D0706460C4607D504F14703236023610123636103B0F0BD01AB6A4602F0B3FA78
:20C12000009F054630463946FFF7FEF848B9B4F90C309A05EED423F0030343F00203A38174
:20C14000E2E70D4BB362A389206043F08003A381019BC4E904075BB1B4F90E10304600F092
:20C160005DFB28B1A38923F0030343F00103A381A3891D43A581CDE799BF01000148F7F7F8
:20C18000B7BC00BF980300200148F7F7CDBC00BF9803002070B5466A04460D4676B91020A7
:20C1A000FFF770F80246606220B9184B66211848FFF738F8C0E901660660C660666AF36807
:20C1C00083B1636ADB6853F82500B8B90121204601FA05F6721D920002F004FB60B1C0E9F0
:20C1E00001560EE021220421204602F0FBFA636AF060DB68002BE4D1002070BD026843F813
:20C2000025200023C0E90333F7E700BF841D0200281E020070B5466A05460C4676B910207E
:20C22000FFF730F80246686220B9094B8A210948FEF7F8FFC0E901660660C6603CB16B6A5B
:20C240006268DB6853F82210216043F8224070BD841D0200281E02002DE9F04101F1140CC5
:20C2600007460C461E460D690020DCF80030013099B2854202FB01614FEA13464FEA114360
:20C2800089B202FB063301EB03414FEA13464CF8041BEADC0EB3A368AB4219DC616838464D
:20C2A0000131FFF777FF804628B902460C4BB5210C48FEF7B7FF226904F10C010C300232C8
:20C2C000920001F0FBFE214644463846FFF7A2FF04EB850301355E6125612046BDE8F0816E
:20C2E0000F1E0200281E020010B50C460121FFF751FF024628B9054B4FF4A0710448FEF73A
:20C3000091FF01234461036110BD00BF0F1E0200281E02002DE9F04F14460A690F4685B0B1
:20C3200023699A42A2BF23460C461F46D4F810A0A368D7F8109061680AEB0906B342B8BFE5
:20C340000131FFF727FF30B90246454B40F25D114448FEF767FF00F11405002205EB86089D
:20C360002B46434521D307F1140104F1140204F1150702EB8A0201EB89030293131B153BA3
:20C3800023F003030433BA4238BF04230193029B03918B420CD8002E03DD58F8043D002BF3
:20C3A0005BD0066105B0BDE8F08F43F8042BD8E7B1F800A0BAF1000F24D004F1140EA946EC
:20C3C0004FF0000C5EF8047BD9F800301FFA87FB72459BB20AFB0B334FEA174BD9F800707E
:20C3E00063444FEA174C0AFB0BC707EB13479BB24FEA174C43EA074349F8043BE2D8019BA1
:20C4000045F803C0039B0431B3F80290B9F1000F21D02B6804F1140CAE464FF0000ABCF8C9
:20C4200000B09BB2BEF8027009FB0B77574443EA07434EF8043B5CF8043B4FEA134ABEF8DB
:20C440000030624509FB0A3303EB17434FEA134AE5D8019FEB51043599E7013E9BE700BF14
:20C460000F1E0200281E02002DE9F843154612F0030207460E4607D0013A254C002354F8FF
:20C480002220FFF7E9FE0646AD103DD07C6A7CB91020FEF7F7FE0246786228B91D4B4FF484
:20C4A000D7711D48FEF7BEFEC0E901440460C460D7F82480D8F808404CB940F271213846D6
:20C4C000FFF712FF00230446C8F8080003604FF00009EB070AD5314622463846FFF71AFF38
:20C4E0008046314638464646FFF794FE6D100BD0206838B9224621463846FFF70BFF2060CF
:20C50000C0F800900446E4E73046BDE8F88300BF2CF80100841D0200281E02002DE9F0470C
:20C520000C46074691464FEA621A2369496803EB6218A36808F10106B3420BDB3846FFF7D1
:20C5400029FE054648B90246284B40F2D9112848FEF768FE01315B00EEE7002300F114013B
:20C5600000F110021846534533DB2AEAEA7A04F11403206919F01F0901EB8A0103EB800C85
:20C580002BD0C9F1200E8A460022186800FA09F010434AF8040B53F8042B9C4522FA0EF238
:20C5A000F3D8ACEB040304F11500153B23F003030433844538BF0423CA500AB108F10206AB
:20C5C000013E384621462E61FFF724FE2846BDE8F087013342F8040FC5E7043953F8042B22
:20C5E0009C4541F8042FF9D8EAE700BF0F1E0200281E02002DE9F74F8946064611461446EE
:20C60000484602F0D4F8051E12D129463046FFF7C1FD024628B9414B40F232214048FEF778
:20C6200001FE0123C0E90435104603B0BDE8F08FBCBF4B46A1463046B8BF0125D9F80410DD
:20C64000B4BF1C460025FFF7A5FD024618B9334B4FF41071E2E7D9F8107004F1140E26692D
:20C6600000F1140BC56009F1140509F110030EEB860605EB8708D9464FF0000C0193019BC7
:20C680005EF8040B53F804AF764501931FFA8AF3194683B24FEA1040A1EB0303C0EB1A409E
:20C6A000634400EB23409BB24FEA204C43EA004349F8043BE3D8331B1534153B23F00303E8
:20C6C0000433A64238BF04231D445B442C461E4644450ED308F10301491B033D21F0030127
:20C6E000A84538BF00210B4453F8041D99B117619AE754F8041BE6461FFA81FC080C714441
:20C70000F44489B200EB2C4041EA00414FEA204C46F8041BDCE7013FE6E700BF0F1E020023
:20C72000281E02002DE9F7430F460121164659EC108BFFF72FFD044630B90246234B40F271
:20C740000A312348FEF76EFDC9F30A55C9F313030DB143F480130193B8F1000323D068467D
:20C76000009301F0F7FFDDE90012D0B1C0F1200302FA03F3C2400B4301926361019B002BB2
:20C78000A3610CBF012202222261A5B1A5F233450544C0F135003D603060204603B0BDE881
:20C7A000F0836161EAE701A801F0D4FF019B203001226361E8E7A0F2324004EB8203386054
:20C7C000186901F0A5FFC0EB4210E5E70F1E0200281E020038B50446064D084611460022B2
:20C7E0002A601A4600F054FA431C02D12B6803B1236038BDA410002038B50023064D04469F
:20C80000084611462B6000F055FA431C02D12B6803B1236038BD00BFA410002038B5002315
:20C82000054D044608462B6000F03FFA431C02D12B6803B1236038BDA410002070478368F3
:20C8400000EBC101B3F5004F2CBF51F8220031F81200704700EBC1018068B0F5004F2CBF78
:20C8600041F8223021F812307047012208B5FFF7E6FFD04008BD836800EBC101B3F5004FFC
:20C8800008D34B681AB143F001034B60704723F00103FAE74B881AB143F001034B80704757
:20C8A00023F00103FAE753000122FFF7D3BFB0F5004F34BF042308230731C818C0087047B2
:20C8C0000A4608B50121FFF7F2FF0132121AB2FA82F0C0F11F0008BD2DE9F0410D468668A8
:20C8E0000446FFF7C2FFB6F5004F014601D3012832D03046FFF7E4FF04EB80010E6996B972
:20C900000122E36882401343E36002220D612B4629462046FFF79EFF032229462046BDE844
:20C92000F041FFF797BF022231462046FFF787FF0746034629462046FFF78CFF0322334673
:20C9400029462046FFF786FF39462B462046FFF781FF02223146E1E7BDE8F081002070476B
:20C960000FB407B504A951F8040B0191F5F7A4FE03B05DF804EB04B07047044608B508465C
:20C9800011461A46A047FCF77DFEF6F717FCD0E9002130B54FF03333A2FB0324D51843EB48
:20C9A0000405A1FB0313521844EB0304521944F10002891843F10003C0E9001330BD10B534
:20C9C0000A680346002A0FDD013A0A6044680A201A68A2FB001200FB0422100F22F07042D6
:20C9E000C3E90012303010BD3020FCE72DE9F0410746884615461E461446B44205D30EB111
:20CA0000601B08E02378002BFAD0414614F8010BB8470028F1DABDE8F081002383F311884A
:20CA2000BFF36F8F0423184602DF70470FB407B504A951F8040B0191F5F73EFE03B05DF8E3
:20CA400004EB04B07047838B13F0070305D10368002B0CBF002003207047022B05D1C08BE2
:20CA6000B0FA80F0400980007047012B05D10368002B0CBF0020052070470020704710B521
:20CA80000C4600B111B96FF0150010BD081D00F02FF80028F9D1A368032BF6D9F3E72DE962
:20CAA000F0410D4607461946281D90461E46F6F715F9044638B13346424629463846A446C1
:20CAC000BDE8F0416047BDE8F08138B50C46054658B151B10B6843B14B6833B120220021CD
:20CAE00001F0F9FA00202C6138BD6FF01500FBE7034658B1426802F00302012A03D0032A3C
:20CB000004D1026812B10020986070476FF0150070477047002908DB8068884205D9401A6C
:20CB2000904234BF00200120704700207047704770B516461A4605460C46FFF7EBFF48B153
:20CB40006968E8682144826814683246A446BDE8704060476FF0150070BD70B516461A4609
:20CB600005460C46FFF7D6FF48B16968E8682144826854683246A446BDE8704060476FF06B
:20CB8000150070BD10B50B460446FFF7C3FF40B16168E068194483689B682BB1BDE810401D
:20CBA00018476FF0150010BD6FF05700FBE708B5C0688368DB689847006808BD08B5C06839
:20CBC0008368DB689847407908BD012801D1EFF30583FAF7DFBF01460068FFF7F6BF08B5BF
:20CBE000F6F7D6F8BDE80840F6F7D6B800210120FFF7EBBF436F83F30B88704761B662B68F
:20CC000080F31188BFF36F8F704772B6002383F31188BFF36F8FBFF34F8F30BF62B6BFF34E
:20CC20006F8F704772B6002383F31188BFF36F8FBFF34F8F20BF80F31188BFF36F8F62B6F2
:20CC4000704740E800F313F4803FD8B208BF6FF01500704730B50C684B6885B00A894D8916
:20CC60000094013B24F01F04234402F01F0242EA451223F01F0369468DF808200393F6F79C
:20CC800071FC05B030BD002070474FF0FF30704708461146F6F7BCBE08461146F6F7CCBE61
:20CCA0004FF0FF307047002070470228CCBF0020012070474FF4005300204B60704708B5F6
:20CCC00000F057FD002818BF6FF00D0008BDF8B5069F0469C9B2EFF31186202585F31288D6
:20CCE000BFF36F8F0C2505FB0144A56C05F0070CBCF1010F0CD1A76486F31188BFF36F8F8E
:20CD0000C4E91023436853F8313098470020F8BD05F0C005AF4286F31188BFF36F8F0CBFF0
:20CD20006FF077004FF0FF30F1E713B580240094FFF7CDFF02B010BD0069CBB200EB431072
:20CD4000002110470020F8F7B3BE0020F8F740BF1046FBF777BA8022F6F7B2BF4FF4FA22F5
:20CD600000230020C1E900237047B1F5FA2F104610B51A4607D2C1F5FA24A34203D801F044
:20CD80009DF9002010BD6FF01500FBE708460021F7F7BCB9084611461A4609B1F7F7B6B9CC
:20CDA0006FF01500704743681C330B60012313607047436800209B69C1E900307047FBF743
:20CDC00041BA4FF0FF324FF0FF33FBF7B9BAF0B58FB04468D0F810C00020DDE914658DF806
:20CDE00000100121CDE90950CDF801008DF80500D007CDE90716CDE90B1602F08007CDF8E3
:20CE000018D00D9514D59CF814201BBAD107049357BFBDF81130CDF80130ADF801309DF826
:20CE200013304EBF05238DF80330042307930B9306AB0293211D0AAB7FB1002D14BF0222D6
:20CE40000122CDE9032302230593206883681C68002302AAA0470FB0F0BD0122CDE90323FE
:20CE600002230593206883681C6804ABF1E7002373B50D1E466814BF04210621CDE900334B
:20CE800080220446FFF7A3FF96F830309B0609D540B93DB90346CDE90000802298212046F2
:20CEA000FFF795FF02B070BD1FB5012301930DF10F030093002305211A46FFF788FF08B9F3
:20CEC0009DF80F0005B05DF804FB2DE9FF41064615461C4601270DF10F08002305211A4660
:20CEE0003046CDE90087FFF772FF40B99DF80F30DB0704D528462146FCF724FBEDE704B021
:20CF0000BDE8F0812DE9F3471F4643680D1E064690469B695CDBEA199A4259D80069FFF7A4
:20CF200050FF00213046FFF7A2FF0446002844D181462FB901213046FFF799FF044640E0AE
:20CF4000B7F5807FBA4628BF4FF4807A2A4605EB0A03002D03F1FF334FEA1323B8BF05F166
:20CF6000FF02B3EB222F08D06B42DBB25FFA85FA58BFC3F1000ACAF5807A0023802206215D
:20CF80003046CDE90099FFF722FF0446A8B92B46812202213046CDE9008AFFF718FF0446C6
:20CFA00058B9012200233046FFF78FFFA7EB0A070446D04455440028BBD001213046FFF745
:20CFC00056FF3069FFF7FBFE204602B0BDE8F0876FF01504F8E7F7B51E4643680D1E0446B9
:20CFE00017469B6914DBAA199A4211D80069FFF7E8FE2B46012203212046CDE90076FFF7D4
:20D00000E6FE05462069FFF7DAFE284603B0F0BD6FF01505F9E7F7B54468054694F83030D4
:20D020009A0746D5076900F025FE4FF47A76A0FB060C002347F6122206FB01C1F3F7B4FAE2
:20D040003B69C31A13D4628DA68D9B1AB3420EDA47F6122740F2E7300021F61A4FF47A7295
:20D060000023E6FB0701F3F79FFAFCF76BFA94F8303013F004031CD18022AB212846CDE954
:20D080000033FFF7A4FEA8B994F830309B0710D540F2E73147F612250E460146E48D4FF4E4
:20D0A0007A72E5FB046100233046F3F77DFAFCF749FA002003B0F0BD2DE9FF410446006986
:20D0C0004FF0FF32012100F066FD6668306800F022FD28B96FF01205284604B0BDE8F08167
:20D0E000F06818B100F017FD0028F3D02069FFF768FE2046FFF78FFF002803DA2069FFF7CD
:20D100005EFEE7E72046FFF7CFFE051E40F38C80E80700F183802069FFF751FE2069FFF72A
:20D1200050FE4FF00308002303AF1A469F212046CDF804800097FFF74AFE05462069FFF714
:20D140003EFE002DC6D13846424606F1240100F0A5FF0746002840F0A48096F8283073B344
:20D160002069FFF72EFE2046FFF79EFE051E21DD96F82830802225EA030506213B4620463E
:20D18000CDE900778DF80B50FFF721FE03460028B4D101210DF10B0200922046802201911E
:20D1A000FFF715FE0028A9D1002200232046FFF78CFE05462069FFF702FE002D8AD196F8B9
:20D1C00027506B1EDBB2FD2B35D92069FFF7F9FD636893F83030990774D500238022B921D9
:20D1E0002046CDE90033FFF7F2FD054600286BD16368266993F830309B0755D43046FFF7D0
:20D20000DEFD2069FFF7DDFD2046FFF704FF05462069FFF7D4FD05EAE5755DE7002200230E
:20D220002046FFF752FE05462069FFF7C8FD002DBFF674AF4EE715F00B0F3FF44BAF2069A4
:20D24000FFF7BFFD15F0080319D00123802201930DF10B030093172100238DF80B202046B9
:20D26000FFF7B5FD03462069002B7FF448AF037D43F0010303752069FFF7A1FDA5E7AA0716
:20D2800005D400238022B721CDE90033E7E7802206212046CDE90033FFF799FD0028F0D0D5
:20D2A0002CE76FF0150517E700F0E4FC4FF47A75A0FB050747F61222002305FB0171F3F74B
:20D2C00073F9306120699AE72069FFF778FD002D97DA15F1860F94D0FEE6436800205B6844
:20D2E000DB680B607047436802EA01005B6821EA02015860002099607047436800205B684A
:20D3000059607047436800205B689960704743685A68136821EA03000B405060002093605B
:20D32000704730B543681360057A446804EBC504A34202D36FF0010030BD5C798C4201D0D5
:20D340000833F0E70020F7E7704743680020DB6BC2E9003070472DE9F743BDF8288003298A
:20D3600007461C464668056908F001085DD84FF0010CB37F0CFA01F0012B04BF6408520882
:20D38000002C55D0944256D22B689A4211D02B7983434AD19446BCF5004F41D22A606B7116
:20D3A000326896F81EE0C2F80C35C2F804E5C2F808C54FF0010C6B7924FA03F39BB27A68AF
:20D3C00088F0010E926A43EACE3322F811305FFA80F9BCF1000F3AD13068C9B2F7F796FA17
:20D3E00000280EDBB8F1000F47D0B4FA84F4640924BB019001A8F7F7A3FA0123019A934084
:20D400008360297921EA0901297129B3AB7963BB10230122304606F12801F9F77BFE20E065
:20D420000133082B4FEA5C0CB5D16FF0150019E0A4462346C3E747F6FF73C0E7019001A864
:20D44000F7F77EFA0123019A93404360D9E72B7949EA03032B71D9E77868F9F7C5FE012381
:20D46000AB71002003B0BDE8F0830023AB713046F9F7F2FE0028FAD0CAE7003C18BF012435
:20D48000B6E743681B68D3F83031704743681B68D3F88004C3F88004704742681368D3F87B
:20D4A0004C0150B10020926A12780A70C3F84C01D3F84C2101229A6270474FF0FF307047C3
:20D4C00013B501AA0446FFF72CFF002805DB019B226819791868F7F75BF902B010BD00224B
:20D4E00001214A20F5F70EBF10B50B6813B91846136005E003685C681CB1146003681868D2
:20D5000010BD083303600B68013B0B60EDE713B501AA0446FFF705FF002805DB019B2268CD
:20D5200019791868F7F734F902B010BD38B50569446895F85D302BB12046FAF70DF90023C2
:20D5400085F85D300121E06BFFF7E1FF002038BD10B503680446DBB19868C8B149B1197B5C
:20D560000122F7F781FB23681869BDE8104000F0CEBA12B99A88D2040AD4186900F0C7FAD2
:20D5800023680022BDE81040197B9868F7F76CBB10BD10B5012200210446FFF7D9FFA36946
:20D5A00033B9636004F11000BDE81040FAF74ABE10BD10B5006903688B4206D190F85C409B
:20D5C00034B9FFF7E6FF204610BD6FF01500FBE76FF00F00F8E738B505690446296305F186
:20D5E0002000FAF72FFE002285F85C2020691146BDE83840FFF7ACBF38B502780346002A9A
:20D6000052D10C69A26D32B9606D6FF07301BDE83840FFF7E0BFE06C40B1216D31B1DB6836
:20D6200023B1834202D0616E00F048FDA36CA56D9BB19D4211D85B1BA3644BBB636B04F100
:20D64000480208336363A36B04F13801013BA36304F13400FFF748FF6064236D9BB19D421C
:20D6600011D85B1B2365CBB9E36B04F150020833E363236C04F14001013B236404F13C0070
:20D68000FFF732FFE064606DBDE83840F7F7BABB636C002BE1D02B446364DEE7E36C002BB2
:20D6A000F1D02B44E364EEE738BD07B56846F9F75DF9DDE9000103B05DF804FB08B5FCF7FB
:20D6C0000DFE48B1002383F31188BFF36F8F0423184602DF6FF0040008BD8068203820F086
:20D6E0000F002038704738B515460C4661B15AB1FFF764FA2146254411F8013B834203D153
:20D70000A942F9D1012038BD0020FCE738B50C460123114622460546FFF70AFA00280FDBC2
:20D72000012221462846FFF7DEFF38B92378012B14BF022301230020237038BD0323FAE79B
:20D740000120FAE707B501238DF8042001AAF7F7ABFE03B05DF804FB81680122203921F07F
:20D760000F01FFF7EFBF8268203A22F00F02FFF7CDBF01460020F7F793BF004700F0C7B9AE
:20D7800070B5044608461646F8F7ACFA083034F810300D46DA0509D5C3F3432304EBC30257
:20D7A0003146284654F8333052689847A3682BB131462846E268BDE87040184770BD2DE92F
:20D7C000F3411746DDE90858019001A80C461E46F8F7E0FA019B391E18BF012100EB83007F
:20D7E000231E18BF0123002E43EA410314BF0C210021002D43EA010314BF4FF470610021C7
:20D80000B8F1000F43EA010314BF4FF440310021D0F880200B4322EA030304B124780FB19E
:20D820003F787F001C430EB13678B6003C438DB1297809023443B8F1000F03D098F80080B5
:20D840004FEA0848214341EA0801C0F8801002B0BDE8F0812946EDE71FB50DF10F030193DC
:20D8600000238DF80F101A4619460093FFF7A7FF05B05DF804FB10B504792046F8F712FB46
:20D8800010B12046F8F734FB00F0010010BD2DE9F04700250446884617462E464FF00109E1
:20D8A000AA46BE420CD1D4F8443133B10023C4F84431D4F8443145F400352846BDE8F087E9
:20D8C000F0B2F8F799FAA0F580739B0809FA03F318EA030F05D022581AB144F800A022587C
:20D8E0001D430136DDE770B50679044630460D46F8F7FEFAB0B13046F8F7D4FA90B93046DC
:20D90000F8F7C0FA012322688340C2F81833226803B202EB8303D3F8102522F00302C3F864
:20D92000102570BD2846BDE870400021FFF794BFF8F734BCFFF7D7BFF8F7ECBA30B501244E
:20D94000A2F58075AD08AC400C4207D0815829B10021815082581A6822431A6030BD002385
:20D9600013B50C4601934FF4887201ABFFF7E6FF21464FF48A72FFF7E1FF21464FF48E720F
:20D98000FFF7DCFF21464FF48272FFF7D7FF21464FF48472FFF7D2FF21464FF48672FFF74D
:20D9A000CDFF4FF48C722146FFF7C8FF019802B010BD30B5022401250C72CA600468C4F81D
:20D9C0000055096879B112F0040F0CBF82219221150748BF41F02001D406046848BF21F04E
:20D9E0008001C4F80013016812F0800008BF01224FEAC30303F110030CBFCA50C81830BD4A
:20DA0000C9B2F9F799BC70B50126A2F58074A40806FA04F4054614EA010008D0A85830B1C8
:20DA200000213046A950AA581A6822431A6070BD00232DE9F34104460D460193904601ABA6
:20DA40004FF48072FFF7DFFF4FF4827229462046FFF7D9FF4FF48472074629462046FFF792
:20DA6000D2FF064630B1B8F1000F1DD017B13E46D4F80C374FF4A6722946204601ABFFF7D6
:20DA8000C2FF30B1B8F1000F03D016B90FB1D4F80C374FF4B4722946204601ABFFF7B3FF29
:20DAA000019802B0BDE8F0814646E3E770B54B7F04460D467BB10123642643600022022161
:20DAC0002046FFF7B5FF20B90120FFF757FE013EF4D100236B770023C4F8003570BD07B5EB
:20DAE000019001A8F9F748FC0123019A9340436003B05DF804FB07B5019001A8F9F73CFC5E
:20DB00000123019A9340836003B05DF804FB08B1F6F782B8704740B1C368587810F0010005
:20DB20001EBF1878B0FA80F040097047EFF31183202383F31288BFF36F8FFEE708B5FFF74D
:20DB4000F5FF10B54369044633B90020E268537843F00103537010BD98470028F5D000283A
:20DB6000B8BF4042FF28A8BFFF20E3681870EDE700F0B1BA00F0A2BA90F90E308B4201D04C
:20DB8000FBF790B90020704703460020C3E90033C3E9020070473AB18A4205D3C0E902127A
:20DBA000C0E90000002070476FF015007047012302688B4022EA0303036022FA01F000F0EF
:20DBC00001007047EFF30580003818BF012070476FF057007047D0E9003213605A60002397
:20DBE000C0E90033704738B504460D46FAF7E0FE637B43F002036373E5B1A5602B689D4240
:20DC000009D16B68C4E900531C606C6012E06A689A42F6D01B68002BF3D094F90E2093F9F1
:20DC20000E108A42F3D09142F1DD5A68C4E9003214605C6038BD01211838FBF751B808B5A6
:20DC40000246FCF737F870B1D0E904319B1A61EBE272B3F1004F72F1000104DA002AACBF2C
:20DC60001846002008BD6FF00040FBE708B5FCF735FA08BDFCF732BA10B400F10C04C0E9EF
:20DC80000344002444615DF8044BF4F76FBC10B50446406A10B1A16A00F029F80020C4E957
:20DCA000090010BD38B50546FFF7F1FF2B7F0446012B0ED0023B012B0ED82B6A012B18BF8B
:20DCC0006FF096042C220021284600F004FA204638BD2B6A002BF2E76FF09604F2E7FCF7C7
:20DCE00009BC70470020704700207047704710B5044608B1FCF79CFB2046BDE81040FCF7A3
:20DD000091BB0A2840DCC31C22DA10F1400F47D010F13F0F2BDA10F1410F44D010F1550F09
:20DD200044D010F1490F08BF6FF0840018BF6FF08600704709282AD8DFE800F00529290810
:20DD400016293829292F6FF09800704700207047C31C0D2B1BD8DFE803F0072F1A1C1A1AE2
:20DD60001A1A1A1A1D1A1A1D6FF08500704710F1210F1ED00BDB10F1200F1DD010F1100FF0
:20DD800008BF6FF09400D1E764380928D2D96FF0860070476FF0940070476FF08C007047B1
:20DDA0006FF0840070476FF0890070476FF0930070476FF0880070476FF09200704710B576
:20DDC00001380A44914200D110BD10F8013F11F8014B63400370F5E70144814200D170472C
:20DDE00011F8013D1A440A70120AF6E710B58B4294BFC4184418A04200D110BD00F8012B4A
:20DE0000F9E700231A4682B001908B4201D102B070470198C2540133F7E707B501A9FCF7BA
:20DE200017FC003818BF012003B05DF804FBCA0448BF41F480618B0448BF41F400618160A0
:20DE4000704730B589B0054618220C4601A8002100F041F9012344EA052401A9FA20079448
:20DE60000593FCF7A3FB002818BF6FF0920009B030BDF7B5FA2001A9FCF7EAFB044610B190
:20DE8000002003B0F0BD019D2F0AEDB2AC4205D1FA20FCF7C3FB0028F2D008E0E6193046B6
:20DEA000FCF7BCFB30B13046FFF7B7FF10B96FF09200E6E70134E9E738B502250368044660
:20DEC0009D6000F02CF818B1236803F58053DD6138BDC0F30B03482B4B6028BF482310F4AA
:20DEE000003F8B6008BF0023CB6010F4803308BFC1E9013300F47003B3F5700F14BF002303
:20DF00008B6800284FF0010C4FF008028B60B8BF0023C1E905C2B8BFC1E9053370470369DF
:20DF2000186800F4003070470368D90444BF43F48063036003689A0444BF43F400630360B5
:20DF4000704737B5054600216846FCF775FF044668B9302229466846FCF7C0FF10F1520FAF
:20DF6000044607D0431CF4D0684600F04FF8204603B030BD684600F049F8E4E7BFF35F8F28
:20DF80004FF0A343DA69BFF35F8FBFF35F8F10215963BFF35F8FBFF35F8F00215963BFF31D
:20DFA0005F8FBFF35F8FD96BBFF35F8F4906F8D422B1BFF35F8FDA61BFF35F8F704708B512
:20DFC000FCF762FD30B9BFF35F8F4FF0A343986ABFF35F8FBFF35F8F4FF0A342D36BBFF3EB
:20DFE0005F8F10F0240F03F0230304D0FFF7C6FF6FF01F0008BD4FF0FF30002BFAD1BFF3FF
:20E000005F8F1063BFF35F8F1846F3E710B5037804461BB1FCF738FA00232370002010BDA9
:20E02000FAF720B84FF0FF324FF0FF33F9F74ABFFDF7DEB807B54FF0FF334FF0FF32CDE960
:20E040000023002200F027F803B05DF804FB00F01EB800F018B810B5846E426E4B68E407DA
:20E0600003EA02030BD59A420BD1012380F86C300B68036608601830FBF72EFF01E0002B27
:20E08000F3D1002010BD4FF0FF32FCF7C1BF0A460021FCF7BDBF5200FDF70CB80139024482
:20E0A00010B5904201D1002005E0037811F8014FA34201D0181B10BD0130F2E70A44431EAF
:20E0C000914200D1704710B511F8014B914203F8014FF9D110BD02440346934200D170472A
:20E0E00003F8011BF9E79368013B002B936010B408DA9469A34201DB0A2903D15DF8044BC5
:20E10000FDF70ABE1368581C1060084619705DF8044B7047F8B506460F461446D518AC422F
:20E1200001D1002007E03A4614F8011B3046FFF7DAFF431CF3D1F8BD2DE9F04F85B00C4665
:20E140009046194657EC106B002F3B46DDE90E9BBCBF07F1004332462BF0200AAFBF0023A9
:20E160001F4616462D23BAF1460F0B7005D0BAF1450F00D10134022100E0032103AB2246FC
:20E18000019302AB47EC106B00934B46F3F70CFABBF1670F054619D118F0010F0ED005EB3F
:20E1A00004080022002330463946F2F78DF908B1CDF80C803022039B434521D3039B284628
:20E1C000109A5B1B136005B0BDE8F08FBBF1470FE2D0BAF1460F00EB0408E2D10378302B9F
:20E1E0000AD10022002330463946F2F76DF918B9C4F10104C9F80040D9F800309844D0E79B
:20E20000591C03911A70D6E7F7B500290270BABF49422D232B230929437028DD0DF10703D3
:20E220000A271D461A46013BB1FBF7F607FB1614303402F8014C0C463146632CF2DC3031B7
:20E24000941E03F8011C411C2346AB420AD30DF109039B1AAC4288BF002302330344181A9F
:20E2600003B0F0BD13F8016B01F8016FEDE7302330318370031DC170F1E72DE9F047164611
:20E2800098468A6807460B690C46DDF820909342B8BF1346336091F843200AB10133336070
:20E2A0002368990642BF336802333360256815F0060506D104F1190AE36832689B1AAB42BD
:20E2C0002BDC94F843302268003B18BF0123920630D404F1430241463846C847013023D06A
:20E2E00023681A3454F80A2C03F00603042B0ABF54F80E5C002533684FF0000608BFED1A46
:20E3000054F8123C08BF25EAE5759342C4BF9B1AED18B5421AD1002008E0012352464146F4
:20E320003846C847013003D14FF0FF30BDE8F0870135C1E7E1185A1C30200233224481F810
:20E34000430094F8451082F84310C2E70123224641463846C8470130E6D00136D9E710B5E0
:20E360000C46B1F90E10FEF735FA0028ABBF636DA3891B1823F48053ACBF6365A38110BD90
:20E380002DE9F0411F468B8905460C46DB05164605D502230022B1F90E10FDF79DFEA38940
:20E3A0003246B4F90E10284623F48053A3813B46BDE8F041FDF702BD10B50C46B1F90E10B5
:20E3C000FDF78AFE431CA38915BF606523F4805343F48053A38118BFA38110BDB1F90E10F5
:20E3E000FDF76ABD0246014410B58A42134603D01C780132002CF8D1181A10BD2DE9F74FA1
:20E40000036907460C69A342C0F28380013C00F1140501F11408A30055F8242008EB84092B
:20E42000009305EB8403019358F8243001339A42B2FBF3F631D34FF0000AC446AE46D34690
:20E440005CF8043B98B2E1454FEA134306FB00A04FEA104280B206FB0323DEF8002092B26B
:20E460004FEA134AA2EB00029BB2DEF800005A44C3EB224392B203EB104342EA03424FEA74
:20E48000234B4EF8042BDBD2009BEB582BB9019B043B9D421A4630D33C61384600F087F982
:20E4A000002826DB2946002058F8042BD1F800C01FFA82FEC1451FFA8CF34FEA1242A3EB4A
:20E4C0000E030344C2EB23429BB202EB1C4243EA02434FEA224041F8043BE5D255F824206D
:20E4E00005EB840322B9043B9D421A460BD33C610136304603B0BDE8F08F1268043B002A6A
:20E50000CAD1013CC5E71268043B002AEFD1013CEAE70020EEE7B1F90C202DE9F041170796
:20E5200005460C4656D44B68002B02DC0B6C002B3DDDE66A002E3AD0002312F480522F6882
:20E54000216A2B6025D0626DA389580705D56368D21A636B0BB1236CD21A216A0023E66AC2
:20E560002846B047411C24D00023636023692360A389DA0400D56065616B2F60B9B104F192
:20E580004403994202D02846FCF784FE002363630DE001232846B047461C0246D4D12B6863
:20E5A000002BD1D01D2B01D0162B2AD12F6000202EE02A68B4F90C3042B11D2A01D0162AB7
:20E5C00021D10023636023692360D5E7626022692260CEE70F69002FE9D093070E680F6035
:20E5E0000CBF4B690023A6EB07088B60B8F1000FDDDD43463A46216A2846A66AB04700284B
:20E6000008DCB4F90C3043F040034FF0FF30A381BDE8F0810744A8EB0008E7E770B56823AB
:20E620004D1E0E465D4305F17401FCF77DFE044640B1002105F16802C0E900160C30A060EB
:20E64000FFF749FD204670BD2DE9F8430646884600F148040027D4E90195B9F1010905D53B
:20E660002468002CF7D13846BDE8F883AB89012B07D9B5F90E30013303D029463046C0475D
:20E6800007436835E9E770B50C46B1F90E1096B0154600291E460CDAA389002113F0800F91
:20E6A00014BF40234FF48063002031602B6016B070BD6A46FEF7A0F80028EDDB019901F413
:20E6C0007041A1F50053594259414FF48063EBE782B001B901A942B14BB113780B6012786E
:20E6E000101E18BF012002B070471046FBE76FF00100F8E7C9B20346024410B59342184612
:20E7000001D1002003E0047801338C42F6D110BDB0F5803F034636BF030400201020B3F175
:20E72000807F3CBF1B020830B3F1805F3CBF1B010430B3F1804F03D3002B0ADB013070477B
:20E740009B0001D5023070475B0001D503307047202070470368024613F007000BD0D907D5
:20E7600021D4980747BF5B0801209B0802204CBF13601360704799B209B91B0C1020D9B21F
:20E7800009B908301B0A190704BF1B090430990704BF9B080230D90703D45B0800F10100DB
:20E7A00003D013607047002070472020704703460A690069801A30B50ED11433143103EB91
:20E7C000820401EB820154F8045D51F8042D954203D005D24FF0FF3030BDA342F3D3FBE7B4
:20E7E0000120F9E738B502FB01F52946FCF79CFD044618B12A460021FFF76DFC204638BDDF
:20E800000346084641B1FF2A04D98A224FF0FF301A60704701200A7070470000D01DFF7F61
:20E8200001000000753B01000000000000000000A4E8010085A10100000000000000000072
:20E84000E4E8010000000000C4E801000000000004E901000000000024E901008140010080
:20E8600000000000E152010000000000C139010000000000D5A101000000000000000000F2
:20E8800064E901000000000084E901000000000044E90100BDD601000000000000000000FA
:20E8A000A4E90100B7050200ECF40100A0F201006C03002060080020653D010000000000DE
:20E8C000000000000507020060F501006CF2010072030020E4080020E946010000000000A4
:20E8E000000000001107020078F501006CF2010074030020F0080020E94601000000000052
:20E90000000000001C07020090F501006CF2010076030020FC080020E94601000000000000
:20E9200000000000EB07020030F60100BCF201007A030020100900203D4A010000000000AF
:20E9400000000000C4050200000000003CF201006E03002000000000E94001000000000002
:20E96000000000006E070200D8F5010090F201007803002008090020954901000000000024
:20E9800000000000F60702009CF6010098F201007C030020E8000020C54C01002DD501009E
:20E9A00000000000DD0502000CF5010054F2010070030020CC080020B9D001000000000019
:20E9C0000000000000000000EDCB010000000000EDCB010000000000EDCB0100000000000C
:20E9E000EDCB010000000000EDCB010000000000EDCB010000000000EDCB01000000000033
:20EA0000EDCB010000000000EDCB010000000000EDCB010000000000EDCB01000000000012
:20EA2000EDCB010000000000EDCB010000000000EDCB010000000000EDCB010000000000F2
:20EA4000EDCB010000000000EDCB010000000000EDCB010000000000EDCB010000000000D2
:20EA6000EDCB010000000000EDCB010000000000EDCB010000000000EDCB010000000000B2
:20EA8000EDCB010000000000EDCB010000000000EDCB010000000000EDCB01000000000092
:20EAA000EDCB010000000000EDCB010000000000EDCB010000000000EDCB01000000000072
:20EAC000EDCB010000000000EDCB010000000000EDCB010000000000EDCB01000000000052
:20EAE000EDCB010000000000EDCB010000000000EDCB010000000000EDCB01000000000032
:20EB0000EDCB010000000000EDCB010000000000EDCB010000000000EDCB01000000000011
:20EB2000EDCB010000000000EDCB010000000000EDCB010000000000EDCB010000000000F1
:20EB4000EDCB010000000000EDCB010000000000EDCB010000000000EDCB010000000000D1
:20EB6000EDCB010000000000EDCB010000000000EDCB010000000000EDCB010000000000B1
:20EB8000EDCB010000000000EDCB010000000000EDCB010000000000EDCB01000000000091
:20EBA000EDCB010000000000EDCB010000000000EDCB010000000000EDCB01000000000071
:20EBC000EDCB010000000000EDCB010000000000EDCB010000000000EDCB01000000000051
:20EBE000EDCB010000000000EDCB010000000000EDCB010000000000EDCB01000000000031
:20EC0000EDCB010000000000D1A9010000000000EDCB01009D7A01007BD70100000000009C
:20EC2000EDCB010000000000EDCB010000000000EDCB010000000000EDCB010000000000F0
:20EC4000EDCB010000000000EDCB010000000000EDCB010000000000EDCB010000000000D0
:20EC6000EDCB010000000000EDCB010000000000EDCB010000000000EDCB010000000000B0
:20EC8000EDCB010000000000EDCB010000000000EDCB010000000000EDCB01000000000090
:20ECA000EDCB010000000000EDCB010000000000EDCB010000000000EDCB01000000000070
:20ECC000EDCB010000000000EDCB010000000000EDCB010000000000EDCB01000000000050
:20ECE000EDCB010000000000EDCB010000000000EDCB010000000000EDCB01000000000030
:20ED0000EDCB010000000000EDCB010000000000EDCB010000000000EDCB0100000000000F
:20ED2000EDCB010000000000EDCB010000000000EDCB010000000000EDCB010000000000EF
:20ED4000EDCB010000000000EDCB010000000000EDCB010000000000EDCB010000000000CF
:20ED6000EDCB010000000000EDCB010000000000EDCB010000000000EDCB010000000000AF
:20ED8000EDCB010000000000EDCB010000000000EDCB010000000000EDCB0100000000008F
:20EDA000EDCB010000000000EDCB010000000000EDCB010000000000EDCB0100000000006F
:20EDC000EDCB010000000000EDCB010000000000EDCB010000000000EDCB0100000000004F
:20EDE000EDCB010000000000EDCB010000000000EDCB010000000000EDCB0100000000002F
:20EE0000EDCB010000000000EDCB010000000000EDCB010000000000EDCB0100000000000E
:20EE2000EDCB010000000000EDCB010000000000EDCB010000000000EDCB010000000000EE
:20EE4000EDCB010000000000EDCB010000000000EDCB010000000000EDCB010000000000CE
:20EE6000EDCB010000000000EDCB010000000000EDCB010000000000EDCB010000000000AE
:20EE8000EDCB010000000000EDCB010000000000EDCB010000000000EDCB0100000000008E
:20EEA000EDCB010000000000EDCB010000000000EDCB010000000000EDCB0100000000006E
:20EEC000EDCB010000000000EDCB010000000000EDCB010000000000EDCB0100000000004E
:20EEE000EDCB010000000000EDCB010000000000EDCB010000000000EDCB0100000000002E
:20EF0000EDCB010000000000EDCB010000000000EDCB010000000000EDCB0100000000000D
:20EF2000EDCB010000000000EDCB010000000000EDCB010000000000EDCB010000000000ED
:20EF4000EDCB010000000000EDCB010000000000EDCB010000000000EDCB010000000000CD
:20EF6000EDCB010000000000EDCB010000000000EDCB010000000000EDCB010000000000AD
:20EF8000EDCB010000000000EDCB010000000000EDCB010000000000EDCB0100000000008D
:20EFA000EDCB010000000000EDCB010000000000EDCB010000000000EDCB0100000000006D
:20EFC000EDCB010000000000EDCB010000000000EDCB010000000000EDCB0100000000004D
:20EFE000EDCB010000000000EDCB010000000000EDCB010024E9010083D401000000000080
:20F00000EDCB010000000000EDCB010000000000EDCB010000000000EDCB0100000000000C
:20F02000EDCB010000000000EDCB010000000000EDCB010000000000EDCB010000000000EC
:20F04000EDCB010000000000EDCB010000000000EDCB0100997201007BD701000000000026
:20F06000EDCB010000000000EDCB010000000000EDCB010000000000EDCB010000000000AC
:20F08000EDCB010000000000EDCB010000000000EDCB010000000000EDCB010079670100AB
:20F0A0007BD7010000000000EDCB010000000000EDCB010000000000EDCB010000000000D2
:20F0C000EDCB010000000000EDCB010000000000EDCB010000000000EDCB0100000000004C
:20F0E000EDCB01005D6D01007BD7010000000000EDCB010000000000EDCB010000000000C7
:20F10000EDCB010000000000EDCB010000000000EDCB010000000000EDCB0100000000000B
:20F12000EDCB010000000000EDCB010000000000EDCB010000000000EDCB010000000000EB
:20F14000EDCB010000000000EDCB010000000000EDCB010000000000EDCB010000000000CB
:20F16000EDCB010000000000EDCB010000000000EDCB010000000000EDCB010000000000AB
:20F18000EDCB010000000000EDCB010000000000EDCB010000000000EDCB0100000000008B
:20F1A000EDCB010000000000EDCB010000000000EDCB010000000000EDCB0100000000006B
:20F1C000EDCB010000000000EDCB010000000000EDCB010000000000EDCB0100000000004B
:20F1E000EDCB010000000000EDCB0100095C01007BD7010000000000EDCB0100000000002B
:20F20000EDCB010000000000EDCB010000000000EDCB010000000000EDCB0100000000000A
:20F22000EDCB010000000000EDCB0100896701007BD7010000000000EDCB01006BCD010026
:20F2400095CD01008DCD0100D14001005DCD0100D9400100D7CF010005CF01009541010046
:20F260008D410100B3CD0100A7CD0100C9440100DBD20100E7D20100FBD2010005D30100AC
:20F280000FD30100A1430100AD4201000000000057D301004BD30100D54E0100B3D50100BF
:20F2A000C13D010057CD01002BCD010000000000893C010000000000000000009BD40100FB
:20F2C000614B01008DD40100FFFFFFFFFFFFFFFF00A0105000820D500004055005000000EA
:20F2E000040000000100000000000000000000000338FDD870470000000000000000000042
:20F300000338FDD8704700000080E03779C34143176E05B5B5B89346F5F93FE9034F384D5D
:20F32000321D30F94877825A3CBF737FDD4F1575000000000000F03F000000000000244084
:20F3400000000000000059400000000000408F40000000000088C34000000000006AF840D8
:20F360000000000080842E4100000000D01263410000000084D797410000000065CDCD4121
:20F38000000000205FA00242000000E876483742000000A2941A6D42000040E59C30A24217
:20F3A0000000901EC4BCD64200003426F56B0C430080E03779C3414300A0D8855734764366
:20F3C00000C84E676DC1AB43003D9160E458E143408CB5781DAF154450EFE2D6E41A4B4464
:20F3E00092D54D06CFF08044F64AE1C7022DB544B49DD9794378EA440B0000000000000029
:20F400000000000000F0000044E901000100000000F000000008000044E9010002000000A5
:20F4200000F000000060040044E901000300000000F800000058040044E9010004000000C1
:20F4400000F800000058040044E9010005000000005005000090010044E90100060000000B
:20F46000005005000008000044E9010007000000005805000088010044E9010008000000DE
:20F4800000E006000070000044E9010009000000005007000070000044E901000A000000E0
:20F4A00000C007000010000044E9010040000020000000000600010002000000C0F4010029
:20F4C00000000000D703020002000000E0CF070000000020DF03020021000000E07F0120F3
:20F4E0004D3C01003D3D010000000000D13E0100F53D010045CD01004BCD01001000000088
:20F5000001FF00007D0000000010000084E9010000127A000001000004E90100050001006F
:20F5200000000000000080008000000000000100C2281700000001000000010002000000C5
:20F540000100000000FF000000A0105000820D50000405507F000000FFFF0100FF070000EF
:20F560001F00000000A01050000000000000000000C0105001000000FFFF000000820D506E
:20F58000000000000100000000A00D5000000000FF0700000004055000000000020000000C
:20F5A000000000000000000000A0105000820D50000405507F000000FFFF0100FF0700008F
:20F5C00000A0105000820D50000405507F000000FFFF0100FF07000000200D5000000000F2
:20F5E000000000000000000000000000000000000000000000040000E80302010101000017
:20F60000A810002004000000000000000000000018F601000024F40000200D5024F601004F
:20F62000010000002CF60100010000002A00001600600C50000000000000000060F6010052
:20F6400000C201000000D601000000000000004000000000B3100020B21000200101000009
:20F6600000600C506CF601000100000074F601000400000024000000260000022506000183
:20F680002706000300A0105000820D50000405507F000000FFFF0100FF07000000A004508A
:20F6A000000000000048E801000000000000000000000000FFFFFFFF0000FF00000000001E
:20F6C00000000000FFFFFFFF0100000101000000DFD40100FFFF0000ECF60100FFFFFFFF9A
:20F6E00000000000000000000000000000A00450F8F601000100000000F70100030000002B
:20F7000041000004420000054400000604E901000500010000A0105000820D5000040550E7
:20F720007F000000FFFF0100FF070000020000000500000000A0105000820D500004055006
:20F740007F000000FFFF0100FF0700000800000002000000040000000100000000A0105016
:20F7600000820D50000405507F000000FFFF0100FF07000000A0105000820D500004055095
:20F780007F000000FFFF0100FF07000024E8010024E8010064E801006CE80100A4E801009C
:20F7A000A4E80100751A0200000100000001000000020000001400000028000000400000AB
:20F7C0000100000002000000A0010020000000000000000000000000000000000000000065
:20F7E000000000000000000000000000000000000000000000000000000000000000000009
:20F800000000000000000000000000000000000000000000000000000000000000000000E8
:20F8200000000000000000000000000005000000190000007D00000010002DE15D29410B3D
:20F840008D77679C110F1F8A574553545F544F504449522F7A65706879722F696E636C7549
:20F8600064652F7A65706879722F647269766572732F6770696F2E680028666C61677320F7
:20F88000262028283155203C3C20323129207C20283155203C3C20323229207C20283155EF
:20F8A000203C3C20323329207C20283155203C3C20323429207C20283155203C3C203235C8
:20F8C00029207C20283155203C3C203236292929203D3D203000415353455254494F4E2038
:20F8E0004641494C205B25735D20402025733A25640A0009496E7465727275707420666CCF
:20F9000061677320617265206E6F7420737570706F727465640A0028666C61677320262038
:20F92000282831203C3C203429207C202831203C3C203529292920213D20282831203C3CFD
:20F94000203429207C202831203C3C20352929000950756C6C20557020616E642050756CA7
:20F960006C20446F776E2073686F756C64206E6F7420626520656E61626C65642073696D08
:20F98000756C74616E656F75736C790A00212828666C616773202620283155203C3C20311D
:20F9A000362929202626202128666C616773202620283155203C3C203137292920262620CB
:20F9C00028666C6167732026202831203C3C20312929290009496E7075742063616E6E6F87
:20F9E0007420626520656E61626C656420666F7220274F70656E20447261696E272C2027D9
:20FA00004F70656E20536F7572636527206D6F64657320776974686F7574204F75747075F3
:20FA2000740A0028666C6167732026202831203C3C2031292920213D2030207C7C20286685
:20FA40006C6167732026202831203C3C20322929203D3D20300028666C6167732026202857
:20FA6000283155203C3C20313829207C20283155203C3C203139292929203D3D2030207C01
:20FA80007C2028666C616773202620283155203C3C203137292920213D203000094F757400
:20FAA000707574206E6565647320746F20626520656E61626C656420746F20626520696E08
:20FAC000697469616C697A6564206C6F77206F7220686967680A0028666C6167732026208F
:20FAE00028283155203C3C20313829207C20283155203C3C20313929292920213D202828F1
:20FB00003155203C3C20313829207C20283155203C3C203139292900094F7574707574207D
:20FB200063616E6E6F7420626520696E697469616C697A6564206C6F7720616E64206869EF
:20FB400067680A00286366672D3E706F72745F70696E5F6D61736B202620286770696F5FF7
:20FB6000706F72745F70696E735F74292831554C203C3C202870696E29292920213D203041
:20FB8000550009556E737570706F727465642070696E0A00312E302E300056657273696F88
:20FBA0006E3A257309427574746F6E20707265737365642061742025750A004572726F72A7
:20FBC0003A20627574746F6E20646576696365202573206973206E6F742072656164790A3B
:20FBE000004572726F722025643A206661696C656420746F20636F6E666967757265202569
:20FC0000732070696E2025640A004572726F722025643A206661696C656420746F20636FF0
:20FC20006E66696775726520696E74657272757074206F6E2025732070696E2025640A00F8
:20FC400053657420757020627574746F6E2061742025732070696E2025640A004572726F58
:20FC6000722025643A204C454420646576696365202573206973206E6F7420726561647950
:20FC80003B2069676E6F72696E672069740A004572726F722025643A206661696C65642013
:20FCA000746F20636F6E666967757265204C4544206465766963652025732070696E202596
:20FCC000640A00536574207570204C45442061742025732070696E2025640A00507265732F
:20FCE000732074686520627574746F6E0A0073746172742064656C7461207570677261646F
:20FD00006520746F2076657273696F6E202573212121206465766963652077696C6C20654D
:20FD20006E746572206D6375626F6F742C20706C6561736520776169742E2E2E2E2E2E2022
:20FD40000D0A005B6572723D25645D2D2D2D666C61736820696D6167655F6F6B20666C6181
:20FD600067206661696C65642121210D0A00574553545F544F504449522F7A6570687972D8
:20FD80002F6C69622F686561702F686561702E63006368756E6B5F7573656428682C20636A
:20FDA000290009756E657870656374656420686561702073746174652028646F75626C651A
:20FDC0002D667265653F2920666F72206D656D6F72792061742025700A006C6566745F63AB
:20FDE00068756E6B28682C2072696768745F6368756E6B28682C20632929203D3D2063002D
:20FE000009636F72727570746564206865617020626F756E64732028627566666572206F47
:20FE2000766572666C6F773F2920666F72206D656D6F72792061742025700A0062797465CD
:20FE400073203E20686561705F666F6F7465725F6279746573286279746573290009686551
:20FE600061702073697A6520697320746F6F20736D616C6C0A00686561705F737A203E20BD
:20FE80006368756E6B737A2873697A656F6628737472756374207A5F68656170292900638B
:20FEA00068756E6B305F73697A65202B206D696E5F6368756E6B5F73697A65286829203CEC
:20FEC0003D20686561705F737A00286E696C2900574553545F544F504449522F7A657068ED
:20FEE00079722F6C69622F7574696C732F6F6E6F66662E63007374617465203D3D20305519
:20FF000000217379735F736C6973745F69735F656D70747928266D67722D3E636C69656E00
:20FF2000747329007472616E73697420213D202828766F6964202A2930290073746174651F
:20FF4000203D3D202831554C203C3C2028312929006D67722D3E72656673203D3D2030003F
:20FF60007374617465203D3D202831554C203C3C202830292900574553545F544F50444928
:20FF8000522F7A65706879722F696E636C7564652F7A65706879722F7370696E6C6F636BC8
:20FFA0002E68007A5F7370696E5F756E6C6F636B5F76616C6964286C2900094E6F74206D3A
:20FFC00079207370696E6C6F636B2025700A007A5F7370696E5F6C6F636B5F76616C69645C
:20FFE000286C290009496E76616C6964207370696E6C6F636B2025700A00574553545F543C
:020000040002F8
:200000004F504449522F7A65706879722F6C69622F7574696C732F6E6F746966792E630072
:200020002A2A2A20426F6F74696E67206E524620436F6E6E6563742053444B2076332E3116
:200040002E302D366336653562333234393665202A2A2A0A002A2A2A205573696E67205A17
:200060006570687972204F532076342E312E39392D313631323638336434303130202A2A98
:200080002A0A00574553545F544F504449522F7A65706879722F617263682F61726D2F6319
:2000A0006F72652F636F727465785F6D2F6661756C742E6300212828285343425F54797081
:2000C00065202A2920282830784530303045303030554C29202B20307830443030554C290B
:2000E00020292D3E434653522026202831554C203C3C20283055202B2034552929290009E1
:20010000537461636B696E67206F722044617461204163636573732056696F6C6174696F37
:200120006E206572726F7220776974686F757420737461636B2067756172642C20757365D1
:20014000722D6D6F6465206F72206E756C6C2D706F696E74657220646574656374696F6E72
:200160000A0A0065736620213D202828766F6964202A293029000945534620636F756C64A3
:20018000206E6F7420626520726574726965766564207375636365737366756C6C792E208A
:2001A0005368616C6C206E65766572206F636375722E0A00094661756C7420657363616C6A
:2001C0006174696F6E20776974686F75742046535220696E666F0A0009486172644661754B
:2001E0006C7420776974686F7574204846535220696E666F205368616C6C206E6576657278
:20020000206F636375720A00574553545F544F504449522F7A65706879722F617263682F57
:2002200061726D2F636F72652F636F727465785F6D2F6972715F6D616E6167652E630070D2
:2002400072696F203C3D20282831554C203C3C2028332929202D2031290009696E76616C2A
:200260006964207072696F7269747920256420666F7220256420697271212076616C75658C
:2002800073206D757374206265206C657373207468616E20256C750A0A00574553545F5449
:2002A0004F504449522F7A65706879722F617263682F61726D2F636F72652F6D70752F61CA
:2002C000726D5F6D70752E630009436F6E6669677572696E672025752073746174696320F7
:2002E0004D505520726567696F6E73206661696C65640A0A00094D61726B696E67202575D0
:2003000020617265617320666F722064796E616D696320726567696F6E73206661696C650D
:20032000640A0A00095265717565737420746F20636F6E6669677572653A20257520726583
:2003400067696F6E732028737570706F727465643A202575290A0A002128726567696F6E51
:200360005B6964785D2E64745F617474722026202831554C203C3C2028302929290009521A
:20038000414D5F4E4F434143484520776974682044545F4D454D5F434143484541424C45E6
:2003A000206174747269627574650A0A00094661696C656420746F20616C6C6F636174657F
:2003C000204D505520726567696F6E732066726F6D2044540A0A00464C4153485F30005304
:2003E00052414D5F3000574553545F544F504449522F7A65706879722F6C69622F6C69627D
:20040000632F6E65776C69622F6C6962632D686F6F6B732E63002828282873697A655F74F0
:20042000292839362929203C3C20313029202D2028282875696E747074725F742920282603
:200440005F656E642929202D20307832303030303030302929203E3D203230343800096DCC
:20046000656D6F727920737061636520617661696C61626C6520666F72206E65776C69625B
:200480002068656170206973206C657373207468616E20746865206D696E696D756D2072F1
:2004A000657175697265642073697A652073706563696669656420627920434F4E464947D5
:2004C0005F4E45574C49425F4C4942435F4D494E5F52455155495245445F484541505F5351
:2004E000495A450A002A6C6F636B20213D202828766F6964202A29302900096E6F6E2D72D8
:200500006563757273697665206C6F636B20616C6C6F636174696F6E206661696C65640AD7
:200520000009726563757273697665206C6F636B20616C6C6F636174696F6E206661696C0F
:2005400065640A0061626F727428290A00574553545F544F504449522F7A65706879722FE1
:20056000647269766572732F636C6F636B5F636F6E74726F6C2F636C6F636B5F636F6E7493
:20058000726F6C5F6E72662E630074797065203C20434C4F434B5F434F4E54524F4C5F4E01
:2005A00052465F545950455F434F554E5400657272203E3D203000636C6F636B40313065D4
:2005C000303030007272616D2D636F6E74726F6C6C6572403530303462303030006D783256
:2005E00035723634333566403000D810200C00000000574553545F544F504449522F7A6516
:20060000706879722F696E636C7564652F7A65706879722F647269766572732F6770696F27
:200620002F6770696F5F7574696C732E680063616C6C6261636B00094E6F2063616C6C62A5
:2006400061636B210A0063616C6C6261636B2D3E68616E646C657200094E6F2063616C6C48
:200660006261636B2068616E646C6572210A00574553545F544F504449522F6D6F64756CFC
:2006800065732F68616C2F6E6F726469632F6E7266782F68616C2F6E72665F6770696F2E6E
:2006A00068006E72665F6770696F5F70696E5F70726573656E745F636865636B282A705FFA
:2006C00070696E2900574553545F544F504449522F7A65706879722F647269766572732F08
:2006E0006770696F2F6770696F5F6E7266782E6300657272203D3D204E5246585F53554334
:2007000043455353006770696F40313061303030006770696F406438323030006770696F9E
:200720004035303430300000010405020608090F574553545F544F504449522F6D6F6475F6
:200740006C65732F68616C2F6E6F726469632F6E7266782F68616C2F6E72665F70776D2E9C
:2007600068006368616E6E656C203C20340070776D40643230303000574553545F544F5039
:200780004449522F7A65706879722F647269766572732F73657269616C2F756172745F6E14
:2007A0007266785F75617274652E6300094E52465F5359535F4556454E54206E656564737B
:2007C00020746F20626520656E61626C656420746F207573652063726F737320646F6D61C9
:2007E000696E2070696E732E0A0A0075617274406336303030007370694034613030300030
:20080000574553545F544F504449522F7A65706879722F647269766572732F74696D657215
:200820002F6E72665F677274635F74696D65722E63002828282831554C203C3C2028302978
:2008400029207C202831554C203C3C2028312929207C202831554C203C3C2028322929201C
:200860007C202831554C203C3C2028332929207C202831554C203C3C2028342929207C20A5
:200880002831554C203C3C2028352929207C202831554C203C3C2028362929207C202831C4
:2008A000554C203C3C2028372929207C202831554C203C3C2028382929207C202831554C58
:2008C000203C3C2028392929207C202831554C203C3C202831302929207C202831554C208E
:2008E0003C3C202831312929292026207E282831554C203C3C2028332929207C2028315586
:200900004C203C3C2028342929207C202831554C203C3C2028372929207C202831554C2030
:200920003C3C2028382929207C202831554C203C3C2028392929207C202831554C203C3CFE
:20094000202831302929207C202831554C203C3C20283131292929292026202831554C2080
:200960003C3C20286368616E2929292026262028286368616E2920213D2073797374656DC0
:200980005F636C6F636B5F6368616E6E656C5F646174612E6368616E6E656C29005745539C
:2009A000545F544F504449522F626F6F746C6F616465722F6D6375626F6F742F626F6F744D
:2009C0002F626F6F747574696C2F7372632F626F6F747574696C5F7075626C69632E6300EF
:2009E00028696D6167655F6E756D29203C203078460028737761705F7479706529203C20E1
:200A000030784600626F6F745F7365745F6E65787400626F6F745F77726974655F73776183
:200A2000705F696E666F00626F6F745F77726974655F747261696C657200574553545F54B5
:200A40004F504449522F6D6F64756C65732F68616C2F6E6F726469632F6E7266782F6472EC
:200A600069766572732F7372632F6E7266785F636C6F636B2E6300574553545F544F504414
:200A800049522F6D6F64756C65732F68616C2F6E6F726469632F6E7266782F68616C2F6E93
:200AA00072665F636C6F636B2E68006D5F636C6F636B5F63622E6D6F64756C655F696E690E
:200AC0007469616C697A656400574553545F544F504449522F6D6F64756C65732F68616CC0
:200AE0002F6E6F726469632F6E7266782F68616C2F6E72665F6770696F74652E6800696E2E
:200B0000646578203C203800574553545F544F504449522F6D6F64756C65732F68616C2FB1
:200B20006E6F726469632F6E7266782F647269766572732F7372632F6E7266785F67706918
:200B40006F74652E63006E7266795F6770696F5F70696E5F70726573656E745F63686563F7
:200B60006B2870696E290070696E5F69735F696E70757428705F696E7374616E63652C20C9
:200B800070696E290070696E5F6861735F7472696767657228705F696E7374616E63652C38
:200BA0002070696E2900705F6368616E6E656C00696E745F656E61626C6500000718232387
:200BC0002323232323232323232323000102574553545F544F504449522F6D6F64756C6568
:200BE000732F68616C2F6E6F726469632F6E7266782F68616C2F6E72665F677274632E6805
:200C00000076616C7565203C3D202828307846464646554C203C3C202830554C2929203EEC
:200C20003E202830554C29290076616C7565203C3D20282830784646554C203C3C20283000
:200C4000554C2929203E3E202830554C29290063635F6368616E6E656C203C202831325540
:200C60004C2900574553545F544F504449522F6D6F64756C65732F68616C2F6E6F726469B4
:200C8000632F6E7266782F647269766572732F7372632F6E7266785F677274632E63007062
:200CA0005F6368616E5F646174610063635F68203C3D202830784646464646554C203C3C95
:200CC000202830554C2929006D5F63622E7374617465203D3D204E5246585F4452565F53D4
:200CE000544154455F494E495449414C495A454400705F636F756E74657200705F6D61695C
:200D00006E5F63635F6368616E6E656C006D5F63622E6368616E6E656C5F646174615B30EC
:200D20005D2E6368616E6E656C203D3D2030006D5F63622E737461746520213D204E524601
:200D4000585F4452565F53544154455F554E494E495449414C495A4544006D5F63622E63B6
:200D600068616E6E656C5F646174615B695D2E6368616E6E656C203D3D2069647800705F0E
:200D800073657120213D202828766F6964202A29302900705F76616C75657320213D202879
:200DA00028766F6964202A293029006C656E67746820213D2030006C656E677468202A2051
:200DC00073697A656F662875696E7431365F7429203C3D2028307837464646554C203C3C6D
:200DE000202830554C29290072656672657368203C3D20283078464646464646554C203C6F
:200E00003C202830554C292900656E645F64656C6179203C3D202830784646464646465504
:200E20004C203C3C202830554C292900746F705F76616C7565203C3D202830783746464602
:200E4000554C203C3C202830554C292900574553545F544F504449522F6D6F64756C657352
:200E60002F68616C2F6E6F726469632F6E7266782F647269766572732F7372632F6E726659
:200E8000785F70776D2E6300705F636F6E66696700705F63622D3E737461746520213D2093
:200EA0004E5246585F4452565F53544154455F554E494E495449414C495A454400706C6154
:200EC000796261636B5F636F756E74203E2030006E7266785F69735F696E5F72616D28706C
:200EE0005F73657175656E63652D3E76616C7565732E705F72617729006D5F63625B705F14
:200F0000696E7374616E63652D3E696E7374616E63655F69645D2E737461746520213D2046
:200F20004E5246585F4452565F53544154455F554E494E495449414C495A45440057455321
:200F4000545F544F504449522F6D6F64756C65732F68616C2F6E6F726469632F6E726678E5
:200F60002F68616C2F6E72665F7272616D632E6800705F636F6E6669672D3E7772697465B3
:200F80005F627566665F73697A65203C3D202830783230554C2900574553545F544F5044A7
:200FA00049522F6D6F64756C65732F68616C2F6E6F726469632F6E7266782F68616C2F6E6E
:200FC00072665F7370696D2E68007072657363616C6572203E3D20282028705F7265672072
:200FE0003D3D2028284E52465F5350494D5F547970652A292030783530303441303030557E
:201000004C2929203F20283429203A202830783032554C2929007072657363616C657220AE
:201020003C3D20282028705F726567203D3D2028284E52465F5350494D5F547970652A29BE
:201040002030783530303441303030554C2929203F202831323629203A20283078374555B7
:201060004C2929002828287072657363616C6572292025203229203D3D20302900574553AE
:20108000545F544F504449522F6D6F64756C65732F68616C2F6E6F726469632F6E726678A4
:2010A0002F647269766572732F7372632F6E7266785F7370696D2E6300705F786665725F12
:2010C000646573632D3E705F74785F62756666657220213D202828766F6964202A29302906
:2010E000207C7C20705F786665725F646573632D3E74785F6C656E677468203D3D20300014
:20110000705F786665725F646573632D3E705F72785F62756666657220213D202828766F7D
:201120006964202A293029207C7C20705F786665725F646573632D3E72785F6C656E67748E
:2011400068203D3D2030002828705F786665725F646573632D3E72785F6C656E6774682015
:201160003C202831554C203C3C202865617379646D615F737570706F72745F626974735B6D
:20118000705F696E7374616E63652D3E6472765F696E73745F6964785D292929202626204F
:2011A00028705F786665725F646573632D3E74785F6C656E677468203C202831554C203C7B
:2011C0003C202865617379646D615F737570706F72745F626974735B705F696E7374616E63
:2011E00063652D3E6472765F696E73745F6964785D29292929002128666C616773202620F2
:201200002831554C203C3C20332929207C7C2028705F63622D3E73735F70696E203D3D20F2
:20122000307846464646464646462900705F63622D3E68616E646C657200574553545F54DA
:201240004F504449522F7A65706879722F6B65726E656C2F6465766963652E630064657620
:20126000203C3D205F6465766963655F6C6973745F656E640009756E6578706563746564F7
:20128000206C69737420656E64206C6F636174696F6E0A00574553545F544F504449522FF5
:2012A0007A65706879722F6B65726E656C2F666174616C2E6300726561736F6E20213D20EE
:2012C0004B5F4552525F4B45524E454C5F50414E49430009417474656D7074656420746FDD
:2012E000207265636F7665722066726F6D2061206B65726E656C2070616E696320636F6E57
:20130000646974696F6E0A00574553545F544F504449522F7A65706879722F6B65726E65B3
:201320006C2F696E69742E63007468726561645F64617461203C3D205F5F7374617469635D
:201340005F7468726561645F646174615F6C6973745F656E64006D61696E00574553545FC5
:20136000544F504449522F7A65706879722F6B65726E656C2F69646C652E63005F6B65721B
:201380006E656C2E637075735B305D2E63757272656E742D3E626173652E7072696F203EC0
:2013A0003D203000574553545F544F504449522F7A65706879722F6B65726E656C2F6D759A
:2013C0007465782E630021617263685F69735F696E5F697372282900096D757465786573E9
:2013E0002063616E6E6F74206265207573656420696E7369646520495352730A006D757415
:2014000065782D3E6C6F636B5F636F756E74203E20305500574553545F544F504449522FAD
:201420007A65706879722F6B65726E656C2F696E636C7564652F6B73636865642E680021EF
:20144000617263685F6972715F756E6C6F636B6564286B65792900090A007468726561646A
:201460002D3E626173652E70656E6465645F6F6E00574553545F544F504449522F7A65709A
:201480006879722F6B65726E656C2F73656D2E63002828617263685F69735F696E5F6973AA
:2014A000722829203D3D203029207C7C20282874696D656F7574292E7469636B73203D3DB8
:2014C000202828286B5F74696D656F75745F7429207B307D29292E7469636B732929005718
:2014E0004553545F544F504449522F7A65706879722F6B65726E656C2F776F726B2E6300CB
:2015000068616E646C657220213D202828766F6964202A2930290021666C61675F7465731B
:2015200074282671756575652D3E666C6167732C204B5F574F524B5F51554555455F535429
:2015400041525445445F4249542900717565756500737461636B00574553545F544F5044A0
:2015600049522F7A65706879722F6B65726E656C2F7468726561642E630028282828707295
:20158000696F2929203D3D203135202626207A5F69735F69646C655F7468726561645F6528
:2015A0006E7472792828656E747279292929207C7C202828283135202D203129203E3D20C9
:2015C00028282D31362929292026262028287072696F2929203E3D2028282D3136292920B3
:2015E00026262028287072696F2929203C3D20283135202D20312929290009696E76616CA0
:201600006964207072696F7269747920282564293B20616C6C6F7765642072616E67653AB7
:2016200020256420746F2025640A000954687265616473206D6179206E6F74206265206335
:2016400072656174656420696E20495352730A00574553545F544F504449522F7A65706839
:2016600079722F6B65726E656C2F73636865642E6300217A5F69735F69646C655F74687288
:201680006561645F6F626A656374287468726561642900574553545F544F504449522F7A64
:2016A00065706879722F6B65726E656C2F696E636C7564652F6B7468726561642E68005F38
:2016C0006B65726E656C2E637075735B305D2E63757272656E7420213D202828766F6964E7
:2016E000202A2930290073697A656F66285F73636865645F7370696E6C6F636B29203D3D7B
:201700002030207C7C206C6F636B20213D20265F73636865645F7370696E6C6F636B005F4D
:201720006B65726E656C2E637075735B305D2E63757272656E742D3E626173652E736368B4
:2017400065645F6C6F636B656420213D203155005F6B65726E656C2E637075735B305D2EEC
:2017600063757272656E742D3E626173652E73636865645F6C6F636B656420213D20305537
:2017800000217465726D696E617465000961626F72746564205F63757272656E7420626110
:2017A000636B2066726F6D20646561640A0021657373656E7469616C000961626F72746560
:2017C0006420657373656E7469616C207468726561642025700A00574553545F544F50448D
:2017E00049522F7A65706879722F6B65726E656C2F74696D65736C6963696E672E6300284D
:201800002874696D656F75742920262620282875696E747074725F74292028736C6963652A
:201820005F74696D656F7574732929203C3D20282875696E747074725F7429202874696DD0
:20184000656F7574292920262620282875696E747074725F7429202874696D656F75742913
:2018600029203C20282875696E747074725F742920282628736C6963655F74696D656F75C9
:201880007473295B282873697A655F742920282828696E74292073697A656F6628636861C6
:2018A000725B31202D2032202A202128215F5F6275696C74696E5F74797065735F636F6DD0
:2018C00070617469626C655F70285F5F747970656F665F5F28736C6963655F74696D656F68
:2018E000757473292C205F5F747970656F665F5F282628736C6963655F74696D656F757418
:2019000073295B305D2929295D29202D203129202B202873697A656F6628736C6963655FC1
:2019200074696D656F75747329202F2073697A656F662828736C6963655F74696D656F75B3
:201940007473295B305D292929295D29292026262028282875696E747074725F74292028DE
:2019600074696D656F75742929202D20282875696E747074725F74292028736C6963655F88
:2019800074696D656F75747329292920252073697A656F662828736C6963655F74696D65EF
:2019A0006F757473295B305D29203D3D20302900574553545F544F504449522F7A657068B5
:2019C00079722F6B65726E656C2F74696D656F75742E6300217379735F646E6F64655F69F4
:2019E000735F6C696E6B65642826746F2D3E6E6F64652900574553545F544F504449522F90
:201A00007A65706879722F6B65726E656C2F6B686561702E630021617263685F69735F69E9
:201A20006E5F6973722829207C7C20282874696D656F7574292E7469636B73203D3D202854
:201A400028286B5F74696D656F75745F7429207B307D29292E7469636B73290068656170BC
:201A6000203C3D205F6B5F686561705F6C6973745F656E6400737973776F726B7100574506
:201A800053545F544F504449522F6E72662F7375627379732F6E72665F736563757269744E
:201AA000792F7372632F647269766572732F63726163656E2F63726163656E7073612F73EC
:201AC00072632F6C69625F6B6D752E63002828282875696E747074725F74296B6D755F73BD
:201AE00072632D3E6465737429202520313629203D3D203029000944455354206D697361C2
:201B00006C69676E65640A00574553545F544F504449522F6E72662F7375627379732F6EEA
:201B200072665F73656375726974792F7372632F647269766572732F63726163656E2F7314
:201B40007873796D63727970742F7372632F706C6174666F726D2F626172656D6574616C9B
:201B60002F696E74657272757074732E630009556E68616E646C656420696E746572727580
:201B800070742E200A00574553545F544F504449522F6E72662F7375627379732F6E7266D3
:201BA0005F73656375726974792F7372632F7574696C732F6E72665F73656375726974792B
:201BC0005F6D7574657865732E6300726574203D3D203000574553545F544F504449522F32
:201BE0007A65706879722F6B65726E656C2F6576656E74732E63002C2066756E6374696FFA
:201C00006E3A2000617373657274696F6E2022257322206661696C65643A2066696C652089
:201C2000222573222C206C696E65202564257325730A000020202020202020202028282859
:201C40002828202020202020202020202020202020202020881010101010101010101010BC
:201C6000101010100404040404040404040410101010101010414141414141010101010101
:201C800001010101010101010101010101010110101010101042424242424202020202023F
:201CA0000202020202020202020202020202021010101020000000000000000000000000A6
:201CC000000000000000000000000000000000000000000000000000000000000000000004
:201CE0000000000000000000000000000000000000000000000000000000000000000000E4
:201D00000000000000000000000000000000000000000000000000000000000000000000C3
:201D20000000000000000000000000000000000000000000232D302B2000686C4C006566ED
:201D40006745464700494E4600696E66004E414E006E616E003031323334353637383941C8
:201D60004243444546003031323334353637383961626364656600496E66696E6974790063
:201D80004E614E005245454E54206D616C6C6F6320737563636565646564002F5F5F772FD8
:201DA0005F74656D702F776F726B73706163652F6275696C642F2E6275696C642F484F534B
:201DC000542D7838365F36342D7736342D6D696E677733322F61726D2D7A65706879722DA6
:201DE000656162692F7372632F6E65776C69622D6E616E6F2F6E65776C69622F6C696263D9
:201E00002F7374646C69622F64746F612E630042616C6C6F63207375636365656465640097
:201E2000504F534958002E002F5F5F772F5F74656D702F776F726B73706163652F627569CC
:201E40006C642F2E6275696C642F484F53542D7838365F36342D7736342D6D696E6777336C
:201E6000322F61726D2D7A65706879722D656162692F7372632F6E65776C69622D6E616EA3
:201E80006F2F6E65776C69622F6C6962632F7374646C69622F6D707265632E6300000000D2
:201EA0000000000067000000000000000000000000000000000000000000000000000000BB
:201EC000000000000000000000000000000000000000000000000000000000000000000002
:201EE0000000000000000000000000000000000000000000000000000000000000000000E2
:201F00000000000000000000000000000000000000000000000000000000000000000000C1
:201F20000000000000000000000000000000000004E90100090000005DC90100FCF3010093
:201F400087CC01008BCC010000000000000000000CF7010001000000F8000020F8000020A0
:201F600000000000010000000801002008010020000000000100000000000000000000000D
:201F80000000000000000000000000000000000000000000000000000000000084E90100D3
:201FA0000000000000000000BC100020B4100020A152010000000000FF0000000090D003FB
:201FC000FF0000000F000000710200006C0100206C010020EDDC0100D7E0010067742000E9
:201FE000D4030020E80300204804002038040020FC03002021E0010025E00100A00100202F
:20200000000000000CF80100ECF70100CCF701000000000000000000000000000000000013
:202020000000000000000000000000000000000000000000000000000000000000000000A0
:20204000000000000000000000000000000000000000000000000000000000000000000080
:2020600043000000000000000000000000000000000000000000000000000000000000001D
:202080004300000000000000000000000000000000000000000000000000000000000000FD
:2020A0004300000000000000000000000000000000000000000000000000000000000000DD
:2020C0004300000000000000000000000000000000000000000000000000000000000000BD
:2020E00043000000000000000000000000000000000000000000000000000000000000009D
:2021000043000000000000000000000000000000000000000000000000000000000000007C
:2021200043000000000000000000000000000000000000000000000000000000000000005C
:2021400001E80100D1E6010000000000331C0200261E0200591402005914020059140200F9
:20216000591402005914020059140200591402005914020059140200FFFFFFFFFFFFFFFFCD
:20218000FFFFFFFFFFFF0000010041534349490000000000000000000000000000000000DB
:2021A0000000000000000000000041534349490000000000000000000000000000000000B6
:2021C0000000000000000000000000000000000000000000000000000000000000000000FF
:2021E0000000000008560020001000000000000000000000000000009803002098030020DB
:2022000000000000000000000E000000AC030020AC03002000000000000000000E00000004
:20222000C0030020C003002000000000000000000E000000D4030020D403002000000000DC
:20224000000000000E000000E8030020E803002000000000000000000E000000FC0300202D
:20226000FC03002000000000000000000E00000010040020100400200000000000000000C9
:202280000E000000240400202404002000000000000000000E0000003804002038040020DA
:2022A00000000000000000004804002048040020000000000000000015E015E00769D50017
:2022C00012004000B5CCF43637E2CE557724AD3D18900D6666FF99C23A116D18ABF9C4B776
:2022E00026C4AFF3604792B4600884F64D4D7E1EFC6236973D15658D91826AF85B607857DF
:20230000485CF08B250001000101004000E3E129B49F1218E18E4614ACB2523389C7585226
:20232000EBB98B4D2C6171A2FC65706BA3D1DDF85F52E71450C3E572E624695FAFD41CE491
:20234000D9354D6C2B19F7D6001A6AE8B024004000F8F9A9FEE209005FF988F61876D05618
:20236000670B7387649307077BA8271ABFD65BC5DA3975FAA93AC0035CDB3A6BA097B34A9B
:1123800043611F01073E21C701200822A029EE120146
:020000040005F5
:205000003DB8F3960000000000080000B4370000000000000000000000000000000000001F
:20502000FFFFFFFFFFFFFFFFFFFFFFFFFFFFFFFFFFFFFFFFFFFFFFFFFFFFFFFFFFFFFFFF90
:20504000FFFFFFFFFFFFFFFFFFFFFFFFFFFFFFFFFFFFFFFFFFFFFFFFFFFFFFFFFFFFFFFF70
:20506000FFFFFFFFFFFFFFFFFFFFFFFFFFFFFFFFFFFFFFFFFFFFFFFFFFFFFFFFFFFFFFFF50
:20508000FFFFFFFFFFFFFFFFFFFFFFFFFFFFFFFFFFFFFFFFFFFFFFFFFFFFFFFFFFFFFFFF30
:2050A000FFFFFFFFFFFFFFFFFFFFFFFFFFFFFFFFFFFFFFFFFFFFFFFFFFFFFFFFFFFFFFFF10
:2050C000FFFFFFFFFFFFFFFFFFFFFFFFFFFFFFFFFFFFFFFFFFFFFFFFFFFFFFFFFFFFFFFFF0
:2050E000FFFFFFFFFFFFFFFFFFFFFFFFFFFFFFFFFFFFFFFFFFFFFFFFFFFFFFFFFFFFFFFFD0
:20510000FFFFFFFFFFFFFFFFFFFFFFFFFFFFFFFFFFFFFFFFFFFFFFFFFFFFFFFFFFFFFFFFAF
:20512000FFFFFFFFFFFFFFFFFFFFFFFFFFFFFFFFFFFFFFFFFFFFFFFFFFFFFFFFFFFFFFFF8F
:20514000FFFFFFFFFFFFFFFFFFFFFFFFFFFFFFFFFFFFFFFFFFFFFFFFFFFFFFFFFFFFFFFF6F
:20516000FFFFFFFFFFFFFFFFFFFFFFFFFFFFFFFFFFFFFFFFFFFFFFFFFFFFFFFFFFFFFFFF4F
:20518000FFFFFFFFFFFFFFFFFFFFFFFFFFFFFFFFFFFFFFFFFFFFFFFFFFFFFFFFFFFFFFFF2F
:2051A000FFFFFFFFFFFFFFFFFFFFFFFFFFFFFFFFFFFFFFFFFFFFFFFFFFFFFFFFFFFFFFFF0F
:2051C000FFFFFFFFFFFFFFFFFFFFFFFFFFFFFFFFFFFFFFFFFFFFFFFFFFFFFFFFFFFFFFFFEF
:2051E000FFFFFFFFFFFFFFFFFFFFFFFFFFFFFFFFFFFFFFFFFFFFFFFFFFFFFFFFFFFFFFFFCF
:20520000FFFFFFFFFFFFFFFFFFFFFFFFFFFFFFFFFFFFFFFFFFFFFFFFFFFFFFFFFFFFFFFFAE
:20522000FFFFFFFFFFFFFFFFFFFFFFFFFFFFFFFFFFFFFFFFFFFFFFFFFFFFFFFFFFFFFFFF8E
:20524000FFFFFFFFFFFFFFFFFFFFFFFFFFFFFFFFFFFFFFFFFFFFFFFFFFFFFFFFFFFFFFFF6E
:20526000FFFFFFFFFFFFFFFFFFFFFFFFFFFFFFFFFFFFFFFFFFFFFFFFFFFFFFFFFFFFFFFF4E
:20528000FFFFFFFFFFFFFFFFFFFFFFFFFFFFFFFFFFFFFFFFFFFFFFFFFFFFFFFFFFFFFFFF2E
:2052A000FFFFFFFFFFFFFFFFFFFFFFFFFFFFFFFFFFFFFFFFFFFFFFFFFFFFFFFFFFFFFFFF0E
:2052C000FFFFFFFFFFFFFFFFFFFFFFFFFFFFFFFFFFFFFFFFFFFFFFFFFFFFFFFFFFFFFFFFEE
:2052E000FFFFFFFFFFFFFFFFFFFFFFFFFFFFFFFFFFFFFFFFFFFFFFFFFFFFFFFFFFFFFFFFCE
:20530000FFFFFFFFFFFFFFFFFFFFFFFFFFFFFFFFFFFFFFFFFFFFFFFFFFFFFFFFFFFFFFFFAD
:20532000FFFFFFFFFFFFFFFFFFFFFFFFFFFFFFFFFFFFFFFFFFFFFFFFFFFFFFFFFFFFFFFF8D
:20534000FFFFFFFFFFFFFFFFFFFFFFFFFFFFFFFFFFFFFFFFFFFFFFFFFFFFFFFFFFFFFFFF6D
:20536000FFFFFFFFFFFFFFFFFFFFFFFFFFFFFFFFFFFFFFFFFFFFFFFFFFFFFFFFFFFFFFFF4D
:20538000FFFFFFFFFFFFFFFFFFFFFFFFFFFFFFFFFFFFFFFFFFFFFFFFFFFFFFFFFFFFFFFF2D
:2053A000FFFFFFFFFFFFFFFFFFFFFFFFFFFFFFFFFFFFFFFFFFFFFFFFFFFFFFFFFFFFFFFF0D
:2053C000FFFFFFFFFFFFFFFFFFFFFFFFFFFFFFFFFFFFFFFFFFFFFFFFFFFFFFFFFFFFFFFFED
:2053E000FFFFFFFFFFFFFFFFFFFFFFFFFFFFFFFFFFFFFFFFFFFFFFFFFFFFFFFFFFFFFFFFCD
:20540000FFFFFFFFFFFFFFFFFFFFFFFFFFFFFFFFFFFFFFFFFFFFFFFFFFFFFFFFFFFFFFFFAC
:20542000FFFFFFFFFFFFFFFFFFFFFFFFFFFFFFFFFFFFFFFFFFFFFFFFFFFFFFFFFFFFFFFF8C
:20544000FFFFFFFFFFFFFFFFFFFFFFFFFFFFFFFFFFFFFFFFFFFFFFFFFFFFFFFFFFFFFFFF6C
:20546000FFFFFFFFFFFFFFFFFFFFFFFFFFFFFFFFFFFFFFFFFFFFFFFFFFFFFFFFFFFFFFFF4C
:20548000FFFFFFFFFFFFFFFFFFFFFFFFFFFFFFFFFFFFFFFFFFFFFFFFFFFFFFFFFFFFFFFF2C
:2054A000FFFFFFFFFFFFFFFFFFFFFFFFFFFFFFFFFFFFFFFFFFFFFFFFFFFFFFFFFFFFFFFF0C
:2054C000FFFFFFFFFFFFFFFFFFFFFFFFFFFFFFFFFFFFFFFFFFFFFFFFFFFFFFFFFFFFFFFFEC
:2054E000FFFFFFFFFFFFFFFFFFFFFFFFFFFFFFFFFFFFFFFFFFFFFFFFFFFFFFFFFFFFFFFFCC
:20550000FFFFFFFFFFFFFFFFFFFFFFFFFFFFFFFFFFFFFFFFFFFFFFFFFFFFFFFFFFFFFFFFAB
:20552000FFFFFFFFFFFFFFFFFFFFFFFFFFFFFFFFFFFFFFFFFFFFFFFFFFFFFFFFFFFFFFFF8B
:20554000FFFFFFFFFFFFFFFFFFFFFFFFFFFFFFFFFFFFFFFFFFFFFFFFFFFFFFFFFFFFFFFF6B
:20556000FFFFFFFFFFFFFFFFFFFFFFFFFFFFFFFFFFFFFFFFFFFFFFFFFFFFFFFFFFFFFFFF4B
:20558000FFFFFFFFFFFFFFFFFFFFFFFFFFFFFFFFFFFFFFFFFFFFFFFFFFFFFFFFFFFFFFFF2B
:2055A000FFFFFFFFFFFFFFFFFFFFFFFFFFFFFFFFFFFFFFFFFFFFFFFFFFFFFFFFFFFFFFFF0B
:2055C000FFFFFFFFFFFFFFFFFFFFFFFFFFFFFFFFFFFFFFFFFFFFFFFFFFFFFFFFFFFFFFFFEB
:2055E000FFFFFFFFFFFFFFFFFFFFFFFFFFFFFFFFFFFFFFFFFFFFFFFFFFFFFFFFFFFFFFFFCB
:20560000FFFFFFFFFFFFFFFFFFFFFFFFFFFFFFFFFFFFFFFFFFFFFFFFFFFFFFFFFFFFFFFFAA
:20562000FFFFFFFFFFFFFFFFFFFFFFFFFFFFFFFFFFFFFFFFFFFFFFFFFFFFFFFFFFFFFFFF8A
:20564000FFFFFFFFFFFFFFFFFFFFFFFFFFFFFFFFFFFFFFFFFFFFFFFFFFFFFFFFFFFFFFFF6A
:20566000FFFFFFFFFFFFFFFFFFFFFFFFFFFFFFFFFFFFFFFFFFFFFFFFFFFFFFFFFFFFFFFF4A
:20568000FFFFFFFFFFFFFFFFFFFFFFFFFFFFFFFFFFFFFFFFFFFFFFFFFFFFFFFFFFFFFFFF2A
:2056A000FFFFFFFFFFFFFFFFFFFFFFFFFFFFFFFFFFFFFFFFFFFFFFFFFFFFFFFFFFFFFFFF0A
:2056C000FFFFFFFFFFFFFFFFFFFFFFFFFFFFFFFFFFFFFFFFFFFFFFFFFFFFFFFFFFFFFFFFEA
:2056E000FFFFFFFFFFFFFFFFFFFFFFFFFFFFFFFFFFFFFFFFFFFFFFFFFFFFFFFFFFFFFFFFCA
:20570000FFFFFFFFFFFFFFFFFFFFFFFFFFFFFFFFFFFFFFFFFFFFFFFFFFFFFFFFFFFFFFFFA9
:20572000FFFFFFFFFFFFFFFFFFFFFFFFFFFFFFFFFFFFFFFFFFFFFFFFFFFFFFFFFFFFFFFF89
:20574000FFFFFFFFFFFFFFFFFFFFFFFFFFFFFFFFFFFFFFFFFFFFFFFFFFFFFFFFFFFFFFFF69
:20576000FFFFFFFFFFFFFFFFFFFFFFFFFFFFFFFFFFFFFFFFFFFFFFFFFFFFFFFFFFFFFFFF49
:20578000FFFFFFFFFFFFFFFFFFFFFFFFFFFFFFFFFFFFFFFFFFFFFFFFFFFFFFFFFFFFFFFF29
:2057A000FFFFFFFFFFFFFFFFFFFFFFFFFFFFFFFFFFFFFFFFFFFFFFFFFFFFFFFFFFFFFFFF09
:2057C000FFFFFFFFFFFFFFFFFFFFFFFFFFFFFFFFFFFFFFFFFFFFFFFFFFFFFFFFFFFFFFFFE9
:2057E000FFFFFFFFFFFFFFFFFFFFFFFFFFFFFFFFFFFFFFFFFFFFFFFFFFFFFFFFFFFFFFFFC9
:205800004E4557508C370000B5CCF43637E2CE557724AD3D18900D6666FF99C23A116D1874
:20582000ABF9C4B726C4AFF304A5C50A44806DBE501070BEA47921FC01FC01FC01FC01FC9A
:2058400001FC01FC01FC01FC01FC01FC01FC01FC01FC01FC01C6E10180402300305E28C064
:205860001C103C100C7800584C58CC18BC980FF80FF80FF80FF80FF80FF80FF80FF80D585B
:2058800003F803F803F803F803F803F803F803F803F803F803F803F803F803F803F803F858
:2058A00003F803F803F803F803F803F803F803F8021C0A0188FE20FF803F803F803F803F46
:2058C000803F803F803F8014C0A01EEFE20FF803F803F803F8007C0601888220FF803F80C5
:2058E0003F803F803F8008C0601EE8220FFB87C86CA8C4D98D88002C323AFFEEBB45034133
:20590000FF007F000D80C03DD0441FF5FEBB846A030086474528E0500F77F0227C3E43F6B8
:20592000FFDE004B01807BA0883FE00FE00FE001B02807BBF84B8F0C8E80C282C5DC23503F
:20594000101840003A0466021F1000FE00FE009B02807BBF80B2301807BA0629323316478B
:20596000266527880E9A51AB0899C47F42235860A084D26172E5B15FB18AD0015A046602B8
:20598000030800070C8EBF5C8027B34B85C140C0E2C01FC01FC01FC019E0300F7410569E66
:2059A000811980AB7FAB55003F8039C0601EE820242C0A0188FE8D54E206A18AA7C664C3FC
:2059C000A4CCA5A0A0D129F1641164D1A0D0ECD3B408CC0536F8019D1E554A5C2E35967CC7
:2059E0003E1DFA0A0A9D6B0C8EAF5040C0A1D9A7D5A7446847EFC6EBCA28EE1198080C2CA4
:205A00006806181E183E302E28160C6E405E2A05008EFF15A859AA45E3ED9023D825586DD2
:205A2000C1D8121CAC0601081A88389D47BF003F2787588B33A5499B5A87F8884F402011BA
:205A400088CC0601708D40426100E0EE00F06130C0B0FE80F05806E00E083E20461AD902F1
:205A60001B861787258658995B9B1BA50F9529A78140311FC1B9F0687108E818D4C874397C
:205A800024A84C4DC2330101858D01C302C30003EE01424163000EE191D23C500534D9D86F
:205AA0000C03DD0425A980C02250220BD1C8E8188D1175B22D819C31C47A04BA64CACDFC7D
:205AC0000601128114CBA357A96397DA40CBA9E0500F77F0365EE11A80C02E11901820386E
:205AE0003018B09830B870587018268A9894090245126D8694AE340085B63D62DC0E14FA65
:205B000054C65DDA6C923CDE3DD68C3E447A0BF6793E00463F12497BBD80C2FE1E0FD7A3CA
:205B2000CFE68C40A013F8CC0A01465802AA01C144C060A540305D00B82A000C14236B42AE
:205B4000B440E8D02F840E050295606C10AE840E554FF84020303E8406550AE8D66C106F24
:205B60000462D159B04237B18B4402455AB05637300907E3CF06A4C1A914591C1A950BF8CD
:205B80005DFF54590C12910BF85ABF508F86EFFBF0F3C2A28670B6A8CC0B4B01CECF116214
:205BA0002811A80AED640A01FC7C94DC118112C3C0A01E211860485B84640614007EC88AC3
:205BC0005A00FE00FE0015028078BF8050E0F12003F708D00C14640E0E020B0883E6008769
:205BE00001805F2089737E543C46F8F0CA30019B8464061A350103898D01C1AAE18006FAB3
:205C0000204376B708081C30FDB002DC060106815913E18001608292C172E1D12210A27212
:205C2000A3D3A00130280797F80B0E971A2F4200DF0180789AC20161C262C006EE119018FD
:205C400068D4040E11435F150180C020D02058720B1660B0583EE4613316C88B4D4023A219
:205C6000F124C125E38003CE232A04CAB163305C81B31006680C03CB04059326C1129C81FC
:205C800094E7803FABC5F895E100E1C121ED90280402E11A01838080C315D7F949E181A408
:205CA000512B40157D101038573B54C8F59E50051568559B31CB90009A04660300B846A00A
:205CC0000030407060305190B85B64080E14361026082E1D128C0E0A063B09011D862F87B9
:205CE000218ADC06C1001189D38BD5FA12E0C4E4A0500F17F0122D9E1C423C4E25DA17F81C
:205D00002504E30AE70C0706EB145D2A41178A808EC58DCF8BC986C17EC723D0637C90375D
:205D20008910075E44044EB71917984320500986D61946C3EC229228048603A885FC383F21
:205D4000E90DE603F08FC0F83F38240A0F2BC6FE2292081F66DFF08AC020FB0986F6C57952
:205D6000A847A1728FBF62774888FC24101A87E2452081E4A3FD0D15E6192AF6F63B5B1030
:205D80007838264A4578814EA112AF2F6203A00782F876E7901805567B0180564060ABA0A3
:205DA000305610182B280C15DC2E0AD20705E10382A7FC3FF32F179E0F22C6FE20920B15E9
:205DC000E2092A827420B2AE2F46020F05059058B1100954EBA1C2F9C36019285C0655142C
:205DE000DFC06454FFA5EAE510FDC0BE17D9160365B0FDFCBE5019D64B65B2FAE82FFACEFF
:205E000095F251AAECC064BADFC41A4114A5417F503F9E4BF1688076F65E9D8E86F309D81F
:205E2000E37F108A8483D50381C075182FC5A26103F87EFFF0CA5E628592E8C024192F3C69
:205E40001A45C1F3C1645BFF3C1245BDF3C0E45BBF3C0A45B9F3C0645B7F3D3E45D7F3C030
:205E6000E87E5F3C821D028050201009040201AD85C236B0091432930DA442FE193FDC028D
:205E80004103F8637FF0B238286746012280C87AB20FFFDF7BFA84523876889EE6093082F1
:205EA000FC3C3FA8048211BDB7FC20900FDF9E6B3E80C0370430C4B0708DAC269701A3644A
:205EC000FF13C9050B6398B5C236307F8583FB05A46F7D108A0417E1C5DD4036358B1C0E50
:205EE00091F7F3C037E2B07440182AE0CC242A9793FC54A6123D889C1C229104F87BB730EE
:205F00004F8443F306408282F40260CD60FFFF7E8EFE11BD1B83C8D020300378383D2FA789
:205F2000E8F7CBEA31CE1FA3C11F804A3F1D1856E7FFF7ECEFEDFF087C0AB563B851CC6118
:205F400065BE9F850E8F688351AF71EFF4AF0BB082766DFF08AC020BB0DEFA3E18380496DF
:205F6000594693FEA0BF3ED41E0DD581FC32BFFF45038707F7F560334F26CA0335844B7EFA
:205F80003D1804B3D1D099DF2113B834AFC9D880E8AA5F891FC3BEEB05690182F181C37051
:205FA00040E1BCE03050290C065972BE443A10095737A300905629783FC6C20138A355E9B0
:205FC000703F8613FF39F040243EFF3C0643EDF3C0E43EBF3C2255BCEC77FD102F84140004
:205FE0001E0133B440257E4E8462D1019C5FE51E0EC637F10890402458DFC426411BC45625
:20600000A3D7F9542FB346A4D1E9140F95564746A542BE16FFC82414868948857C2C3F9883
:20602000DC06033BD6FE2153080C8E794AC6FE21930C17E361309C51A754B816AA07F0C766
:20604000FFE794BCC50B0FD1995A2C700896C72589817EE0733F95A33542AF74E634D90D55
:206060001B0BF8B4D036168CA8BC16A28D28B3CAF6333B466F130199C4FF704F8E276503F3
:20608000F87E7FF2DA5E068D98A15FFE968D7CDE8D2BA643F9F0FE24EED10093C8EC16FB78
:2060A0001CCED1C3D9C3F97268EE1BD10F805AEDB2EB2697F164B85EF67D8F47BE7FC8F43C
:2060C00078AFF00957E7A2550520F56E6D76D8FCCE85F18040AB709A1FAB8563A94279BE9F
:2060E0009804CA09F19440201228048E0FF0C77EF2BF89E4C367B9A7FC3FF32018299C4E1B
:206100009105F84EBF500D8DA2C768B5CBFCF04F844BF148A2FB7A16FF841201FFFBF5BFF5
:20612000DE8F3FFFEFEDFF797CF0090487CF6FF842E011EF3C037F40804024191A040601E8
:20614000ED8F40A01468940A01BD0382804035B0BC005C1570060AE1B58651A2D462F8787F
:20616000517C142BF50191C269B207D829E4C35D63FFFDFE5FE41838251A07B1886C604127
:20618000F0576FCC828D70DED107608B60E5BE9F85060F78804BE81F0C3602934CB15B3276
:2061A0009F8B47024B468E7AA050F857460122A352F87F880496476CB5EEE0120DEFA3E1D5
:2061C00041FFFDF07BE80C8F61F8847824D6FA7FAA9D0EE86CA31428574329F8D848219EAA
:2061E000A81C0725B190EC66546877AE0D01C8D0A09D1ADC0337B2B1D17DDD9EDF9E65F921
:206200008162F71F18043F71BF917E2057CF879E43B1DB7E60110804A771BF996020536F04
:20622000579F476DDA7E2C92099EC6574996523314780CA241D0814A267D00982986D3F1B2
:20624000609066A852DECC0667A406823382986CF7323B7E53F1699040FD74281C8ECE0979
:206260000510905BE07F08A7FE3D4BCC50A11D0B7FC20900FFFDE63FE81F80560E012BF72C
:20628000742C76D8DEE5721681BEEAFA3DF3FAD47B8BE8F0CBE0129FC746032BF97703209C
:2062A000B0363B6C02578F61831782C5F461B4885FC325F9C3F9E052F83F4607F0A17FE1F3
:2062C00005705EB2B84BF79E0B2FF3746F5E7806FE810080482015086D430007055C814058
:2062E000A0100806B617B805829C6D61946A7FC3FF32018299C2A9105F8517F30091C269B8
:20630000B20A3617F13C986AEC7FFFBCB7FD9504828251A07B1886C6041F05B1FC4828D3E6
:206320008DEC037F441D8229838263A0C4B040045018040602192BE80B82F146201008C436
:206340006440460300FF050201C38005F563500805C235010384389519871E93003D3D9F96
:206360006F8F6D8FFFC02390503838204440243AAC9AFCAFA20C070A8707600A88854135C4
:206380007CDF4C126709A55AE8D04910503C0A01FEFC9406EA7FD023B06DFCCFCB02D6753D
:2063A0004BE49AE8C010C8E0E3119262B80C03F42E0C09120D23708D40601D58D01C280363
:2063C0007B4C181C5800FC33FAE14A001F018047DB95A0300FE9657406011EFF864BB0C3B6
:2063E000FA00E08061FAB1A0185B84683816D90205891A858A0303463FA05070C0284088BD
:2064000068CC0601E88325D28AC1800196C583C205C31AC6A9C48015EA20A132302806533B
:20642000F43D4BA26488198B418B558B001D80C03FA070E321C11161D220086553E1F2A3F7
:206440005321926131BD58D07C8FE83E080A140E243A540135160C060EE11A8082C427C88C
:20646000800BA4C4A747DC2324F0A570E0F06514BFD72D2007D80C03F4D30C0912001FD517
:206480008D40201708D4040E1001FC01C60300FEC043E77F41F08070E00DBD58D402017062
:2064A0008D4040E11CAF57A0D9696311980C03291B3D8D0983018300338C7F81654000FD50
:2064C00010660AD5E935187038B007F007F0073EAC642E560300FD404123C5E12350080548
:2064E000C235010384002524972389038B000B8C7F4B27FFA301A00C5E28C04C8A9C2AB496
:206500003A572994102C59C4921EEC0A01FAFC814383C3DC235018075635008001C3A2C589
:20652000C7D1669522E03008F7FD6B640076D90214A780C03F4B10C0912000AFB0E07111B3
:2065400097C1A1F882799000F278301842F822D9180C03FA6E3A292409042B3D0280453F47
:206560004554AD152E73E57420053708CC04061634070C03145E140512131A0706090677CF
:206580002619061B1EED29A2FF0549FF47E1C0095FE132831560031A8828549C4086B345A3
:2065A0000643C10055638580C0345FE6A8D088722AB1E890F948081C280C2C0601FD0782C4
:2065C000098302860E930D850482078A1787048F0010842C4E7FE010C8282C3EA0121496F9
:2065E00029020F45FD068B3F85D44190A501E4436354A59AA27C518561C1B90FD0DC302484
:2066000048002DC23301807563407051A03860782006565891FF5218616AC8F7FC0E0F9005
:206620007715FF804620ABDCE770E07060307F8209452870687FD094201C688C1A0438BCB7
:2066400068C4880069CC1DC23301805C2340322D536BB0E67162B2E003EFF0E5162211AC2B
:20666000706414F01807E832083E2E0300CA4081654863EE11A80C03AB1980403AB1A489A5
:206680004529E2D8B0E93799B0E9D108F058BB8464704E0300FD058818CABAC1BCC3BDC95F
:2066A000800FAE4CB4CF87C8AD43DC235014988000F8C7F49686E1193C1C007F007F007F76
:2066C000007F003080C03F501048F34DF129DFEA1530A468DD48004DC235010184EAC6824F
:2066E000624160FF0492C172E000B02807EBF2091E000718FE824892C29AC19FC794D28723
:20670000C8803F8023FE203008075634030B708D0301000101C3BFCD824490C48DC181C15E
:206720008028C0601FA490604897BC1578359ABB8464F445DF54009E0300FD24830241B49C
:20674000C1A4C3B5C2464729C4A85DE2CBE1C0612323C225B183B1C97080704009E530745F
:2067600002D82001BFC078E88D412E0C0601FA0D86048910970DAD000BEAC68060A330083F
:2067800005C23501058501827FC74283FE8AD4001D99F3A3E387C389D3844ABD5C8E42FEFE
:2067A0000060BAB1A0185B8464944CC2E400DD260D96CC3AD401FC01FC0197F10133E580F1
:2067C000C03FA69CC00BBF862A6139380C03F4150C09120047D58D40201708D40601D58CC9
:2067E0009FD49942E5204274718FE94D4B7C5DC2328C42AF1FC8079E6395FD094302448032
:20680000309AE3C0601FD238AEAC68060A3300805C235010584FC06C502C583C9ABD3AE4C6
:20682000B85C9A2C1A1C1A3C202C115578EC401C10E4AA34B800C94C5EE1D2D12E6C7E7D6A
:206840005E749E0CB66C005D8E4D32AD2A7506A57EDC01F631FD40FF001FDC00C1502350FC
:2068600010788E40283502321312003702807EBF2091E0F2A173E00FE002BB80182EAC6819
:206880000616E11A8082C2C643E27910126AB80C03F42F0C09120F2ADFF600AAFB32DBBE9E
:2068A000D7329336A54221363D3E5D422322C306CF16031919269F79A1B8464AE14BE1C191
:2068C000E0C8257FABB31F86AA053C1007F0013FFC02310519AFEAC6A0100B846A020708D1
:2068E0000087F8808DDAC0601FA1C86048907951C99004380C03FA4D08C707D58D00C2DCC7
:2069000023501058861A83FB63B87398736A604861F976A8700654183559B4B835187002C0
:206920005D641327F8B0402871E80CAE07D9824E231BF80C82E1478000C149217009040273
:206940004110DAC569516A4F0BF10082E47F161A074BF10499E07F160A0432D123F84CE016
:2069600070CD8D0FE12381F0BF11C80F4BF11CA0F0BF11803828C01C14200E0A1121C8FE6A
:206980002CB20E841F23F8B348291BFA1FC30103E941E074A0483A00C414026710DEC02A75
:2069A00010DA818C1DC36B0091C064D4FF87FE690DA564BF16288463730BD8E080E0AE1BC6
:2069C000DC87EB41F3D9FEB07F3837EA07F5824CE85F899D0205EBE1C0EB960907AA0B00C6
:2069E00080C8E43EA82C07D1E7806FC860E71B5A46E62949C0C8E294A8AD220DF0FC7EF0AD
:206A00003218901C17AFF7FF9441FB311A4E0A470EA543C1E0BD9FBC1487E5E78752E11228
:206A20004C9FE2C55080C8A01238850A07D08AD0A11D080CCFB7B280CF29FEAA140BEBD17D
:206A400083D2217709C6F60F48FE16C16A65302805B0060A8D12814037A07052485FE26D7D
:206A60000A80000463213735E028251A03AA8751A9FF4C05C6039383FC359FBA7FD3157192
:206A80009051A0FF0D3824160AE305A302C1E87F720D8C7B6315D8C5297D3FC4D26D01D5DF
:206AA00053FE9841184CA88C16181213200905880484C5FEE194B91D0307B1A7FD31D759B5
:206AC000496C104C1E07F7298FC226B20A362765ADD941FE17AFDED7EBAEBFFC3A301CC48D
:206AE0000B6170DEC02A10DA8703FF3F804436B83B44066709E8CAA932BA4662472BA54152
:206B0000BE176FDE6243297C02B4FEE858880DF365F5D05FE15D39352681F2A654E4B4A984
:206B2000105C159BF60B055191523DBE7C1DE60F2B84F66421B054FA9C7A951B0D82AC0647
:206B4000C153EA3F0F3C6E0F43F540A8742BC44A0702FA602A513A1C0AF1128140BE9E0BFA
:206B6000144E8742BCF48120A00090502BCF4A0792D944E870A80C0BE3509140BEB5091771
:206B80000BF1189AE12D10EA5C2A3B43FC4CA81C0B440FD7C281542C1019140BF501F8E41D
:206BA000FF1629042A87830282886F7C129814028D1281402D807054C9540A01180182B55F
:206BC00000C14921700907C36B0092CC69905CF613F165A8613F166A8696C125B0C9AC18C3
:206BE0004FC58E01A5C1CB299C4FC7C22BC4FC7D24B16D9C8E45C4FC402470092D3FE10120
:206C0000864969F26A7433F505F940A8105F8D460917E8C860306F5C122972A858AC106F19
:206C20005C1629D4FC4622B019AC87E900B0D07D5C2914225BC4FC4624B07F8C220FE5E8A6
:206C4000FC37A430563EE79FAFE98448765F1FFCFE47D0AFFAA253E82EFE9FEAA947A05F80
:206C600008FC0B45F5C054A85EA8748A29BFA17C20142A17C30142A7FAA091EA37E21D2079
:206C8000A54721FBF80486950980FC23F01A0FAA05218C6FE83F0C0504EA0E3546B0D838DA
:206CA0007E78048BD3E7806FD9E0E015086D42E1B58FD372BF8B0502012C9BF460326FFCCD
:206CC000830BF8B0583FFF7C07FA354B8DD270DFC80C4200001DA080F0FF110A0F4FF11081
:206CE00090F0FF11403828A4C63923CD4220DFA817CA25F099C3E3FBFD1FC75F22D17D6E98
:206D00005028A58225688D47F2419111CDFD72A15AAC422675C95F9FA3D5907EFEFCEFD4D4
:206D2000024705A44AEC170DEC1291FCF3A343FF0060BE5A981428DE270D1D89D2E0546C2E
:206D40009FE2C130ADEE62349A7FD3677388D2A2348837C2AFFA0582B8C38120A93FAA46F5
:206D6000E61D49A07CACF138552A160F054AFD02C1447E3E7FFFDFC7FD906E62146FFFDF41
:206D800083FE83D2211BD8399C13DC2E1E5502805B253028051A2502805EE4B023282D6CAE
:206DA0002E16030508DAC2696690520AD6E611498452281F2BAC4E114A837C2444F057586F
:206DC0008C14B20A29FAC9FE2C500846F4861C7E0C8E0E5BE9F850E374FCCD1B2EA5050543
:206DE000A36228D16A3617615BDCC6293182182C6C4E304305002182C6C462A4305F2FCF6E
:206E0000FFEF97FEFA37328A3437E30F80FFFEFF3FEC469704A36628510E8CCE3D18DFC03F
:206E200064732A35068D28A3737F100C87FFEFCDFF677F10F9861FF1649840A47872D8291F
:206E4000051A0BB0DEFA3E18382D33F3E7418F618796FA7FF479BD3B3346CB0BC16028D81C
:206E6000AA34568D5BDCCD29340F96DE2734A54D0FE0B77F9058288CC4120B5BF9A56E66B1
:206E8000349A7FD3B97396D2A5C0F05AEFC82C15C7E3E7FFFDE8FFD83D1A0128A3F4680AC2
:206EA00030DA1FECA1461275D1B5E2267B1498380CAE75D8DCFC6010F9BF425578B5DE2594
:206EC0005B191EE42A0A210194CBFB10193D468D405F86B6FFAD7888D52B17B1D1FC6110C6
:206EE0001D8FD7FF6F8574E314989D2281F292D4E2F4A837C2EC890525A8C5291B9F3D0FCF
:206F0000E980A9F0BF1F89A9641E19DA0A5779C37E2D170C37E2CF308248F0CF709047B8DF
:206F20003C3C29EE0A154CFBBEC43DC1BFC1D7650FF0B00A8436A1DB0B828C00C142C1E074
:206F4000A06030538DAC8A9793FC582415ADCC869321A453FE9FAB9C84F60A70EB05FAB810
:206F6000C79EA0A55F98E5A6C9BB807C2C144DA7C6015F94F4727F8B250363FBFA7D609F0B
:206F8000B8AC564BBB86ECA012D90F760B2A82F62072A85F62052A8774225489C6F60D2AEB
:206FA000FDF46234AA640385F89641B85F89851B3568A16C787E98240607E0C650A15D1E2A
:206FC0001FA6050485D23D7E7038280FEBCF09A4798060BC80305E25B8859835D8382ACC33
:206FE00032EC1C30060A14030506018296FA7E741B0D3328B50960A4D03E52D91D829560DE
:207000005582EEFE0160A435D0482E7FE2032A84F46B81B052E91D6695590884058290FC40
:207020003CFA3B44025700F8687010295417A104954DBA154A440B61BDF47C303019054E85
:2070400095C2FC4020BE1B4496D181A0537630392E13F160A830414D9820A2D10B053291B0
:20706000EAF38344C024301907FFEFDFFE40251F9E84064744A651A9B63B04A68D020982E1
:20708000EA84C240247C4FC42263D4FC42243C4FC4300E0A180705009AF73CF01904E4CACF
:2070A0001243689CEC60B21308288786D0550781A072FCF94FC59221A5C5C072303F5D1630
:2070C000074980403266D1FA82C84CA7E2D130ADEEE032393D36D760B49C42670E21645CA5
:2070E00053682EA9D41714DA0BAA7505A1C594414C21744F0DA337B2C5D0B478390EFE39B3
:207100004BD160FA7E9814064561A7FC20102946FF87E9804062B4B966FE2B488BD2387FF8
:20712000880496F3E7A7FC203088049A214FEBFE3E955F6ECA11FA82FD6033DDAD0B8FD95D
:20714000E3FE2098080486086D056579859B7CFCF0BA4587CF00DFC9217009061E55028092
:207160005B253028051A25028040A57028041601AD85C02A10DA84000E0A581F050B03822B
:207180008100C15C36B34A740A8D967A82ACEE6654999D2281F2E8C8E654A837C203F804D8
:2071A0008290CC29105F87CFFFFFFBE63F70094547A30791E1BF16098406472BA661BF160E
:2071C0001885CAC1C4FC4026BD4FC412A6070503F1D8275B192FC38105A2FC26705925201C
:2071E000220AA770DEC0243104E828B274240247C4FC412622D05318F52F89F8964DA08086
:20720000F05309B4064723B04024301128281B0C2C8E294CD18441480220BF4730437152C7
:207220001E27E2100705080382804D72DF8B0C81160A41C4FC470260A3813051803828C435
:20724000C783E783D2385E77F877D83B64A605007B879E3DC35FF6B339058E93FFFBF27F98
:20726000710F84421F05A35829D0BE84424560A5F0FF10891ECA31C3FC4B24D049170FF1E3
:207280003093406451AB056E99AA83651EA0A21D583CAE0FD0ABD2FA7F89A4DB87F3A73BF5
:2072A000C14024723B0D4C1E0A0933EDC1A03D5FFFDE29FBD441E31D58048B436817838192
:2072C000647C368834AF1BF8824835BF88644231D083CAE6BD081CAE11D1A319414024B078
:2072E000291E10460A476880EA33147F4C1EA1D5188381CEE092BA5F63BFE881FC2B74A9E4
:207300004D0ABF00CA7E2CF3091EC6476989EC603229CD2E356016859C52F27E881C0201F3
:2073200023C3014148EC3A3B440257DEE8CC695C2FC4026B04298482C8CE60A61D1F3FFFDF
:20734000EFCCFD4081612C768E5F9E092380EA0160E4768CC51E4CB305F892F4A0944DFC67
:2073600006455AB041A4721B48DC1CC76363B4C7E955B8070BF12C8B70BF1309B48ED32BC3
:20738000DCC0C6A29420E0F2B857422D4B8CD21E60E01218C503FFF7947EE0326C2C269B79
:2073A000B9826C2E1BD80C8A1F4BAD583D5E780C8A1B4BCD583CDE7CAFEB4BF3D9FEB07F58
:2073C0003837EA07F292FAA0505AD423B74381FC20303C6FE213302A826782C6FE21120665
:2073E000983EF79E01BF9642E0120805421B509201C14D0060B81FF9FC037D63C54FA0007A
:20740000085588182488001DC23301807563407051A038607820013B90D4600108BD780346
:20742000F803F8036D62060922579A174A0053FF805DBFE233F6480C0201948E00C2DC23D1
:2074400050180652360B040304DFA6D1820013D58D2BC32DC133C7A458FFE01761698B9224
:20746000D6529C6B0CBAECE41012443E5437244ABC0076E44368356A00FF728184D28ECCA8
:207480008B438D539ACDD920300807563500806523900805C235010384CA46C0618160805E
:2074A00011E0300B97F0325EB1FB048F19911F930987618303875B8363870B873793358710
:2074C000398B9C46603008C00C13FC391C3B45295CC8002FFE01765187298201832F9D33C7
:2074E00095B827C1000796428F4BD607A080A140E2400A7CC6E2300BE04C81946800C8E4E0
:20750000582C3DF203FF805ABFE291F6C81402013875820183CA46E000309708D02C1472E1
:207520000100934620100E820C64060172FDC0201C809821B83843896BACE000396C1D9091
:20754000060AE05F052C8881C2801CFFE0176FF80C183C9A14ADF136697A57CC711EB310AD
:20756000BF07D80382E834C380C1652365D3B018056FF80D1758068403852183CA4708E0A9
:20758000A3501239C1682FD814381C48846DF3F42F1E291A211A001B7C43820025148D48C0
:2075A0009B002180C02E5FC078D97284B1D44AA5195C58BC78FC8E5238030B708D4040E146
:2075C0002C82105708CC041E10060C1E101618D64EB06B04050A07129B36213EA5090218BF
:2075E00093AC40C423DD20BF64B3E350A3B16692E651A312E1936B3137CFD03C5C10060B48
:20760000CD010C86FC8DCCE5238030B708D4040E12C83304070F708CC042E10361236170FA
:207620004030C1316CB308006732E430C3F2700801001DF204090A01064B06070E1D0A210B
:20764000123D2A351233128F2B7C728200030E03F302C340E0101805F3F423133381487455
:20766000760827C62100817C3CFF9804A3D9D185D2203F08F7FAD1B9A07CA631384D2A1F63
:20768000498552209F0F47FA0B498701C1793FC150511D662E550B328A93F7217009079A72
:2076A0003102804FE33028051A2502805500E0BA72F81403500305EB01828983C14AA330A7
:2076C0002FECA362A528001552658302860389000BBB318308468A458846834696CE8DCD6E
:2076E0008007CA03E0B291C0185B846A0300CA46E0100B204C15C233010784018B80403F57
:20770000104FF8FC7410C60E040B0E0106930504038709838082C242AE7FDA7FC20109B7D9
:20772000FC2150AF941F089408350C0014CB07030284AA40C0A1426140E0E0100FDC03B08A
:207740002509FC4186CB40705FE9451B8BF8C668201F0D2FF36346EAF9E0123814874760FE
:20776000827C62100817C3D9F8D06E773F18043E23D18752203F090FF731B9A07CA6313848
:20778000652A274986D2209F0F5FF613498881C179FFA150511D7F9E8346DEFA3E147825C5
:2077A0002201F08A6FF0109852484CA7E187EE42E0120F346205009FC660500A344A0500C2
:2077C000AA01C174E5F02806A0060BD6030513078295466052BD0C1DA0400036DCF6080038
:2077E0000F4A6A04038F118384084301C1DA03A18261C420A04613225061F0A2F120906067
:2078000030E4B1E9B2E9D22951A2F22003B4A8207CEB4C5B7CD8011FC9D650AA558A3C76F4
:207820000C006F7904F442E0120F000C179A3102804FE33028051A2502805500E0A26030F2
:2078400052A0182E4CC20500B980C17E36BC3B44128D9A83C3E8DC3F9D020D3BEA56E0F279
:207860007EA42ED10BDCE0ED10BB078ED1DD83C8FABA3B456F7329A4CA6914FFA6AAE72951
:20788000A5413E1A6FE02415C64D48827C331FC8149A77609EDA2012D9F742474BCD5A3A7B
:2078A000BF8EC4C3354286743ABF8FA4C3B107E1FCF01028B752DFF08941A01239DD824F9C
:2078C000E080C9BD3E782FC2F1FD0E83804A3DDD1EC884170205EEEAD4B635B83C204E0A2D
:2078E0001F06F579E012AFD7442A0A070095FDBA30091C8EC1D5FC7826163DCF17D337A2BA
:207900004A28D05F854FFBE3B450FE10481F8EC13BB468EC130A37E37B1CB0717F1E0A076C
:20792000C3CF6FF84560DCBF3E519E09CE0DAE0F68FB0537DAC328D01C85677328A4D3FEF4
:207940009BDB9CA295285982A3AF416F6E32504829CFF29768A5EE64949A07CAF71390D256
:20796000A4211080B0511F879F013B8C4000033FB0080C026100FC02414BA374A8E5262E79
:207980002B0525FE462931A038290FF311218B523B3E78A52203F0AFFEE414680EA7FFF77F
:2079A000ABFFE09468803C1507F7C2C4C0A50420B05804109013A901048303830A83FF99C8
:2079C000054B207B0986F601BFD7AF013001B201F0C0E0BD0C805E68C40A013F8CC0A0155E
:2079E000401828980C14AA33A8E6C0738500600297281024883C7C206E70100C420C0E2CF5
:207A000000347E4C005F2F03088FCB3F411045F26390080650060AE11A8082C27263700841
:207A20000522221F122E0405100026192304E27E3015081660303BFF00C7FFFFE210E052A9
:207A40000230E0717715D8C06898C48FF7A9C7C0601B485C02412098C0A01430182A344A87
:207A60000500E1CC635B687A98C00025C886100A141234009F2C1326E909948E40201C9051
:207A8000182B846A0300E4C6E0100934604E3C4C0EE5020687B20D420003C100A2800442F6
:207AA000E0C5E35CE78CA180E0F2EE3442F0A9B12FB2C8111C80482758803824D830383065
:207AC000183CA3EC13DC7DCBF607128F1E2F0647063722002A4D1A009E5505FA0287129B3C
:207AE000CB7E4161F90FB0CC3060707640786018369A536870385CBC08466C0155EABDE689
:207B00001DEE1DE68C7A24E21BF6072223162F1A312200171AF642E0120F346205009FC6D2
:207B200060500A344A0500AA01C144C060A5519F94063C8D2B0180540BE124916A545E93F0
:207B400017A4413E105FCC4E9316038280FE711218881C17D3F10FA4407E13EFC68ED113F1
:207B6000D8C8345071583CE0E425392E3A55FA038BFF06C55920300805C23301805C2340C0
:207B8000322002F4E2D9A038711858201450E478CC88007EE01A696ECC0044F2250655D252
:207BA0006C423E0300A7FECCE5C4A15FA405E100E1C52197C30363601009ACF37BEC85C0E7
:207BC000241F00182D7CCA0500A344A05008C81C179A3102804FE330280550060ABBF4808D
:207BE000C022607052A0182DA09C15C36B05E6C1A628F1CC0076D0484FC82C17E40E0A936F
:207C00000103870983804023BCAFFC4A9100F8453FF2CB46968515E84536320A37FFEF6B4A
:207C2000FEC34260BE9FEBC6CE911B528CAA4080E2E0BE0F3C0249EB83C34E4323900DFA7F
:207C4000E81AA83AE81AB81AA82F6BA1021C83C263605B4A52A87000C770D6100E2400AC59
:207C6000763E03007F02007A65A70F8B59CFB24060100B84660300B84680627901305C98AC
:207C8000E00C284C3E5237000184178370BB0489B57FC629556740054B6356694F26C4A379
:207CA000C56744634DAC5CE4F291C80403291B01850F83E481C106C3B6D1090301C3B7D33A
:207CC000A7CAB7D1801692C394D2BFC1DC232FB0A030E1307C98E00C2E5236030407041B38
:207CE0000E3B1EF76EB37600AE8510D72D6A0182CA4720100E480C15C2350180652370082B
:207D00000590560AE1198083C200C183C184C203C31B4FBC44BED8ABC40E4B5ABFE4F824BD
:207D20003270B0F8ACA4720100E480C13AC1E5236FB0D197D8501830783018393460461430
:207D4000060CFE74FA25AE5C00A7FF00F77F822355E3C009FB8B60C071E00336AFF94D038C
:207D60007C339C9D90BE0AE11980A9C200C788C5AFD41AC71CC9A754BBCA074EFFC1A2E06A
:207D800082F400047FF807EBFC7F4E009BDC8081C68A4D4081626020B14AF1E270A2D16866
:207DA0005442D0C070F644682B84660300B84680644360FB02305C80382E4C700654460C17
:207DC000FEED7A4E080305FF805AA0EF9324D2E002AE336001BB21D946EAA1686038F19ABA
:207DE000B00296BA9001980C03B9FA038B000BF011817263863044F04070600076C81295C7
:207E00007C0201C8238255830383003B218349834183258392451BEC5CE4C769C008ED4BB3
:207E2000325708CC0601708D00C484C185C203C333C1BCCD80138AC783C6C0601F6628C094
:207E4000789E409C14323A19120B161F0E000BFF8078816192EAC9654009E0300EE29C10B4
:207E600014281C48D528BD4803FB4D2C2FF700807FE01E2808749F7204071A005BC98E003A
:207E8000C2DC2350180652370080590C60AE1198083C200C1F801E0826101E1B908328951A
:207EA000429D52ED05FA769928A3618F018B5EDF0029739F002952CFB224415C23301805AA
:207EC000C2340313E0098305860F834AB14EAB199D91FF217009079A3102804FE330280556
:207EE0001A2502805500E0BA107804822607052A0182FC6D609EDA543C6A3B0B03A7D23FA9
:207F0000FF7A57F6D1B9C448E9B4AA75269D48817C247FEA55269A07051FFF622434803803
:207F20002897FA8C23055CFEC8AD192D8D0C120A83FD804A2FBD1A07CA6313A0D2A8949A2B
:207F40001084142BFD3DA4D0C0E0A0DFE0A8288F93CFD4F4C2A6D588E51BE30080C0A51774
:207F60001028293F4E032BBB01C16F37F0191C5A8D5D8F51BE3FF9B40FE142FFC066141054
:207F8000A82A04668DEB80C060229094CEDC0FE1360B86B7FC203020D8481D3FE1FF98C40B
:207FA000A3561F5C0E0720A34AA93FFFBDA3FB23B5C066723B1C8ED5D3D8C7D220BF1D1966
:207FC0005C35980BA8D611069051A476ACC51F9102873B86CB62A2D05D7FE402518BE84409
:207FE000C120BEDFCAA7E2315FD2D0B2FD0804B72BD09451BFDF7C8FF20123865238BF8C12
:2080000064C3FFF7E8EB6025507AD1E8889CA28DBDF47E281FEFBCEB789B06950533DE72D3
:20802000E13090F8897FE37B008640241E68C40A013F8CC0A01468940A015403828980C119
:208040004A8060B3BB580C025BE9FC50E0D468A51A3B46C8D1B31B799C3D3C36012B942526
:2080600041637F968DCE224727A549E9328A440BE166FEC8E93270382B17F711219101C1EC
:20808000557FAF1079FFE6D7731A3C89D1C0623D18D8581603F960DDD03E53189C66951CD3
:2080A000A4C68580A95FD8AD2636070546FE8541447C3E7B1C72EBF1FFCCE15DB80CB2EB05
:2080C000F18040E4546DE6FE03228049625F1FFCE68BF1FFCE26146FFFDF57FDEEFA611237
:2080E0003E37A615238048E954699D8E6146A1D1A1749FFFDF77FCE77469E701329DEFA369
:20810000F183761FFC6D60B46873908CC5800E42E4091EA547A931F4F82FD7F235498F018A
:20812000C17DBF98890C640E0BD3FC8B08C14CFF92CB4696851CE8753B7323C8989CC68DD3
:2081400020A3713D30099C0FE15EFF4384A0A19FCBC696B9212F8AFFC02DD04038B81828FF
:208160001C025B87F9C4711BFF9DBF1F208F4637F01907E37B00DFC117E679F329AAD47181
:2081800074441E69FC358B887F80E2E7502F8647F9184A82EDFEE0321905A3CB60C250B4BC
:2081A00036088F46281105BCFDFA37340F94C62712A545693137182C37F21D498A01C16074
:2081C000BF8150511F0F9F4D3F871A46CEE07F0F9FF663468251A0B48FF7DF4FFD9051AE9D
:2081E0001BDC330C340249F7F3AFCE6BE238AD34048A12080305C805050028CD02C50EC1F0
:2082000080C1C323A03051E80402E11A80C03291C1B95C77F816244E0EE03705E03DAE0068
:208220000B3B83B640906181E0C94E5B65042AD162016180E0C1E0D02C87A0801ECFEE5EB6
:20824000E2C162C002C1E3CFA402648662CAE0CF65C008FFF008F7F06E3ED83B38311E0028
:208260006A6742001F9A169473A7007F00078186534323A030B708D406010C8F1255984CD8
:20828000801BE6A0252A000FE00E99A0AAA30CB2AC0808BD6DC23430324B0A51366D4E2731
:2082A0000E9D5E0073C834B219B3718A069A3DA50183B846A0300864740E249E2136180ECC
:2082C0001C000FFF008F7F06E1D22502E28161ED90217975889B607C100C180198DC590C29
:2082E000BA5C5A14C80188ED3FA0FE0BD04F50AD32192A151A6B060007C8799A004F5B8592
:2083000058A7169979A90FA9E407C17A0060DFF6800C56A7C01FC01FC01FC015751FD0D942
:208320009864760100B846A02070900807FE01A8820AD38010C93FE2345FE0FA78240280F2
:2083400005040307D667883089B8466029B08030F108CA8D2A7DCAE4F895391D28B58C04B0
:208360001A33AC370D040182CA4720100864760100B846A0300CA46C0E0A33010584018BCA
:2083800000272583178327830021FFC023DFC0485E418811EC18DC1C323C39422F060F3649
:2083A00000FE00076C81207FABD8ACD8FFA011E821E5F90DFE6877D80147350110C100532A
:2083C000FF4023D04119FB84660300B84680616191D8000C2772310080442320B0A0037FD1
:2083E000F8044BF89F763F1E0F1A5D679A80AAEB974E8022E68BD7400F3FF00897F107FC50
:2084000000EE191D018DB846A0292FE00FE0031FF8044BF883FE005FDC8C00D945C3E84033
:208420001FC002F3480FED5FE005D0C8E80C28005FFE011EFE03C5DB204FFFE0033708CCB3
:208440000601708D00C28008C0C1A318FFC012F90EE04FB32F78FFF8047BFA090B9A310FD3
:208460000D8A000F4B9900112B9100058846406345610060BB9183D86FE40201C81D8405BE
:20848000A3006577834F850035588500177E830B94709445830007E4084A40C1A32D9025AE
:2084A0000A335950043EE4600A0FFF008F7F15E1C162C010F34CD610C8E80C2801D90E1B35
:2084C000A5835CD23D5AEF9803F802FC323A030A00FE004F708CC0567FC0161AE5F35014AC
:2084E000CFF007F001586474061400F60300CD7E517048A6432255E66060D196C81084F86D
:208500008C990D0803F803F800FFFE0112FE06CBC93FDFF804783A6001FD96B40167FD00AA
:208520008941066BF3501078DF401C3406010303038AF42032A82F42DFF08AC02E1478D525
:20854000A2012AFCF420120CC5821FB29DB7788028E97FA0B13FE8046E0807160007405086
:208560007F0008FFC0237FC0A990E95007F639581FFC0A274B050283FF82C10010E5E024F7
:208580009260B22772FA58202C4EACEE0800DE10FF7800FE006721FF207F803F8015CB0266
:2085A00064BFD0087C13003D4829070080487FC8176433B17038E0E95005F80C032FF935E4
:2085C00066007F003581014500174B2021323FE8043E098069FF007F0018FFC0207FF0CADC
:2085E000F11AD31B12AA57CCDFFC0237FC26C98040220150DA58203448F53C5C36301A3462
:20860000CE3C00474AC71C7B3D01804021035102B342704030811320B05970283098910861
:2086200062A840B840486338715B27F841A87408B24881084000CFEBFCD803827C889CEC63
:208640005C72C1031C01FD562D66F47AB45A08F6F1671401FC002E65F8FBE737710DAC06CE
:2086600049A1FAE02E79B84413F503F9C62810CE8407E35090C07EB5090C22D130D8C0248E
:20868000108B04828D09B4446D119A1C46C110DEC1329065AFF0045F4864C63BF8174FFE0F
:2086A0008041208A5BB808080C28002FFE010A8308C8C80060A2509E9C03E31081F03D3045
:2086C000289701B20B81E9824CE14170600390C906C60122F24C22346FDFDF1DBCA16E0CF3
:2086E000C20008ED3FE72498C7EBEF02DF4436B04A37EBEFB6FEC13E318806F7D110A07E72
:20870000FEF42DFC1270F50BF57A920017FAA6024EA4FB88048F81E98444A01F18C40B81A1
:20872000E98348B81E9804CE0763A1D8EE1473403FDFDE2BFFD46E6C76A85EC64146CC51F3
:20874000CE40FF5F7D27FAC1B1FD7DE63FDFE69A05102A0FC7409200E01B8886F65BE9F87D
:20876000507096882D1A1D46EA6C6C77880CAE45D18A7E2A73CCD41E23D5D27C6C1079C57D
:208780001BFFF7CFFFE112E866FEDFF081C0E0123F1D883A0FB7068174670DC0506FEC02F9
:2087A0004723B840241EBB46A2C1C3F9E1A6516A1D9BE79499FAEC1BDF47C3030295FC3A2D
:2087C000323BC40257EDE8553F104C66E3E30087FA3A104F8C5201FBFBF0FFD0091E93E3D3
:2087E0001483CE68D40A378EC5FAFBFBFF3DBF3EBB4D02C055DF647FD00BC40C2A4400FE23
:20880000CDFF0A940F9E007F007F0009B37FC87082AA832444E6401FD6E43FEB7E6751A5B5
:2088200039FFF8043A0817130EFE35D3D0002080044940C2E1F15FD3A90038AFFC02CD075F
:208840006BD1759D007FFF402F1030E9C82176C803F803F802FD9BFE33644D48593E79665D
:2088600000FE00FE00E766FFA07FA87FA255203F803F801B5985AB3E1E703858C04C546213
:2088800033018077020281E0C0E5FD106118503871B071F8B9C0BC37600E1AF00705439543
:2088A0007FE017C8140A019FF7406015C8BFFE0149FDFFA01F08740601EC96C0601F085CDE
:2088C0000BC18881C0BC1D1E3FFE414884C024145A1C0601FBFCFFA01A085FFE016E9740F2
:2088E0006015E0F82E807C154F7DFF907703E0BA34C80C03DE1F05880F82BD07C15D03E092
:20890000B881F05550F82F407C37903E0AE01F05850F82C543205E0DC07C155C3E0BE81FED
:208920000D150F82E842BFF00824BE03009307C17D03E0A0FBAFFC82110A804824B5080C6B
:2089400002789F04D7089F0592FEC03C0630500A5F13FF200983C0CF426087E0A505F050BC
:2089600090F82C407C136C178347BB0F85E8D1A03008507C1590BE0B565F05CC2F827183E2
:20898000BEEE3FF20E9CD7FF20BED3E03009197C17D07E0AEE1F059C86C0BC1143F82C6C18
:2089A000D3FF20D04060120D6D4A030087FB6030089CD7FF00D947E0500C7D0C4608FE0AB5
:2089C0009B39FFC8378BF05AE8EA68207C20001F8A300F0A07FE07FE07FE07FE071FFE9D33
:2089E00003C4D8F0DFF8055218272BC0FB03C4F271701805C248BFFE07FE07FE07FE07FE03
:208A000007FE07FE0763DC8BFFE014C8789D0CF20502805E2425F6367C77FE01548609D0AE
:208A2000E06F101805C2481723E1C105C2E1F32474B61B691CA81C3E8F26474B45B991CEA5
:208A400081FF81DFFDF49FF80552182743F1B0C0601709205C8DDF323F138681F3FC701012
:208A60004840393B8DB60300AEFBC1E26AB3C80C03BB4180C02A34080C030903804029BE10
:208A8000580C02EE03056F0182DCD1A03009F81C17040E0B73E780C03CFE680C02FB4780AE
:208AA000C02EA0305950B82C480C16C69501806F7D50180724060BBA0305E70182F880C130
:208AC0006269223054833859CFAE03009680C16F6A81305ED80C03434380C02723B050D00B
:208AE0001820003B4D080E14000EFBEC80C0293513F82F666A27020782E244721080E080B5
:208B000007F007F002E9C466020FFE0F580007408D04C2DC234171A0F173602039200C1494
:208B200094060A4C03052701829580C14B0060A5A03052E10039800C1440060A40130542A7
:208B400080C023B438360A843F0BE88300C2F8A30030A001E9717185192007F0053B6408F3
:208B60001E36E0F7140B0E13162B2E531E5716473E0097E28C1CC346966582E19164E3094F
:208B8000FC40037103F82018B4783018386474768790BAFA00FE00FE00FE00FE00FE00FE39
:208BA000009D01407F007F007F007F007F007F007F007F007F007F007F007F007F007F00E5
:208BC0007F007F007F007F007F0050C1C06C364B1CBC060ABF6EB959AF15FB9D84140A5DDA
:208BE00063804A2D36EBA596E576B0DB2BF75B9C82793D904C66538AACA6412693480303CF
:208C000027D20984A6003005898441A0100819381FAE118994B4BF803F803F803F803F80B2
:208C20003F803F803F803F803F803F803F803F803F803F803F803F803F803F803F8024E9F6
:208C4000A07381D379E586C364B1CBAC700B1DA2BF74B7D7EC363BA5A6ED61BA596BF6DB3A
:208C60000DCED61327209E4825131904F00A0A7155A64A79F148592854AA5B3EB85A6DD5D6
:208C8000FB8482433D904A2516EB959ABF732E03AFDA6DD70BADD2BF7494CA26178B3000E1
:208CA0003666152950A89F5A2C36C9793444BAD100B1DBEDD66B4D9E5B3EB0D8EE35FBA5B9
:208CC000A6DB65904F0DE0A617898CCE8C92041D100705760F03BEC2492221E1F076DAFD35
:208CE0008EC52E4C05CD40618681706AFD4E8341A250E0B1643959CD7EC768B0DBADD65BE8
:208D000065CE00080D5FB1DBEEB6EBA1F824E0B40E5163B1C827C8B0930980401CA64126E1
:208D200093480280BDD038511C575E090B068A82A2426260E8919114485AFD4EA941AA5133
:208D40006BF49A25328BB381EAA2A962A00FE00FE00FE00FE00FE00FE00FE00FE00FE00F57
:208D6000E00A70BBBDBEE56B96CFAE375B2DD6CBD5ABC403C3E061E05AE8B4446C402E0F52
:208D80002705818281EC2758E8A317F803F803F803F803F803F803F803F803F803F8006CDF
:208DA0001AE16FB65B25D63FAD7A1413131EB2DDACB6EBA482E979B85964128985E24B78E1
:208DC00094C2A1500098496CFAE765B6E1E15112310905A6DD76B0DB2D3649007C1586E177
:208DE00068B7DCACA321371BAD96EB65A88CC8C74661C4010C42AD367B7586D951870B870A
:208E0000782150C070B8BADC148054147426DB73B3E7A58692324849A83DB6CB73B9D86C17
:208E2000F65390FB85A6E165F4C88E27A0A24050A8552E1411130A1F04905D2F370B2CD2BE
:208E4000040F059AAEE72267C2000FE00FE00FE00FE00FE00FE00FE00FE00FE003FDD8043D
:208E6000024144018205838080C15501608060EB8030C170F6C8040209200202EE423030BC
:208E8000259FF804035105D240D07FC004E31198081C27723100805023501807880E080614
:208EA0000C001EE01F0DB8030201830007DC00C372203009071C0608260C3C12A1A187F65A
:208EC00001E0BAE130C003F382F860003B64080617D106179937820184884640614262C0FA
:208EE00062C3E1C160D8E1EE0DF04030600FE00FE005F108CC0406081616191D0185CA4625
:208F0000C068401AEE1010991E404C100C184F800C304D00EC712C98003D7657DCC1653E87
:208F20003BEF879737AD8DECA857085FDBFB89A57F3E5AB89546BD2FBD4863DBFBFC6B6B7C
:208F4000A2A0C96557095E6BBB5C8BF17150DE44B72995C572A2B898B6DEC97A88536F3013
:208F60004E4954A801B602031AD6E1B9D3ECE5E305058D6AB39AEB947617DAAC6F2A91CDBA
:208F8000D616D5F7D9606F751B95BBC90DFB677D9B1ED7EBC5979C5E36B0D8BCDF8FAD81F5
:208FA000DCF95DA9A58349E6904FA2183DBD6205F5DB40400769D50012004000230AC70AA0
:208FC000FB944C47FB921F01381985029186415B0E945719656E075717147BC1721C195690
:208FE000C8A04B690FEABA378E8E1297B726B362F6DC93E5365873440B9B2FB12500010079
:209000000101004000E3E129B49F1218E18E4614ACB2523389C75852EBB98B4D2C6171A2E2
:20902000FC65706BA3D1DDF85F52E71450C3E572E624695FAFD41CE4D9354D6C2B19F7D668
:20904000001A6AE8B0240040008CF105202C0647C1FD1F89D47993919EDB68F1C1068D3345
:20906000BB887A64A2D7A8113D9149A7F92DEBE2150A8D4F8A1FE2647E7C9905A7F4656EFC
:099080005E00A228AF59A7B80553
:00000001FF
