:020000040000FA
:10C000003DB8F396000000000008000028FF010082
:10C010000000000000000000000000000000000020
:10C02000FFFFFFFFFFFFFFFFFFFFFFFFFFFFFFFF20
:10C03000FFFFFFFFFFFFFFFFFFFFFFFFFFFFFFFF10
:10C04000FFFFFFFFFFFFFFFFFFFFFFFFFFFFFFFF00
:10C05000FFFFFFFFFFFFFFFFFFFFFFFFFFFFFFFFF0
:10C06000FFFFFFFFFFFFFFFFFFFFFFFFFFFFFFFFE0
:10C07000FFFFFFFFFFFFFFFFFFFFFFFFFFFFFFFFD0
:10C08000FFFFFFFFFFFFFFFFFFFFFFFFFFFFFFFFC0
:10C09000FFFFFFFFFFFFFFFFFFFFFFFFFFFFFFFFB0
:10C0A000FFFFFFFFFFFFFFFFFFFFFFFFFFFFFFFFA0
:10C0B000FFFFFFFFFFFFFFFFFFFFFFFFFFFFFFFF90
:10C0C000FFFFFFFFFFFFFFFFFFFFFFFFFFFFFFFF80
:10C0D000FFFFFFFFFFFFFFFFFFFFFFFFFFFFFFFF70
:10C0E000FFFFFFFFFFFFFFFFFFFFFFFFFFFFFFFF60
:10C0F000FFFFFFFFFFFFFFFFFFFFFFFFFFFFFFFF50
:10C10000FFFFFFFFFFFFFFFFFFFFFFFFFFFFFFFF3F
:10C11000FFFFFFFFFFFFFFFFFFFFFFFFFFFFFFFF2F
:10C12000FFFFFFFFFFFFFFFFFFFFFFFFFFFFFFFF1F
:10C13000FFFFFFFFFFFFFFFFFFFFFFFFFFFFFFFF0F
:10C14000FFFFFFFFFFFFFFFFFFFFFFFFFFFFFFFFFF
:10C15000FFFFFFFFFFFFFFFFFFFFFFFFFFFFFFFFEF
:10C16000FFFFFFFFFFFFFFFFFFFFFFFFFFFFFFFFDF
:10C17000FFFFFFFFFFFFFFFFFFFFFFFFFFFFFFFFCF
:10C18000FFFFFFFFFFFFFFFFFFFFFFFFFFFFFFFFBF
:10C19000FFFFFFFFFFFFFFFFFFFFFFFFFFFFFFFFAF
:10C1A000FFFFFFFFFFFFFFFFFFFFFFFFFFFFFFFF9F
:10C1B000FFFFFFFFFFFFFFFFFFFFFFFFFFFFFFFF8F
:10C1C000FFFFFFFFFFFFFFFFFFFFFFFFFFFFFFFF7F
:10C1D000FFFFFFFFFFFFFFFFFFFFFFFFFFFFFFFF6F
:10C1E000FFFFFFFFFFFFFFFFFFFFFFFFFFFFFFFF5F
:10C1F000FFFFFFFFFFFFFFFFFFFFFFFFFFFFFFFF4F
:10C20000FFFFFFFFFFFFFFFFFFFFFFFFFFFFFFFF3E
:10C21000FFFFFFFFFFFFFFFFFFFFFFFFFFFFFFFF2E
:10C22000FFFFFFFFFFFFFFFFFFFFFFFFFFFFFFFF1E
:10C23000FFFFFFFFFFFFFFFFFFFFFFFFFFFFFFFF0E
:10C24000FFFFFFFFFFFFFFFFFFFFFFFFFFFFFFFFFE
:10C25000FFFFFFFFFFFFFFFFFFFFFFFFFFFFFFFFEE
:10C26000FFFFFFFFFFFFFFFFFFFFFFFFFFFFFFFFDE
:10C27000FFFFFFFFFFFFFFFFFFFFFFFFFFFFFFFFCE
:10C28000FFFFFFFFFFFFFFFFFFFFFFFFFFFFFFFFBE
:10C29000FFFFFFFFFFFFFFFFFFFFFFFFFFFFFFFFAE
:10C2A000FFFFFFFFFFFFFFFFFFFFFFFFFFFFFFFF9E
:10C2B000FFFFFFFFFFFFFFFFFFFFFFFFFFFFFFFF8E
:10C2C000FFFFFFFFFFFFFFFFFFFFFFFFFFFFFFFF7E
:10C2D000FFFFFFFFFFFFFFFFFFFFFFFFFFFFFFFF6E
:10C2E000FFFFFFFFFFFFFFFFFFFFFFFFFFFFFFFF5E
:10C2F000FFFFFFFFFFFFFFFFFFFFFFFFFFFFFFFF4E
:10C30000FFFFFFFFFFFFFFFFFFFFFFFFFFFFFFFF3D
:10C31000FFFFFFFFFFFFFFFFFFFFFFFFFFFFFFFF2D
:10C32000FFFFFFFFFFFFFFFFFFFFFFFFFFFFFFFF1D
:10C33000FFFFFFFFFFFFFFFFFFFFFFFFFFFFFFFF0D
:10C34000FFFFFFFFFFFFFFFFFFFFFFFFFFFFFFFFFD
:10C35000FFFFFFFFFFFFFFFFFFFFFFFFFFFFFFFFED
:10C36000FFFFFFFFFFFFFFFFFFFFFFFFFFFFFFFFDD
:10C37000FFFFFFFFFFFFFFFFFFFFFFFFFFFFFFFFCD
:10C38000FFFFFFFFFFFFFFFFFFFFFFFFFFFFFFFFBD
:10C39000FFFFFFFFFFFFFFFFFFFFFFFFFFFFFFFFAD
:10C3A000FFFFFFFFFFFFFFFFFFFFFFFFFFFFFFFF9D
:10C3B000FFFFFFFFFFFFFFFFFFFFFFFFFFFFFFFF8D
:10C3C000FFFFFFFFFFFFFFFFFFFFFFFFFFFFFFFF7D
:10C3D000FFFFFFFFFFFFFFFFFFFFFFFFFFFFFFFF6D
:10C3E000FFFFFFFFFFFFFFFFFFFFFFFFFFFFFFFF5D
:10C3F000FFFFFFFFFFFFFFFFFFFFFFFFFFFFFFFF4D
:10C40000FFFFFFFFFFFFFFFFFFFFFFFFFFFFFFFF3C
:10C41000FFFFFFFFFFFFFFFFFFFFFFFFFFFFFFFF2C
:10C42000FFFFFFFFFFFFFFFFFFFFFFFFFFFFFFFF1C
:10C43000FFFFFFFFFFFFFFFFFFFFFFFFFFFFFFFF0C
:10C44000FFFFFFFFFFFFFFFFFFFFFFFFFFFFFFFFFC
:10C45000FFFFFFFFFFFFFFFFFFFFFFFFFFFFFFFFEC
:10C46000FFFFFFFFFFFFFFFFFFFFFFFFFFFFFFFFDC
:10C47000FFFFFFFFFFFFFFFFFFFFFFFFFFFFFFFFCC
:10C48000FFFFFFFFFFFFFFFFFFFFFFFFFFFFFFFFBC
:10C49000FFFFFFFFFFFFFFFFFFFFFFFFFFFFFFFFAC
:10C4A000FFFFFFFFFFFFFFFFFFFFFFFFFFFFFFFF9C
:10C4B000FFFFFFFFFFFFFFFFFFFFFFFFFFFFFFFF8C
:10C4C000FFFFFFFFFFFFFFFFFFFFFFFFFFFFFFFF7C
:10C4D000FFFFFFFFFFFFFFFFFFFFFFFFFFFFFFFF6C
:10C4E000FFFFFFFFFFFFFFFFFFFFFFFFFFFFFFFF5C
:10C4F000FFFFFFFFFFFFFFFFFFFFFFFFFFFFFFFF4C
:10C50000FFFFFFFFFFFFFFFFFFFFFFFFFFFFFFFF3B
:10C51000FFFFFFFFFFFFFFFFFFFFFFFFFFFFFFFF2B
:10C52000FFFFFFFFFFFFFFFFFFFFFFFFFFFFFFFF1B
:10C53000FFFFFFFFFFFFFFFFFFFFFFFFFFFFFFFF0B
:10C54000FFFFFFFFFFFFFFFFFFFFFFFFFFFFFFFFFB
:10C55000FFFFFFFFFFFFFFFFFFFFFFFFFFFFFFFFEB
:10C56000FFFFFFFFFFFFFFFFFFFFFFFFFFFFFFFFDB
:10C57000FFFFFFFFFFFFFFFFFFFFFFFFFFFFFFFFCB
:10C58000FFFFFFFFFFFFFFFFFFFFFFFFFFFFFFFFBB
:10C59000FFFFFFFFFFFFFFFFFFFFFFFFFFFFFFFFAB
:10C5A000FFFFFFFFFFFFFFFFFFFFFFFFFFFFFFFF9B
:10C5B000FFFFFFFFFFFFFFFFFFFFFFFFFFFFFFFF8B
:10C5C000FFFFFFFFFFFFFFFFFFFFFFFFFFFFFFFF7B
:10C5D000FFFFFFFFFFFFFFFFFFFFFFFFFFFFFFFF6B
:10C5E000FFFFFFFFFFFFFFFFFFFFFFFFFFFFFFFF5B
:10C5F000FFFFFFFFFFFFFFFFFFFFFFFFFFFFFFFF4B
:10C60000FFFFFFFFFFFFFFFFFFFFFFFFFFFFFFFF3A
:10C61000FFFFFFFFFFFFFFFFFFFFFFFFFFFFFFFF2A
:10C62000FFFFFFFFFFFFFFFFFFFFFFFFFFFFFFFF1A
:10C63000FFFFFFFFFFFFFFFFFFFFFFFFFFFFFFFF0A
:10C64000FFFFFFFFFFFFFFFFFFFFFFFFFFFFFFFFFA
:10C65000FFFFFFFFFFFFFFFFFFFFFFFFFFFFFFFFEA
:10C66000FFFFFFFFFFFFFFFFFFFFFFFFFFFFFFFFDA
:10C67000FFFFFFFFFFFFFFFFFFFFFFFFFFFFFFFFCA
:10C68000FFFFFFFFFFFFFFFFFFFFFFFFFFFFFFFFBA
:10C69000FFFFFFFFFFFFFFFFFFFFFFFFFFFFFFFFAA
:10C6A000FFFFFFFFFFFFFFFFFFFFFFFFFFFFFFFF9A
:10C6B000FFFFFFFFFFFFFFFFFFFFFFFFFFFFFFFF8A
:10C6C000FFFFFFFFFFFFFFFFFFFFFFFFFFFFFFFF7A
:10C6D000FFFFFFFFFFFFFFFFFFFFFFFFFFFFFFFF6A
:10C6E000FFFFFFFFFFFFFFFFFFFFFFFFFFFFFFFF5A
:10C6F000FFFFFFFFFFFFFFFFFFFFFFFFFFFFFFFF4A
:10C70000FFFFFFFFFFFFFFFFFFFFFFFFFFFFFFFF39
:10C71000FFFFFFFFFFFFFFFFFFFFFFFFFFFFFFFF29
:10C72000FFFFFFFFFFFFFFFFFFFFFFFFFFFFFFFF19
:10C73000FFFFFFFFFFFFFFFFFFFFFFFFFFFFFFFF09
:10C74000FFFFFFFFFFFFFFFFFFFFFFFFFFFFFFFFF9
:10C75000FFFFFFFFFFFFFFFFFFFFFFFFFFFFFFFFE9
:10C76000FFFFFFFFFFFFFFFFFFFFFFFFFFFFFFFFD9
:10C77000FFFFFFFFFFFFFFFFFFFFFFFFFFFFFFFFC9
:10C78000FFFFFFFFFFFFFFFFFFFFFFFFFFFFFFFFB9
:10C79000FFFFFFFFFFFFFFFFFFFFFFFFFFFFFFFFA9
:10C7A000FFFFFFFFFFFFFFFFFFFFFFFFFFFFFFFF99
:10C7B000FFFFFFFFFFFFFFFFFFFFFFFFFFFFFFFF89
:10C7C000FFFFFFFFFFFFFFFFFFFFFFFFFFFFFFFF79
:10C7D000FFFFFFFFFFFFFFFFFFFFFFFFFFFFFFFF69
:10C7E000FFFFFFFFFFFFFFFFFFFFFFFFFFFFFFFF59
:10C7F000FFFFFFFFFFFFFFFFFFFFFFFFFFFFFFFF49
:10C8000028700020C97F01006F580200B57F010029
:10C81000B57F0100B57F0100B57F0100B57F010044
:10C820000000000000000000000000005D81010029
:10C83000B57F010000000000C5800100B57F010048
:10C840009D8301009D8301009D8301009D83010064
:10C850009D8301009D8301009D8301009D83010054
:10C860009D8301009D8301009D8301009D83010044
:10C870009D8301009D8301009D8301009D83010034
:10C880009D8301009D8301009D8301009D83010024
:10C890009D8301009D8301009D8301009D83010014
:10C8A0009D8301009D8301009D8301009D83010004
:10C8B0009D8301009D8301009D8301009D830100F4
:10C8C0009D8301009D8301009D8301009D830100E4
:10C8D0009D8301009D8301009D8301009D830100D4
:10C8E0009D8301009D8301009D8301009D830100C4
:10C8F0009D8301009D8301009D8301009D830100B4
:10C900009D8301009D8301009D8301009D830100A3
:10C910009D8301009D8301009D8301009D83010093
:10C920009D8301009D8301009D8301009D83010083
:10C930009D8301009D8301009D8301009D83010073
:10C940009D8301009D8301009D8301009D83010063
:10C950009D8301009D8301009D8301009D83010053
:10C960009D8301009D8301009D8301009D83010043
:10C970009D8301009D8301009D8301009D83010033
:10C980009D8301009D8301009D8301009D83010023
:10C990009D8301009D8301009D8301009D83010013
:10C9A0009D8301009D8301009D8301009D83010003
:10C9B0009D8301009D8301009D8301009D830100F3
:10C9C0009D8301009D8301009D8301009D830100E3
:10C9D0009D8301009D8301009D8301009D830100D3
:10C9E0009D8301009D8301009D8301009D830100C3
:10C9F0009D8301009D8301009D8301009D830100B3
:10CA00009D8301009D8301009D8301009D830100A2
:10CA10009D8301009D8301009D8301009D83010092
:10CA20009D8301009D8301009D8301009D83010082
:10CA30009D8301009D8301009D8301009D83010072
:10CA40009D8301009D8301009D8301009D83010062
:10CA50009D830100DF6502009D8301009D8301002D
:10CA60009D8301009D830100C96502009D83010033
:10CA70009D8301009D8301009D8301009D83010032
:10CA80009D8301009D8301009D8301009D83010022
:10CA90009D8301009D8301009D8301009D83010012
:10CAA0009D8301009D8301009D8301009D83010002
:10CAB0009D8301009D8301009D8301009D830100F2
:10CAC0009D8301009D8301009D8301009D830100E2
:10CAD0009D8301009D8301009D8301009D830100D2
:10CAE0009D8301009D8301009D8301009D830100C2
:10CAF0009D8301009D8301009D8301009D830100B2
:10CB00009D8301009D8301009D8301009D830100A1
:10CB10009D8301009D8301009D8301009D83010091
:10CB20009D8301009D8301009D8301009D83010081
:10CB30009D8301009D8301009D8301009D83010071
:10CB40009D8301009D8301009D8301009D83010061
:10CB50009D8301009D8301009D8301009D83010051
:10CB60009D8301009D8301009D8301009D83010041
:10CB70009D8301009D8301009D8301009D83010031
:10CB80009D8301009D8301009D8301009D83010021
:10CB90009D8301009D8301009D8301009D83010011
:10CBA0009D8301009D8301009D8301009D83010001
:10CBB0009D8301009D8301009D8301009D830100F1
:10CBC0009D8301009D8301009D8301009D830100E1
:10CBD0009D830100B36502009D8301009D830100D8
:10CBE0009D8301009D8301009D8301009D830100C1
:10CBF0009D8301009D8301009D8301009D830100B1
:10CC00009D8301009D8301009D8301009D830100A0
:10CC10009D8301009D8301009D8301009D83010090
:10CC20009D8301009D8301009D8301009D83010080
:10CC30009D8301009D8301009D8301009D83010070
:10CC40009D8301009D8301009D8301009D83010060
:10CC50009D8301009D8301009D8301009D83010050
:10CC60009D8301009D8301009D8301009D83010040
:10CC70009D8301009D8301009D830100FFFFFFFF55
:10CC8000064A074B9B7802604FF49072C371FF23F2
:10CC90008280082203728271704700BFB94601008A
:10CCA00040080020F8B5C41D0028054624F00704FC
:10CCB0000CBF0020204600F0F1FA061E02DA6FF0E9
:10CCC0000B00F8BD0DB9F442F9D4294F3989F88821
:10CCD0000331FB7A0330BA7A89B280B206F049FE9A
:10CCE0000028ECDB264439787B78002D06F103061A
:10CCF000194426F0030600FB01F10CBF002030466A
:10CD000000F056FC30440DB90028D8DBBA78034651
:10CD1000B2B1F97CFB7811441944FF29CFDC033010
:10CD2000002DFA89C9B220F003040CBF0020204670
:10CD300000F094FC031EC2DB23440DB9002BBEDBC4
:10CD4000397C81B1BA7872B10733002D23F0070422
:10CD50000CBF0020204601F025FE031EAFDB23445C
:10CD60000DB9002BABDB002D0CBF18460020A8E747
:10CD7000400800201FB572B6194BDD6AE5B9BFF354
:10CD80004F8F1849184BCA6802F4E0621343CB6016
:10CD9000BFF34F8F00BFFDE7B4FBF6F4D3B201320F
:10CDA000002CF9D103F110026A4402F80C4C0A225B
:10CDB00033B901A8A847E2E7044600220A26EDE7B6
:10CDC000013BDBB203F110040DEB0406B0FBF2F4FF
:10CDD00002FB1400303006F80C0C2046E8E700BFD8
:10CDE0004008002000ED00E00400FA050C4B07B5F8
:10CDF000DA7A68468DF801209A7A8DF800201A892F
:10CE0000DB88ADF80420ADF8023001F0C1F818B1AC
:10CE1000E8219C20FFF7AEFF03B05DF804FB00BFE4
:10CE20004008002038B5054668B305F0CFFB10B9BF
:10CE30004FF0FF3038BD04F071F8B0F5FA7FF7D845
:10CE4000134C1448E562002500F0A2F92A22294675
:10CE5000204684F8305008F055FA01236370A3701F
:10CE60001B23E380238140F2032363811F23E3819B
:10CE700008232374EFF3108472B600F0C5FC2CB9BC
:10CE800062B62046D6E76FF01500D3E72846D1E713
:10CE900040080020EDCD000010B5002842D1244C00
:10CEA00094F83030032B3AD059B1002A3DD00239E2
:10CEB000052937D8DFE801F0031428362B2E137824
:10CEC00063700020FFF7EEFE0028B7BF01230223A6
:10CED0006FF00B0084F83030A8BF84F8303010BDFC
:10CEE000137913B3537903B31188FB291DD81A2979
:10CEF00053881AD91B3BE02B17D813689288C4F8C3
:10CF000006300C4B9A80DCE71378A370D9E71388BE
:10CF1000E381D6E71388FF2B07D82374D1E74FF0BE
:10CF2000FF30DCE76FF02C00D9E76FF01500D6E793
:10CF30004008002046080020F8B50D46064630B3EC
:10CF400029B311F0070422D1124F97F83030012B8A
:10CF500002D16FF00B00F8BD032B02D14FF0FF3070
:10CF6000F9E700F05FF80028F8D02846FFF79AFEAE
:10CF70000028EEDB07F06AFD3046214601F04CF850
:10CF8000FFF734FF0323204687F83030E3E76FF0E4
:10CF90001500E0E74008002010B5074C94F8303049
:10CFA000032B03D101F050F801F028FC06F0D5FD69
:10CFB000002084F8300010BD4008002050B1074B1D
:10CFC00003F1140253F8041B934240F8041BF9D1F7
:10CFD000002070476FF01500704700BFA885020061
:10CFE000074B10B593F830403CB900F0FBFF01202F
:10CFF000044900F04BF9204610BD4FF0FF30FBE72D
:10D000004008002081CC000002680020014B1A601B
:10D01000704700BF74080020014B1B68184700BF11
:10D0200074080020024B1868003818BF01207047B0
:10D03000740800202DE9F7430446264E071D2548B5
:10D04000376001F0EBFB0228054607D12149204655
:10D0500006F0CCF9284603B0BDE8F0830428F9D1E6
:10D060003378072B18D13E2000F04AF878B9F378CE
:10D0700001A93279684643EA0223ADF8003006F090
:10D08000D0FB0028DBD053210820FFF773FE0520DA
:10D0900000F06EF80028EAD03146204606F0DEF9AE
:10D0A000B0F5817F01D37221EEE70028C7D094F854
:10D0B000008094F80290404600F022F80028BED08C
:10D0C000B8F13E0FC6D1484600F052F80028C1D151
:10D0D000B5E700BF78080020074B4FF0FF3141F65D
:10D0E000FF72C3E9001205490022C1E900221F2195
:10D0F000C3E90212704700BF40000020BC080020B6
:10D100003F280CD801380B4BC0F3421200F01F002F
:10D1100053F8223023FA00F000F001007047FF2896
:10D1200006D04038044BC0F3421200F01F00EFE776
:10D130000120704740000020BC080020074B01463A
:10D14000006849681A4603C240F48C221A6041F014
:10D15000107242F4FF625A60704700BF4000002026
:10D160000246024B0068516803C370474800002024
:10D170000138064BC0F3421200F01F0003EB82039C
:10D180009B6823FA00F000F0010070474000002087
:10D19000014B1860704700BFC408002007B5FFF7B7
:10D1A0009BFF06F0B9FE044B1B6813B10190984732
:10D1B000019803B05DF804FBC408002070B50C882A
:10D1C000C27CA6B2C4F30E04931C058804F11802B5
:10D1D0001D44825AADB21A4443882A44013AB2FB34
:10D1E000F5F202FB054292B29342044B8BBF3340EF
:10D1F000B34313439BB20B8070BD00BF0080FFFFA1
:10D2000008B54B1E062B04D84FF4D1711520FFF73B
:10D21000B1FD0A4B994202D940F2A311F6E719B9C0
:10D2200000B10160084608BD28B103680022C3E9C7
:10D2300001211A1D1A600431F4E700BFFAFFFF7FD5
:10D2400010B5114B00EB41041A786389B3FBF2F37C
:10D2500003FB0223013A1A44B2F5706F027928BF2A
:10D2600000231A448378B2FBF3F0194403FB102027
:10D27000091AB1FBF3F003FB101313446FEA4343A5
:10D280006FEA5343638110BDC8080020024B03EBD3
:10D2900080004160704700BFC80800202DE9F04FB2
:10D2A00010F0070A85B0054604D040F2611117203E
:10D2B000FFF760FD544F04464FF0010B07F10C06D9
:10D2C000B146B04657F8043B8DF80BA03BB101A81E
:10D2D00098479DF80A30082B01D9E821E7E79DF827
:10D2E0000B1081BB05B13160B94506F10406E9D1E7
:10D2F0002DB30023DFF814E102221E468EF8003021
:10D3000058F82200013A60B190F804A08178BAF18F
:10D31000FF0F64D14FF000078E4207713CBFCEB2C1
:10D320000123511CECD10BB18EF80060022640F6AF
:10D33000FF6A58F82670002F63D1013EF9D2601BB6
:10D3400005B0BDE8F08F9DF80AC04A1DBCF1020F80
:10D35000E64604EB420438BF4FF0020E53000EF1D4
:10D36000FF300444CEF100002040BDF80840644482
:10D37000CCF1000C013C04EA0C04B4F5803F01D36D
:10D38000F82194E775B1C31A336099701C8083F853
:10D3900003B09DF80C201A71019A4FEA124C1A81C1
:10D3A000A3F806C004FB01049EE758F82C90B9F1DD
:10D3B000000F06D099F804B0D34504BF99F8029045
:10D3C0004F440CF1FF3CBCF1000FEEDA3944FF2969
:10D3D000A2D90BB18EF8006040F2271167E794469E
:10D3E0000027F0E707EB410309F101093846A3F8EC
:10D3F0000AA0FFF725FF5FFA89F1BB788B42F1D8CD
:10D400009BE74FF00009F6E7CC080020C808002091
:10D41000F8B54FF6FF7305460380184B03EB810107
:10D420000869B8B186780379B3FBF6F206FB1233CC
:10D43000DBB219460A1D00EB4202B2F902705488B1
:10D44000002F09DB0131B1FBF6F206FB1211C9B264
:10D450008B42EFD10020F8BDFF29FBD0C4F30E03AF
:10D46000C4782B8024B94FF4D5711720FFF782FCC4
:10D470005380BDE8F84006F05BBA00BFC808002042
:10D480001D4B03EB810170B50C69054644B30304E1
:10D4900004D54FF4DC711720FFF76CFC01462046E1
:10D4A00006F029FAFF28014604D02046BDE8704066
:10D4B00006F03EBAA078B5FBF0F300FB1353DBB2E5
:10D4C00019460A1D04EB4206B6F90260002E09DB7C
:10D4D0000131B1FBF0F200FB1211C9B28B42F0D165
:10D4E000002070BDFF29FBD08B4204EB42021CBF21
:10D4F0000023E3705580D8E7C8080020094B03EBF0
:10D50000810110B50C690146204606F0F4F9FF28A8
:10D51000014604D02046BDE8104006F009BA0020BC
:10D5200010BD00BFC8080020F8B5104B074603EB3C
:10D5300081010C690146204606F0DDF9FF28054609
:10D5400011D0E688238953EA064606D001462046D4
:10D5500006F0EEF901463846B04720462946FFF767
:10D560006FFE0020F8BD0520FCE700BFC8080020C2
:10D5700038B50E4B0446827903EB8203186908B96B
:10D58000052038BD8278E1799142F9D24B1CE371D4
:10D5900000EB41035D89B3F90A30002BF3DBA58072
:10D5A00006F0C6F920600020EBE700BFC8080020A5
:10D5B00070B5044610F003000E4603D04E2118202B
:10D5C000FFF7D8FBFFF71CFE054624B103483146A0
:10D5D0000460FFF715FE284670BD00BFE408002078
:10D5E0002DE9F3471C4C90461E46074622680D461F
:10D5F0009DF828309DF82CA01AB960211820FFF75B
:10D60000B9FB1A4609214046019306F033F9524608
:10D610001FFA80F90921304606F02CF980B209EB97
:10D620000001206806F043F9019B386018B92860B2
:10D6300002B0BDE8F08700EB0904414609222C60E6
:10D64000386806F0F6F8534609223146286802B0D9
:10D65000BDE8F04706F0EDB8E40800201F2AF8B551
:10D6600004460ED89200033222F00303B3F5803F44
:10D670002ED2194DB4B1A00711D05F210920FFF7B8
:10D6800079FBFF2A4FEA420304D9FF329A42A8BF2E
:10D690001A46E8E77C2BB8BF7C231A46E3E72970DB
:10D6A0006C602B8122F0030228230127120403FB64
:10D6B00001F06B680025120CEEB28E4200D3F8BD6B
:10D6C00014B126181F705E60104401352833F3E74B
:10D6D0004FF0FF30F3E700BFE8080020144A0021B4
:10D6E00038B553681478C8B2844203D8AB210920F6
:10D6F000FFF740FB1846013128330578002DF2D0A2
:10D7000000218170012412898161051D44709208F5
:10D71000C16100F12001446821F8022B994245F8CB
:10D72000044B1444F8D100234361037038BD00BF9B
:10D73000E80800202DE9F8434B7880460C4602F0BB
:10D74000040602F0FB07D3B1DFB12E4BD4F80490EE
:10D750001D89B7BB0123AD084A46211D637004F142
:10D76000280004F12003A761E76123F8025B9842D7
:10D7700041F8042B2A44F8D10023636101E0002F13
:10D78000E3D0FF23A370002E18BF0226A3191B7D30
:10D79000032B03D1022F1CBF0136F6B2A3190122BD
:10D7A0001A7506F10C02002304EB860624F81230E9
:10D7B0007268A3704046C8F80020A8F80430BDE89D
:10D7C000F883002114226170A01807F09BFDB5F5C5
:10D7D000FF7F0FD26B08ED1AADB209EB0502C4F85A
:10D7E00004902584A2606384C4F80C90A58422610F
:10D7F000E384C6E7B5F5EE6F4FF0FF03EBD940F2D7
:10D800007265EAE7E80800201E4B01224FF0FF3066
:10D8100000211B685A60C3F80803C3F80015C3F859
:10D820000425194B1B685A60C3F80803C3F8001598
:10D8300040F6FE71154B1648C3F8081501680BB287
:10D84000002B0BDB01F01F015B098A4020331149DB
:10D8500041F82320BFF34F8FBFF36F8F026813B2DD
:10D86000002B09DB01215B0902F01F02603301FA82
:10D8700002F2084941F82320044B40F6FE72C3F837
:10D8800008257047841400208014002000200850D0
:10D890009814002000E100E0014B1876704700BFAB
:10D8A000F80800202DE9F04104460D46164690F890
:10D8B000F03003F0FF071BB10C273846BDE8F081BC
:10D8C0000146454804F014FA20288046F4D0582236
:10D8D000394604F1C80007F015FD84F8C880C4F883
:10D8E000CC50FF2384F8F03035B100F0E5FF00F0B4
:10D8F0000700013085F8CC0102234FF00008A4F89E
:10D90000003184F8F88003F013FB493085B22046DB
:10D9100006F0B8FF014670B306F04CFD00F5CD608F
:10D9200081B2304603F0AEFA3044AE3EC4F8FC009B
:10D9300007F06CFB2818A4F8268041F10001C4E927
:10D940004201012084F8D00007F052F8361AC4F8DA
:10D95000D4604FF0FF326FF00043C4E9442304F178
:10D96000F80194F8C80004F061FA48BB40F2CD1108
:10D970003020FFF7FFF92046DFF8608006F0A6FEB2
:10D98000AE30C4F8FC00B8F8040048B1E08C38B1FF
:10D9900000F092FFB8F80430B0FBF3F202FB130082
:10D9A000054407F033FB2D1841F10001C4E9425151
:10D9B000002ECED0751941F10001C4E94451CEE7E3
:10D9C000D4E9422300212046C4E93823C4E93A239C
:10D9D00006F075FF71E700BFAB3B0100B409002002
:10D9E000F0B5002385B0CDE9003301238DF8063072
:10D9F0006846FFF7BDFD70B11D4E01230027B371CE
:10DA0000CDE9027702A8FFF7B3FD0546C8B10023B0
:10DA1000B37105B0F0BD009806F081F9E8E790F821
:10DA2000F30104F0F7FA94F8F30104F09FFC94F882
:10DA3000F30184F8DC5104F081F9202384F8F331F8
:10DA4000DEE7029B002BDDD093F8F321202AD9D00A
:10DA500018884FF6FF739842D9D02946FFF74EFD3C
:10DA600004460028DBD14FF49B713020FFF782F988
:10DA7000B4090020044B0022DA719A7142F210724C
:10DA80009A80FFF7ADBF00BFB4090020014BD871E9
:10DA9000704700BFB4090020014B9880704700BF59
:10DAA000B409002010B501210020FFF727FD04462E
:10DAB00070B90121FFF7E4FC044620B940F291312E
:10DAC0003920FFF757F9034B93F9061006F0C6FD0E
:10DAD000204610BDC009002008B506F06DFC00F01E
:10DAE00033FC00F0D3FA06F027FD00F087FD00F0CC
:10DAF0006BFF0022084B1B214FF4A4701A60074BE8
:10DB000098801A8059800648064B186099805A748C
:10DB10005A829A829A7508BD88000020C0090020A8
:10DB200003021B00EC0D0020044B41F64C52C3E9EC
:10DB300002221B221A74FFF7CFBF00BFEC0D00209A
:10DB40002DE9FF41344D0446AB680363334B8361D9
:10DB500006F01CF9064600F089FA2B7C10F0200F25
:10DB6000668784F838302E4B0EBF1B22AA8869883E
:10DB70001B6814BFA4F85A10A4F85A20A4F85C201B
:10DB80001BB194F9701020889847AE7CEF7CB5F8F3
:10DB9000148016B900F070FA064687BB00F06CFAE4
:10DBA000074676B368B303A920468DF80C608DF85C
:10DBB0000D70ADF80E8006F03FFC012369786A888D
:10DBC00004F11000E385AB88033201910333297817
:10DBD00092B29BB2009104F11401FFF701FD236999
:10DBE00013B940F24E6114E0636913B940F24F611A
:10DBF0000FE0002004B0BDE8F0810920FAE7002E14
:10DC0000D1D100212088FFF78FFC0028F5D040F209
:10DC100024613920FFF7AEF8EC0D002000093D002B
:10DC20008C000020F7B505460E4606F04AFD002898
:10DC300074D0284606F026FE40B1B6F80130013B0C
:10DC40007F2B03D91224204603B0F0BD284606F0EE
:10DC50001DFE08B90C24F6E7284606F0E3F8002874
:10DC6000F8D1284606F0EBFC04460028F2D12846FD
:10DC700001F026FA0028E5D042F21072B6F80170E1
:10DC8000F1782846574306F0E9FD284606F0F2FDF4
:10DC9000014658B93A462846FFF704FE04460028D4
:10DCA000D1D041F69F313920FFF764F821460DF1BC
:10DCB0000600FFF7ADFB064670B3214600F038FCC6
:10DCC000BDF8063028463146338006F0E9FD284687
:10DCD00006F0E2FDA0B9296A284606F0DFFD0146FC
:10DCE0003046FFF72DFF04460028ACD13A463146B6
:10DCF0002846FFF7D7FD044620B141F6C231D2E7EE
:10DD00000121EDE7064B9B68002B9CD0024606F5EF
:10DD10008D713046984796E70D2494E7422492E7A8
:10DD2000C0090020034B5A8802801B7883700020B2
:10DD3000704700BFEC0D0020F0B5077885B00446B1
:10DD40000D46EF2F03D91225284605B0F0BDB0F8D7
:10DD50000130ADF80C309DF90C209DF80C30002AF4
:10DD6000F1DB9DF80D209207EDD1DE063FD4980639
:10DD700003F0030238D5002AE5D11907E3D463780C
:10DD80001A0711D42179E278E07942EA0122617917
:10DD900042EA0142A17941EA0021207A41EA0041A8
:10DDA0008A42D0D81F2ACED9627A013A062ACAD826
:10DDB000A27A032AC7D813F0040102D1023A012A39
:10DDC00003D8E27A012ABED811B9A27C032ABAD8B4
:10DDD00013F01001227D19D0012AB4D1227E012A2C
:10DDE000B1D8B1B91125AFE7032AC6D1ABE713F01B
:10DDF000600FA8D103F00F0203F00703052BBED07C
:10DE0000931E012BBBD9002A9DD1B8E7022AE5D188
:10DE100099E7DB0713D46378227D03F01803082BFE
:10DE200012D1022ADED1BFB201213846FFF766FBCC
:10DE3000064678B105F0F6FFB8B10C2584E700F08E
:10DE4000E5F80028E7D1CDE7022AECD0237F002BAC
:10DE5000E9D0C7E701213846FFF712FB064650B369
:10DE6000164B93F9061006F0F9FB304606F0FFFC5E
:10DE700021462870E074304606F044FCE37E0546F7
:10DE8000002B3FF461AF00287FF45EAF0246316B98
:10DE90006846FFF74FFC2A46306B012105F0B1FDC3
:10DEA000316B68460422FFF745FC2A462946306B51
:10DEB00005F0A7FD48E7072546E700BFC009002099
:10DEC00070B505798AB00346042D5CD84488B4F552
:10DED000804F58D82D480021465D2844ADF80010E9
:10DEE0004279857A42F01002C07B8DF8081042EA30
:10DEF00046028DF81D1042EA850242EAC00202F095
:10DF00001F028DF80020BDF80020ADF809201A8806
:10DF10008DF80E40240A8DF80B20120A8DF80D1092
:10DF20008DF810108DF80C208DF80F405A7BD3F827
:10DF300007008DF811205A79059002A88DF812205B
:10DF40009A798DF81320B3F80B209B7BADF818203D
:10DF50008DF81A307F238DF81B3001238DF81C308B
:10DF60008DF81E308DF81F108DF820108DF82310BD
:10DF70008DF824108DF821108DF822106946FFF7D6
:10DF8000DBFE0AB070BD1220FBE700BFD4850200A3
:10DF90000278034672B1427862B142881A2A09D9DE
:10DFA00082881A2A06D90068034A106000209B88DC
:10DFB0009380704712207047EC0D0020026800200B
:10DFC000014B9A60704700BFEC0D002008B501F0CE
:10DFD0006FF8FFF74FFD0248BDE8084001F052B866
:10DFE000CC09002010B5064C064904F5027006F075
:10DFF000C3F904F503700449BDE8104006F0BCB94C
:10E00000CC0900209000002098000020014B93F8DC
:10E0100002017047CC09002010B5074C00F0DAFB74
:10E02000D4F8080206F0A0F9FFF77EFD00F05CFCD2
:10E03000012384F8143210BDCC090020014B93F861
:10E0400014027047CC09002010B5074CD4F80C021C
:10E0500006F08AF9D4F8100206F086F9FFF73CFDC5
:10E06000002384F8143210BDCC090020014BD3E901
:10E070000001704750000020034B1868C0F30020D7
:10E08000400040F0010070475000002008B502F049
:10E0900045FF0023074A32F82310814205D302EBE3
:10E0A00083039B78044A137008BD01330C2BF2D113
:10E0B0000023F7E7E8850200E10B0020054B9A8C6E
:10E0C000824201BF002283F822204FF6FF729A8419
:10E0D000704700BFE20B002050B90A4A01201346E6
:10E0E00003F8010B0868C2F801008A889A8070471B
:10E0F000012805D1034B0A68D8719A608A889A81F1
:10E10000704700BF0C0C002048B90A4B187880B14A
:10E11000D3F80120B3F805300A608B8070470128DE
:10E1200006D1044BD87920B19A689B890A60F4E73C
:10E13000002070470C0C002020B9054B187800F027
:10E140000100704701280ABF014B0020D879F6E78B
:10E150000C0C0020F7B58B8800228DF80600ADF876
:10E16000043008680B4B8DF8072001461C7803F536
:10E17000AC73019DD0B2844201D8082007E0D3E9F6
:10E18000007601320833AE4208BF8F42F2D103B0AD
:10E19000F0BD00BF200C0020084B0146002230B526
:10E1A0005C7803F58173D0B2844201D8082004E082
:10E1B00013F8015B01328D42F5D130BD200C0020F7
:10E1C000F0B5254D89B095F8984105F2991168464A
:10E1D000224604F0CFFB2146684606F00CF90446BF
:10E1E000B8B300EB400102A8C9B2FEF715FF601EEC
:10E1F00095F8A1610124C0B295F8982105E0731C3F
:10E20000B3FBF2F102FB1133DEB206F120030DEB9A
:10E21000030111F8203C002BF1D100EB400201F882
:10E22000204C06EB460320322B446A4412F8187C3B
:10E2300083F8A27112F8177C12F8162C83F8A371D8
:10E2400083F8A4210138AB19C0B283F89941FF28A3
:10E25000D2D109B0F0BD00BF200C002070B5064639
:10E2600088B00C46002A4ED0294A92F8A131D01825
:10E2700090F8991119B9FF212820FEF77BFD03EBD7
:10E2800043010133114491F8A251E57091F8A35173
:10E2900091F8A41125716171002180F8991192F80B
:10E2A0009811B3FBF1F001FB103382F8A13192F821
:10E2B000C23123B9174902F5DD7006F05FF96579BF
:10E2C0000D220021684605F03F0545F040056571C7
:10E2D00007F018F8E37804AA69468DF80F30304645
:10E2E00023798DF80D508DF80E30042306F056FF7B
:10E2F0009DF81F3023709DF81E3063709DF81D300F
:10E30000A37008B070BD03216018FEF785FED6E744
:10E31000200C0020C1E10000044B5A78824286BFE5
:10E320001B1893F84A010020704700BF200C002002
:10E33000044B5A78824286BF1B1893F84201002092
:10E34000704700BF200C0020064B00224FF4617183
:10E350001A8083F8C32183F8C421A3F8C61183F877
:10E36000C2217047200C0020014B83F8C401704784
:10E37000200C0020014BB3F8C6017047200C002090
:10E380000A4B30B55C7884420ED9184490F80201EB
:10E390002B3003EBC004A5790D7053F830001060EA
:10E3A0000120A388938030BD0020FCE7200C0020D2
:10E3B0000246074810B590F8C34124B1417821B115
:10E3C000023001F01FF8204610BD0C46FBE700BFED
:10E3D000200C00202DE9F74F2F4C804600921A4662
:10E3E00063788946834254D9231893F8425185F0C3
:10E3F0000105E9B193F84A31D3B945F00207013577
:10E40000C2B9F9070BD5062104EB0810009201FBF5
:10E410000841823001F58571FFF720FF009ABB07A4
:10E4200033D504EB081049460230FFF717FF2CE004
:10E430002F46E5E794F8A1614FF0010A002DE0D0E6
:10E4400004EB060B9BF8991199B9009B0192D3B18B
:10E4500000F01AFA019A06EB46018BF899A14FEAEF
:10E46000102C214481F8A201000C81F8A3C181F88D
:10E47000A401013694F89811013DB6FBF1F001FBBF
:10E480001066F6B2DAE747F00407384603B0BDE895
:10E49000F08F0027F9E700BF200C0020074B5A78C7
:10E4A000824209D91A1892F842212AB9062202FB9F
:10E4B000003000F58570704700207047200C002068
:10E4C000064B5A78824281BF1B1893F83A01B0FA82
:10E4D00080F0400998BF0020704700BF200C00204A
:10E4E00030B5002442F21075A0F84040B0F8444026
:10E4F0004C43B4FBF2F4A0F84440541E05FB034324
:10E50000B3FBF2F3A0F84230084BB3FBF2F3013354
:10E51000A0F84830838F05FB0344436B5943B4FB99
:10E52000F2F4B1FBF2F28463426330BD005A62023E
:10E5300070B504460D4659BB4FF41A7206F0E2FE60
:10E54000012384F8DE5084F88E306FF0360384F8AF
:10E55000D930042384F8DA306FF03B0384F8DB30E1
:10E560006F2384F8DC306FF03C0384F8DD306FF00B
:10E570007F0384F8DF302B2384F8D830FE2384F81F
:10E580000E317F2384F88530202384F8F33170BD69
:10E59000012917D10023A0F8B43180F8AB310D4B1D
:10E5A000826913441146B3FBF2F3C0F8B03040F671
:10E5B000B833A0F8B430438C04F17800BDE8704063
:10E5C000FFF78EBF0229E2D1B0F84A32D0F84422D8
:10E5D0008169F1E77FC3C901074B93F90030184403
:10E5E000142804DC10F17F0F03DB40B270471420C5
:10E5F00070476FF07E007047E80D0020024B00224C
:10E600001A705A70704700BFE80D002083230B700A
:10E61000014B1B78CB707047040E00202DE9F347A7
:10E620008246894605270025DFF84C81D9F810304D
:10E6300053B11B7A1BB980211020FEF79BFBD9F840
:10E640001040B4B9002070E0D9F80440237A012BBF
:10E65000F8D0EFF3108372B6D9F804201268C9F825
:10E66000042003B962B6C9F81040237A0BB9A62179
:10E67000E2E7267AF6B22772731E0B2B69D8DFE821
:10E6800003F065061C3362683C6868686857636815
:10E6900013B94FF4D771CFE720465146984704206D
:10E6A000EFF3108372B6227A052AD1B25BD12572BC
:10E6B000C9F81050ABB962B613E0636813B940F201
:10E6C000B711B9E75146204698470346ADF8040014
:10E6D000C0B2C3F30723012B3ED0022BE0D1C9F80F
:10E6E00010500028A2D020E0636813B940F2BF1197
:10E6F000A2E7204698470020D2E763680BB9B5210E
:10E700009AE70B2200248AF8002001221988186950
:10E710008AF80220AAF803108AF805208AF8064031
:10E7200005F0BBF80420C9F8104002B0BDE8F0873E
:10E73000D8F80030514620469847034660B1022081
:10E74000C9F81050F1E74FF4FB7175E740F2F91189
:10E7500072E74FF4FE716FE726720028E5D1002BB7
:10E760007FF464AF6EE711B940F21D2164E7002B1E
:10E770007FF45CAF62B659E7A400002038B5134CB3
:10E7800014220021231D184606F0BCFD0346012576
:10E79000257404331422002104F11800C4E9013364
:10E7A00006F0B0FD84F8245004F11C03084AC4E9C3
:10E7B00006330023E362236384F83430C4F8353031
:10E7C000C4F8393084F83D30136038BD040E0020A1
:10E7D000A000002010B5084C2378FF2B04D04FF484
:10E7E000A0711020FEF7C6FA03F0CCFF2070BDE840
:10E7F0001040FFF7C3BF00BF5D00002010B5034C01
:10E80000207803F0DBFFFF23237010BD5D000020A4
:10E81000014B187803F0E2BF5D00002010B50649F7
:10E820000446FFF7FBFE28B920460449BDE8104026
:10E83000FFF7F4BE10BD00BF1C0E0020080E002024
:10E84000134610B5027A22B140F299211020FEF74A
:10E8500091FA0A4601460248BDE8104005F06EBE36
:10E86000080E00200346064890F83E203AB190F882
:10E870003D2022B9034900F8353B05F07CBE7047C6
:10E88000040E00200DE60000094AD2E900034340CF
:10E8900083EAB01181EA43214FEAF34311605360E8
:10E8A000044B58434FEAF06000EB8000704700BF14
:10E8B000440E0020BB79379E094AD2E90003434049
:10E8C00083EAB01181EA43214FEAF34311605360B8
:10E8D000044B58434FEAF06000EB8000704700BFE4
:10E8E00060000020BB79379E10B50A4C082109480A
:10E8F000FEF792FBD4E900231343F7D0064CFFF751
:10E90000DBFF2060FFF7D8FF236860600343F6D089
:10E9100010BD00BF60000020440E0020F0B5204D67
:10E9200000242B781470CBB3013B6F68DBB21D1B46
:10E93000012D0BDC07EBC40557F834606D688D4280
:10E9400008BF864212D114700120F0BD1D196E104F
:10E95000C5F3470557F836C007EBC60E8445DEF809
:10E9600004608E412CBF2B462C46E0E7B04271EB91
:10E97000050502D214700020E7E707EBC30457F83F
:10E98000335064688C4208BF854201D11370DBE7C5
:10E99000A842A14128BF01331370ECE71846D4E721
:10E9A0006C0E002010F0070208B503D06321482048
:10E9B000FEF7E0F918B1034B197258601A70C800DD
:10E9C00008BD00BF6C0E0020014B00221A7070477A
:10E9D0006C0E0020014B187A704700BF6C0E0020AF
:10E9E0002DE9F74305F0DBFD0DF1070206460D4664
:10E9F000FFF794FF98B910490A780B7A93420ED02A
:10EA00004C6813466FF060479DF80700984209D3A1
:10EA100004EBC003013201200A70C3E9006503B0B2
:10EA2000BDE8F083D819013B04EBC000DBB2D0E9AC
:10EA30000089C0E90289E7E76C0E002037B505F0D0
:10EA4000AEFD0DF10702FFF769FF0446A0B10C4AC5
:10EA50009DF8070013785568411C013B05EBC10187
:10EA6000DBB213701A1AD2B2D200834238BF00222E
:10EA700005EBC00006F02EFC204603B030BD00BF01
:10EA80006C0E0020074BD0F851201B68C3F8032000
:10EA9000B0F85520A3F8072090F85010184605F05C
:10EAA000CFBC00BF940E002070B504460E4613463E
:10EAB000407F6588324615F004050CBF294604F1F5
:10EAC0005F01FFF787FC4207054623D4C3070BD538
:10EAD0000123607F84F85030FFF7E0FC0368C4F83E
:10EAE00051308388A4F8553015F0020F4FF001051E
:10EAF0000ED0094B294684F85E501868D4F85F3070
:10EB0000C0F80930B4F86330A0F80D3005F0A1FC6E
:10EB1000284600E0002070BD940E002038B5C38D5B
:10EB200004460F4D0133C3F30E03C385AB7C2BB1F9
:10EB300001F02EFA00F0C4FC0023AB7400232B710B
:10EB400094F871302BB101212046BDE8384005F022
:10EB500029B9637C13B1E28D9A42F4D20021F3E724
:10EB6000940E002010B5094C2379012B02D0237993
:10EB7000022B05D1A37C1BB101F00AFA00F0A0FC26
:10EB8000E069BDE81040FFF7C9BF00BF940E002048
:10EB900070B5294C2379012B07D02379022B04D09F
:10EBA00040F657412D20FEF7E5F8A0B90125A37CDA
:10EBB0001BB101F0EDF900F083FC002D3AD0E069C3
:10EBC00005F0D2F8002830D001F0E0F8236ABDE863
:10EBD00070409B6818472168E26911F8095B02F1EF
:10EBE000510392F85020E80905F0E7FB0028DDD03A
:10EBF0000021206805F052FC0028D7D02379E06975
:10EC0000012B05D02379022B02D04FF44361C9E7D1
:10EC1000237905F00F01226A03F180435269013B19
:10EC200052F8233098470546C1E7E069BDE87040D7
:10EC3000FFF774BF70BD00BF940E00200346074A63
:10EC4000D06903B909B9FFF769BF1379126A03F1F3
:10EC500080431269033B52F823301847940E00207A
:10EC600003292DE9F043054685B090467BD090F806
:10EC700070300529DBB202D14288D0075FD5002B66
:10EC80005DD10127DFF8E89099F81260B6B105F080
:10EC9000C9FB082888F8000014D002AA0DF107016A
:10ECA000FFF76EFB20B940F6CF612D20FEF762F82A
:10ECB00002A99DF8070005F07EFC064698F8003092
:10ECC000082B08D1D9F8001011F8030BC0F38010FD
:10ECD00005F071FC0646D9F8001005F1580395F8C7
:10ECE000572011F8030BC0F3801005F066FBD9F82C
:10ECF0000010044611F8030BC0F3801005F088FBE8
:10ED00008146FFF7DDFB40B1B9F1080F1CD0484642
:10ED1000FFF702FB80F00100C0B298F80020082A3B
:10ED200016D09CB96B7F991A4B424B416A885207A7
:10ED300006D420B99EB9EB7C9BB1BB4211D0002315
:10ED4000184605B0BDE8F0830020E6E70123EDE7B3
:10ED500014B180F00104E4B204F00103E6E73346A5
:10ED6000EEE70123ECE743889B07E8D5022789E714
:10ED7000940E0020032973B5044604D0052956D00B
:10ED8000012002B070BD08230DF107028DF8073095
:10ED9000FFF766FF0028F3D0237C2A4D03B39DF8CC
:10EDA000070094F8BE30DBB92378082804F1C102CB
:10EDB00084F8BF302CD004F1C001FFF7E1FA20B98C
:10EDC00040F645712D20FDF7D5FF94F8C03043F093
:10EDD000020384F8C0301C4904F1B60005F0CBFBF7
:10EDE0002B680622042620465A701E70FFF74AFE42
:10EDF00094F84020E16B286805F041FB28682E71EB
:10EE000001F07CF82868002105F03DFE0020B8E7FD
:10EE10002868034613F8031BC1F3801184F8C0105F
:10EE2000D0F80310C4F8C1109B889380D3E7074B38
:10EE30001B6823B1984780F00100C0B2A1E71846D3
:10EE40009FE700BF940E0020CB450100A8000020E2
:10EE5000F8B504460F4619B300F12805284605F019
:10EE6000A4FDA0B963881A072ED5284605F0B2FD87
:10EE70000646284605F099FD301AC0B205F0B8FDE7
:10EE8000494A936818449060284605F06DFD28466D
:10EE900005F06FFD00F0D8FE2179252000F038FE46
:10EEA000414E002394F85E203068037043706388FD
:10EEB000103B0D2B68D8DFE803F063675F0C6744F5
:10EEC00067676767676767442046BDE8F840FFF7F4
:10EED00025BE06234370202303702046FFF7D2FD92
:10EEE000638823F008039BB2152B05D094F83820D3
:10EEF000616B306805F0B4FA306800F0FFFF002164
:10EF0000306805F0C0FD032321790020337100F043
:10EF1000C7FE054607B9F06063881B0704D505F0F6
:10EF200064FD2844C4F8D8006388103B0D2B36D804
:10EF3000DFE803F038352F2F352F353535353535AA
:10EF4000352F0C2321214370034603F8091B52B1CE
:10EF5000D4F85F200121C0F80920B4F863209A801A
:10EF600005F077FAB9E7A26DC0F80920B4F85C2083
:10EF70009A8094F85710F3E7062303704370ACE7C8
:10EF8000022303700623F9E740F234612D20FDF7D8
:10EF9000F1FE21790120BDE8F84001F007B840F604
:10EFA000CA41F3E7F8BD00BF940E002038B543888E
:10EFB0000446102B04D10121BDE83840FFF748BFBB
:10EFC0000B4DAB7C23B100F04FFA402000F0D4FF92
:10EFD000286800F093FF608810F0040002D12179C6
:10EFE00000F0E4FF002000F0A3FF01232B7138BDE7
:10EFF000940E0020024B0121D869FFF729BF00BF02
:10F00000940E002010B5134CA37C1BB100F0C0FF80
:10F0100000F056FAE06904F0A7FE70B12379E069C8
:10F02000012B0FD12379226A03F18043D268013B7F
:10F03000BDE8104052F823301847E069BDE81040A1
:10F04000FFF76CBD2379022BECD040F658312D2010
:10F05000FDF790FE940E0020094810B5037903F0E7
:10F06000FF0453B918222146043006F04BF900F092
:10F070008FFF00F025FA204610BD0C24FBE700BFEF
:10F08000940E002010B50023084C23712060FFF778
:10F09000E3FF20B140F2EF212D20FDF76BFE236A44
:10F0A00013B940F2F221F7E710BD00BF940E002023
:10F0B000014B024A1A627047940E002078F3000058
:10F0C0002DE9F041067D0446B31EDBB2012B8CBF57
:10F0D0004FF000084FF001087EB3B71E18BF01279C
:10F0E000012B36D800F1580190F8570005F090F93F
:10F0F000082805462DD0FFF71BF958BB657784F823
:10F100001C8084F85070FFF735F9054605F07EFF46
:10F11000174B0022A5FB033584F85E20181845EB39
:10F1200001051146C4E912052046FFF7BDFC70B980
:10F1300040F27A412D20FDF71DFE3746082504F1E7
:10F1400051010020FEF7E0FF0028D7D10020BDE8E4
:10F15000F0810825022EF2D0E37E002BF6D0D4F801
:10F160001530C4F85130B4F81930A4F85530C5E75B
:10F1700040420F00F0B5484E87B00446327902F0A5
:10F18000FF0312B90278FF2A04D140F6B7112D20EF
:10F19000FDF7F0FD3382B3607371B37180F87130A5
:10F1A0003E4B02A802933E4B03933E4B0493336ABB
:10F1B0005B68059300F09AFE00F0DCFC00F0E8FECE
:10F1C00000F07EF9384800F035FD384800F088FE40
:10F1D00004F12800019005F0C7FB019805F0C9FB78
:10F1E00000F032FD2179252000F092FC94F9120004
:10F1F00000F01AFD04F13401206B04F01FFC0746F7
:10F2000004F13C01206B04F03EFC0546E7B194F8A4
:10F210002430CBB1B4F92E50ED43ED0F237F13B959
:10F2200063885B0709D56FF00043D4E912129A4254
:10F2300008BFB1F1FF3F0ED1ADB930680330FFF721
:10F24000B7F8B07407B0F0BD002DE7D094F82550A2
:10F25000002DDFD1E2E705F0D9FED4E91223904278
:10F2600071EB0303E8D3012229462046FFF71CFC7B
:10F2700068B1FFF77FF8054605F0C8FE0C4AA5FB0C
:10F280000232181842EB0102C4E91202D5E7002D40
:10F29000D3D040F6F4117AE7940E002005F0000078
:10F2A00091EB00003DEC0000D6BE898E555555000F
:10F2B00040420F00F7B50446FFF75CFF00212046EF
:10F2C000FFF7C6FDA36E0BB101221A606388DB074E
:10F2D00021D50023256A114E05F10A07CDE9003337
:10F2E000FF23F3746846FEF743F9A0B9009CA542DA
:10F2F000F8D03B466A7A04F10A01607A05F05DF8BD
:10F300000028EFD0A378F374D4F80300044B7061A5
:10F31000B4F807209A8003B0F0BD00BF940E00201F
:10F32000A80E0020024BD8611B6A1B68184700BF5B
:10F33000940E002043881B0710B504460ED5036ABF
:10F340003C220849723042721B884381FF2380F8B7
:10F3500027304FF6FF73038505F00DF9FF2384F87E
:10F36000713010BDE345010035460100ADEF0000EE
:10F370003B46010075ED0000B5F2000065EB0000B2
:10F38000F5EF000068F300006CF3000074F3000078
:10F390000138022808B503D9C3212F20FDF7EAFC64
:10F3A00013290A4B05D811290CD8102907D0D121CF
:10F3B000F3E71529FBD103EB4003D88801E033F8CC
:10F3C000100008BD03EB40039889FAE7B8860200F5
:10F3D000064B1B68D3F8000138B1D3F8040120B103
:10F3E000D3F80801B0FA80F040097047801400207B
:10F3F000034B00221A705A7010229A70704700BF97
:10F40000D00E0020F8B50646022014460D4600F046
:10F4100017F9114B114A0127191D5C609A6002F11E
:10F42000807203342D011F70DC601D83C3E9042644
:10F430000022243303F80A2C0D2203F8092C084A71
:10F440001268C2F830150749C2F80875C2F8383595
:10F4500003C983E80300F8BDD00E00200300000BB1
:10F4600080140020D886020008B5022000F0E8F8D9
:10F470000D4B01221A7000220C4B1B68C3F80021AF
:10F48000C3F80421C3F80821094AC3F88020094BB6
:10F49000C3F88C20084B1B68C3F88C210822074B4B
:10F4A000C3F8042508BD00BFD00E00208014002042
:10F4B00003000080003008508C140020002004500D
:10F4C000144A08B5137803B3134B19680023C1F825
:10F4D00080301249C1F88C3011490968C1F88C316B
:10F4E0000821104BC3F80815FFF772FF40B1012344
:10F4F0005370938EFF2B05D9BA213B20FDF73AFCC0
:10F50000102350709370002313700020BDE8084052
:10F5100000F096B8D00E0020801400200030085073
:10F520008C140020002004500A4B1A7872B10A4B48
:10F530001B68D3F800215AB1D3F8040120B1D3F8E5
:10F540000801B0FA80F04009C0B27047587870479F
:10F5500002207047D00E002080140020064A08B513
:10F5600013782BB1FFF734FF20B192F8340008BDB7
:10F570009078FCE71020FAE7D00E00200A4B022119
:10F580001A680023C2F88030084AC2F88430084A5A
:10F590001268C2F88431074AC2F8081502F58022C1
:10F5A000C2F80835704700BF8414002000300850AE
:10F5B0008C14002000200450024B00221A705A7054
:10F5C0009A707047080F0020054808B503781BB1F2
:10F5D000FFF7D4FF0023037000234370837008BD3E
:10F5E000080F002038B5074B0024074D1B68C3F8EF
:10F5F00000452B68C3F80045FFF7E6FF2B68C3F80A
:10F60000804038BD84140020801400200A4B1A6802
:10F6100013B2002B0DDB01215B0902F01F02203326
:10F6200001FA02F2054941F82320BFF34F8FBFF3DF
:10F630006F8FFFF7D7BF00BF9814002000E100E0F4
:10F6400010B50446FFF7CEFF012C03D0022C07D0E3
:10F6500084B910BD094B02221B68C3F80025F8E7E6
:10F66000074B03221B68C3F8002502F10042C3F8D0
:10F670008020EEE787213D20FDF77CFB84140020ED
:10F6800080140020024BD3F8A00300F00100704763
:10F6900000C0FF00084BD3F8A423D3F8A833511CB3
:10F6A0009BB203D14FF6FF718B4203D0026083807F
:10F6B000012070470020704700C0FF000B4B30B5A1
:10F6C000D3F89053D3F89443D3F89813D3F89C23EA
:10F6D00005EA04030B401340013317BF0560002007
:10F6E000446081601CBFC260012030BD00C0FF00CB
:10F6F0000B4B30B5D3F88053D3F88443D3F8881339
:10F70000D3F88C2305EA04030B401340013317BFE1
:10F7100005600020446081601CBFC260012030BDD4
:10F7200000C0FF00024B00221A809A701A717047C5
:10F73000780F002038B5144D0346084695F83D2053
:10F7400022B940F687013E20FDF714FB6BB9012A70
:10F75000AC6B95F83C1005D100F0DAFD20442B6B22
:10F76000C01A38BD05F095F9F8E7012B0AD1012A36
:10F77000AC6B95F83C1002D100F0BCFDEEE705F053
:10F7800093F9EBE70020EAE7780F002008B501289D
:10F79000084B83F82400084B06D0022808D040F616
:10F7A0003D513E20FDF7E6FA0322C3F8002508BDCF
:10F7B0000422FAE7780F002000A0085008B5144B87
:10F7C00093F84A30D90720D59A070ED5114BD3F8B4
:10F7D000002442F00102C3F80024D3F8200500F011
:10F7E000F600023818BF012008BD5B070DD5094B94
:10F7F000094AC3F80821A3F5A043D3F8403123B147
:10F8000040F276613E20FDF7B5FA0120ECE700BF3B
:10F81000780F002000A008500B00008007B50B4AAD
:10F8200001AB92F9252000F0B7FD9DF9040000F02E
:10F83000FFFC9DF8050000F027FE20B140F23F617B
:10F840003E20FDF797FA03B05DF804FB780F002027
:10F8500008B503460F4863B92831C1600E4900F06E
:10F86000FBFD0130012814D94FF4EB613E20FDF778
:10F8700081FA012B0AD12931C160074900F0F2FD5C
:10F880000130012805D940F26271EFE740F266715C
:10F89000ECE708BD6C0000200887020008B50C4B9F
:10F8A0009B78012B09D100F0E3FD013001280ED92E
:10F8B00040F6D8013E20FDF75DFA022B07D100F09B
:10F8C000DDFD0130012802D940F6DE01F2E708BD76
:10F8D000780F00200A4B40F409000A4A1B8D40F0C3
:10F8E0004000B3F5166F36BFA3F63813A3F51663C1
:10F8F00043F48073C2F80837C2F84005704700BF70
:10F90000780F002000A0085010B50C46FFF73EFF0E
:10F910002046FFF7DFFF0C4B5A78012A03D121461E
:10F92000D878FFF77BFF094BD3F8002442F0100290
:10F93000C3F8002440F20312C3F8442E40F25B6285
:10F94000C3F8482E10BD00BF780F002000A008505B
:10F950002DE9F0410D46164607463F4C00284BD195
:10F9600094F826801046FFF711FF40464146FFF706
:10F97000B1FF3046FFF752FF384940F20313384ACF
:10F98000C1F8443E40F25B63C1F8483E0123207851
:10F99000A370984220D102EB4602938A4FF47A7208
:10F9A00003F5FA73B3FBF2F3ED1A216B2D4B0D4403
:10F9B0002D4AC3F84055C3F8C0212378ABBB94F857
:10F9C0004A3043F0020384F84A30FFF7F7FE04465A
:10F9D00090BB4FF4D16125E002EB8602D3694FF46E
:10F9E0007A7203F5FA73B3FBF2F3ED1A0028DCD157
:10F9F0001D4BC1F80031D8E7012811D194F8261029
:10FA00001046FFF781FF0223A3702378012BCCD08F
:10FA1000293D002BC9D1114B134AC3F80421C4E777
:10FA200040F609013E20FDF7A5F9012BCDD194F850
:10FA30004A3043F00403C6E70A4B0122DA64D3F8E4
:10FA40004C359D4206D929463846FFF701FF20462E
:10FA5000BDE8F0810024FAE7780F002000A00850EC
:10FA600008870200005008500B00008008B5602293
:10FA70000021034805F046FCBDE80840FFF752BEF0
:10FA8000780F0020034B184490F8280000F516600A
:10FA9000704700BF08870200094AD2E90C3092F88B
:10FAA0003C10C01A074B03EB81031A6DDB6D801A03
:10FAB0004FF47A7203F2F313B3FBF2F3C01A7047F8
:10FAC000780F0020088702000F4A08B592F83C1012
:10FAD000012906D0022914D040F2A6213E20FDF7CC
:10FAE00049F940F61C40D2E90C239B1A074A02EB65
:10FAF0008102126D9B1A4FF47A72B0FBF2F0184437
:10FB000008BD4FF4AF60EEE7780F002008870200D1
:10FB1000FF2808B504D940F2C2213E20FDF72AF99A
:10FB2000124B0129A3F8480004D0022919D040F251
:10FB30000731F2E7002343F4801340F000700C4AD1
:10FB400043F4847340F44030C2F8203EC2F8280EDB
:10FB5000D2F8203503F0F703032B05D140F21D3115
:10FB6000DBE74FF08073E6E708BD00BF780F0020A9
:10FB700000A00850F8B5234E4FF48067C6F8907087
:10FB8000BFF34F8FBFF36F8F1F4C01231F4DC4F87E
:10FB9000A430C4F8403E85F824300323C4F800356F
:10FBA0004FF40023C4F80034194B187C00F07EFC9D
:10FBB00002F0B6FE174B184AC4F83833174BC3F897
:10FBC000C820013AC3F8C42040F6FE72144BC4F8B2
:10FBD0001433144BC3F804250023AB87AB6385F8BB
:10FBE0004A3005F080FA4FF480732863C6F89071AC
:10FBF000C4F888342B6E376103B19847BDE8F840EC
:10FC000000F01EBC00E100E000A00850780F0020CA
:10FC10006C000020030000800600008000500850A7
:10FC20000100008000200850014B83F82500704738
:10FC3000780F0020020E034B0002C3F8342EC3F8E5
:10FC40002C0E704700A00850054A064B82F826008B
:10FC5000184490F8283003F516631385704700BFE9
:10FC6000780F00200887020010B504460068FFF7EF
:10FC7000E1FF094B6268C3F84C2E207AFFF7E4FFDE
:10FC8000617A6089FFF744FF607AFFF77FFD227B8E
:10FC9000024B83F8252010BD00A00850780F0020EB
:10FCA0002DE9F0412B4E05460F4696F84A30DA070B
:10FCB00004D440F29D713E20FDF75CF8264C43F0E1
:10FCC0000203D4F8002442F00102C4F8002486F8AC
:10FCD0004A3078BB96F826800846FFF757FD404625
:10FCE0004146FFF7F7FD3846FFF798FD40F2031352
:10FCF0001A4AC4F8443E40F25B63C4F8483E01230C
:10FD0000B370D3642360154B2846D3F84C45214685
:10FD1000FFF79EFD306B241ACDB9114901EB87071F
:10FD20004FF47A71F86900F5FA70B0FBF1F02044F5
:10FD3000BDE8F0810128E6D196F826103846FFF795
:10FD4000E3FD0223B370054BDD646560DBE704F17E
:10FD50002900EDE7780F002000A00850005008505F
:10FD60000887020008B5FFF7F3FD58B9064B0122DA
:10FD7000C3F8400503F5A04302201A61BDE808401E
:10FD8000FEF770BD08BD00BF0050085013B5264BEC
:10FD90004FF48061254A4FF0FF30D3F88844C3F810
:10FDA0009004C2F890114FF40022214904F48074A9
:10FDB000C3F80024002281F84A201E49C1F84025DA
:10FDC000C3F80821C3F80021C3F80421D3F8201593
:10FDD000C9B2D1B18DF80700C3F8202201221A61FF
:10FDE0009DF8072012B1D3F820223AB19DF80730D0
:10FDF0005BB940F6C7013E20FCF7BCFF9DF8072029
:10FE0000013AD2B28DF80720EAE7FFF747FD06492D
:10FE10000023C1F82032FFF785FC1CB14FF480733A
:10FE2000C1F8883402B010BD00A0085000E100E025
:10FE3000780F00200050085070B50024234D244E48
:10FE4000C5F84845C5F84445C5F84045C5F84C4592
:10FE5000FFF79CFF00F0FAFAC5F8C441C6F8084164
:10FE6000C6F80041C6F80441C5F8C840C5F8C4400A
:10FE700002F06EFD174B40F6FE72C6F83843C6F826
:10FE80001443C5F8C041C3F808254FF48062124BF3
:10FE90001C77C3E90D44114BC5F84845C5F84445E6
:10FEA000C5F84045C5F84C45C5F84841C5F844413A
:10FEB000C5F84041C5F84C41C3F89020BFF34F8FBF
:10FEC000BFF36F8FC3F8902170BD00BF0050085082
:10FED00000A0085000200850780F002000E100E04A
:10FEE000014BC3F84C0E704700A008500FC810B566
:10FEF000014C84E80F0010BDDC0F002008B50A4B50
:10FF0000C3F8D00E094B93F84A20586442F001021E
:10FF100083F84A20FFF752FC20B940F648113E20F2
:10FF2000FCF728FF08BD00BF00A00850780F002094
:10FF300010B50F4C0346022294F83D0022770128A9
:10FF400094F83C1094F824204FF096000CD100F067
:10FF5000EDF9084A00232062C2F84431A36B216AFC
:10FF60000B44C2F8443510BD00F0FAF9F1E700BFC8
:10FF7000780F002000500850044BC3F8940ED3F8BB
:10FF8000002442F04002C3F80024704700A008504B
:10FF9000054BD3F8002422F04002C3F800240022CD
:10FFA000C3F8942E704700BF00A0085008B50D4B51
:10FFB0000A46D9700021197088B9012159709978C1
:10FFC00002290ED193F826101046FFF727FC064AA7
:10FFD000D2F8003443F01003C2F8003401E00222EA
:10FFE0005A7008BD780F002000A008502DE9F84392
:10FFF000834C0123834DB4F84870EB64D5F84C254D
:020000040001F9
:10000000236BA2EB030805F001F8C4F85880C4E99B
:100010001401FFF743FC7C4A0023C2F80831C2F800
:100020000031C2F80431D2F8001421F01D01C2F8E9
:10003000001484F84A30237F23B1D5F84431003BC3
:1000400018BF0123A178012934D1D2F81832002B2E
:100050000CBF0025082515F00B0F6B4B04D1D3F80E
:1000600020220AB145F010050022C3F80022C3F88F
:100070001822C3F82022C3F80C22C3F8142205F07A
:100080001803102B03D1012908BF45F020055D4B53
:100090000229D3F84825A263D3F8443584F83D10EB
:1000A000636394F824301BD1D3B940F246213E203B
:1000B000FCF760FE022911D1534AD2F81802D2F897
:1000C0000C2E00280CBF00250225D00758BF45F094
:1000D0000405002BBFD045F00105BCE70025BAE7B9
:1000E000607884F83C3038B9FFF71CFB2077E907CB
:1000F0004BD5636E984757E015F0110F22D1B0F140
:1001000001092379267818BF4FF00109012B1DD072
:10011000022B2ED093BB96214846FFF70BFB0146DE
:10012000FFF700FB012E08D108F13B08884528D8CD
:10013000344B00222670C3F84021E2784846FFF78E
:1001400011FE01E0FFF722FE0020D0E72F48FFF765
:100150008BFD94F83D3013B940F29471A7E7012B61
:1001600004D1FFF7B1FCA1690144D9E7FFF794FC82
:10017000F9E72648FFF778FDA169D1E740F6DE21CF
:1001800095E7214B30461E61B1E7AA071FD5636C86
:1001900001465B78BB42A36E88BF45F0040585F03D
:1001A0000405C5F380009847A378022B0DD1237F67
:1001B0005BB1022B134A17D1A36B216A0B44C2F81F
:1001C0004435104B124AC3F8C421BDE8F88315F03A
:1001D000280F05D085F02001E36EC1F34011E2E75E
:1001E000EB06E1D5236F85E7012B02D040F60741EE
:1001F0005DE7236AA16B8B42E1D840F6084156E7E0
:10020000780F00200050085000A00850800F0020F8
:1002100009000080024B03EB8000006D704700BFB7
:1002200008870200014B53F82000704764870200E2
:100230002E3008B5362852D8DFE800F04E51515123
:1002400051514B51515151515151515151514951AC
:1002500051515151475147514551435141513F51DE
:100260003D3B392D373533312F2D2B2927252321A0
:10027000571C550039231E4AC2F8103708BD2D23DC
:10028000F9E72823F7E72323F5E71F23F3E71B23E9
:10029000F1E71823EFE71523EDE71323EBE711232D
:1002A000E9E70F23E7E70D23E5E70B23E3E709235E
:1002B000E1E70823DFE70723DDE70623DBE7052384
:1002C000D9E70423D7E70323D5E70223D3E70123A4
:1002D000D1E74FF49873CEE74FF48873CBE7C12191
:1002E0003F20FCF747FD3F23C5E73323C3E700BFAB
:1002F00000A00850054B4FF47A72023833F81130E1
:1003000003F2E733B3FBF2F3184470477C87020033
:10031000054B4FF47A7233F8113003F57A73B3FB5F
:10032000F2F31844704700BF7C87020038B51D46C1
:100330000A4B33F8111003EB820305359C684FF428
:100340007A73214401F6B73103FB00141046B4FB65
:10035000F3F42C44FFF75EFF204438BD7C87020095
:1003600070B5064608461546FFF75CFF094A02EBE2
:10037000850291684FF47A7201F6B73102FB0613D9
:10038000181AB0FBF2F42846FFF744FF053020446A
:1003900070BD00BF7C8702002DE9F04F264C87B06E
:1003A000074698460D46164600F0A0F82378814689
:1003B000BB4211D16378AB420ED194F90230B34203
:1003C0000AD1E378834207D1A388A8F8003094F9D2
:1003D000060007B0BDE8F08F7B1EDBB2032B0DD803
:1003E000164A294612F803A00DF11703324650466B
:1003F00000F082F838B13E21A92002E040F2C64167
:100400000620FCF7B7FC039028469DF917B0FFF7CC
:1004100039FB039A0346414658460092524600F083
:1004200039F8B8F80030A071A38027706570A67005
:1004300084F80390CBE700BF800000209087020083
:10044000014B1B685B681847AC000020014B1B6820
:100450009B681847AC000020014B1B681B691847BC
:10046000AC000020014B1B685B691847AC00002002
:10047000014B1B689B691847AC000020014B1B68AF
:10048000DB691847AC000020014B1B689B6A1847CA
:10049000AC00002030B4044C9DF80850246802954C
:1004A000E468A44630BC6047AC00002000220E493E
:1004B00038B50446134644FA02F0D5B20132C007FB
:1004C00042BF581CCD54C3B2042AF4D1C3F1040274
:1004D000042B054D4FF0FF01D2B288BF0022E8186F
:1004E00004F010FF2C7138BDE4140020014B187D7E
:1004F000704700BFF00F0020042810B511D883B159
:1005000004280CBF10242824A1420AD2064C54F817
:10051000200018B141568A42A8BF0A4600201A702E
:1005200010BD6FF01500FBE7F00F00200728034611
:1005300011DC10F12D0F10DB2E30094A40B2105C97
:1005400002EBC00292F93C209A4207D0002918BF62
:100550000130C0B270471B2070470020704700BFB9
:1005600094870200072808B507DCFFF7DFFF044B7C
:1005700003EBC00090F93C0008BD0820FCE700BF79
:100580009487020038B510F0FF04094D05D0012C06
:1005900007D05121B52001F087FF0123AB602B600C
:1005A00038BD02F06BF90028F3D06C62F8E700BFA9
:1005B00000E0105038B510F0FF04194D05D0012CA3
:1005C0001FD08421B52001F06FFF01236B60EB6029
:1005D000144BC5F800411C70114CD4F80834DA07EC
:1005E0000ED402F04BF9A8B1D4F86834DB0711D46B
:1005F0000B4B0022C3F81021C3F81821C3F81421B3
:1006000038BD02F03BF90028DBD00023AC62C5F80E
:100610001C31E1E702F032F90028E9D0F0E700BF31
:1006200000E0105005100020014B01221A707047A5
:100630000510002010B50E4C28B101280DD0D02196
:10064000B52001F031FFD4F8103123B9094B1878E7
:1006500000F0010010BD0120FAE702F00FF90028B8
:10066000EDD0D4F81C01003818BF0120F2E700BF1C
:1006700000E0105005100020024BD3F8080400F0F1
:100680000100704700E01050024BD3F8480400F01E
:100690000100704700E01050024BD3F84004C0B294
:1006A000704700BF00E01050084AD2F84C34D2F82E
:1006B0004C2413F4803306D002F00303C0B21B1A9B
:1006C0005842584170471846704700BF00E010502C
:1006D00038B51A4BD3F80C34DA0304D440F267115E
:1006E0006D2001F0E1FE164A0124164B106A536694
:1006F00020F03F0094645464136CDB03FCD4136A51
:10070000116C03F03F03C1F30A01C1F5806181EA76
:10071000E1750B29A5EBE17509DD3F2B04D0013311
:1007200003431362172DE6DC0023936438BD0B31BD
:10073000F8DA002BF8D0013BF2E700BF00E01050E0
:10074000000812500100008038B50B4C23781BB113
:1007500000232370FFF7BCFFEFF3108572B66378B8
:1007600003F0FF000BB9FFF725FF05B962B6034B95
:1007700000225A6638BD00BF081000200008125041
:10078000002809DB4309012200F01F00603302FA50
:1007900000F0024A42F82300704700BF00E100E089
:1007A00070B5174D012204460E462B18DA7004F07E
:1007B000C9F9A0B934B1012C0FD04FF488716D2064
:1007C00001F072FE11232A19012105EB84045171F5
:1007D0000C4AA660C2F8043370BD8023F3E7002EF4
:1007E000FAD034B90220B047002305EB8404A3609B
:1007F000F2E7012C01D12046F5E740F22B11DEE7AC
:100800000810002000E01050044B0022191803EBE0
:1008100080034A719A60CA70704700BF08100020B8
:10082000014B1882704700BF08100020014B988AC6
:10083000704700BF08100020014B188A704700BFA6
:1008400008100020034610B5EFF3108472B6074A73
:1008500013445A780132D2B25A705B78012B01D11D
:10086000FFF790FE04B962B610BD00BF081000206B
:10087000034610B5EFF3108472B611490B445A7851
:1008800022B940F249216D2001F00EFE5A78013A5A
:10089000D2B25A705B7883B98B7D43B1094BD3F8E0
:1008A0000C34DB0306D44B7803F0FF002BB9FFF7C1
:1008B00081FE02E0C87D01F091FF04B962B610BD6F
:1008C0000810002000E0105010B504F03EF90C4C68
:1008D00004F038F960B1237E3BB90A4B01229A61DA
:1008E000042363760023A37610BD04F031F9F9E701
:1008F000032301226376034BC3F80423F2E700BF0E
:100900000810002000E01050014B01221A627047CD
:1009100000E01050044BD87E28B1044BD3F81001EE
:10092000B0FA80F0400970470810002000E0105035
:1009300038B50B4BDD7E3DB1FFF7ECFF78B140F2EF
:1009400085216D2001F0B0FD0124DC7604F0FDF876
:10095000044B1022C3F81051C3F80423DC6138BDE6
:100960000810002000E01050024B587E003818BFDD
:10097000012070470810002038B5174CA37D23B91B
:100980004FF43E716D2001F08FFD01232370237E13
:10099000C3B9237FB3B1A27E013B9A4212DA04F0BD
:1009A000D1F8054601F0B0FE237F012B82BFA37E64
:1009B0000133A37655B1236AC31A0133022B09D937
:1009C00035B12062BDE83840FFF77EBF636AF3E7C8
:1009D0006062F7E738BD00BF0810002037B5184C3B
:1009E000237E63B9A06A00F00300FFF75DFE30B11B
:1009F000EFF3108372B6627E1AB103B962B603B028
:100A000030BD0122627603B962B608230D4DC5F8E8
:100A100008334FF42073ADF80630BDF806309BB2B2
:100A20005A1E92B2ADF80620002BF6D1C5F80C3153
:100A300084F82C30FFF748FF0823C5F80433DEE7BD
:100A40000810002000E010502DE9F74F534CA37D13
:100A5000002B00F0A0800023514E8DF805300323B9
:100A60008DF80430D6F80051003D18BF012501F083
:100A700005FF38B1D6F81C3123B1012345F08005BC
:100A80008DF80530D6F80891D6F8143113B9D6F898
:100A9000183153B10023424AC2F81431C2F8183158
:100AA000C2F81031E37601F0ADFC3D4BD3F81031C4
:100AB0007BB1E37E1BB104F04BF80023E37663794E
:100AC00045F01005002B64D19DF804308DF80430FA
:100AD00000E0DDB1334E0027314B0DF1040BA6F1E0
:100AE0000308BA46C3F8085317F80B00032809D0C7
:100AF00098F8003033B1336888F800A013B19847F4
:100B0000C6F800A0043608F101084FB3B9F1000F90
:100B100008D0234B0022C3F808210422C3F808237D
:100B2000FFF75CFF94F82C60EA071D4BF6B2D3F890
:100B30000C7108D5627E032A05D1227E92B9042267
:100B4000627601229A61B7B1154B0022C3F80C21DD
:100B5000637E042B0BD040F25B316D2001F0A4FCCE
:100B60000127C1E703F0F4FF02236376EBE70223DA
:100B7000637603F0EDFF76B1002384F82C30637EBA
:100B8000022B01D1FFF7A0FE03B0BDE8F04F03F048
:100B9000DFBF02239AE703B0BDE8F08F0810002002
:100BA00000E010501010002010B5054CA06A00F0B5
:100BB0000300FFF779FD0028F8D0002010BD00BF2A
:100BC000081000202DE9F041054650B10278022AB4
:100BD00007D843784AB9013B1F2B02D88378212BD1
:100BE00008D96FF01500BDE8F081002BF9D18378AA
:100BF000002BF6D1794E326813B2002B0DDB0121A8
:100C00005B0902F01F02203301FA02F2744941F835
:100C10002320BFF34F8FBFF36F8FB6F90000FFF7AC
:100C2000AFFD704C4FF0FF33C4F8083301F026FEDF
:100C3000002308B1C4F81C31C4F80031C4F80831ED
:100C4000C4F80C31684C6370A370AB88A382FFF7C3
:100C500013FD10B10123E3706370624F40F256330D
:100C6000D7F80C04238210F480302AD0FFF7DCFC84
:100C70005E4801F087FD5B4F6023E0750022C7F8F6
:100C800004332B78A978012BE276A26223762177B0
:100C9000A2762ED0022B25D06BBBFFF7F5FC0028E7
:100CA00056D0FFF7F9FCA36A03F0030398424FD133
:100CB000AB792BBBFFF778FF002825DA4FF4A3614F
:100CC0001BE0C7F81001FFF75DFCD7F81031002BCF
:100CD000FBD0FFF7FDFC0020FFF76CFC444B00222B
:100CE0005A66C5E703F031FFD7F80C34D903FBD5BA
:100CF0000223A362D1E740F20A516D2001F0D4FB38
:100D0000384B0422C3F80423237F63B12B7853B9F3
:100D100003F018FF054601F0F7FC6FF00043002DCB
:100D200059D0C4E9080300210125B6F90000617615
:100D3000A575FFF725FD326813B28B4206DB02F082
:100D40001F025B099540264A42F8235008464AE7AD
:100D5000244B012200215A61C3F8081194F828108D
:100D6000C3F840141A610422C3F80423AA79002AA4
:100D7000CAD1D3F80423520702D440F2BD41BCE7E4
:100D80001C4A1769116907F0100741F01001116141
:100D9000D3F808310BB904F00DFADFF8488001E010
:100DA00004F006FAD8F80831002BF9D0FFF7FCFE62
:100DB000002802DA40F2D7419FE727B90D4A1369AC
:100DC00023F010031361074B0422C3F80823002209
:100DD000C3F8082198E7C4E90830A4E79414002078
:100DE00000E100E000E01050081000204907010079
:100DF0000008125000ED00E02DE9F041114E0546CB
:100E00000F4634791CB18A216F2001F04DFB03F0AD
:100E1000A6FE88B12E4496F80580B8F1000F0ED1D9
:100E2000012328467371FFF70DFD28463946FFF769
:100E3000B7FC4046BDE8F0816FF01500FAE72046A8
:100E4000F8E700BF3810002070B50D4D04462E792C
:100E50001EB1A1216F2001F027FB03F080FE58B1E5
:100E60002544687938B12046FFF7CEFC20466E71E4
:100E7000FFF7FEFC304670BD6FF01500FBE700BFCA
:100E80003810002008B501B3F0B14FF0FF331A4617
:100E9000E0FB01320E498A4203D9E2216F2001F0C2
:100EA00003FB180D4FF22441C3F30F1340EA023045
:100EB000B0FBF1F203EB0040064B03FB1200B0FB6A
:100EC000F1F040EA0240013008BD0846FCE700BFEF
:100ED0003F420F00000024F4014B9B68184700BFFD
:100EE00038100020014BDB68184700BF3810002085
:100EF000014B1B69184700BF3810002008B5064B8E
:100F00001B7923B14FF49F716F2001F0CDFABDE83A
:100F10000840FFF731BD00BF38100020034B1A799D
:100F20000AB9FFF783BC988D704700BF38100020C6
:100F3000034B1A790AB9FFF77FBC988A704700BF44
:100F400038100020024B1B790BB9FFF747BD7047E3
:100F500038100020014B9B69184700BF3810002053
:100F600038B51D4C237933B3FFF7C2FF50B91B4D81
:100F7000C5F81001FFF7B0FFD5F81031002BFBD0FA
:100F8000FFF7B0FF154B6022C3F80423636A98474C
:100F9000002806DB94F82E3023B10123002084F8CA
:100FA000303038BDFFF7D6FF0028F6DA4FF4D171A4
:100FB0006F2001F079FA0A4BA3610A4BE3610A4BF7
:100FC00023620A4BA3600A4BE3600A4B2361FFF7DD
:100FD000F9FD0028E1D0E4E73810002000E01050CF
:100FE000A90B01005D4B0100690901004B4B010099
:100FF000514B0100574B0100064B10B51C7924B131
:101000004FF4FB716F2001F04FFAFFF709FC204607
:1010100010BD00BF38100020034610B3007888B917
:101020001A79012A1ED85A79012A1BD89A680E49C2
:10103000643A8A4216D8D8680C4B98422CBF0020DC
:101040000120704701280CD11A79012A09D85A7950
:10105000012A06D8DA680449643A8A4201D89868B5
:10106000EAE70020704700BF3C8601000040420FC5
:1010700010B5054C236813B1984700232360BDE8E1
:10108000104000F04DBD00BF6C1000202DE9F8436A
:101090008846074680B300F037F84FF00009054650
:1010A0005FFA89F6AE420AD2304609F1010900F032
:1010B00031F890F82640002CF2D1FF2E03D16FF0CA
:1010C0000B00BDE8F883304600F024F805460146E1
:1010D000848480F8264080F828600A4800F008FEE2
:1010E000202885F827000AD001232F62204685F8A2
:1010F000263088F80060E4E76FF01500E1E76FF054
:101100002200DEE7C94C0100014B1879704700BF8F
:1011100070100020044B1A79824283BF1B68302272
:1011200002FB0030002070477010002010B510F056
:1011300003040AD1064A1171106028B130224A43D3
:10114000214604F0DFF8204610BD6FF00D00FBE7EC
:1011500070100020094A10B592F80033202B03D1FB
:101160003E21022001F0A0F918214B430321D018A1
:10117000D3584068BDE81040184700BF78100020E1
:101180000B2808B504D940F24371064801F082F9F2
:101190000001002300F1A04000F56220C0F82C35CA
:1011A00008BD00BFEFBE020038B50B4C4FF4E06342
:1011B00000250820C4F83833FFF7E2FF0920C4F8FF
:1011C0002051FFF7DDFF0A20C4F82451FFF7D8FFB4
:1011D000C4F8285138BD00BF00200E50084B202213
:1011E000C3F89020BFF34F8FBFF36F8FC3F89021E8
:1011F0000122044B5A604FF0FF32C3F808237047B6
:1012000000E100E000500850054BD3F85007D3F838
:10121000541711F0404FF8D1C1F31301704700BFCC
:1012200000200E5002282DE9F04717461E469DF873
:1012300020A004D94FF492716E2001F035F91B4BB8
:101240004FF00108DFF8709000251C5C08FA04F8E4
:101250002046C9F83883FFF793FF154BA2009D5035
:10126000FFF7D2FF874276EB01031DD3BAF1000FDF
:1012700001D0C9F834830B2C04D940F2DB410D486E
:1012800001F008F9B6F5801F02D340F2E141F6E71C
:101290002401012004F1A04404F56224C4F820755F
:1012A000C4F82465BDE8F0872846FBE7AC88020057
:1012B00000210E50EFBE020000200E50022813B590
:1012C00004D940F2AB116E2001F0EEF848B908499C
:1012D0004FF00044C1F8A04120240649C1F89041D4
:1012E0000C6101210091FFF79DFF02B010BD00BF0E
:1012F00000200E5000E100E0022810B504D94FF4A0
:10130000DC716E2001F0D0F8084A08B9C2F8A001DB
:10131000074B1C5C0123A3402046A400C2F83833CD
:10132000FFF72EFF034B00221A5110BD00200E5074
:10133000AC88020000210E5008B5FFF735FF024BC4
:101340000022C3F8A02108BD00200E5008B5FFF709
:1013500045FF114BD3F8042522F00302C3F80425FE
:10136000D3F8082542F00302C3F80825202292FA98
:10137000A2F2B2FA82F2092A04DD4FF4737107482F
:1013800001F088F8C3F810250122DA604FF000421E
:10139000C3F8802008BD00BF00500850EFBE020017
:1013A00070B5194C2026194AD4F81035184D03F0A1
:1013B00001031370D4F8103543F00103C4F810355D
:1013C000FFF7C4FFC5F89C60BFF34F8FBFF36F8F6B
:1013D000FFF7EAFE0023C5F89C610E4AC4F8A0316D
:1013E0004FF00043C2F88030A2F58022C2F880316D
:1013F000012302F57832C2F80435A2F58022C2F842
:101400000435EE6170BD00BF00200E50B113002006
:1014100000E100E000400C500C4B10B41A5C0123BA
:101420000B4C9340D4F834130B420CD09100094A72
:101430000A44116839B100211160C4F838335DF8ED
:10144000044B00F059BE5DF8044B7047AC880200B5
:1014500000200E5000210E50034BD3F8043313B17B
:10146000072000F049BE7047005008500028ADBF6B
:1014700000F1604000F00F00044B00F56140B4BF84
:10148000185C90F800034009704700BF14ED00E0BD
:101490001822034B50431A181B585068184700BFB6
:1014A00078100020031F022B0B4B03F8110000D90A
:1014B000704793F8420083F84210C2B220284FF0E0
:1014C000200016BF03EB420283F84110517003EB7A
:1014D00041025070704700BFB8130020F8B50D46A8
:1014E00004780AB12021117020261B499C4208D0A3
:1014F000202C01D10020F8BD01EB440726467C7862
:10150000F4E7202CF6D0144B077803EB4401A742F4
:1015100049781AD10170114F7DB127B1002140F2F5
:101520009A30AFF300802B78A34206D127B1002177
:1015300040F29D30AFF300802E7027B1002140F2C1
:10154000A230AFF300800120D5E703EB46035970CA
:10155000002AE0D01670DEE7B8130020000000007B
:1015600010B5074C94F8583023B10AF0F9FE002367
:1015700084F85830034BE26D1B68C3F8182510BD82
:10158000B81300209014002010B5074C94F8583080
:1015900023B90AF0DFFE012384F85830034B0122FF
:1015A0001B68C3F8182510BDB81300209014002044
:1015B00008B520B9024B0BB1AFF3008062B608BD8D
:1015C000000000002DE9F7431D4C4FF020081D4E90
:1015D00094F841501C4F202D02D103B0BDE8F08398
:1015E00014F81530013BDBB2052B04D816F8039034
:1015F000B9F1080F04D140F24B61012000F054FF13
:10160000EFF3108072B61FB10190AFF30080019824
:1016100004EB45035B7884F8413094F84230AB42E8
:1016200008BF84F84280FFF7C3FF012328464946DC
:1016300004F81530FFF72CFF94F84150CBE700BFBA
:10164000B8130020AF88020000000000202A70B507
:10165000054604D140F2F911012000F025FF2029B0
:10166000144B14BF03EB410193F8404003EB4200DD
:1016700018BF4C7840780CBF83F840004870204673
:101680000146064603F8105003EB40008A424078BA
:10169000F6D193F8425003EB410183F84260EAB27D
:1016A000202D16BF03EB420283F8414054702022E4
:1016B0004A7070BDB81300208A4238B505461346FB
:1016C000084C06D00520FFF7C1FF04EB450460700D
:1016D00038BD202A16BF04EB420394F84000587826
:1016E000F3E700BFB813002010B5094CD4E912236A
:1016F000B3F1FF3F08BFB2F1FF3F07D0FFF7F2FBA6
:101700004FF0FF324FF0FF33C4E9122310BD00BF8A
:10171000B813002010B5054C94F850302BB10220BE
:10172000FFF7EAFD002384F8503010BDB813002005
:1017300010B50F4CFFF73CFF24B1002140F2C94027
:10174000AFF300800B4B93F84130202B09D024B12C
:10175000002140F2D140AFF30080074B187801F030
:101760003DF824B1002140F2D640AFF3008010BD17
:1017700000000000B8130020B013002010B5084C82
:10178000D4E91223B3F1FF3F08BFB2F1FF3F05D107
:10179000FFF7A2FBFFF738FDC4E9120110BD00BF3F
:1017A000B81300202DE9F04F4FF0180EDFF858C1A4
:1017B00006460F460EFB03FE8FB00CEB0E0208AC84
:1017C00008320FCA86420D4684E80F0077EB01030A
:1017D000044605D34FF0000948460FB0BDE8F08F2E
:1017E000F444861B9CF814A061EB0707FFF7A0FBED
:1017F00000F11C0BBAF1010F00901BD04049D1E958
:101800001232A34272EB050028D2B4EB030865EB59
:101810000209FFF76DFB3A490246D1E91201B1F125
:10182000FF3F08BFB0F1FF3F67D00192FFF780FB99
:10183000019ABAB122462B460020FFF73FFD8146B0
:101840000028C7D0BAF1010F15D05E4577F100032B
:1018500011D2FFF793FFFFF75DFF29E04FF000087B
:10186000C146D6E7804579F10003E3D25E4577F1C2
:101870000003AFD3DEE7FFF737FFBAF1010FEAD07D
:101880005E4577F10003E6D3009B0220E21A65F182
:101890000003FFF713FD20B94FF41571012000F08C
:1018A00003FE174B93F8502012B9012283F8502001
:1018B000B4F119024FF0010065F10003FFF7FEFCDF
:1018C000C0B1FFF74DFE00234FF0FF304FF0FF3166
:1018D00002AD8DF82CA08DF830300A4C0293CDE982
:1018E00004010FCD0FC40FCD0FC495E80F0084E89D
:1018F0000F0071E7FFF748FEE5E7002A9AD1B5E748
:10190000B8130020801300207810002038B5104B49
:101910001B78202B0CD00F4BD3E90645186A6A348C
:1019200045F10005241845F100052046294638BD3B
:1019300010F14104137B41F10005012BF5D0FFF7B5
:10194000D7FA0028F1D1FFF7F3FA0419EBE700BF4B
:1019500078130020801300202DE9F04705460C463F
:1019600017464FF01809DFF83880DFF838A0202C30
:1019700008D009FB04F6284606F10801414403F0AB
:1019800053FB10B10120BDE8F08746443C706B7BEF
:10199000727D9A42F7D90AEB44046478E7E700BF06
:1019A00078100020B81300202DE9F0472023DFF83D
:1019B000488006460D4617464FF01809DFF83CA050
:1019C00098F840400B70202C08D12B783A462146DD
:1019D00030463B70BDE8F047FFF7BEBF09FB04A0EF
:1019E0003146083003F020FB0028EED02C7008EBC5
:1019F00044046478E7E700BFB813002078100020A3
:101A00002DE9F74F87180E4643F10008D1E900236E
:101A1000974278EB030337D3DFF874900DF1070298
:101A20000DF106013046FFF7BFFF70BB9DF80710B0
:101A30004FF0180A337B0AFB0191D1E902B508691E
:101A40001BF1290445F10005041945F10005012B9E
:101A500013D00B7D012B10D1FFF76AFAA4EB0B0218
:101A600082420ADA9DF807300AFB0393D3E9024564
:101A7000FFF75EFA041945F10005A74278EB05036C
:101A800002D3C6E90045C9E7002003B0BDE8F08FE6
:101A900078100020F8B51C4C002542F220031B4AA8
:101AA0004FF0FF304FF0FF31194F2E46A4F8403071
:101AB0002023156084F842303B7082F8285084F867
:101AC000523084F85050C2E90201C4E9120104F80E
:101AD00015600135202DFAD10E4884F8586084F83D
:101AE000546000F04FFE0C4B3D7018700B4B84F8A7
:101AF00058601B68D3F81835E365FFF751FC0123E4
:101B000084F85330F8BD00BFB813002080130020C4
:101B100078130020C5150100B01300209014002098
:101B20002DE9F843FFF770FB05460E46FFF70EFC64
:101B3000FFF702FC67484FF0FF334FF0FF32664C6F
:101B4000C0E9022390F82830F3B9026A40F2F9673D
:101B5000D0E906311B3341F100019B1802F5DF6229
:101B600041F10001B2FBF7F29B1841F100019D42E7
:101B700076EB010308D307212078FFF789FC40F2B8
:101B8000BD21012000F090FC2778202F02D140F2E7
:101B9000C721F6E720232370504C94F8409084F836
:101BA00052300023B9F1200F03601ED0DFF83481DA
:101BB000182202FB0982937D012B16D1137D012B84
:101BC0006FD0FFF795F900286BD1FFF7B1F94519F0
:101BD0004FF0180346F1000603FB0983D3E9020125
:101BE000A842B14128BFC3E9025694F8543023B14A
:101BF000002384F8543002F0BDFFDFF8E880384E4F
:101C000094F84050202D12D0FFF7FEFA20224FF01A
:101C1000180E0EFB0583D3E902C3604571EB030385
:101C200041D2202A03D020210420FFF70FFD0EB15E
:101C3000AFF30080FFF7E8FA94F84050202D3AD136
:101C4000FFF752FDFFF766FDFFF776FB84F8525071
:101C5000FFF786FC14F81730022B0BD1214B18220A
:101C6000394602FB07331B7D022B0CBF01200620E7
:101C7000FFF718FCFF2384F8433094F84130202B01
:101C800003D0194B187800F0A9FD184994F860307A
:101C9000D1F8482722F001021343C1F84837BDE8C4
:101CA000F883293594E704EB45032A465B78202B1B
:101CB000B9D01D46ADE701222B46FFF773FD94F81E
:101CC000402020B920210420FFF7C0FC98E784F8C9
:101CD0005220BFE78013002078130020B8130020A3
:101CE0000000000078100020B013002000200E50EB
:101CF000F8B504460D46FFF72DF9002804DA40F246
:101D00005331012000F0D0FB00230A4911F81320C1
:101D1000D8B24AB91822084E5A43B718B450012213
:101D20007D6001F81320F8BD0133202BEED1184659
:101D3000F9E700BFB8130020781000201F2809D849
:101D40000549002311F81020012A03D101F81030B1
:101D50001046704700207047B8130020014BD3E9AC
:101D600006017047801300202DE9F043037885B009
:101D700004461BB1002005B0BDE8F083284B58682D
:101D8000C0F30800002843D1264D4FF0000925B1CB
:101D9000002140F22240AFF30080DFF88C8088F809
:101DA000439025B1002140F22640AFF30080FFF7B9
:101DB0002BFA6B46224607460E4603F054F925B12E
:101DC000002140F22D40AFF300806A46384631468C
:101DD000FFF79CFD009B3A468342019B8B413346B3
:101DE00038BFCDE9000169464FF0FF30FFF708FE2C
:101DF000DDE90023C4E9042325B1002140F23B4082
:101E0000AFF3008098F84330002BC0D10120B2E737
:101E10001038FFF72BFBC0B20028B5D1AAE700BFEE
:101E200000ED00E000000000B8130020714B2DE928
:101E3000F04F0446586889B08946C0F3080098B14D
:101E40001038FFF713FB10F0FF060ED16A4B1B781A
:101E5000202B04D140F2E641012000F025FB0E7852
:101E600056B140F2E941F7E7082699F80030012B16
:101E700002D940F2ED41EFE7DFF894A1BAF1000F8B
:101E800004D000214FF49E60AFF300804FF0010BAF
:101E90005A4DBAF1000F04D0002140F2F940AFF3DF
:101EA00000805846FFF784FB4FF0000385F843306D
:101EB000BAF1000F04D0002140F2FD40AFF30080E2
:101EC0000DF11008FFF7A0F94A46434603F0CBF89E
:101ED000BAF1000F04D0002140F20350AFF30080AC
:101EE000EFF31087BB4672B6454B0BB1AFF30080E2
:101EF00095F8433003F0FF02002BCAD115F81430D7
:101F00000192013B012B08D93846FFF751FB019A9A
:101F10009146484609B0BDE8F08F0DF10F020DF172
:101F20000E014046FFF740FD814648B92146042096
:101F3000FFF7B8FA38464FF00109FFF7F9FBE8E779
:101F4000304B4FF0180C9DF80EA00CFB043C98E8A9
:101F50000F000CF1080C8CE80F0086B3BAF1200FCB
:101F60002DD1254B1B78202B29D1274B0BB1AFF35B
:101F70000080FFF749F9049A10F11C0C41F10003AD
:101F80006245059A9A410AD395F85220202A0ED02C
:101F90001E4AD2E906E2E64572EB030307D2214668
:101FA0000420FFF77FFA3846FFF7C2FBB1E723466C
:101FB0000222FFF7F7FB0028F1D085F852409DF888
:101FC0000F2020469DF80E10FFF776FBBAF1200F88
:101FD00017BF9DF80E3085F8404005EB43035C7059
:101FE000032305F81430002EDDD1FF2385F843309C
:101FF000D9E700BF00ED00E078130020B8130020FF
:102000000000000078100020000000008013002075
:10201000000000002DE9F843314F044627B10021AC
:1020200040F26B50AFF30080EFF3108872B62D4B87
:102030000BB1AFF300802C4D15F81430032B06D0F4
:1020400000264046FFF7B4FA3046BDE8F88395F81D
:102050004030A34215D1254B1B78202B11D105EB25
:102060004403660093F80190B9F1200F14D1FFF7F3
:102070003BFBFFF74FFBFFF75FF985F85290FFF747
:102080006FFA002223461A481146FFF727FA064640
:10209000B8B940F2A5510DE0164B0BB1AFF300807B
:1020A0002E44FFF7B1F802227378FFF77BFB20B9CB
:1020B00040F29A51012000F0F7F9737885F8523018
:1020C000DFE70123404605F81430FFF771FA002FCF
:1020D000BAD0002140F2AB50AFF30080B4E700BFAC
:1020E0000000000000000000B8130020781300205A
:1020F000F81300200000000070B586B0072870D8E3
:10210000DFE800F00486716F6F6F6F8B4C4C4D4DA4
:10211000D4E91223B3F1FF3F08BFB2F1FF3F05D16D
:10212000FEF7DAFED5E90623C4E91223464E3378DA
:10213000202B24D1454BD3F8482702F0010284F824
:102140006020D3F8482742F00102C3F8482794F8EA
:102150004030202B04D140F26721012000F0A4F987
:1021600004EB4302527884F84020FF2284F8432095
:102170000222337004F81320002385F82830FEF77C
:10218000B7FE95F82430012B1ED0E8B902F0F4FC1C
:1021900050B994F861300133DBB2312B84F86130EF
:1021A0003DD940F2EF51D8E700211822684603F0EC
:1021B000A9F84FF47A73694630780193FFF736FE39
:1021C00030B940F22161C8E7002384F8613030E083
:1021D00095F82840012385F82830FFF7A1FC85F801
:1021E000284006B070BD164C94F850302BB1FFF764
:1021F000C5FA002384F85030F3E74FF0FF31114B5C
:102200004FF0FF30C3E9020105210F4B187812E0AF
:1022100006B0BDE87040FFF7B7B90421F5E70C4BF5
:10222000D3F80031002BBFD0012384F8543002F0E2
:102230009FFC0021307806B0BDE87040FFF728B958
:10224000B8130020801300207813002000200E50C7
:1022500000E01050134B10B51A78202A04D140F238
:10226000F961012000F020F90F49D1E90243B3F1EF
:10227000FF3F08BFB4F1FF3F02D040F2FA61F0E740
:1022800018240A4B04FB0233D3E90223BDE81040B3
:1022900082184FF0020043F10003C1E90223FFF767
:1022A0000DB800BF781300208013002078100020A4
:1022B0002DE9F74FDFF8ACA006469AF80030202B46
:1022C00004D140F23971012000F0EEF8182841D90C
:1022D000224D00234FF0FF392F6A3A1843EB0300D9
:1022E0009145834136D3DFF8808098F8544084B913
:1022F0004FF0200B2A6285F825100DF1070298F89F
:10230000401005F118008DF807B0FFF725FB10B954
:102310002F6202201FE00220FEF7EEFF4FF0FF3396
:102320004FF0FF329AF800005946C5E902239DF8A4
:102330000720FFF7C1F928683044286088F84390E7
:102340009DF80730202B03D0054B187800F046FA93
:10235000204600E0012003B0BDE8F08F801300208C
:10236000B013002078130020B8130020F8B5214ED8
:10237000044616F8103023B940F2AC71012000F089
:1023800093F81D4D25B1002140F2B370AFF30080EA
:10239000012716F81430012B16D1EFF3108672B610
:1023A000164B0BB1AFF30080154923460022481E9F
:1023B000FFF794F83046FFF7FBF825B1002140F213
:1023C000CC70AFF30080F8BD043B022B09D806F8AF
:1023D0001470002DDDD0002140F2C370AFF30080F7
:1023E000D7E725B1002140F2BF70AFF3008002F0C3
:1023F000DFFEEEE7B8130020000000000000000040
:10240000FA13002010B5EFF3108472B6094B0BB12C
:10241000AFF30080084B1B78202B08D0074B01221C
:1024200083F854202046BDE81040FFF7C1B802F001
:10243000A1FBF7E70000000078130020B81300208C
:10244000BFF34F8F0549064BCA6802F4E06213439D
:10245000CB60BFF34F8F00BFFDE700BF00ED00E092
:102460000400FA05094B01221B685A604FF0FF3245
:10247000C3F808234FF40062054BC3F88820BFF36C
:102480004F8FBFF36F8FC3F88821704788140020E7
:1024900000E100E008B572B6024B5B6803B19847F3
:1024A000FFF7CEFF1C1400201FB572B6134B5D68FA
:1024B0008DB9FFF7C5FFB4FBF6F4D3B20132002C9F
:1024C000F9D103F110026A4402F80C4C0A2233B924
:1024D00001A8A847EDE7044600220A26EDE7013BE4
:1024E000DBB203F110040DEB0406B0FBF2F402FBC7
:1024F0001400303006F80C0C2046E8E71C140020CD
:10250000F8B5244F05460C4616463B78002B3DD1C6
:1025100000F0CCF900F0A6F918B1A0211120FFF7C6
:10252000C3FF02F00EFB7E601B4B01263C814FF483
:102530008062C3F8A460194BC3F89020BFF34F8F9B
:10254000BFF36F8F1648C3F89021002D18BF28469F
:10255000FFF788FFFEF704FD0546A8B9FFF79AFAD2
:10256000FEF7F0FC02F0A5FC002C0BDB04F01F03CF
:102570006409A4009E4004F1604404F56144C4F879
:102580008061266001233B702846F8BD4FF0FF357F
:10259000FAE700BF1C14002000A0085000E100E092
:1025A000B6880200074BB3F90830002B09DB5A0943
:1025B000012103F01F03403201FA03F3024941F8FD
:1025C000223070471C14002000E100E0014B187815
:1025D000704700BF1C1400202DE9F74FFF27CDE9FD
:1025E0000012434ABE4602F1140B1178C9B282F8B8
:1025F00000E001B157703F4CDFF808C1EFF3108ADB
:1026000072B64FF001082568009E4FF00009C5F82A
:102610000480C5F80091C5F80491C2E9016C019EDF
:10262000C2E9056C0668C5F810654668C5F814650A
:102630008668C5F81865C668C5F81C652E4EC5F8CD
:102640003065C5F838B5C5F80080BAF1000F00D183
:1026500062B64FF400684FF003092568D5F800A171
:10266000BAF1000F04D1D5F804A1BAF1000F26D0B9
:102670004BB10C9E3EB1D5F84085C3F80080D5F82B
:102680003C85C6F80080D5F80451002DB6D199B923
:102690005578EDB251704FF0030C2468174EC4F812
:1026A00008C3C4F80411C4F800114FF40064C6F85C
:1026B00088411170002D98D103B0BDE8F08F104E05
:1026C000D6F810A01AF0100FC8D00C4DC5F88881AC
:1026D000EFF3108A72B62568C5F80493D5F8006147
:1026E0000EB9D5F80451BAF1000FB6D162B6B4E70D
:1026F00028140020881400202C14002000E100E0A1
:1027000000ED00E01000000B1B4B4FF4000270B511
:10271000C3F89820BFF34F8FBFF36F8F174D002181
:10272000174CC5F80011C3F898212669236906F0F3
:10273000100643F0100323610123C5F804332B6016
:10274000D5F80031A3B11EB9236923F0100323612A
:102750000A4B0122D3F808055A60C3F80823002267
:10276000C3F800214FF40002034BC3F8982170BD59
:1027700002F01EFDE4E700BF00E100E000700D5034
:1027800000ED00E002460C49052038B5431ED8B2E2
:10279000FF2803D140216920FFF786FE01EBC0032B
:1027A0001D7905F0FF04002DF0D141F83020012201
:1027B0005C719C711A7138BD4C140020042808B556
:1027C00003D947216920FFF76FFE034B03EBC000DD
:1027D0000023037108BD00BF4C140020042808B575
:1027E00003D950216920FFF75FFE094B03EBC000BE
:1027F0000379012B01D05121F4E743798279013328
:10280000DBB29A4218BF4371BDE80840FFF7CABE69
:102810004C14002070B50625114C0026013D15F022
:10282000FF0500D170BD94F8281004EBC1031A799C
:10283000012A09D158799A79904205D05A79D2B2B1
:102840009A7154F83130984794F828300133DBB24C
:10285000042B94BF84F8283084F82860DEE700BF9A
:102860004C140020044B1A681C2A03BF5868B0FAA5
:1028700080F040090020704778140020044B1A684B
:10288000292A03BF5868B0FA80F040090020704739
:1028900078140020044B1A68272A03BF5868B0FA3E
:1028A00080F04009002070477814002008B5184BCC
:1028B0001849D3F840230A60D3F844334B60FFF73C
:1028C000DDFF10B9FFF7E6FF88B1134BC1E9023312
:1028D00003F580530B61A3F5E0434B6103F52043FF
:1028E0008B614FF48773CB614A230B6208BD0B4B9E
:1028F000C1E9023303F580530B61A3F580434B61BB
:1029000003F500438B6140F20513CB614623ECE7EE
:1029100000C0FF007814002000A0045000600450A4
:10292000094B0A4AC3F800230132C3F80C230132D1
:10293000C3F818230132C3F820230132C3F81C2343
:102940000132C3F81021704700A008500400008035
:10295000074B0022C3F80023C3F80C23C3F8182345
:10296000C3F82023C3F81C23C3F81021704700BF0D
:1029700000A00850844641EA000313F0030359D134
:10298000403A33D32DE9F000F0C9F0C0F0C9F0C0EF
:10299000F0C9F0C0F0C9F0C0403AF5D2F0BC25E073
:1029A000403A23D30B6803604B6843608B688360B5
:1029B000CB68C3600B6903614B6943618B698361B9
:1029C000CB69C3610B6A03624B6A43628B6A8362A1
:1029D000CB6AC3620B6B03634B6B43638B6B836389
:1029E000CB6BC36340304031403ADBD230320BD343
:1029F0000B6803604B6843608B688360CB68C3607F
:102A000010301031103AF3D20C3205D351F8043B98
:102A100040F8043B043AF9D2043208D0D2071CBF74
:102A200011F8013B00F8013B01D30B88038060469D
:102A3000704700BF082A13D38B07B1D010F00303EF
:102A4000AED0C3F10403D21ADB071CBF11F8013B5F
:102A500000F8013BA4D331F8023B20F8023B9FE78A
:102A6000043AD9D3013A11F8013B00F8013BF9D2FD
:102A70000B7803704B7843708B7883706046704797
:102A800081F0004102E000BF83F0004330B54FEA1F
:102A900041044FEA430594EA050F08BF90EA020F8C
:102AA0001FBF54EA000C55EA020C7FEA645C7FEA1F
:102AB000655C00F0E2804FEA5454D4EB5555B8BF42
:102AC0006D420CDD2C4480EA020281EA030382EAB3
:102AD000000083EA010180EA020281EA0303362D45
:102AE00088BF30BD11F0004F4FEA01314FF4801C18
:102AF0004CEA113102D0404261EB410113F0004F2A
:102B00004FEA03334CEA133302D0524263EB4303E0
:102B100094EA050F00F0A780A4F10104D5F1200E7E
:102B20000DDB02FA0EFC22FA05F2801841F10001D9
:102B300003FA0EF2801843FA05F359410EE0A5F1AD
:102B400020050EF1200E012A03FA0EFC28BF4CF0DE
:102B5000020C43FA05F3C01851EBE37101F0004594
:102B600007D54FF0000EDCF1000C7EEB00006EEBA1
:102B70000101B1F5801F1BD3B1F5001F0CD349082B
:102B80005FEA30004FEA3C0C04F101044FEA445282
:102B900012F5800F80F09A80BCF1004F08BF5FEA09
:102BA000500C50F1000041EB045141EA050130BDE9
:102BB0005FEA4C0C404141EB0101013C28BFB1F5FB
:102BC000801FE9D291F0000F04BF01460020B1FA46
:102BD00081F308BF2033A3F10B03B3F120020CDA19
:102BE0000C3208DD02F1140CC2F10C0201FA0CF0F7
:102BF00021FA02F10CE002F11402D8BFC2F1200C5C
:102C000001FA02F120FA0CFCDCBF41EA0C01904011
:102C1000E41AA2BF01EB0451294330BD6FEA04045A
:102C20001F3C1CDA0C340EDC04F11404C4F1200245
:102C300020FA04F001FA02F340EA030021FA04F357
:102C400045EA030130BDC4F10C04C4F1200220FAAE
:102C500002F001FA04F340EA0300294630BD21FAEC
:102C600004F0294630BD94F0000F83F4801306BFB2
:102C700081F480110134013D4EE77FEA645C18BFA6
:102C80007FEA655C29D094EA050F08BF90EA020F3D
:102C900005D054EA000C04BF1946104630BD91EA35
:102CA000030F1EBF0021002030BD5FEA545C05D138
:102CB0004000494128BF41F0004130BD14F5800477
:102CC0003CBF01F5801130BD01F0004545F0FE41EB
:102CD00041F470014FF0000030BD7FEA645C1ABF20
:102CE000194610467FEA655C1CBF0B46024650EA57
:102CF000013406BF52EA033591EA030F41F4002183
:102D000030BD00BF90F0000F04BF0021704730B508
:102D10004FF4806404F132044FF000054FF00001DD
:102D200050E700BF90F0000F04BF0021704730B59E
:102D30004FF4806404F1320410F0004548BF404273
:102D40004FF000013EE700BF42004FEAE2014FEAC8
:102D500031014FEA02701FBF12F07F4393F07F4FA3
:102D600081F06051704732F07F4208BF704793F0A6
:102D70007F4F04BF41F40021704730B54FF46074B9
:102D800001F0004521F000411CE700BF50EA0102BC
:102D900008BF704730B54FF000050AE050EA010265
:102DA00008BF704730B511F0004502D5404261EBD5
:102DB00041014FF4806404F132045FEA915C3FF416
:102DC000D8AE4FF003025FEADC0C18BF03325FEAB3
:102DD000DC0C18BF033202EBDC02C2F1200300FA64
:102DE00003FC20FA02F001FA03FE40EA0E0021FA89
:102DF00002F11444BDE600BF70B54FF0FF0C4CF477
:102E0000E06C1CEA11541DBF1CEA135594EA0C0F28
:102E100095EA0C0F00F0DEF82C4481EA030621EA63
:102E20004C5123EA4C5350EA013518BF52EA03359E
:102E300041F4801143F4801338D0A0FB02CE4FF050
:102E40000005E1FB02E506F00042E0FB03E54FF080
:102E50000006E1FB03569CF0000F18BF4EF0010E78
:102E6000A4F1FF04B6F5007F64F5407404D25FEA74
:102E70004E0E6D4146EB060642EAC62141EA555127
:102E80004FEAC52040EA5E504FEACE2EB4F1FD0C69
:102E900088BFBCF5E06F1ED8BEF1004F08BF5FEAE7
:102EA000500E50F1000041EB045170BD06F0004699
:102EB00046EA010140EA020081EA0301B4EB5C0446
:102EC000C2BFD4EB0C0541EA045170BD41F480113E
:102ED0004FF0000E013C00F3AB8014F1360FDEBF63
:102EE000002001F0004170BDC4F10004203C35DA3F
:102EF0000C341BDC04F11404C4F1200500FA05F3C2
:102F000020FA04F001FA05F240EA020001F0004262
:102F100021F0004110EBD37021FA04F642EB0601D8
:102F20005EEA430E08BF20EAD37070BDC4F10C0402
:102F3000C4F1200500FA04F320FA05F001FA04F2C6
:102F400040EA020001F0004110EBD37041F10001B2
:102F50005EEA430E08BF20EAD37070BDC4F12005BD
:102F600000FA05F24EEA020E20FA04F301FA05F225
:102F700043EA020321FA04F001F0004121FA04F2CD
:102F800020EA020000EBD3705EEA430E08BF20EA9D
:102F9000D37070BD94F0000F0FD101F000464000D7
:102FA00041EB010111F4801F08BF013CF7D041EA59
:102FB000060195F0000F18BF704703F0004652005D
:102FC00043EB030313F4801F08BF013DF7D043EA2E
:102FD0000603704794EA0C0F0CEA135518BF95EAE4
:102FE0000C0F0CD050EA410618BF52EA4306D1D16B
:102FF00081EA030101F000414FF0000070BD50EA8A
:10300000410606BF1046194652EA430619D094EA13
:103010000C0F02D150EA013613D195EA0C0F05D1FD
:1030200052EA03361CBF104619460AD181EA030151
:1030300001F0004141F0FE4141F470014FF0000009
:1030400070BD41F0FE4141F4780170BD70B54FF0A4
:10305000FF0C4CF4E06C1CEA11541DBF1CEA135524
:1030600094EA0C0F95EA0C0F00F0A7F8A4EB050406
:1030700081EA030E52EA03354FEA013100F08880FD
:103080004FEA03334FF0805545EA131343EA1263C6
:103090004FEA022245EA111545EA10654FEA00267B
:1030A0000EF000419D4208BF964244F1FD0404F534
:1030B000407402D25B084FEA3202B61A65EB030590
:1030C0005B084FEA32024FF480104FF4002CB6EB4D
:1030D000020E75EB030E22BFB61A754640EA0C00CD
:1030E0005B084FEA3202B6EB020E75EB030E22BF0D
:1030F000B61A754640EA5C005B084FEA3202B6EB4E
:10310000020E75EB030E22BFB61A754640EA9C000C
:103110005B084FEA3202B6EB020E75EB030E22BFDC
:10312000B61A754640EADC0055EA060E18D04FEA9A
:10313000051545EA16754FEA06164FEAC30343EA3A
:1031400052734FEAC2025FEA1C1CC0D111F4801F07
:103150000BD141EA00014FF000004FF0004CB6E700
:1031600011F4801F04BF01430020B4F1FD0C88BF9F
:10317000BCF5E06F3FF6AFAEB5EB030C04BFB6EBAA
:10318000020C5FEA500C50F1000041EB045170BD9D
:103190000EF0004E4EEA113114EB5C04C2BFD4EBCA
:1031A0000C0541EA045170BD41F480114FF0000E4E
:1031B000013C90E645EA060E8DE60CEA135594EACA
:1031C0000C0F08BF95EA0C0F3FF43BAF94EA0C0FCD
:1031D0000AD150EA01347FF434AF95EA0C0F7FF442
:1031E00025AF104619462CE795EA0C0F06D152EA96
:1031F00003353FF4FDAE1046194622E750EA41067A
:1032000018BF52EA43067FF4C5AE50EA41047FF48A
:103210000DAF52EA43057FF4EBAE12E74FF0FF3CEF
:1032200006E000BF4FF0010C02E000BF4FF0010CC0
:103230004DF804CD4FEA410C7FEA6C5C4FEA430C39
:1032400018BF7FEA6C5C1BD001B050EA410C0CBF88
:1032500052EA430C91EA030F02BF90EA020F0020EA
:10326000704710F1000F91EA030F58BF994208BF51
:1032700090422CBFD8176FEAE37040F0010070470E
:103280004FEA410C7FEA6C5C02D150EA013C07D165
:103290004FEA430C7FEA6C5CD6D152EA033CD3D0B0
:1032A0005DF8040B704700BF8446104662468C46AA
:1032B0001946634600E000BF01B5FFF7B7FF0028DD
:1032C00048BF10F1000F01BD4DF808EDFFF7F4FF06
:1032D0000CBF012000205DF808FB00BF4DF808ED91
:1032E000FFF7EAFF34BF012000205DF808FB00BFB4
:1032F0004DF808EDFFF7E0FF94BF012000205DF8D6
:1033000008FB00BF4DF808EDFFF7CEFF94BF01208A
:1033100000205DF808FB00BF4DF808EDFFF7C4FF83
:1033200034BF012000205DF808FB00BF4FEA410CCC
:103330007FEA6C5C02D150EA013C0AD14FEA430CAF
:103340007FEA6C5C02D152EA033C02D14FF00000EC
:1033500070474FF0010070474FEA410212F500122A
:1033600015D211D56FF47873B3EB625212D94FEACC
:10337000C12343F0004343EA505311F0004F23FAB6
:1033800002F018BF404270474FF00000704750EA0B
:10339000013005D111F0004008BF6FF000407047C8
:1033A0004FF00000704700BF53B94AB9002908BF69
:1033B00000281CBF4FF0FF314FF0FF3000F00CB879
:1033C000ADF1080C6DE904CE01F0CFFFDDF804E0AB
:1033D000DDE9022304B07047704700BF034613F8CD
:1033E000012B002AFBD1181A013870478B88043052
:1033F00010B500F8043C0C4610F8033C03F0F00351
:1034000000F8033C8A88C2F30322134300F8033C0C
:1034100003F0CF03CA8800F8022CCA8800F8033CE6
:10342000120A00F8012C0A7A120102F0300213434A
:1034300003F03F0300F8033C4A7A43EA821300F8A2
:10344000033C0968814205D0E288FB2A28BFFB22A1
:10345000FFF790FAE0880430C0B210BD70B50B7869
:1034600005460C46192B1ED82BB3013B182B22D82E
:10347000DFE813F03A003E002100B100B700BD00C4
:10348000C300C900CD00CF00DF00E500240021000B
:1034900021004200D300D900E900EF00F500FB0055
:1034A000010107010D01822B4FF0FF0200F0F580B2
:1034B000832B00F0F68040F2622112E00E23B1F877
:1034C00003200B7042F283039A4209D106236370F2
:1034D00066782146284602363246FFF74BFA51E01D
:1034E0003521C720F9F746FC0C230B700823EEE7C3
:1034F0001A230B700123EAE72920F9F739FE30B1CE
:103500003E232370222363702923A370E0E70A205F
:10351000F9F72EFE3E2305F1080204F108012B7095
:1035200090B30A231F26AB70E378EB70A3882B714E
:10353000A3881B0A6B71A379AB71E379EB71A36864
:10354000AB608B889380D4F80E30C5F80E30638A58
:103550006B8263696B61238B2B83638BAB76638B8D
:103560001B0AEB76A38B2B77A38B1B0A6B77E38B62
:10357000AB77E38B1B0AEB7794F8203085F820308B
:103580006E700236304670BD01231326AB70E378AF
:10359000EB70A3882B71A3881B0A6B71A379AB71A5
:1035A000E37903F00103EB71A368AB608B88938030
:1035B000638BAB73638B1B0AEB73A38B2B74A38B93
:1035C0001B0A6B74E38BAB74E38B1B0AEB7494F8EC
:1035D00020302B75D4E73E230B7004234B7014234B
:1035E00093E73E230B700C234B7004238DE73E239F
:1035F0000B700A234B70032387E73E230B700D23C8
:103600004B70052381E70523237004235FE708231C
:10361000FAE730230B70032359E73E230B700B238B
:103620004B70072371E73E230B7006234B700C236E
:103630006BE713230B708B789B00013347E757230D
:103640000B70022343E73E230B7006234B701223BB
:103650005BE73E230B7009234B70132355E73E2392
:103660000B7005234B7020234FE73E230B7009237B
:103670004B70212349E7FF230B700B234B70A223D0
:1036800043E7FF230B7005234B70A3233DE7FF2384
:103690000B700D234B70802337E70A700D22627088
:1036A00033E70A700222FAE710B50C4648B141B17F
:1036B000F9F7C0FC0028207014BF00206FF0220032
:1036C00010BD6FF01500FBE708B5F9F737FD0020D6
:1036D00008BD022200230270052243708270FC2282
:1036E000C37042716FF02102037182714122C27175
:1036F0006FF0140202726FF05D0242726FF02E02E0
:1037000082724222C2721846704700F08CBC38B5F3
:103710000446FBF7B7FF01281BD1601CFBF7BAFF7B
:10372000B8B1A3790020E51D63F03F03A371FAF758
:1037300003FD40B110220021284601F0E3FD0123E2
:103740000020237038BD2846FBF7B8FF0028F1D0D1
:10375000F5E70023F4E710B504461022002101F03C
:10376000D1FD04F1100310220021184601F0CAFD1A
:10377000FBF7BEFF0020FAF7DFFC20B12046FBF785
:103780009DFF002010BDFBF77DFF0028F6D0F8E775
:1037900010B50446FEF7B8FFB0F5007F09DA10F562
:1037A000007F08DD031EB8BF03339B100020237089
:1037B00010BD7F23FAE76FF07E03F7E70120704723
:1037C00000F0BABD0078003818BF012000F051BCED
:1037D000FAF7F4BB00F099BD00F0C4BD00F0DDBB0A
:1037E00000F016BC08B5F9F7BBFC002008BDFAF7DD
:1037F00099BA00F02DBCFAF763BB00F0F5BB00F0FE
:1038000030BD00F0FABC00F041BD00F08ABB00F012
:103810008FBB00F09BBB00F0ADBB00F0F0BB00F035
:10382000CCBB03880B8000F063BD00F0CCBB00F084
:103830008CBDF8B5941C0E46054617460C446343F0
:10384000B3F5004FA8BF4FF0FF3310F003019CB257
:1038500003D0B0211420F9F78DFAB4F5004F01D947
:10386000B121F7E71422043001F04CFDEF746C80B5
:103870002E80F8BD023101444A43B2F5004FA8BF83
:103880004FF0FF3290B21B3020F00300B0F5004F34
:1038900034BF00B24FF0FF30704783880146028981
:1038A0009BB29A4202D00831F9F788BC70470729C9
:1038B00038B5034604D84FF4EC711520F9F75AFADD
:1038C0000068A8B1D0E900248C4212D02AB901F1D5
:1038D0000805AC4204D210460AE003461046F1E760
:1038E000425045181A68641A12686C6042501D6094
:1038F00038BD1A60FCE730B590B18478B1FBF4F3C1
:1039000004FB131300EB430252898A4201D1D8B25F
:1039100030BDC27822B900F10A03D0B2844201D886
:10392000FF20F5E733F8025B0132A942F5D1EFE75A
:10393000827803880532594301EB420108447047FD
:1039400013B500230446CDE900338DF80600684620
:10395000F9F70EFE08B102B010BD2146BDF8040013
:10396000F9F7E2FD0028F2D040F215211720F9F70F
:1039700001FA70B51E460D460921FFF77BFF04468C
:10398000324609212846FFF775FF002C03DB00288B
:1039900001DB204470BD4FF0FF30FBE701230370D3
:1039A0007047F8B5054608461E461146002814BF64
:1039B00000240224FF23AB702B191B7D012B04D0A4
:1039C00001342B191B7D012B19D105EB44073B8BCF
:1039D0003A8C9819904204DD00202C4438832075DD
:1039E000F8BD05EB8404324660681844FEF7C2FF58
:1039F0003A8B16443E830023AB700120F0E7002091
:103A0000EEE7002910B514BF00230223FF218170C7
:103A1000C1180C7D012C07D10C3320F81320022390
:103A20000B750023837010BD0133C1180C7D012C70
:103A3000F2D04FF48C710920F9F79CF930B58278F7
:103A400002F0FF03EAB9027D022A18D0427D022A61
:103A500017D11A46012381B1002485180C322C7528
:103A600020F81240C2180324147500EB83020C33B3
:103A7000526830F813300A608B80012002E0012286
:103A8000E9E7002030BD30B58378E3B9837D022BB0
:103A900017D0C47D022C16D1032381B10022051951
:103AA0000C342A7520F81420C2180324147500EB76
:103AB00083020C33526830F813300A608B80012087
:103AC00002E00324E9E7002030BD037D012B01D192
:103AD000008B7047437D012B0CBF408B002070474B
:103AE000837D012B01D1808B7047C37D012B0CBFDF
:103AF000C08B00207047038B23B9408B003818BF60
:103B00000120704701207047838B23B9C08B003898
:103B100018BF0120704701207047027D022A01D1A1
:103B2000008B7047437D022B01D1408B7047032AE5
:103B3000F6D0032BF9D000207047827D022A01D1F4
:103B4000808B7047C37D022B01D1C08B7047032A45
:103B5000F6D0032BF9D000207047F9F755BE70B5A9
:103B6000044690F8183103F0FF01E3B96FF0004309
:103B7000D0E944529A4208BFB5F1FF3F01D100207D
:103B800070BDD0E9425600F0A1FDAE30D4E9443218
:103B90005B1B62EB06021B1A62F10002002AEEDADE
:103BA0002046FBF7C7FB0120EAE7F8B5044618B941
:103BB000E2213020F9F7DEF8072900F2AA80DFE8D9
:103BC00001F0043E3E3AA82E9EA6FBF7ABFBD4F8CC
:103BD000FC00A438FEF73EFB10B940F25D21E8E797
:103BE000204600F04FFE0546F0B90146204600F0A1
:103BF0006DFD00F1AE06D4F8FC00B04209D2301AD7
:103C00000321192838BF1920FEF752FB051E18BFE3
:103C10000125C4F8FC60204600F04EFE35B1204678
:103C2000BDE8F84000F049BE0025F4E7D4E942239E
:103C3000C4E93A23F8BDBDE8F840FCF7D7B900F075
:103C400050FD002305460E4684F8F83084F8013113
:103C5000D4F8CC30EBB150EA01031AD00721A5FB10
:103C6000012301FB0633D4E93A10521843EB000359
:103C7000D4E9420182428B410BD2012304F1F807BF
:103C800084F800313846FEF76FF820B940F2A4619D
:103C90008FE70223F2E72046FFF761FF034694F81F
:103CA000C80033B93946FEF7C1F838B94FF4D561C9
:103CB0007FE7FEF743F8002384F8F030D4E94201AF
:103CC000D4E93832834272EB0107B3D255EA0607D2
:103CD000B0D0C01A334661EB02012A4601F0ABFABC
:103CE00005FB01F2A5FB005300FB0621D4E93802D5
:103CF0000B44451943EB0203C4E938539AE790F8A3
:103D0000C800FEF71BF8002384F8F03092E7FF218B
:103D10004FE740F203114CE7D0F8CC00704710B5E4
:103D2000044690F8F030EBB1FF2380F81831012100
:103D300000F0C5FD94F8F030A3B194F8C800FEF788
:103D400069F994F8C800FEF711FB94F8C800FDF774
:103D5000F5FF20B940F2EB113020F9F70BF8002302
:103D600084F8F030002010BD10B590F8182142B949
:103D700090F8D02042B1D0E93531994202D9FBF711
:103D8000D9FA0022104610BD0122FBE708B540F227
:103D9000E31100F0F6FB40F64803984228BF1846AE
:103DA00080B208BDF8B5044621B1012931D040F2F6
:103DB000D2712BE0C68C36B1FAF766FDE68CB0FB0B
:103DC000F6F303FB16062046D4E9385700F089FCC9
:103DD0000023281884F8F8304FF0020347EB010164
:103DE0008019A4F8003141F10001C4E94201C4E99D
:103DF00038012046FFF7B3FE70B904F1F80194F8DA
:103E0000C800FEF713F838B940F2FB613020F8F72C
:103E1000B1FF002380F8D030FCF70EF8BDE8F84081
:103E2000FDF77EBE90F8F000003818BF0120704703
:103E3000002313B5CDE9003301238DF80630684621
:103E4000F9F796FB08B100200AE0009C2046FFF736
:103E5000E9FF0028F3D0204600F046FC0028EED011
:103E600002B010BD002307B5CDE9003301238DF862
:103E700006306846F9F77CFB08B1002004E00098A2
:103E8000FFF7D0FF0028F4D003B05DF804FB1FB5A6
:103E9000002240F6881303A90092FCF7FBFA05B054
:103EA0005DF804FB38B5054600F00BFCF0B1284680
:103EB000FFF7B8FF08B9002038BD2846FFF72CFFF0
:103EC00004462846FFF72BFF054688B9002CF2D0A0
:103ED0002088FAF7F3F829462088F9F725FB00280F
:103EE000E9D041F6E5313920F8F744FF4220E3E715
:103EF0000C20E1E710B5F9F7D5FD044600F0BEFC53
:103F000040B9204600F0B6FC80F00100C0B200F0DD
:103F1000010010BD0020FAE708B5FAF795F8002077
:103F200008BD10B50446FAF755FD2070002010BDFD
:103F300010B5FFF77DFF044630B9FAF745FD20467E
:103F4000FAF712FA204610BD0C20FCE710B5044623
:103F5000FFF76EFF50B92078012809D8611CFAF7E5
:103F60003FFD002814BF0020072010BD0C20FCE7F7
:103F70001220FAE738B50546FFF75AFF044640B964
:103F80002878012803D8691CFAF758FD18B91220BF
:103F900038BD0C20FCE72046FAE710B50F240023BB
:103FA000692130220470C4705924417082700471F8
:103FB00043718171C271184610BD082108B5F9F727
:103FC0002BF8002008BD10B504466FF07F00FFF706
:103FD0005EFFFAF701FB20707F20FFF758FFFAF72A
:103FE000FBFA6070002010BD10B50446F9F75AFDC9
:103FF00000F03DFCFAF7F0FA2070002010BD0A46F0
:1040000000F1100108B5072301F0C8F8002008BD31
:1040100010B5014604460020FAF776F808B920608A
:10402000A080002010BD10B50446FAF707F828B9A3
:1040300000202146FAF750F8002010BDFFF712FFCC
:104040000028F5D0FFF756FF0028F1D10C20F4E747
:1040500010B50446FFF706FF28B901202146FAF7FC
:104060003BF8002010BDFFF745FF0028F5D10C20DC
:10407000F8E708B5F9F710FC002008BD2DE9F34179
:104080000546477801210078F9F738FA04460028F8
:104090005FD000F0DCFBEB78984228BF1846042F75
:1040A00086B23DD0206BFFF710FD304480B21F2850
:1040B00003D9122002B0BDE8F081FB1E012B2CD8E1
:1040C000204600F0E9FB6B78032B2CD107F0FD08AC
:1040D000B8F1010F39D1204600F0DEFB002831D1C4
:1040E000012F08BF4FF002084246216B6846F9F7DE
:1040F00021FB33466A680121206BFFF752FC50B365
:104100006B78023B012B22D8206BFFF7DEFC0121EC
:104110000246206BFFF775FC19E0002ED0D1C8E7EE
:10412000002ECDD0C5E70028C3D1042BCED1204628
:10413000FFF778FE0028BCD0206BFFF7DCFC0028DE
:10414000C4D1B6E74FF00008CEE7042FD1D100204C
:10415000B0E74220AEE70720ACE72DE9F743804601
:104160004578C77801210078F9F7C8F90446D0B13D
:1041700000F084FB0028206B08BF0027FFF7B0FC8D
:10418000C6191FFA87F9B6B21F2E10D8042D0ED00B
:10419000032D12D05FB12046FFF744FE58B10C202A
:1041A00002E0042212E0422003B0BDE8F0831220B6
:1041B000FAE70720F8E7012D0CD1204600F06CFB50
:1041C0000028EED1012D0CBF06220522216B684686
:1041D000F9F7B0FA4B46D8F804200021206BFFF71E
:1041E000E0FB0028E5D0023D012D04D83246002135
:1041F000206BFFF706FC0020D6E713B50446F9F75D
:1042000051FC4FF440736846ADF8003000238DF840
:10421000023014F8013B8DF803300194FFF79DFF45
:1042200002B010BD38B5012105460078F9F766F9EE
:104230000446A0B1FFF7F6FD28B92046691C00F03E
:1042400058FA002038BD204600F018FB08B10C20B9
:10425000F8E7204600F00EFB0028F8D1EDE74220F9
:10426000F0E713B50446F9F71DFC684614F8013B66
:104270008DF803304FF440730194ADF80030002303
:104280008DF80230FFF7FAFE02B010BD73B5054697
:10429000F9F708FC04462B7863B100230DF1010106
:1042A00001208DF80030F9F72FFF18B16846FFF7AD
:1042B000B9FFA0B9002620468DF8006000F0E2FAB0
:1042C000B0428DF8036014BF80233346ADF801304F
:1042D0002B78012B05D169462046F9F7A3FC02B0E3
:1042E00070BD1BB92046FFF7DDFDF8E71220F6E7A9
:1042F00008B500210088F9F701F920B10021BDE8D7
:10430000084000F079BB022008BD10B504460078D3
:10431000FF280AD00121F9F7F1F858B16378A278A3
:1043200043EA0223C384002010BDB4F80100F9F76A
:10433000B3FBF8E74220F7E708B50078003818BF6C
:104340000120F9F7A3FB002008BD10B50446F9F7DA
:10435000A9FB6178C1F3400201F0010100F0B2FA5B
:10436000002010BD1220704710B5044604B910BDDE
:10437000236898476468F9E703680BB901607047E0
:104380001A465B6813B18A42FAD170478A4218BF55
:104390005160704708B5F9F723FBFAF75DFE20B1CD
:1043A00040F235119320F8F7E5FC0120BDE8084004
:1043B000FFF7C6BAFCF7B2BD704730B542400C7883
:1043C00018785D784440487868409D78044488783F
:1043D0006840DD780444C87868401D795B790444FE
:1043E0000879497968404B4004442344D3420CBFC8
:1043F0000120002030BD024600200139C9B2FF294A
:1044000000D17047535C83F001030344D8B2F4E752
:1044100008B5F9F79FFE082803D0BDE80840F9F772
:10442000BBBE08BD08B500F01CFB18B1BDE80840D4
:10443000FBF794B8082008BD034608685866704723
:104440000378890123F0400301F040010B4303701E
:104450007047037803F07F0343EAC111017070478E
:104460001F2A38B50546144603D9B7212A20F8F784
:1044700081FC06340930FEF77DFA6C7038BD1F2AC6
:1044800038B50546144603D9D9212A20F8F772FC1D
:1044900006340930FEF76EFA6C7038BD30B503781B
:1044A000024603F00F03032B40D0052B1FD1C37F1F
:1044B00090F82000034392F82100034392F8220071
:1044C000034392F8230020F01F0018432DD05378A7
:1044D000222B0CD1B2F81930B2F81740907D41B1BF
:1044E000B3F5506F05D940F607518B420ED9002025
:1044F0001BE0991F40F67A4589B2A942F7D8411EC0
:104500000729F4D88342F2D9A342F0D3B2F81B3082
:10451000B3F5FA7FEBD2B2F81D0040F676430A38C5
:1045200080B298428CBF0020012030BD4078A0F1BD
:104530000C0358425841F8E7FAF720B910B521B9F1
:104540004FF410711020F8F715FC4A600B72EFF36E
:10455000108472B6031D0B6042681AB1127A012AE8
:1045600008BF036003681960016004B962B6BDE862
:104570001040FAF74DB90222FAF762B90422FAF7AD
:104580005FB9836901F19C02006B834228BF034637
:104590009A423DBF581A9C3840080020704710B519
:1045A0000B7901284C790A6843EA0421104608BFB8
:1045B00041F4803110BD07B5FFF7F1FF0DF107029F
:1045C000FAF7ACF903B05DF804FB0B46142203F8CC
:1045D000032BD0F80920C1F80320D0F80D205A6031
:1045E000704738B510220B460C4603F8032B00F138
:1045F0000902293052F8041B824243F8041BF9D106
:10460000127800211A700123A588A3712846F8F7B3
:1046100075FF70B1E37863B10088F9F74FFD0021B1
:104620002846F8F781FF20B14FF40A712D20F8F7E2
:10463000A1FB38BD0121FAF70BBCFFF7FBBF90F8D7
:104640007A300BB10120704790F8B22002F0FF03DE
:10465000002AF7D190F8A4201846704737B50D46C8
:104660004FF490720021044600F04CFEFF232370AB
:104670001323638042F21073E384F9F72FF80022CA
:10468000014620636846F9F755F8206B00220121A6
:10469000FFF7B7F9216B68460422F9F74BF80022BF
:1046A000206B1146FFF7ADF904F12800A57403B0A3
:1046B000BDE8304000F03EB9FF23086B0B70FFF7F8
:1046C0006DB90078FF3818BF0120704710B5044657
:1046D000283000F07FF928226188FAF759FE6D3002
:1046E00010BDD0E902017047C07C003818BF01201E
:1046F00070470B68C0F815308B88A0F8193001237B
:10470000C37670472DE9F04F064691B00D46074637
:1047100006AC0DF110080FCE0FC40FCE0FC496E8F3
:10472000030084E80300404600F004F995F8149073
:104730006E78B9F1010F95F80AA095F800B006F06F
:104740007F0607D0B9F1020F04D040F25F31062096
:10475000F8F710FB697A404600F0F3F82B7D2A7FCA
:104760004046022B02F101020CBF697D0121D2B249
:1047700004BF0131C9B200F0E6F816F0080363D1B6
:104780004046019300F026F928223146FAF700FE50
:1047900040F271212A7900F29920EC78019B44EAD9
:1047A00002246A79B0FBF1F044EA024448434C43E6
:1047B000A0420BD9EC79AA7942EA04222C7A42EA87
:1047C000044201FB02F4A04200D804462A7E03936F
:1047D000531EA97C386B5A4202915A410192FFF74D
:1047E0009CF9386BFFF7A9F9039B019A0299ADF880
:1047F0001A6006AE08943C468DF828208DF82B10E0
:104800008DF82CA08DF818B08DF81C9009930FCE60
:104810000FC40FCE0FC496E8030084E8030098E8A5
:104820000300B8620020B985EB7A13F0FD0F14BFC6
:104830000123002387F85730EB68BB652B8AA7F864
:104840005C3011B0BDE8F08F00242346BEE74388FA
:1048500013F0040F0CBF1F20002070474FF40043DB
:10486000C38543881D2B08BF00214174704790F910
:1048700012007047408800F0010070474088C0F384
:10488000400070474088C0F3C000704708B5006B17
:10489000FFF73AF9012008BD012070470120704759
:1048A00090F8503001624B72D0F85130C1F80A30A4
:1048B000B0F85530CB8170477047FAF72FB980F8C0
:1048C0007010704780F8241080F825207047C0F3DE
:1048D0004002C0F3800300F0010013441844704705
:1048E000022808B507D0042807D0012807D03921AD
:1048F0002E20F8F73FFA262008BD2720FCE72520C8
:10490000FAE7837813F0010202D0C178C9070DD508
:10491000990702D5C27892070AD513F0040205D090
:10492000C37813F0040F14BF00220422104670470E
:104930000222FBE70023C0F802300123437003701A
:1049400070478170704710B54270144601708078CE
:10495000FFF7BDFF484304FB00F2FE2A03DD5C21A4
:104960002E20F8F707FA10BD0023C37043710371BE
:10497000704710B50446FFF7C4FF637962780133CE
:10498000DBB29A4263710CD1E3780022A178034331
:104990006271DBB29942E37001BF2379E2700133A7
:1049A0002371BDE81040FFF79BBF38B504468078FF
:1049B000FFF78DFF0146E078FFF789FF2378227922
:1049C00065789B1A6B4359436379C91A00FB15102C
:1049D000C0B238BD014608B58078FFF778FF4A7845
:1049E0000B7853435843C0B208BD40F2EE207047E5
:1049F00040F25A335843704738B50446084694F895
:104A0000303213B10C25284638BD94F88730153B59
:104A1000012BF7D894F8583203F0FF05002BF1D1A1
:104A200091B194F8C63123B940F66D213120F8F7E1
:104A3000A1F9052304F1F00204F5DB7100F0AEFBEF
:104A4000012384F83032DEE70223FAE708B5FBF7EA
:104A50000DF8FAF7DBFDFAF7CBFCBDE80840FAF7F2
:104A6000ABBDC82108B5FAF75FFD022807D10139AF
:104A700011F0FF01F7D1EB213B20F8F77BF9431E42
:104A80005842584108BD19B943780BB1C3788370B7
:104A9000704710B504460846FBF7C4FB4FF47A7321
:104AA000B0FBF3F0201A10BD10B504460846FBF722
:104AB000B9FB4FF47A7300F2E730023CB0FBF3F03D
:104AC000201A10BD08B5FDF7F1FEBDE8084000F062
:104AD00038B870B5841A0E46154659B204F3070467
:104AE00060B2FBF73FFD002330702844737040B282
:104AF00070BD0023036070477047002070474FF07F
:104B0000FF3070474FF0FF30704770474FF0FF3075
:104B100070470020704700207047002303707047E3
:104B20009DF800300022FFF7D4BF002070474FF0FF
:104B3000FF3070474FF0FF3070474FF0FF30704745
:104B4000704770470020FBF775BD0020FBF77ABE69
:104B50000020FBF78DBE0020FBF76CBD704718B13D
:104B6000012803D1FDF78ABE01207047002070475D
:104B7000FBF7CABEFBF7DCBEFBF7CCBE38B505467B
:104B800091F827000C46FDF7D9F818B9EA216A20F8
:104B9000FDF78AFC002309212846A38484F82630E7
:104BA000236A984718B103780BB1EE21EFE738BDBF
:104BB000426808B5034611441A78A1F1960059607D
:104BC000012A06D1FDF746FB40B9CE216A20FDF748
:104BD0006BFCFDF73FFB08B9D321F7E708BDF8B53B
:104BE00004460E4619B9012384F829303BE00D78BC
:104BF000032DF8D8DFE805F0390212154868C728F8
:104C000002D800252846F8BD0421FDF751FB0028F5
:104C1000F7D171682046FFF7CBFFF3E7FCF728FADE
:104C2000F0E790F82470F7B94D682846FCF7F4F9DE
:104C30000028D8D02B78D3B9012222702B79003BE1
:104C400018BF012363726B79002B0CBF022304236E
:104C50002372AB68A5336360EB6884F82520236179
:104C6000032384F82630FCF703FA0225CAE794F8F8
:104C70002630052B04D04FF4C9716A20FDF714FCCF
:104C800027702B7994F82700003B18BF012363722B
:104C90006B79002B0CBF022304232372EB68A968F5
:104CA000A5336360D4E906325B1842EBE17221461A
:104CB000C4E90432042384F82630FDF7B7F800284D
:104CC000D1D14FF4CA71D8E738B5044620B94FF4B2
:104CD000D6716A20FDF7E8FB90F82850072900F20A
:104CE000D980DFE801F0043333636D77907E90F86C
:104CF0002630033B012B02D940F2B711E9E7052327
:104D000090F8241080F82630002380F82930C9B9A3
:104D1000FFF74EFF2378012B0FD1FDF71FF8C4E9F1
:104D20000601236A00212846984701462046FFF7DE
:104D300056FF022840F0B18038BDD4E90423C4E90D
:104D40000623EEE7BDE83840FCF792B990F826302C
:104D5000DA1E012A02D94FF4EC71BAE790F8242048
:104D60002AB121462846BDE83840FFF707BF042B8B
:104D70000CBF02230123012980F82630036A0AD1DF
:104D80000521284698470028D6D00378002BD3D099
:104D900040F2ED119DE70621284698470028CBD028
:104DA0000378002BC8D04FF4F97192E790F82630C1
:104DB000052B02D040F2F9118BE7036A0221B2E71A
:104DC00090F82630052B02D040F2FF1181E7036AEC
:104DD0000121A8E790F82630052BB3D040F2052139
:104DE00077E790F82630052B02D040F20A2170E7D1
:104DF000036A0A212846984701462046FFF7EFFE3E
:104E000040F20D2165E790F82630052B07D090F889
:104E100025200AB1032B02D040F2112159E794F862
:104E20002420002A9DD194F8293093B1022308212F
:104E3000284684F8292084F82630236A98470028D9
:104E40003FF47AAF0378002B3FF476AF40F21D2198
:104E50003FE794F8252062B1214694F8270084F8B2
:104E60002530FCF7E3FF00287FF466AF40F22221F3
:104E70002FE702230721284684F82630236A984723
:104E800000283FF459AF0378002B3FF455AF40F2B0
:104E900029211EE740F22E211BE720B1012805D170
:104EA000236A04213FE7236A03213CE740F23F21C4
:104EB0000FE770B50024FCF727F905462646E0B257
:104EC000854200D870BDFCF725F90134868480F84E
:104ED0002660F4E7F8B504460D460027FCF714F900
:104EE0000646F8B2864204D8082D0CD96FF015009A
:104EF00008E0FCF70FF990F826300137002BF0D0CE
:104F00004FF0FF30F8BD2CB129462046BDE8F840EF
:104F1000FCF70CB921462046F8E738B50546FCF702
:104F2000F9F8014688B190F824408CB990F8263001
:104F300073B1013B012B04D82846FFF71FFE204622
:104F400038BD012380F82430F9E76FF00100F7E75E
:104F50006FF02200F4E770B50D46FCF7DBF804466D
:104F6000002848D090F82660731E012B49D8002DE8
:104F700044D02846FCF750F800283FD02B78FBB9E6
:104F8000012323702B79003B18BF012363726B79D7
:104F9000002B0CBF022304232372AB68A53363608C
:104FA000EB6823610323214694F8270084F8263018
:104FB000FCF73CFF40BB40F2BF216A20FDF774FACA
:104FC000022E1ED1002323702B79003B18BF012332
:104FD00063726B79002B18BF04262672EB68A968F0
:104FE000A5336360D4E906325B1842EBE172C4E991
:104FF00004320423D7E76FF0010070BD6FF0150095
:10500000FBE76FF02200F8E70020F6E7FCF7FCB8BA
:1050100008B50020FCF700FA0120FCF7FDF902209A
:10502000BDE80840FCF7F8B970B58368D0E90052D4
:10503000D1E900465B1942F100029C4276EB020383
:105040000DD30B7B012B0CD0037B012B09D1641BEF
:10505000FBF76EFF8442B4BF0020012070BD00202A
:10506000FCE70120FAE72DE9F843B2F808801C4676
:1050700092F80090054698FA98F80F4616460021D7
:105080001022184600F03EF9A4F80C8084F80E9027
:10509000B9F1000F13D115F11C00D6E9042347F133
:1050A0000001824273EB010133BF4FF47A73C4E90C
:1050B00000237368C4E90057A360BDE8F883224663
:1050C00028463946FCF722FC73682A46A3603B4613
:1050D000C4E9000121463069FCF792FC0028ECD1BC
:1050E000C4E90057E9E70020704701F110030138D7
:1050F00013F8012D8B4200F8012FF9D170472DE9EB
:10510000F04713F0010F8EB004460D4617469A463D
:10511000DDE9168913D006A8FFF7E7FFA30724D01F
:1051200002AA04F110052068083454F8041C134640
:10513000AC4203C31A46F6D106AD02AC16E013F03A
:10514000040F0DD106AB0E4601F1100C1D46306860
:10515000083656F8041C1A46664503C21346F6D1B3
:10516000214602A8FFF7C1FFE7E706AD1AF0020FDC
:105170004346CDF800900BD0294620460AAAFDF7F9
:105180002BFA0AA93846FFF7B0FF0EB0BDE8F0874A
:105190003A4629462046FDF71FFAF6E713B50024E4
:1051A000CDE90044FFF7ABFF02B010BDFDF732BB05
:1051B00020BF704720BF70479142F8B503D37321D9
:1051C0009620FDF771F9B2FA82F33BB1C3F12004E6
:1051D00099409A4020FA04F4984021434FEA124C37
:1051E00093B2040C87B2B1FBFCF50CFB151E05FB5A
:1051F00003F64FEA0E4E0EEB1040864205D9361AE2
:1052000096428CBF02260126AD1B04EB0141280407
:1052100005FB1211B1FBFCF40CFB1411634307EB0B
:1052200001418B4205D95B1A93428CBF02220122B5
:10523000A41A2043F8BD2DE9F0411D4607460E464D
:10524000144652EA050303D1AC219620FDF72CF950
:1052500085B9914204D2FFF7AFFF2946BDE8F0813E
:1052600008462946FFF7A8FF05462246384604FBB4
:105270001561F0E7B5FA85F8B8F11F0F01DDC92116
:10528000E3E70123400803FA08F3C8F11F0840EAE6
:10529000C670A3FB0212710803FB0522FFF78CFF07
:1052A00030FA08F04FF0000102D0013861EB010143
:1052B00000FB05F3A0FB042C04FB0133BF1A63447D
:1052C00066EB0306A74276EB0503C7D3013041F135
:1052D0000001C3E7431A934200EB020310B508D361
:1052E000013902469A4207D011F8014F02F8014BEA
:1052F000F8E70A448A4200D110BD12F8014D03F8C4
:10530000014DF7E770B5C9B20446A30711D141EAD0
:105310000123960843EA034522F0030323449C42F9
:105320000DD16FF0030404FB06221A44934209D105
:1053300070BD002AFCD0013A04F8011BE5E744F8EF
:10534000045BECE703F8011BF0E700280CBF6FF0EB
:1053500015000020704700207047072303700020CD
:10536000704700207047002070472DE9F0478646BF
:105370008C460846089E154674461946002B40F098
:10538000C1808542B2FA82F245D94AB1C2F1200306
:1053900000FA02FC954094402EFA03F343EA0C0C09
:1053A0004FEA154EA8B2230CBCFBFEF80EFB18CC3E
:1053B00008FB00F943EA0C43994528D9EB1808F19A
:1053C000FF3704D2994502D9A8F102072B44A3EB79
:1053D0000903A4B2B3FBFEFC0EFB1C330CFB00F074
:1053E00044EA0344A04214D92C190CF1FF3304D22F
:1053F000A04202D9ACF102032C44241A43EA07402C
:105400001EB1D440002334607360BDE8F087474686
:10541000DDE76346F1E792BB431B01214FEA154EDE
:10542000AFB2200CB3FBFEFC0EFB1C330CFB07F8E9
:1054300040EA0343984561D9EB180CF1FF3004D2E0
:10544000984502D9ACF102002B44A3EB0803A4B2A7
:10545000B3FBFEFC0EFB1C330CFB07F744EA0344D2
:10546000A7424DD92C190CF1FF3304D2A74202D91F
:10547000ACF102032C44E41B43EA0040C0E7C2F154
:1054800020039540944020FA03F12EFA03F34FEAEB
:10549000154E9040AFB20343B1FBFEFC0EFB1C1057
:1054A000190C0CFB07F841EA0041884522D969181C
:1054B0000CF1FF3004D2884502D9ACF10200294436
:1054C000A1EB08019BB2B1FBFEFC0EFB1C110CFB17
:1054D00007F743EA01439F420ED9EB180CF1FF3165
:1054E00004D29F4202D9ACF102012B44DB1B41EAFA
:1054F000004193E76046E3E76146F7E76046A4E7CB
:105500006346B8E7834206D916B9002108467CE70E
:10551000C6E900E0F9E7B3FA83F78FB9834201D314
:10552000724508D8BEEB020460EB030301209C46E1
:105530001EB9002169E73846FAE7C6E9004CF8E7EA
:10554000C7F1200CBB400EFA07F522FA0CF42EFA34
:105550000CF1BA401C4320FA0CF3B8404FEA14494E
:1055600001431FFA84FEB3FBF9F809FB18300B0C5A
:1055700008FB0EFA43EA00439A4540D9E31808F1C4
:10558000FF3004D29A4502D9A8F102002344A3EBCC
:105590000A0389B2B3FBF9F809FB183308FB0EFEC6
:1055A00041EA03418E452CD9611808F1FF3304D23A
:1055B0008E4502D9A8F10203214443EA0040A1EB41
:1055C0000E01A0FB02984145CE46434602D306D1C8
:1055D0004D4504D20138B9EB020E68EB0403002EEE
:1055E000A7D0B5EB0E0261EB030101FA0CFC22FA25
:1055F00007F3F9404CEA0303C6E9003199E7404656
:10560000C5E74346D9E700002DE9F04F824617462B
:105610001C4600259FB00391387810B9284600F049
:10562000A9BD252809D00399D0470028C0F2A2853A
:105630007B1C01350593059FEEE71822002110A879
:1056400011F01FFE7B78252B00F0BC8000239846CC
:105650009E469C461846791C0E4611F8012B2B2AB3
:1056600000F0E38000F2DA80202A00F0E180232AB3
:1056700000F0E1802BB19DF8483043F040038DF8F5
:105680004830B8F1000F05D09DF8483043F02003B2
:105690008DF84830BEF1000F05D09DF8483043F03A
:1056A00010038DF84830BCF1000F05D09DF848304C
:1056B00043F008038DF8483028B19DF8483043F096
:1056C00004038DF848309DF8483003F04401442924
:1056D00003D16FF386138DF848309DF848302A2A9D
:1056E00043F080030E968DF8483040F0A9809DF875
:1056F000493043F001038DF84930731C1A782E2A83
:105700000CBF012100219DF8492061F341028DF871
:1057100049200CD15A1C0E925A782A2A40F0A080B7
:105720009DF84920023342F004028DF849201A788E
:105730006C2A00F0C18000F2A380682A00F0A980E2
:105740006A2A00F0C2804C2A00F0C78013F8012BAF
:10575000782A05938DF84B2000F209816D2A00F21A
:10576000C980692A00F20381572A00F2E280412AA7
:1057700004D0A2F14503022B00F2F98004219DF828
:105780004A3002F0DF02A2F1410961F30203D9F1CC
:1057900000029DF8491042EB090262F3C7110A06A4
:1057A0008DF84A308DF84910CBB200F11F8103F01B
:1057B0007802182A40F009816FF3C6038DF849304A
:1057C0000023F8E08DF84B30BB1C05939DF8493061
:1057D0009DF84A20DE0702F0070040F1098154F8E5
:1057E000041B0029049108DA9DF8481041F00401D7
:1057F0008DF84810049949420491590740F10081FD
:1058000054F8046B002E80F2FF809DF849306FF34E
:1058100041038DF849304FF0FF36F5E02D2A0DD0C9
:10582000302A7FF427AF012316E74FF0010C13E76E
:105830004FF0010E10E74FF001080DE701200BE7D4
:105840000EA801F0A9FE0E9BB3423FF457AF9DF89E
:1058500048201390C00F60F341028DF848204DE7B7
:105860000EA801F099FE9DF848301490C3F3400251
:1058700042EAD07262F341038DF848300E9B56E73E
:10588000742A26D07A2A7FF461AF06219DF8492038
:105890000CE05A78682A9DF8492006D1012161F36D
:1058A000C6028DF84920023350E7022161F3C60297
:1058B0008DF84920013349E75A786C2A9DF8492030
:1058C00001D10421EBE70321F0E705219DF84920F0
:1058D000ECE707219DF84920E8E7BDF8482022F4CD
:1058E000F04222F0020242F4804242F00202ADF89D
:1058F0004820DFE76E3AD3B201229A4040F2824359
:105900001A429DF8493039D112F0240F61D1D107E4
:105910002DD503219DF84A2003F07803A3F1400818
:1059200061F30202D8F100038DF84A2043EB08032B
:1059300041E00120A2F15801C9B200FA01F111F4CD
:10594000624F7FF41BAF40F6010319429DF84930C6
:105950001AD111F4043F0AD09DF84A2060F30202E4
:1059600003F07803402B8DF84A207FF429AF9DF88F
:10597000483043F001038DF8483021E702219DF8BB
:105980004A2061F30202EBE702209DF84A1003F07F
:10599000780360F30201402B8DF84A1002BF9DF896
:1059A000481041F001018DF84810632A7FF408AFD8
:1059B000003B18BF01239DF84820C2F340010B4370
:1059C00063F341028DF8482000E713F0380FCED181
:1059D000F6E603219DF84A2013F0780F61F30202E6
:1059E00014BF012300238DF84A20E4E70123E2E7F6
:1059F0009DF948100029ACBF4FF0FF311399FBE629
:105A00009E077FF508AF149E00230428CDE91333C9
:105A10009DF8493007D1990705D49DF9491000290F
:105A2000ACBF06260D2602F00702012AC3F3C3030A
:105A300032D1DA1E042A04D8DFE802F020454520DE
:105A400020002268012B4FEAE271CDE910211BD121
:105A50009DF94020D117CDE9102104349DF848204C
:105A6000069292074FD03A465046059B03990FF095
:105A700002FE0028C0F27E830544DCE554F8042BC6
:105A8000D117CDE91021E9E7022BE6D111B242F39B
:105A9000C032CDE91012E0E7022A24D1DA1E042A2E
:105AA00004D8DFE802F0181010181800012B4FF08E
:105AB000000154F8042B14D0022BCDE91021CDD1D4
:105AC00092B21092CAE7073424F00704F4E8020106
:105AD000CDE91001C2E754F8042B10920022119274
:105AE000BCE7D2B2CDE7042A08D1073424F007047A
:105AF000D4E900010834CDE91001AFE7032AADD1A4
:105B000054F8042BDDE79DF84B80B8F1780F3FF691
:105B100092ADB8F1570F5CD8B8F1250F00F0A48012
:105B2000B8F1240F7FF687ADB8F1410F04D0A8F18A
:105B30004503022B3FF67FADDDE91023002BC0F2B9
:105B40004D810699080700F14C81C1F300194FEA15
:105B50004919C3F30A51C3F31303002940F04481E8
:105B600052EA030014BF4FF0010C4FF0000CD802B2
:105B700040EA5250D702CDE90C70B8F1460F47EA1F
:105B8000010740EAE17008BF4FF06608384300F0B3
:105B9000B781BCF1000F10D01B0343EA1253170367
:105BA0003A4618464FF0000C002880F25681BCF1AE
:105BB000000F40F05981CDE90C730D9BA1F2FE3B23
:105BC00043F000430D930021DDE90C230F4605202F
:105BD00060E1A8F15802202A3FF62DAD01A151F84D
:105BE00022F000BFAF5D01003756010037560100BB
:105BF000375601003756010037560100375601006D
:105C00003756010037560100395B01003756010055
:105C10005B5D01006F5D0100395B0100395B0100D4
:105C2000395B0100375601006F5D010037560100F6
:105C3000375601003756010037560100B55D0100A7
:105C4000AF5D0100FF5C01003756010037560100CF
:105C5000795C010037560100AF5D01003756010045
:105C600037560100AF5D010040460399D047002838
:105C7000C0F280820135DEE4002E109F3BDB31460E
:105C8000384611F085FC002F3FF4D5AC4FF00009E9
:105C90003E18F31B9DF84A2012F01001069100F007
:105CA0005E82023312F04002DDF84C80089218BF89
:105CB000149A434418BF9B18049ACDF81C80002AFC
:105CC00040F36882D31A9DF8482004935007C2F32A
:105CD000800B00F15F82510640F14F82B9F1000F55
:105CE00007D048460399D0470028C0F24382D946DE
:105CF0000135302242E23846FDF770FBC6E71098C6
:105D0000002800F027820DF175030093002117ABE6
:105D100012AA01F057FC4FF000090746BDF84A30BF
:105D200003F0EF0343F4F04343F01003ADF84A30BF
:105D3000002E0CDB9DF848200DF17503DB1B6FF383
:105D400086129E428DF8482001D9F31A1393002F32
:105D50003FF471AC0DF175066DE0109B4FF000093A
:105D60008DF85C300DF15D06012317AF92E7069BBD
:105D70001F0754BFC3F300194FF02B09DDE91023AF
:105D800058BF4FEA4919002B06DA4FF02D0952424D
:105D900063EB4303CDE91023DDE910010DF1750339
:105DA000009312AA17AB01F00DFC0746C0E74FF0B5
:105DB0000009F1E7109A072B3FF63DACDFE803F04E
:105DC0000C04060C08080C0C157034E4158032E441
:105DD000EB17C2E900532EE415602CE44FF02D09B7
:105DE000B7E64FF02B09B4E640F2FF70814231D1A3
:105DF000A34908F101085FFA88F811F80810134365
:105E000001F003011ED101290BBF492369234E2153
:105E10006E210CBF462266228DF85C309DF848301A
:105E20008DF85D106FF386138DF85E208DF8483085
:105E30000DF15F0617AFF31BB9F1000F3FF42AAF66
:105E4000013327E7012915BF6E234E23612141212C
:105E50001A46E1E74FF0000C89E692184FF0010C6A
:105E600001F1FF3140419FE6CDE90C20A5E6520843
:105E700042EAC3725B08B3F1333F59460BF1010BA1
:105E8000F5D201F1020B012100FB03FCA2FB002370
:105E9000013F63441BF1020FE9DB09B1CDE90C239B
:105EA000DDE90C32BBF1000F2DDCCBF10401A1F1D7
:105EB00020000BF11C0B02FA0BFB22FA00F0CA4087
:105EC000CB40079208F0DF0243EA0B03472A43EA7C
:105ED00000037BD1F91C01DBBE422ADAA8F10208DB
:105EE000002E5FFA88F87ADD9DF84820013E920680
:105EF00075D4B6F1000B18BF4FF0010B721C26E0F1
:105F00004FF0000B5FE6023342F100020CA80BF1E8
:105F1000FF3B0137CDE90C320FF07EFBDDE90C329F
:105F2000DB185241002A0BF1FF3BF9DACDE90C32C4
:105F3000B6E79DF84820F61B90064DD4B6F1000B4D
:105F400018BF4FF0010BF2194FF066084AD4102A1F
:105F5000A8BF10229FED487B10208DED0E7B0B908B
:105F6000DDE90E01002A3FD1079A1B1842EB01011F
:105F7000B1F1805F47D2CDE90C31069BB8F1660FD5
:105F800003F0200240F0C680002F47DC30238DF85C
:105F90005C30002A76D1002E40F3BD812E238DF88F
:105FA0005D3087B17B42B342A8BF3346002B1393C9
:105FB000A6EB0306D4BF002301239DF84A2063F318
:105FC00045128DF84A200DF15E0340E0B8F1660FEE
:105FD0004FF0000BB7D091E74FF0000BB3E74FF055
:105FE000000B8BE70022B5E7400840EAC170490882
:105FF000CDE90E010EA8CDE908230FF00DFB089A9C
:10600000099B013AACE75B0843EAC1730CA8490855
:10601000CDE90C3101370FF0FFFAAEE717AB0B9962
:1060200000290BDD0BA90CA8CDE906320FF00CFB03
:10603000069B013F079A03F8010BF0D11397AAB909
:10604000002E40F366812E2103F8011B0027002E4D
:1060500021DD0B9A002A1EDD0BA90CA806930FF078
:10606000F3FA069B013E03F8010BF0E72E2203F83A
:10607000012BEBE7AFF300800000000000000008F8
:1060800085BC02002E238DF85D30002F9BD0002EA2
:1060900088DC0DF15E03BBF1000F4FD114961E4654
:1060A00008F0DF03452B24D1002FBABF7F422D23F8
:1060B0002B23632FC8BF64227370C4BFB7FBF2F3F6
:1060C00002FB13774FF00A02C8BF03F13001B7FBA0
:1060D000F2F3C8BFB17003F1300102FB137386F80D
:1060E000008003F13003D4BF023603363170737081
:1060F0000236139B002B2BDC149B002BD4BF0023F8
:1061000001239DF84A2063F3861200238DF84A206C
:1061100033708FE60BA90CA806920FF095FA069A39
:1061200030288DF85C0018BF07F1FF3712B9002E38
:1061300040F3F1802E238DF85D3044E71E4616F8BB
:10614000012C013B302AF9D02E2A08BF1E46A7E7B2
:106150000123D6E7714E81460523771F9AE5110783
:1061600048BF01339EE5104609920399D0470028A5
:10617000099A05DA1FB0BDE8F08F2022DDF810B0D3
:10618000594600290BF1FF3BEDDC049BCDF810B024
:106190002B445D1AB9F1000F05D048460399D0474A
:1061A0000028E7DB0135089B002B77D09DF94930AB
:1061B000002B28DB3B46DFF8689118789B4619F8DE
:1061C0000020013352073FD49DF84A30EF1B980658
:1061D0005F4407D44246002A08F1FF383BDC079BA6
:1061E0003B449F1A9BF800002E280AD10399D04700
:1061F0000028BFDBB8F1000F07F1010731DC0BF11C
:10620000010B5D4638E0B94699F80000C846702891
:1062100009F1010913D1EF1B149D47443D44EB1BC9
:10622000002B33DC33464246504603990FF023FAE5
:1062300000289FDB3844049E0546064464E0039929
:10624000D0470028E0DA95E706930399D047002865
:10625000069BB2DA8EE730200399D0470028B9DADE
:1062600088E730200399D04708F1FF38C0E7039949
:10627000D0470028FFF67EAF2878A84619F80030EE
:1062800001355907F3D4A7EB0B07C5E73020039975
:10629000D0470028FFF66EAF0137C0E79DF84A30BF
:1062A000DA0601D41B0706D530200399D047002811
:1062B000FFF660AF0135069B3BB103999DF84B009B
:1062C000D0470028FFF656AF0135A84406E030203D
:1062D0000399D0470028FFF64DAF0135A8EB050321
:1062E000002BF4DC33463A46504603990FF0C3F9CD
:1062F0000028FFF63FAF28449DE720200399D047B0
:106300000028FFF637AF0135731B002BF5DCFFF7D4
:1063100092B91746BFE60DF15D03BCE61B9502007E
:1063200086BC02000000000008B5094BD3E8AF3F6F
:1063300043B1FAF7E3FD04A1D1E90001BDE808404B
:1063400005F0C2BF08BD00BF389C1C000000000063
:10635000B41D00200000000037B50024164D6FF07A
:1063600009034FF480622846144900940AF07CFB2C
:106370001349284610F032FC124913480AF0DEFA9D
:10638000224604211C2001F01DFF01220F4BD3E8FF
:10639000EF1FC3E8E02F0028F9D105A1D1E90001E2
:1063A00005F092FF204603B030BD00BFAFF3008080
:1063B000389C1C000000000068170020E826002020
:1063C0000AA502008DC20100E81D0020B41D0020B6
:1063D0002DE9F04F476A97B08346209E08910C92B2
:1063E000129355EC104B8DED000B7FB910200DF082
:1063F00049FC0246CBF8240020B9A74BEA21A74864
:106400000DF010FCC0E901770760C760DBF82430AD
:10641000196859B15A680123584693404A608B6005
:106420000EF0F8FBDBF8243000221A602B1EB7BFF9
:1064300023F00043002301220193A8BF3360019F92
:10644000974BB8BF3260BB4319D142F20F73129A17
:106450001360C7F31303234300F0DB85219B53B97B
:10646000904B21E0904B03930833219A13600398DB
:1064700017B0BDE8F08F8B4B03930333F5E79DED29
:10648000007B0022002351EC170B8DED0A7BFCF7FB
:106490001BFF804650B10123129A1360219B13B158
:1064A000824B219A1360824B0393E0E7C7F30A56AD
:1064B00014AA15A958469DED0A0B0EF033FE029062
:1064C000002E76D00B9BA6F2FF36CDF84C80C3F39E
:1064D000130343F07F53DDE90A0143F440131946E7
:1064E0000022744BFCF7D0FA65A3D3E90023FCF734
:1064F00083FC65A3D3E90023FCF7C8FA04460D46E4
:106500003046FCF70FFC62A3D3E90023FCF774FCD0
:1065100002460B4620462946FCF7B8FA04460D46CB
:10652000FCF71AFF00220746002320462946FCF705
:10653000D5FE40B13846FCF7F5FB22462B46FCF76A
:10654000C3FE00B9013F162F52D85B4B03EBC703C4
:10655000DDE90A01D3E90023FCF7C0FE002849D099
:10656000013F00231193149B9B1B5A1E4CBFC3F188
:1065700001030023079245BF069300230693079368
:10658000002F39DB079B10973B44079300230993A7
:10659000089B092B66D8052BC5BF043B00240124AA
:1065A0000893089B023B032B67D8DFE803F02D3AE2
:1065B0003859DDE914631E4406F23243202BC9BF6B
:1065C000C3F14003C3F120039F4006F21243D8BF3A
:1065D00004FA03F006F1FF36C4BF24FA03F347EAD6
:1065E0000300FCF78FFB0122A1F1F873139276E709
:1065F0000123B7E71190B6E7069BDB1B06937B42AE
:10660000099300231093C3E700230D930C9B002BE9
:1066100056DC012399461A4604930C920CE00123A0
:10662000F3E700230D930C9BFB1803F1010904937E
:106630004B46012BB8BF0123DBF8240000210422C4
:1066400002F114059D423FD9416058460EF0A2FA6E
:10665000039000283BD1194B02464FF4D571CEE68A
:106660000123DFE7012400230D9408934FF0FF334B
:106670000022994604931223CFE701230D93F5E7F7
:1066800061436F63A787D23FB3C8608B288AC63F38
:10669000FB799F501344D33FD6BD0200EDBD0200ED
:1066A0000000F07FD2BD0200C9BD0200E7900200E9
:1066B000E69002000000F83F3089020061BE02004F
:1066C0000C9B99460493B7E701315200B8E7DBF819
:1066D0002430B9F10E0F039A1A606FD8002C6DD0D8
:1066E000002F36DD07F00F02A04BF8054FEA271404
:1066F00003EBC20393ED007B8DED0E7B17D59C4B16
:1067000004F00F044FF00308D3E90823DDE90A0180
:10671000FCF79CFCCDE90001954D5CB9DDE90E2349
:10672000DDE90001FCF792FCCDE900012BE04FF020
:106730000208F1E7E10709D508F10108DDE90E01DA
:10674000D5E90023FCF758FBCDE90E0164100835AC
:10675000E3E700F007817C42844B854D4FF002084F
:1067600004F00F02241103EBC203DDE90A01D3E9AF
:106770000023FCF741FB0023CDE90001002C40F091
:10678000E580002BD0D1119BDDE90045002B00F006
:106790004C810022774B20462946FCF79FFD0028BC
:1067A00000F04381B9F1000F00F03F81049B002B02
:1067B00000F3E480DDE90A34CDE90034159B002BB9
:1067C00002DB0E2F40F342820D9A002A40F06782CE
:1067D000099C0025DDF81880B8F1000F0DD0079B4B
:1067E000002B0ADD4345069AA8BF4346D21AA8EB00
:1067F00003080692079AD31A0793099B0BB30D9BC4
:10680000002B00F0A682002C00F0A182294622462F
:1068100058460EF029FB029A0146054658460EF0EE
:1068200079FA0299064658460EF0F4F9099B1B1BAB
:10683000099300F09182099A314658460EF014FBF4
:106840000290012158460EF04FFA109B0446002B8F
:1068500000F084821A46014658460EF005FB089B5C
:106860000446012B03DC009B002B00F07C820026F9
:10687000236904EB8303186911F020F8C0F12000AC
:106880001096079B184410F01F0000F09182C0F191
:106890002003042B40F38182C0F11C00069B0344BB
:1068A00080440693079B03440793069B002B05DD5A
:1068B0001A46029958460EF031FB0290079B002BB6
:1068C00005DD21461A4658460EF028FB0446119B6A
:1068D000002B00F076822146029811F03EF8002845
:1068E00080F26F8200230A22029958460EF0B4F912
:1068F0000D9B7E1E0290002B00F05C820023294637
:106900000A2258460EF0A8F9049B0546002B03DC2A
:10691000089B022B00F35E82B8F1000F05DD2946CB
:10692000424658460EF0FAFA0546109B002B00F03E
:10693000D082696858460EF02DF90746002840F0CD
:106940007F820D4B024640F2EA2158E5E20706D568
:1069500008F10108D5E90023FCF74EFA0123641081
:1069600008350BE74FF002080DE700BF3089020041
:10697000088902000000F03F61BE020020460022AC
:10698000AC4B2946FCF738FA7E1E08F10108049C3E
:10699000CDE900014046FCF7C5F9DDE90023FCF72D
:1069A0002BFAA54B0022FCF771F8A1F15073CDE949
:1069B0000E010F93002C3BD10022A04BDDE900011A
:1069C000FCF762F802460B46CDE90023DDE90E2311
:1069D000FCF7A2FC002840F05781DDE90E2101F10F
:1069E0000043DDE90001FCF779FC00283FF4E2AE4A
:1069F000002425460C9BDDF80CA0DE434FF0000878
:106A0000214658460EF006F9002D00F0A980B8F195
:106A1000000F05D0A84503D0414658460EF0FAF8BD
:106A2000294658460EF0F6F89AE03E464C46B1E745
:106A3000834B03EBC40353E90201039B1C440D9BEE
:106A4000002B4AD002460B4600207E49FCF7FEFA96
:106A5000DDE90E23FCF718F8DDF80CA0CDE90E01F6
:106A6000DDE90001FCF778FC0546FCF75BF902461E
:106A700030350B46DDE90001FCF706F80AF8015B4A
:106A800002460B46CDE90001DDE90E01FCF744FCAE
:106A9000002865D100206C49DDE90023FBF7F4FFF5
:106AA00002460B46DDE90E01FCF736FC002840F0FB
:106AB0000D81A24500F0EA8000225E4BDDE90E0167
:106AC000FCF79AF900225B4BCDE90E01DDE90001EC
:106AD000FCF792F9CDE90001C2E7DDE90E23FCF7EE
:106AE0008BF9A046DDF80CA0CDE90E01DDE900012F
:106AF000FCF732FC0546FCF715F9024630350B462B
:106B0000DDE90001FBF7C0FF0AF8015B02460B4616
:106B1000A245CDE900234FF0000223D1494BDDE926
:106B20000E01FBF7B3FF02460B46DDE90001FCF75F
:106B3000F3FB002840F0CA8000204249DDE90E2323
:106B4000FBF7A2FF02460B46DDE90001FCF7C6FB9E
:106B500070B1C24608F1FF381AF8013C302BF8D06A
:106B6000374655E0334BFCF747F9CDE90001BDE767
:106B7000DDE90A34CDE90034159B002BFFF628AE81
:106B80000E2F3FF725AE2E4B03EBC70393ED007B93
:106B90000C9B002B8DED047B02DAB9F1000F64D061
:106BA000DDF80CA0DDE90045DDE904232046294697
:106BB000FCF74CFAFCF7D0FB0646FCF7B3F8DDE92E
:106BC0000423FCF719F90246204606F130040B466F
:106BD0002946FBF759FF0AF8014B039C02460B4676
:106BE000AAEB0404A14540F08280FBF74FFF044666
:106BF0000D46DDE90423FCF78FFB002865D1204614
:106C00002946DDE90423FCF75FFB08B1F3075CD4F8
:106C1000029958460DF0FEFF002301378AF8003034
:106C2000129B1F60219B002B3FF421ACC3F800A0F6
:106C30001DE400BF0000244000001C400000144080
:106C4000308902000000E03F0000F03FA24B03EB60
:106C5000C70393ED007B0C9B002B8DED047B9FDA2B
:106C6000B9F1000F9CDC7FF4C3AE00229B4BDDE941
:106C70000401FCF7C1F8DDE90023FCF743FB0446FF
:106C800000287FF4B5AE3E462546B4E0DDE90A347F
:106C9000CDE90034159B002B01DB0E2FD6DD089AC1
:106CA000012A36DC139A82B303F23343099CDDF8E0
:106CB0001880069A012158461A440692079A1A44E7
:106CC00007920EF011F8054686E53E4653469A4671
:106CD00013F8012D392A06D1039A9A42F7D13022AE
:106CE000039901360A701A7801321A7038E70022C7
:106CF0007B4BFCF781F80022002304460D46FCF78D
:106D0000E3FA00283FF450AF82E7149BC3F1360347
:106D1000CCE709F1FF34099BA34208DBB9F1000F6E
:106D2000A3EB04040EDBDDF818804B46C1E7099B9A
:106D3000109AE31A0994DDF8188000241A444B468F
:106D40001092B6E7069BA3EB09080023B1E7029E69
:106D500071E5099A029970E5029672E5089B012B8C
:106D600017DC009BABB9019BC3F313039BB9019BD9
:106D700023F00046360D360536B1069B0126013359
:106D80000693079B01330793109B002B7FF470AD94
:106D90001096012075E50026F6E73FF486AD1C331A
:106DA000069A1A4498440692079A1A4407927CE578
:106DB0000346F4E7049B002B2BDC089B022B09DC29
:106DC00027E0B9F1000F1DDC089B022B1ADD3E46BF
:106DD000CDF81090049B002B7FF40CAE21460522C9
:106DE00058460DF039FF01460446029810F0B5FDF3
:106DF00000287FF7FFADDDF80CA0312301360AF83B
:106E0000013BFBE50D9B3E46CDF81090002B7FF437
:106E100083AD039F2146029810F0C6FB039B00F14F
:106E20003009049A07F8019BFB1A9A4240F3CB8081
:106E300000230A22029958460DF00EFF0290E9E75E
:106E40002A6905F10C010C300232920010F00CFAA4
:106E50000122394658460EF061F8039BA8460546C4
:106E600003F1010ADDE9032313440793009B03F0B8
:106E7000010309930AF1FF3321460298049310F0AD
:106E800093FB4146069000F13009029810F065FD31
:106E90002A462146074658460EF0ACF8C26801461D
:106EA00002B358460DF0B6FE002F3ADA01220299DD
:106EB00058460EF033F82146029010F04EFD00289F
:106EC00003DC29D119F0010F26D0B9F1390F1DD1FA
:106ED00032E02846C1E700BF3089020000001440BC
:106EE000000024400A90029810F037FD0A990C9097
:106EF00058460DF08FFE0C9A5ABB089B53B9099B5C
:106F000043B9B9F1390F17D0002F05DD069B03F106
:106F1000310901E0002F2ADADDF810A00AF8019B00
:106F20006EE5089B3B4304D1009B03F00103002B5B
:106F3000BCD0B9F1390F36D1049F392307F8013B92
:106F4000BA46013F1AF8013C392B5AD001333B7045
:106F500056E5002F06DB089B3B4306D1009B03F060
:106F6000010313B9002AA1DCD6E7002AE1DC079B64
:106F700057460AF8019C53452ED000230A22029955
:106F800058460DF069FEA84502904FF000034FF0FF
:106F90000A02414658460BD10DF05EFE804605467A
:106FA0000AF1010A66E7DDF810A009F10109B5E769
:106FB0000DF052FE2946804600230A2258460DF065
:106FC0004BFE0546ECE7049B4FF00008002BCCBFBE
:106FD0001F460127039B1F440122029958460DF0CA
:106FE0009DFF2146029010F0B8FC0028A8DC02D1D9
:106FF00019F0010FA4D1BA4617F8013D302BFAD091
:10700000FEE4039BBB429BD13123039A01361370EC
:10701000F6E4219B002B7FF425AA014BFFF744BA2D
:10702000C9BD02002DE9F04112F0FC6F1346D0E912
:10703000014706690ED0424940F2DF33414A4248D7
:107040000EF039FB41480EF036FB40F2DF313D488F
:107050000EF028FB02F03002302A0CD13C4940F2FD
:10706000E233384A38480EF026FB3A480EF023FB4C
:1070700040F2E231EBE7384A384D1A40AA420CD1CF
:10708000374940F2E6332F4A2F480EF014FB3548BB
:107090000EF011FB40F2E631D9E703F00602042AB4
:1070A00009D1314940F2E933264A27480EF003FB63
:1070B00040F2E931CBE713F4402216D09D030CD403
:1070C0002A494FF47B731F4A1F480EF0F4FA2848F0
:1070D0000EF0F1FA4FF47B71B9E7B2F5402F18D0FA
:1070E000244A9A4301D183F44023012524688D402A
:1070F000254223F4801219D11F494FF47F73114A9E
:1071000011480EF0D8FA1D480EF0D5FA4FF47F71F1
:107110009DE71B494FF47C730A4A0B480EF0CBFAEB
:1071200018480EF0C8FA4FF47C7190E73468DB071A
:107130004CBF2C43AC4334603B68BDE8F04118477A
:10714000C58E0200948E0200228F02003F8F020043
:10715000638F02009C8F0200020003000200010006
:10716000D98F0200209002006F900200A2900200CE
:10717000E89002000100100090910200CE91020000
:10718000239102006491020070B50124184B1C7019
:107190000FF093FD4FF47A75A0FB0506002347F628
:1071A000122205FB0161FCF7FFF812490246124862
:1071B0000EF01BFA114B18681B7904FA03F14368AF
:1071C0001B6819420ED10E4940F2B6630D4A0E48B3
:1071D0000EF071FA0D480EF06EFA40F2B6610948F1
:1071E0000EF060FA8368BDE870405B69184700BF25
:1071F0003C260020E0910200E6910200A803002056
:1072000090910200948E0200228F0200CE91020023
:1072100070B54B4D28460FF039FC044628B9296853
:1072200048480EF0E2F9204670BD0D212846464A36
:10723000FFF7F8FE044630B10D2301462A684348A3
:107240000EF0D3F9EFE7D5E90126B4692B692CB329
:10725000126892040ED43E4940F293333D4A3E48B0
:107260000EF029FA3D480EF026FA40F293313948E3
:107270000EF018FA1B684FF0A07213F4005F14BFF1
:107280004FF000734FF080630D212846A04704465D
:1072900038B10D2321462A683148D1E76FF05704F1
:1072A000F7E73049304B4B604FF400538B60F36984
:1072B00013B10122284698472C4C2D480D222968ED
:1072C0000EF093F9206850B10FF0E0FB054630B99D
:1072D000236801461A6827480EF087F92560206860
:1072E00078B1E288217942F40032FFF79BFE2379DE
:1072F0000146E8B12268204812680EF076F90023B2
:1073000023601E480EF071F91D4C1E4D2378002B92
:10731000FCD029461C480EF068F901200EF096FBBF
:10732000014610B119480EF060F900232370EDE713
:1073300021681A46096816480EF057F9E1E700BFC0
:10734000D87A020007920200110001002D9202007B
:1073500090910200948E0200228F0200CE910200D2
:1073600056920200801C002089710100A8030020B1
:107370008C920200A8920200DB9202002893020085
:107380003C260020E09102003A9302008F93020015
:107390000F930200F8B50F4600293BD00668012282
:1073A00030460DF084FF0146044630460DF047FF9D
:1073B000C3070DD4AF23184A184919480EF07BF9BA
:1073C000394618480EF077F9AF2113480EF06AF9E4
:1073D000214630460DF049FF251829460022304647
:1073E0000DF02DFF2D1AAC420BD0B7230A4A0E49DF
:1073F0000B480EF060F939460C480EF05CF9B721E5
:10740000E3E7214630460DF036FF2146BDE8F8405F
:107410000EF072B8F8BD00BFBA930200DD9302000F
:10742000228F0200EE930200269402004C94020088
:10743000B2F5802F2DE9F04110D2042A28D8434913
:107440004FF40773424A43480EF035F942480EF0B4
:1074500032F94FF407713E480EF024F90823D21A8E
:10746000CC1D114424F0070421F00701091B172942
:107470004FEAD1060ED8394940F22523344A35481F
:107480000EF019F934480EF016F940F22521E2E722
:107490000423E4E70027046031463046A660E76035
:1074A0000DF018FF0121421D804630460DF009FF06
:1074B0009200D51DED082844B0423AD8B8F1FF3FFC
:1074C0003946A2F1100204F11000B8BF3A460FF09D
:1074D000D8FE2A46394620460DF0E5FE3B463A46A0
:1074E000394620460DF0B6FEA6EB05082046394683
:1074F00001220DF0C0FE424629460DF0D4FE2B4677
:107500003A46294620460DF0A5FE314620460DF0AC
:10751000CAFE43463A46314620460DF09BFE3146B0
:10752000204601220DF0A7FE2946BDE8F0410DF0EE
:10753000A1BF0B4940F23A23054A06480EF0BBF8BA
:1075400005480EF0B8F840F23A2184E7889402002A
:10755000BA930200228F0200A9940200C294020092
:10756000EB940200014B1B68184700BFB0030020DA
:10757000014B1860704700BFB003002007B50B46F1
:107580000021024600910348FEF73EF803B05DF883
:1075900004FB00BF65750100F0B5024601680A27CB
:1075A0000020074E0B461C780131355D6D0701D474
:1075B0001360F0BD07FB0043A3F13000F2E700BF0A
:1075C00086BC02002DE9F84F15469A46D378234A27
:1075D0006F2B12F803B081460F460BF0030B2BD034
:1075E00026D8582B0CBF10260A26DDF828803246F4
:1075F000002348463946FBF7D7FE092A08F1FF3831
:10760000D4B21ED83034B145E4B277F1000788F81F
:10761000004001D3D04511D82B789B0605D5082E04
:1076200015D1AB7843F00803AB704046BDE8F88F46
:1076300003F0F703702BD5E70826D6E781460F46FF
:10764000D5E7BBF1010F0CBF37345734DBE7102E01
:10765000EBD1AB7843F01003E6E700BF86BC020035
:107660002DE9F84F0446A38B08461907154612D496
:10767000022803F0070165D120460EF029F888B1F1
:107680000138042800F23781DFE810F05C00350192
:107690008200D400040101280CBF43F0100143F024
:1076A0002001A183143420460AF078FD002840F020
:1076B0009D819A4940F23113994A9A480DF0FBFF97
:1076C0002146B1E003F00702501F01281ED8002018
:1076D000062A2768C4E9000014D13A4603E0E08B8B
:1076E0000130E0831268002AF9D123F0070343F048
:1076F00002022046A2830DF0EBFF90B342F020027D
:10770000A2832EE023F007039AB2F2E7042A33D1D2
:1077100023F007039AB22046A2830DF0D9FF10B1DF
:1077200042F02002A283A38B03F00709894540F0B1
:10773000EC80A18BCA0640F1508121F01003A38395
:1077400001F00701D4F81880A38BB8F1000FB9DA63
:107750000022276823F00703C4E9002243F0010355
:10776000A383A38B03F00709894540F0CF80002F46
:10777000DFD00026B24644E06B4940F21B136B4A4F
:1077800068480DF098FF40F21B1168480DF08AFF21
:1077900049B167494FF4AB73644A62480DF08BFFFF
:1077A0004FF4AB71F1E723684BB9624940F25713CC
:1077B0005E4A5C480DF07FFF40F25711E5E7236910
:1077C0001E684EB95C494FF4AD73584A55480DF0E8
:1077D00072FF4FF4AD71D8E70F4688464FF00609A7
:1077E000A38B23F0070343F006039BB2A383A26895
:1077F000002A40F08D80002F40F08D80002E98D020
:10780000BA4643F0080304F1140B5846A3830AF068
:10781000C5FC002840F09A80404940F23113404AAC
:1078200040480DF048FF594644480DF044FF40F2EF
:107830003111ADE0022909D0414940F25D133B4AC4
:1078400038480DF038FF40F25D119EE7E78B4FB1ED
:107850003C494FF4AF73354A32480DF02CFF4FF4DA
:10786000AF7192E723695E684EB9334940F2611304
:107870002E4A2C480DF01FFF40F2611185E7A38BC3
:10788000B84623F0070343F004039BB24FF004090A
:10789000A383ACE7012909D02B494FF4B273234AE3
:1078A00020480DF008FF4FF4B2716EE723684BB922
:1078B000204940F265131D4A1A480DF0FCFE40F2C3
:1078C000651162E723699E684EB91B494FF4B47392
:1078D000164A14480DF0EFFE4FF4B47155E7002737
:1078E000A38BB84623F0070343F005039BB24FF088
:1078F0000509A3837BE70C4940F26B130B4A094847
:107900000DF0D9FE40F26B113FE7002700266EE72D
:107910004FF0010A75E7924673E700BFEF9502004A
:10792000C2950200228F0200E69002001C95020020
:10793000419502004D9502007095020006960200E6
:10794000879502009D950200AC95020085F3118891
:10795000BFF36F8FBAF1000F1CD177BB16B1204671
:107960002549B047EFF31185402383F31288BFF315
:107970006F8F58460AF004FC38BB88231F4A204901
:1079800020480DF098FE59461F480DF094FE8821BE
:107990001A48FBE6A1680029DFD00D680029DCD079
:1079A00043464A462046D1F804A0D0471DB12B6873
:1079B00029461D46F2E72B46FAE7394643464A4632
:1079C00020463F680DF0B0FEC7E758460AF0FCFBC2
:1079D000A38B23F00803A383ABE68B067FF562AE8F
:1079E00021F02003A38301F0070145E685F3118808
:1079F000BFF36F8FBDE8F88F0D7A0100C2950200CA
:107A00001B960200228F020030960200F8B5044651
:107A10000D4600F11406EFF31187402383F312881B
:107A2000BFF36F8F30460AF0ABFB68B988230C4A6E
:107A30000C490D480DF03FFE31460C480DF03BFE61
:107A4000882107480DF02EFE30460AF0BDFBA561E7
:107A50003A462046BDE8F8400121FFF701BE00BFCD
:107A6000C29502001B960200228F0200309602008F
:107A70002DE9F04704460F460DF046FE051E68DB73
:107A800004F11409EFF3118A402383F31288BFF342
:107A90006F8F48460AF074FB804660B98823384AE5
:107AA000384939480DF007FE494638480DF003FEC5
:107AB0008821334842E048460AF086FB4FF6FF72C1
:107AC000E38BA68B934206F0070645D0022E15D114
:107AD00035460133E38348460AF060FB002841D174
:107AE00040F23113264A2A4927480DF0E4FD494661
:107AF00028480DF0E0FD40F23111DAE7062E13D8E8
:107B0000DFE806F0092D1212090409006FF085055F
:107B10004FF00008DFE700233B60636883B9C4E9E6
:107B2000007786B13546F3E71B4917484FF4E473F5
:107B30001A4A0DF0C0FD4FF4E47118480DF0B2FD83
:107B40001F606760EDE7524602212046FFF788FD7F
:107B500035462846BDE8F0876FF00A05D8E76FF094
:107B60000405D5E78AF31188BFF36F8FB8F1000FD2
:107B7000EFD000233246394620460DF0D5FDE8E728
:107B8000C29502001B960200228F0200309602006E
:107B9000EF95020006960200AC9502001C950200CB
:107BA00008B54268034602F00302022A81600AD047
:107BB000032A4FF0000103D0012A0AD1596006E0E0
:107BC0001868596008BD186800225A6058B900202A
:107BD000F8E7064906484523064A0DF06CFD4521A5
:107BE00004480DF05FFD0AF0F5FEF0E7E6900200B4
:107BF000228F020046960200014B0360002070476E
:107C0000F889020070B5104B0D461C68B4B10F4BDB
:107C1000196800238B4202DB6FF0010070BD224621
:107C200012F8106B864202D014460133F2E7E06886
:107C30000EF02CFF28B100202C60EFE76FF00C0055
:107C4000ECE76FF01200E9E7B4030020F8890200C6
:107C500008B504480DF0C9FCBDE8084002480DF025
:107C6000C4BC00BF6C960200A196020030BFFFF7B3
:107C7000FDBF00BF054B9A699B689A421FBF044A2B
:107C8000536843F080535360704700BFD41F0020F7
:107C900000ED00E0154B9A6A12F0007F9A6A14BF5B
:107CA0001E201D2012F0807F9A6A18BF1F2012F438
:107CB000801F9A6A18BF022012F4002F9A6A18BF18
:107CC000212012F4802F9A6A18BF222012F4003F5C
:107CD0009A6A18BF232012F4803F9A6A18BF2420A2
:107CE0006FEA02426FEA12429A62704700ED00E0CA
:107CF00010B5194B0246986A9C6A10F4805F14BF55
:107D00001720162014F4006F9C6A18BF1820A405D1
:107D100009D5986B986A000404D51AB19A6A22F4BE
:107D200000429A6219200C4B9A6A12F4806F9A6A88
:107D300018BF1A20D2050CD49B6A13F4005F18BF39
:107D40001C20054A936A43F47F43936200230B701F
:107D500010BD1B20F5E700BF00ED00E010B5264B7D
:107D60000246986A9C6A10F0100F14BF1120102070
:107D700014F0080F9C6A18BF1220A40709D5586B8D
:107D8000986A000604D51AB19A6A22F080029A62B3
:107D90001320194B9A6A12F0010F9A6A18BF142027
:107DA00012F0200F9A6A18BF1520D20602D49B6ADF
:107DB0009B0712D5104B9B6ADC060ED50F494FF47A
:107DC00095730F4A0F480DF076FC0F480DF073FCC9
:107DD0004FF495710A480DF065FC074B9A6A9206BC
:107DE00042BF5A6A22F400525A629A6A42F0FF0273
:107DF0009A6200230B7010BD00ED00E001970200B5
:107E0000CF960200228F02004B97020070B5594BAB
:107E100005465B6800269CB0C3F3080386F311880F
:107E2000BFF36F8F02F07F40B0F17F4F08D102F0B7
:107E30000C00082804D012074CBF0D46012675B966
:107E40004D4940F211434D4A4D480DF034FC4D4828
:107E50000DF031FC40F2114148480DF023FC0022A6
:107E6000033B8DF80720032B7CD8DFE803F0027377
:107E70007756404AD46A14F0020473D1D36A002BB7
:107E80001ADBD36A5B0058D55369A96943F4807340
:107E90005361BFF34F8FBFF36F8F536931F8021CEB
:107EA00023F480735361BFF34F8FBFF36F8F4DF691
:107EB0000273994219D12C689DF807309BB968224A
:107EC000294602A80FF0D0F9099B002E4CD0C3F32D
:107ED000080222B96FEA53236FEA4323099320462D
:107EE00002A90DF0BAFC1CB070BD936ADBB233B1CD
:107EF00001200DF10701FFF731FF0446DCE7936A2B
:107F000013F47F4F05D001200DF10701FFF7F0FEBC
:107F1000F3E7936AB3F5803F02D3FFF7BBFEECE7CC
:107F2000194940F2EA23154A15480DF0C4FB1748D9
:107F30000DF0C1FB40F2EA218EE7134940F2ED2338
:107F40000E4A0F480DF0B7FB11480DF0B4FB40F29C
:107F5000ED2181E700200DF10701CCE700200DF1B4
:107F60000701D3E70024A7E723F4FF7323F00103FD
:107F7000B4E700BF00ED00E0AF970200CF9602002B
:107F8000228F0200C2970200E690020000980200D1
:107F900024980200064B5A6942F010025A615A694D
:107FA00042F480625A615A6922F008025A617047AD
:107FB00000ED00E0EFF30880EFF3098101B57246B0
:107FC000FFF724FF01BD00BF002080F31488BFF33A
:107FD0006F8F002080F30A8880F30B880F4880F3AE
:107FE000088804F0B5FC00200D490860BFF34F8FEE
:107FF00000F02CF8402080F311880A484FF400610B
:10800000401880F30988EFF314800221084380F3BD
:108010001488BFF36F8F00F019F90000287000205A
:1080200094ED00E0E82A0020002318460649D1F824
:108030009020C2F30722934200DB7047C1F89830CA
:10804000C1F8A0000133F6E700ED00E010B572B60C
:10805000002484F31388FFF7E7FF23464FF0FF3037
:108060000C4A03F120010133102B42F82100F8D112
:1080700000234FF0FF30074A03F160010133102B5A
:1080800042F82100F8D162B6BFF34F8FBFF36F8F74
:1080900010BD00BF00E100E0084B9B6883420BD19C
:1080A000EFF3058343B1064B5A6842F080525A60A1
:1080B0005A6A22F400425A6209F098BDD41F002087
:1080C00000ED00E023498A6882F8D1E04FF03000EB
:1080D0001044EFF3098C80E8F01F1EF0100F03D15D
:1080E00002F1900080EC108A402080F31288BFF3E8
:1080F0006F8F194F4FF000668A698A603E6092F96F
:10810000D1E0D2F888000023C2F8883080F31188CB
:108110001EF0100F03D00023E1EE103A03E002F14D
:10812000900090EC108AEFF3148323F0040383F3A0
:108130001488BFF36F8F02F1300090E8F01F8CF3CA
:10814000098802F1000004B50DF09CFBBDE8044075
:1081500070470000D41F002004ED00E01EF0040F63
:108160000CBFEFF30880EFF30980816911F8021C5E
:108170000229FFD001B572460DF075FB01BD00BFAD
:1081800000B2002807DB01234109034A00F01F0069
:10819000834042F82130704700E100E000B200283F
:1081A0000CDB01220649430900F01F008240203306
:1081B00041F82320BFF34F8FBFF36F8F704700BF8D
:1081C00000E100E038B5D30704460D4612D48B1CFD
:1081D000072B10D96B23114A114912480DF06BFA85
:1081E00029461148062322460DF065FA6B210B48FB
:1081F0000DF058FA002320B20028ACBF00F1604017
:108200000A4A4FEA4313DBB2ABBF00F5614000F00E
:108210000F0080F80033135438BD00BF549802009B
:108220008B980200228F0200A698020014ED00E055
:10823000044B054A23F07F039360BFF34F8FBFF3D6
:108240006F8F704700C8000000ED00E008B5FFF731
:10825000EFFF104BD3F8882022F47002C3F8882077
:10826000D3F8882042F4A002C3F888204FF040429F
:10827000C3F83422BFF34F8FBFF36F8F0023E1EEBB
:10828000103A07F097FB09F0A7FF00F077F807F026
:10829000D1FB00BF00ED00E042F8203C009B0D49FF
:1082A00042F81C3C019B21F0010142F8183C029B62
:1082B00042F8081C42F8143C4FF0807342F8043C2A
:1082C0000023C0F888304FF47D43203A0265C0F89F
:1082D000D030704705560200104B9B6883421AD17C
:1082E000EFF30580B8B9EFF31181402282F31288D1
:1082F000BFF36F8F1A7B22F002021A73EFF314831D
:1083000023F0040383F31488BFF36F8F81F3118884
:10831000BFF36F8F70476FF015007047D41F0020B8
:108320000E461546002300B5E1EE103AEFF3148334
:1083300023F0040383F31488BFF36F8FBFF36F8FB1
:10834000084B9860836F83F30B882C4686F309886B
:108350000020054B98472046002100220023034CB3
:10836000204700BFD41F00208D5802000556020090
:108370001022014B1A61704700ED00E000234020FD
:1083800040F20F1210B5044CE1180133934281F80A
:108390000003F9D110BD00BF00E100E008B5EFF324
:1083A0000583064A103B02EBC30152F833004968CB
:1083B0008847BDE80840FFF75DBC00BF587C02005D
:1083C0001FB5094C094A23460121094800F0FAF873
:1083D00000230393074B0121E41A01A8019302949F
:1083E00000F014F904B010BD0000042000000020CB
:1083F0006C8A02004008002010B50C7A0B6804F06B
:108400001F0223F01F031A43CB68640923F01F03E4
:10841000054943EA440343F00103C1F89800C1F859
:108420009C20C1F8A03010BD00ED00E010B5074B56
:10843000D3F89030C3F30723013B984202D8FFF7EB
:10844000DBFF10BD6FF01500FBE700BF00ED00E0A3
:108450002DE9F04F0F46144606464FF000084D4DEB
:1084600085B0B84580F29280D6F80490B9F1000F3B
:1084700036D0B9F11F0F40F2878019F01F0F40F07E
:108480008380D6F800A01AF01F0F7DD150460DF062
:1084900020FA834609EB0A0001380DF01AFA8345E9
:1084A00072D11BF1160F6FD05C456DDDC5F898B029
:1084B000D5F89C10C5F898B0D5F8A03021F01F0170
:1084C00043F01F0AD6E900321A44994202F1FF39FB
:1084D0001ED1CA4508D131465FFA8BF00DF002FA81
:1084E00008F101080C36BCE73146C5F898B0D5F85C
:1084F0009C3022F01F0203F01F031343C5F89C3089
:10850000E0B20DF0EFF910F1160F3DD0441CE7E793
:10851000C5F898B0D5F8A020013B23F01F0302F066
:108520001F021343CA453146E0B2C5F8A030E8D077
:108530000DF0D8F910F1160F26D0C5F898B0D5F87F
:108540009C209DF808300AF1FF3A62F304038DF88D
:108550000830D5F8A0309DF808205B0863F3471277
:108560008DF80820D6E900321344009323F01F034E
:108570005344A3EB0903013023F01F036946C0B243
:108580000393FFF753FFBEE76FF01504204605B0D5
:10859000BDE8F08F00ED00E00522044BC3F8942005
:1085A000BFF34F8FBFF36F8F704700BF00ED00E048
:1085B000BFF35F8F0022024BC3F89420704700BFC7
:1085C00000ED00E038B50C4D0C462A78FFF740FF6F
:1085D000287016300FD14FF4BB73084A0849094878
:1085E0000DF069F8214608480DF065F84FF4BB71AD
:1085F00002480DF057F838BD3D260020E6980200ED
:10860000E6900200228F0200159902002DE9F74F33
:10861000314E894605464FF00008B3462F4FC845F6
:1086200002DB03B0BDE8F08FD5F804A0BAF1000F6B
:108630004CD02968084601910DF04BF90199044688
:108640000AEB010001380DF044F984424FF01402A6
:10865000234B15D002FB08F36FF015024BF80320F3
:108660004FF4C3731F4A204920480DF024F84946AF
:108670001F480DF020F84FF4C3711A480DF012F89E
:1086800014F1160F3460EBD01978A142E8DD02FB3B
:1086900008B0C7F89840C7F89840D7F89C4000F158
:1086A0000801007B64F304000871D7F8A0000C797E
:1086B000400860F347140C71D7F89C1021F01F019B
:1086C0007160D7F8A01021F01F01316108F1010895
:1086D00014360C35A3E700BF8C1C002000ED00E031
:1086E0003D260020E6980200E6900200228F02005C
:1086F000419902002DE9F041574C584ED4F8903082
:108700003568C3F307239D4286B013D940F2AD13F9
:10871000534A544954480CF0CEFFD4F890202946CF
:108720005248C2F307220CF0C6FF40F2AD114C488C
:108730000CF0B8FF0020FFF73BFF4D4BC4F8C030F2
:1087400085421AD14B4C01A82570FFF755FA002538
:1087500006464FF04108484FAE4215D1002023781D
:108760003D49D1F89020C2F3072293426DDB0020EF
:10877000FFF712FF06B0BDE8F081716801EB001150
:10878000FFF73AFE0130DBE7019A290102EB0513FE
:10879000D3F80CC00CEA0700B0F5001F27D0B0F5E5
:1087A000800F40D0B0F5801F4DD1586852589B685B
:1087B000CDE902022122013B20F01F010B4423F0EE
:1087C0001F038DF810200593207802A9FFF72EFED5
:1087D000002835DA234940F2D713214A22480CF009
:1087E0006AFF26480CF067FF40F2D7119FE75868F0
:1087F0009B685258013B20F01F010B4423F01F03DC
:108800001CF0010FCDE902028DF810800593DBD03A
:108810001B497B23124A14480CF04DFF19480CF0F9
:108820004AFF7B2183E758689B685258013B20F040
:108830001F010B44CDE9020223F01F030222C0E70F
:10884000237801332370013586E7C1F89830C1F8E9
:10885000A000013385E700BF00ED00E0788A020048
:10886000E6980200E6900200228F02007099020052
:10887000AAFF44003D2600200000F0FFF999020005
:10888000A4990200CA99020008B50B4BC3F100532A
:1088900003F58023B3F5006F0CD208499223084AF0
:1088A00008480CF008FF08480CF005FF9221044826
:1088B0000CF0F8FE002008BD588E0020629A0200DD
:1088C000329A0200228F0200AB9A0200014B18601C
:1088D000704700BFBC030020F8B506460D460024D3
:1088E000064FAC4208DA3B6898470A28305504F135
:1088F000010401D00D28F4D12046F8BDB8030020B2
:10890000F8B50D46094F461EC0F10104A3199D425A
:1089100001DC2846F8BD73780A2B02D10D203B6894
:1089200098473B6816F8010F9847EFE7BC03002013
:1089300010B5074C2368C2180648C0F1005101F574
:1089400080218A4236BF22604FF0FF30C01810BD30
:10895000A01C0020588E002010B5044658B91149BB
:1089600040F29713104A11480CF0A5FE40F29711FF
:108970000D480CF097FE14200BF084F9206060B9CC
:108980000B4940F29F13084A08480CF094FE09482E
:108990000CF091FE40F29F11EAE7BDE810400EF0A6
:1089A000B9B800BF339B0200329A0200228F020046
:1089B000329B02006E9B020010B558B909490A4863
:1089C00040F2C713094A0CF076FE40F2C71107487F
:1089D0000CF068FE4FF0FF32BDE810404FF0FF335F
:1089E00007F032B9339B0200228F0200329A020054
:1089F00008B558B90749084840F2E313074A0CF094
:108A00005AFE40F2E31105480CF04CFEBDE8084068
:108A100007F0EAB9339B0200228F0200329A02006B
:108A200008B505480CF0E1FD002383F31188BFF37E
:108A30006F8F0423184602DF919B020070B54169D5
:108A40000446867A0A4D59B1437ADB0706D43423AB
:108A500003FB0653DB6A1B689B689847002363612E
:108A60003420214606FB0050BDE870400EF070B87F
:108A70006C0700203422024B02FB0030704700BF1D
:108A80006C0700203421827A064B01FB02331A6BFB
:108A900093F82430801A1B3323F00303B0FBF3F068
:108AA000704700BF6C07002038B53424827A064B2B
:108AB00004FB0233DB6AD3E901240C601568FFF77D
:108AC000E1FF04FB005038BD6C07002008B5437A75
:108AD0004BB10C495A230C4A0C480CF0ECFD5A21BE
:108AE00009480CF0DFFD43683BB109495B23064AA6
:108AF00006480CF0E0FD5B21F2E703824369C360A6
:108B000008BD00BFBF9B02009A9B0200228F02009B
:108B1000D09B02002DE9FF470546684617461C46D4
:108B200003910EF0CCF8DDE9008945B95E49EE23EA
:108B30005E4A5F480CF0BFFDEE215C4818E005F18D
:108B40001C06EFF3118A402383F31288BFF36F8F63
:108B5000304609F015FB68B98823564A56495448EF
:108B60000CF0A9FD314655480CF0A5FD882151486F
:108B70000CF098FD304609F027FB6B8C002B5CD085
:108B80002A8C9A4239D900220023284607F0E6FAB7
:108B90000446002831D0304609F000FB68B940F2A5
:108BA0003113444A464942480CF085FD3146454858
:108BB0000CF081FD40F23111D9E78AF31188BFF33F
:108BC0006F8F039D002D5ED042464B4668460EF0E7
:108BD0009AF83421A27A3C4B204601FB0233DB6A2F
:108BE00003A91B681E68DDE90023B0476061002807
:108BF00039D12046FFF722FF30E06C8C3046631EEF
:108C00006B8409F0CBFA0028C9D08AF31188BFF32E
:108C10006F8F95F824302A8C1B33121B2C6B23F09A
:108C2000030302FB0344284B284AEB1A9B105343CF
:108C3000A37295F82430E372C3E7304609F0AEFA28
:108C40000028ACD08AF31188BFF36F8F23463A46D1
:108C5000284607F083FA04460028B2D100242046B3
:108C600004B0BDE8F087039B9D420DD9184940F23E
:108C700045130E4A0E480CF01EFD16480CF01BFD65
:108C800040F2451159E76561012300212381039BCF
:108C9000E27A6160638204F118000EF0F2FA204675
:108CA000FFF714FFDBE700BFEA9B02009A9B02007C
:108CB000228F0200C29502001B960200309602002D
:108CC000EF950200069602006C070020C54EECC42A
:108CD000EF9B0200009C020070B5044698B1342658
:108CE000104D2046037A6468013BDBB203724BB936
:108CF000C3604360837A06FB03539B6A7BB198474A
:108D0000002CEED170BD0849084840F2AB13084A68
:108D10000CF0D1FC40F2AB1105480CF0C3FCFFF79E
:108D20008DFEEDE76C070020D79D0200228F020028
:108D30009A9B020008B558B90749084840F2D51374
:108D4000074A0CF0B8FC40F2D51105480CF0AAFC1B
:108D5000027A0132027208BDD79D0200228F020002
:108D60009A9B020008B548B90B492B230B4A0C48C3
:108D70000CF0A1FC2B2109480CF094FC83883BB13A
:108D800008492C23054A06480CF095FC2C21F2E7F3
:108D900083680B44036008BDD79D0200089C020055
:108DA000228F0200349C020008B5034600689A68CE
:108DB000821A91420BD90949094840F25513094AD0
:108DC0000CF079FC40F2551106480CF06BFC9A88C7
:108DD000401A11441860998008BD00BF539C0200DE
:108DE000228F0200089C020008B5828803468A424E
:108DF0000BD20949094840F2C313094A0CF05BFC45
:108E000040F2C31106480CF04DFC521A82800068F3
:108E10000844186008BD00BF439C0200228F020076
:108E2000089C0200F8B5858803680E4604465F1961
:108E30000CF0A5FDB04209D2064907483E23074A77
:108E40000CF039FC3E2105480CF02CFC3544A58083
:108E50003846F8BD779C0200228F0200089C020071
:108E600008B5234A234B1A6001F0CCF84FF47A611D
:108E70002148D0F82436C3F30802C3F309434B4317
:108E800082F480721D49883201FB02334FF4FA21CB
:108E90005B00B3FBF1F201FB12331949B3F57A3FE2
:108EA00028BF0132C1F80429D0F820364FF47A6087
:108EB000C3F30802C3F30943434342F21C5082F454
:108EC000807202F2172200FB02334FF47A701B0A01
:108ED000B3FBF0F200FB1233B3F5FA7F4FF001035E
:108EE00028BF0132C1F81C27C1F80036002008BD98
:108EF0000020A1075404002000C0FF00F82A0080D1
:108F00000000125048B1054B054A1B68B3FBF2F351
:108F10005843044B43F001031847704754040020A2
:108F200040420F00F088020008B504480DF0AEFD85
:108F300000280CBF6FF01200002008BD587B020013
:108F400008B50CF045FD08F08BFB044B1B680BB11A
:108F50000A209847BDE8084008F0F0BBA41C002098
:108F6000811EC9B21E2938B5044604D81A4820FA11
:108F700001F1C9070CD419497023194A19480CF09A
:108F80009AFB19480CF097FB702115480CF08AFBEE
:108F900016480CF0DDFC0546D0B1082C1AD00CD8D0
:108FA000022C10D0042C15D011490E485223114A1E
:108FB0000CF081FB52210F48E8E7102C01D0202C47
:108FC000F2D1052100E0042105F10C000CF0EBFCCE
:108FD000284638BD0221F7E741000040DD9C020031
:108FE000AE9C0200228F0200229D0200D4070020C6
:108FF000E6900200429D020010B5044608F030FBE6
:10900000024B1C60BDE8104008F098BBA41C002077
:109010000E38012810B50AD809480CF099FC04460E
:1090200018B104210C300CF0BEFC204610BD09B173
:109030000448F2E70220BDE81040FFF791BF00BFEF
:10904000080800206C0700202DE9F8430F4616465B
:10905000814600286FD00023DFF8F080D8E8EF4F7A
:10906000C8E8E23F002AF9D1002C64D02046FFF77F
:1090700009FD0C23314D03FB005043884B4513D0B1
:10908000D8E8EF3FC8E8E24F002AF9D1002B52D0D0
:109090002B492C4840F6C4132B4A0CF00CFB40F62D
:1090A000C41129480CF0FEFAA64208D02046FFF76A
:1090B0000DFD328AF16804F10C000CF068FC2046CA
:1090C000FFF7E0FC0C2606FB005043689BB197B904
:1090D0002046FFF7D7FC012106FB00504268D2E989
:1090E0000003127A03F01F06B1405B09EAB100EBFE
:1090F00083000CF085FC2046FFF7C4FC0C2606FB21
:109100000050836863B12046FFF7BCFC70432F54C6
:109110002046FFF7B7FC06FB0055A86807F0AAF841
:109120002046BDE8F843FFF7D7BDC94300EB8300F5
:109130000CF071FCDFE7BDE8F88300BFA81C00203D
:10914000D69D0200228F0200749D020000020020C2
:10915000054BD3E8AF2F02F00B02D3E8EF1FC3E8B3
:10916000E02F0028F9D17047C4010020F8B502466D
:109170000B4610480CF0ECFB0446C0B104210C3047
:10918000FFF7F0FD2046FFF77DFC0C2700260A4D77
:1091900007FB005046802046FFF774FC07FB005099
:1091A00086602046FFF76EFC07FB00556E60204688
:1091B000F8BD00BFA0070020A81C0020034B0146FB
:1091C000D3F8380182689268104700BFF000002091
:1091D000042101480CF014BCC4010020014807F030
:1091E0003DBC00BFC003002070B505460C4659B910
:1091F0004FF0FF304FF0FF31FFF7B8FF044618B9CA
:109200006FF06805284670BD2046FFF73BFC0C2236
:10921000154BA61802FB003330465D800CF0ABFB0B
:1092200003280BD903213046FFF7BEFD0580238AB2
:109230000121033B837030460CF08EFB40F6354332
:109240009D4208D12046FFF7B9FF054648B12046A8
:10925000FFF742FDD6E7214604480DF06EFCFFF70C
:10926000BDFF0025CEE700BFA81C00200C02002097
:1092700038B502460B46244DD5F81C1109B900201B
:1092800038BD05F1F80007F079F80028F7D1002281
:10929000002305F58E7006F061FF044668B940F6BC
:1092A0001B431A4A1A491B480CF005FA84F311882B
:1092B000BFF36F8F0323184602DFD5F8100120B1EA
:1092C000FFF70AFD0023C5F810312046FFF732FDF5
:1092D000C5F810012046FFF771FF98B10E4806F05F
:1092E000C9FF2046FFF7CEFB0C220C4B1F2102FBCF
:1092F000003022464088FFF7A7FE2046FFF7ECFC2F
:10930000FFF76CFF0120BBE7F0000020749D020016
:10931000D79D0200228F0200E8010020A81C002037
:109320002DE9F04F064617460C4687B069B94FF055
:10933000FF304FF0FF31FFF719FF0446B8B96FF067
:109340006805284607B0BDE8F08F887AFFF792FBE2
:10935000414B83420BD04149414840F2C513414A39
:109360000CF0A9F940F2C5113E480CF09BF901221E
:10937000002168460DF0FAFB2046FFF783FB0C2323
:10938000DFF804A103FB00A0C0F808D02046FFF7D7
:10939000D1FC01463046FFF727FF054618B12046AD
:1093A000FFF79AFCCDE708F01BFC2F4B83421FD13F
:1093B000DFF8B0B02D480DF0D5FB002181462C48D8
:1093C000FFF756FF804688B94FF4F9735A4629498A
:1093D00023480CF070F9314627480CF06CF988F3FB
:1093E0001188BFF36F8F0323184602DF4C45E1D18C
:1093F000002368461E4A06F0C1FF804698B14FF42C
:10940000FC73184A1D4916480CF055F9424631467E
:109410001B480CF050F9002383F31188BFF36F8FC2
:109420000323184602DF2046FFF72CFB0C2358438A
:109430001AF800604EB1093E2046F6B2FFF74CFC28
:10944000092E06D80F4B9D577BE7002FA7D03C6015
:1094500077E76FF0040574E7A0070020E6900200AC
:10946000228F0200749D0200501A00200C0200207E
:10947000B4C40400DB9D0200E39D0200039E0200D1
:109480000C9E0200519E0200A81C0020F7B500228D
:1094900040F603401146FFF743FF0446002853D12E
:1094A000FFF756FE214641F2030001AAFFF738FFFD
:1094B0000446002848D1019A854DD16805F178030A
:1094C000D1F80100D1F8051003C31046FFF704FCE2
:1094D000214641F2010001AAFFF722FF044698BB92
:1094E0000198C3685A7885F870205A88A5F87220C8
:1094F0001A7985F87120B3F80720A5F87420B3F81D
:109500000530A5F87630FFF7E7FB214641F202006F
:1095100001AAFFF705FF0446B0B9019F05F18006D7
:10952000FA68531C4132344618685968083303C43A
:1095300093422646F7D13846FFF7CEFB95F87C30AC
:10954000580604D46FF01204204603B0F0BD002189
:1095500042F2030001AAFFF7E3FE04460028F3D11C
:10956000019A5C4BD168D1F80100D1F8051003C312
:109570001046FFF7B1FB1F23A5F8E83095F87C30C3
:10958000990619D44FF0FF304FF0FF31FFF7EEFD91
:109590000646002800F0998002210C30FFF742FCBB
:1095A0000123447022460370314640F66D40FFF7B8
:1095B000B7FE04460028C7D195F89C301A0712D58B
:1095C000002142F21C0001AAFFF7AAFE044600286F
:1095D000BAD10198C368D3F80120D3F80530C5E9A2
:1095E0003823FFF779FB4FF0FF304FF0FF31FFF7E3
:1095F000BDFD0446002868D008210C30FFF712FC9E
:10960000022700222146077042708270C2700271E8
:1096100042718271C27142F20100FFF781FE04467D
:10962000002891D14FF0FF304FF0FF31FFF79EFD42
:109630000646002849D008210C30FFF7F3FB8023B1
:109640004370202304708470047144718471224635
:10965000C770C371314640F60140FFF761FE044612
:1096600000287FF471AF014601AA4FF60140FFF7D1
:1096700057FE044620BB0198FFF72EFB21464FF60C
:10968000024001AAFFF74CFE0446C8B90198C3681E
:10969000B3F80130A5F8C130FFF71EFB95F8C130D3
:1096A0005B070DD521464FF6034001AAFFF738FEB0
:1096B00030B90198C3685B7885F8C030FFF70CFBC0
:1096C00003B0BDE8F04000F0A1B96FF068043BE7DB
:1096D000F0000020C801002010B5FFF7D7FE0446B7
:1096E00008B9FFF775FD044B1B681BB12046BDE8A8
:1096F0001040184710BD00BFB41C0020F7B5144B34
:10970000054693F99B300C46002B1DDA14B9204610
:1097100003B0F0BD082C4FF0000142F2180001AA7E
:10972000264628BF0826FFF7FBFD0028F0D1019F41
:109730003246F968284601310DF096FD3846FFF7AC
:10974000CBFA3544A41BE1E76FF08500E0E700BFEA
:10975000F0000020F8B506460024094DEF79E3B289
:109760009F4202D86FF0010007E0294630460CF016
:1097700065F90735631C08B12046F8BD1C46EEE7C5
:10978000F000002070B5144E0622314604460DF05C
:109790005BFDE0B14FF0FF304FF0FF31FFF7E6FC2B
:1097A0000546B0B1062221460C300CF0F0F800223C
:1097B000294642F20500FFF7B3FD48B93346226857
:1097C00043F86929A288B280012283F8682000202A
:1097D00070BD6FF06800FBE75901002037B5044603
:1097E0000D4689B1284618490CF028F960B9174A86
:1097F0002968C4EBC4041151A318AA889A80AA79D5
:109800009A71002003B030BD68460CF0D3F80028F0
:10981000F8D16846FFF79EFF0028F5DA0B4A00985A
:10982000C4EBC40410519DF80610BDF80400A31841
:1098300098809971002DE4D012592A609A88AA80E4
:109840009B79AB71DDE700BF9B9C0200F00000201C
:1098500070B5044611B16FF0150070BD80B11B49A1
:109860000CF0ECF860B92046FFF774FF002827DA07
:109870002378012BEFD1A37903F0C003C02BEAD1E9
:10988000134DEB79012B1ED005F1D403D3E8AF3F84
:10989000DB0707D4002CDED020460C490CF0CEF8B4
:1098A0000028D8D1EE792146731C3046EB71FFF7C2
:1098B00095FF08B93046D0E7EB79013BEB71CCE777
:1098C0006FF07700C9E76FF00B00C6E79B9C0200C2
:1098D000F00000202DE9F3410446D8B1002141F207
:1098E000090001AAFFF71CFD054698B9019E062252
:1098F000D6F80C80104908F1010738460DF0A4FC99
:1099000028B1062238460D490DF09EFC30B930468C
:10991000FFF7E2F9002002B0BDE8F081D8F801308D
:109920003046C4F80130BB882570A4F80530FFF735
:10993000D3F90120EFE700BFA89C0200A29C02001F
:1099400007B56846FFF7C6FF044BD87118B16946E2
:109950000020FFF743FF03B05DF804FBF000002098
:10996000F0B5294D89B0EE79002E46D195F8C23078
:10997000DB0722D56A4631464FF60940FFF7D0FC97
:10998000D8B9DDF800C0DCF80C406378012B1E4626
:1099900028BF012673B1A31C02AA12341746186807
:1099A0005968083303C7A3423A46F7D118683860AC
:1099B0009B88BB806046FFF78FF9EE710024162666
:1099C0000127EB79E0B2834202D8B3B1002012E064
:1099D00008AB06FB003353F8182C33F8143C6946E7
:1099E000CDF80120ADF805308DF80070FFF7F6FED8
:1099F00001340028E5D009B0F0BD0021084609B0C7
:109A0000BDE8F040FFF724BFF000002010B50A4C7D
:109A1000E3790BB1002010BDFFF792FF0028FAD1C7
:109A2000E379002BF6D1FFF79BFF0028F3D1601CF0
:109A3000BDE81040FFF7A6BEF000002030B50C4690
:109A400087B01422002101A80DF01BFC217901F040
:109A50001F03C1F30402072B8DF8142003D96FF004
:109A6000150007B030BD6279501E0B28F7D83B486F
:109A700011F0200150F8222003921FD0A2790C2A65
:109A8000EDD8DAB150F8222004922278023A082A5E
:109A9000E5D801A050F822F0C39A01003D9B0100D7
:109AA000419B0100459B0100499B01004D9B01002A
:109AB0005F9A0100519B0100C99A01004FF0FF32EB
:109AC000E2E707228DF804206278042A04D0052AF0
:109AD000C5D101228DF805206288002A3AD0C2F350
:109AE0000D00920B012A14BF01224FF47A7210FB71
:109AF00002F07D2280B2B0FBF2F2013A92B2B2F5EE
:109B0000A07FACD27C28AAD90125ADF80620144A42
:109B100005FA03F392F86800DBB2E9B1A17909B163
:109B20008DF8085020EA030301A882F8683004F099
:109B3000B5FE0C4B984292D1002092E70622C1E775
:109B40000522BFE70422BDE70322BBE70222B9E7F3
:109B50000122B7E74F22D7E70343E5E7EC8A02008B
:109B6000300200200000AD0B08B500220C490D4862
:109B70000DF0EAF8002004F047FE0B4B98420CD1A0
:109B800000220121D520FEF71DFB0848C36813B948
:109B9000043006F06FFB002008BD6FF00400FBE707
:109BA0001D9C0100A80200200000AD0B3002002027
:109BB00008B5094B014693F83C2042B1986B08B1B7
:109BC00008F008FF0548BDE8084006F053BB00B1A7
:109BD00058630348F7E700BF30020020340200203A
:109BE0004C02002008B50A4B93F8523023B1BDE86F
:109BF0000840084805F0A8B804F0CAFF064B984290
:109C000005D0BDE808406FF00400FFF7D1BF08BDE4
:109C100030020020799E01000000AD0B074BD3E815
:109C2000EF2F511CC3E8E01F0028F8D10AB9FFF755
:109C3000D9BF6FF00F025A63704700BF3002002097
:109C40002DE9F043476806467B1EFE2B85B004D9FC
:109C50006FF0150005B0BDE8F08300252C4627FA0B
:109C600005F3DA0706D504F04FFEE840C307EFD549
:109C70000134E4B20135082DF1D1002CE8D0337C59
:109C8000083B062BE4D801A252F823F0C79C010040
:109C9000519C0100CB9C0100519C0100A99C01003A
:109CA000519C0100CF9C01000221012C727C10D03C
:109CB000002ACDD10020584B83F8B0003846574BCE
:109CC00004F03EFE39E00021EFE70121EDE703213A
:109CD000EBE7082ABCD8DFE802F005050505050515
:109CE000050505003368002BE4D0186801387F288B
:109CF000E0D88DF8082000228DF809201B885A1E14
:109D00007F2A0BD94649474840F25523464A0BF073
:109D1000D2FC40F2552144480BF0C4FC1B01013B2E
:109D2000ADF80A3001233C4A8DF80C3082F8B0308F
:109D300038463A4B02AA04F049FE3C4B984287D180
:109D40003268630012B1928902FB0333F2689A42CF
:109D50005ED3314D214685F86940B06895F8B03042
:109D6000A84628672BB133689B89013313FB04F1A4
:109D700089B204F0B3FE2D4B814698427FF468AF60
:109D800037462B4C0FCF0FC43B68002723606F630F
:109D90003368C3B30FCB261D86E80F006B6D2E64AE
:109DA000A5F864707BB3D8E8EF3FC8E8E27F002AEB
:109DB000F9D195F8B020EAB96B6D1F3342F100027A
:109DC0005B0943EAC2635209CDE9003204F128007D
:109DD0000022002308F036FD95F83C30B3B94FF06F
:109DE000FF324FF0FF33134806F0C8FA00B1686342
:109DF000686B2FE704F0CCFE4845EDD06FF004000F
:109E0000FFF7D6FEE8E7FFF7EDFEE5E7002021E7E4
:109E10006FF00B001EE700BF30020020799E0100AA
:109E20008B9E0200228F02005B9E02000000AD0BA1
:109E3000700200204C02002070B50C4616464FF010
:109E4000FF324FF0FF330A4806F098FA0123094D1C
:109E5000204685F83C30AE63FFF7F2FE95F83C30C3
:109E6000044603B110B1024806F004FA204670BD62
:109E700034020020300200202DE9F0410778002F45
:109E800040F08680494C626C94F868C025461CEA14
:109E9000020F0AD10022464BC3F80025236C6BBB8E
:109EA0000020BDE8F041FFF783BE0123B0F808E0D1
:109EB000266F4FEA4E0ED0B218420AD094F8B02066
:109EC0000CEA030192B121B132460EEB0601914238
:109ED00004D15B009BB26345EED9DBE732F9028B1C
:109EE000B8F1000FB8BF22F8027CF0E721B1B6F953
:109EF00000100029B8BF32800236EAE7A36DB4F83B
:109F0000642033B12B492C489847012820D00228DF
:109F100033D0B4F86430B4F860209A422DD90133BC
:109F2000A4F8643094F8B030B3B9236F94F8692082
:109F300003EB4203236794F86910206F04F0CEFD11
:109F40001E4B984208D06FF00400FFF731FE03E08B
:109F500094F8B030002BEED0636D1BB9BDE8F04132
:109F6000FFF740BED5E8EF3F5A1EC5E8E12F0029B4
:109F7000F8D1012BF2DCBDE8F081636D002B8FD0AE
:109F800094F8B030002B8BD10D480CF0E9FE87E738
:109F9000022F07D104F0FCFD084B9842EBD06FF084
:109FA00004007EE7052FE6D17AE700BF30020020EB
:109FB00000500D5070020020B87B02000000AD0B75
:109FC000A802002038B50C464FF0FF324FF0FF33A7
:109FD0000A4806F0D3F90023094D204685F83C30A5
:109FE000AB63FFF72DFE95F83C30044603B110B18A
:109FF000024806F03FF9204638BD00BF3402002079
:10A00000300200200122024BC3F80424704700BF35
:10A01000002008E037B540230C460A490093411A56
:10A02000491105462346084A08480BF017FD011E52
:10A0300005DA2846234603B0BDE83040184703B090
:10A0400030BD00BFCC1C0020C75A0200987A020025
:10A05000C9B2012908B509D9084909487F23094A25
:10A060000BF029FB7F2107480BF01CFB0C22036936
:10A0700001FB0233986C00F0070008BDFD9E020052
:10A08000228F0200C09E020070B5C9B20129036987
:10A090000BD91949194840F2D113194A0BF00BFB9F
:10A0A00040F2D11116480BF0FDFAEFF31185402470
:10A0B00084F31288BFF36F8F0C2606FB0134A46C67
:10A0C00014F0C00408D0A24206D085F31188BFF373
:10A0D0006F8F4FF0FF3070BD012206FB01339A6491
:10A0E00085F31188BFF36F8F436803EBC1035B688F
:10A0F00098470020EFE700BFFD9E0200228F02007C
:10A10000C09E020070B50D4606490446411A491129
:10A1100040220548FFF7B8FF2B4601462046BDE820
:10A1200070401847CC1C0020987A020070B50022BD
:10A130000121044640F20510FEF744F80F4802F0F2
:10A140006DF90F4B984215D10CF059FA26690D495B
:10A1500030460BF0FFFA00280BDB0125B5642469BB
:10A16000084904F120000BF0F5FA002801DB00207B
:10A17000656570BD6FF00400FBE700BF45A20100FC
:10A180000000AD0B1C8B02007FB500220123CDE93E
:10A19000022304ABCDE90433094A6B46CDF800D065
:10A1A000CDF804D00BF088FC002805DB43F60952FB
:10A1B0000023684606F0E2F807B05DF804FB00BF34
:10A1C000DF5A020010B5EFF31184402383F31288A5
:10A1D000BFF36F8F074A136823F00201DB0711609A
:10A1E00002D4012002F0FAF884F31188BFF36F8FD4
:10A1F00010BD00BF241D00200C22104B014602FBA5
:10A200000033002030B4D3E910521864EFF311800A
:10A21000402484F31288BFF36F8F9C6C04F0C00459
:10A2200044F002049C6480F31188BFF36F8F1DB16A
:10A230002B4630BC0248184730BC7047CC1C00206D
:10A24000987A020008B5062818D8DFE800F0212126
:10A25000090B042121000020BDE80840FFF7CCBF16
:10A260000120F9E70B494FF43D730B4A0B480BF003
:10A2700022FA4FF43D7108480BF014FA05494FF4E7
:10A280004173054A05480BF016FA4FF44171F2E7A5
:10A2900008BD00BFE6900200C09E0200228F0200AF
:10A2A00010B4EFF31182402383F31288BFF36F8F52
:10A2B0001748016841F002040460C80708D482F31B
:10A2C0001188BFF36F8F01205DF8044B02F05CB87A
:10A2D0001049D1F80C14C903F1D5EFF3118083F3C1
:10A2E0001288BFF36F8F0C498B6C03F0C00343F0EF
:10A2F00002038B6480F31188BFF36F8F82F31188A0
:10A30000BFF36F8F00205DF8044BFFF775BF00BFF0
:10A31000241D002000E01050CC1C00202DE9F0414D
:10A32000012206464049D1E8EF3FC1E8E02F00286E
:10A33000F9D1A3B93D493E484B60CB608A60FDF737
:10A3400097FB00280BDA3B494FF429733A4A3B4804
:10A350000BF0B1F94FF4297137480BF0A3F95EB354
:10A36000731E012B56D8012E06D1354BD3F850342D
:10A3700003F00303012B1FD00CF02AFC0546E8B9BB
:10A38000304B1B78D3B1042207462D4BC3F808236A
:10A390002B4CDFF8B880D4F84C24D4F84C34D203DA
:10A3A00015D503F00303012B01D0012E0FD165B3A6
:10A3B00087F31188BFF36F8FBDE8F081EFF311874A
:10A3C000402383F31288BFF36F8F0125E0E7BDB10F
:10A3D00038460BF06FFAD4F8403413F0FF03DAD1AB
:10A3E000D4F80821002AD6D0C4F80831D4F80831AE
:10A3F00020220123C4F84034C8F8A0212361CAE711
:10A400000021202007F04CFBE5E704220C4BC3F8A9
:10A410000423D1E70C4940F2B623074A07480BF062
:10A420004AF940F2B62197E7C81C0020B81C00206A
:10A43000EC1C0020219F0200C09E0200228F02001F
:10A4400000E01050E0260020E690020000E100E06D
:10A4500008B507480CF01AFB38B10648FEF736FA83
:10A460000448FDF785F8002008BD6FF01200FBE7F7
:10A47000787B020079A401000A2838B50446074D0C
:10A4800004D1AB680D2128465B689847AB68034848
:10A490005B68E1B29847204638BD00BF787B020078
:10A4A00038B508461446EFF31185402383F312882C
:10A4B000BFF36F8F114602F04DFC85F31188BFF397
:10A4C0006F8F064B984201D1204638BD044B98420D
:10A4D00014BF6FF00A006FF01500F6E70000AD0B37
:10A4E0000400AD0B08B502F015FC034B984214BFF5
:10A4F0006FF00400002008BD0000AD0B0023024AED
:10A500000020C1E90023704700D0170000487047C1
:10A51000388B0200024B0B6001231360704700BFB1
:10A52000408B020008B50122054811460CF01EFBC5
:10A5300001F0F6FF034B044A0020C3F80C2508BDC8
:10A54000281D002000B004508000008010461A46EC
:10A55000084B10B5994209D8C1F5BE1404F58054D2
:10A56000A24203D80CF080FE002010BD6FF0150051
:10A57000FBE700BFFFCF170038B542F201030F4DD4
:10A580001446C5F80035A1B10CF06EFEBFF35F8F25
:10A59000D5F81834DB0706D4C4F308041CB1012332
:10A5A000AB60BFF35F8F4FF40052044BC3F800253C
:10A5B00038BDFF210CF065FEE8E700BF00B0045095
:10A5C000F0B51D4B054698420F46144687B030D86B
:10A5D000C0F5BE1303F580539A422AD8FAB14FF062
:10A5E000FF324FF0FF33154805F0C8FE0CF00AF8B3
:10A5F0000646B8B101238DF81430114B4FF4FA50D0
:10A60000009302AB04940193CDE9027501F090FF31
:10A61000684601F093FF0446084805F02BFE2046EB
:10A6200007B0F0BD224639462846FFF7A5FF34465D
:10A63000F2E76FF01504F2E7FFCF1700281D0020A6
:10A640002F5B0200004870477C8B02002DE9F34726
:10A6500043680F1E05461646D3F818907DDBBB18DD
:10A660004B457AD847EA0204C4F30B04002C74D19A
:10A6700000690BF0A3FA214628460BF0F5FA4FF0DB
:10A68000FF3A0446002E45D1012128460BF0ECFA92
:10A69000002C08BF044628690BF08EFA204602B051
:10A6A000BDE8F08780462E4B5A7882B10AFA02F153
:10A6B00037EA01010BD101219140B14207D8B8F12D
:10A6C000000F1ED098F80110914238BF984601340F
:10A6D000042C03F10203E7D1B8F1000F13D00023DB
:10A6E000812298F800102846CDE900333B460BF054
:10A6F0006BFA012398F80120044693401F44F61A90
:10A7000021E09846E3E76FF01504012128460BF09D
:10A71000ABFAC0E7002CF8D12346CDE900448022F3
:10A72000062128460BF050FA04460028EDD14E458C
:10A73000B8D10346CDE900008022C72128460BF09E
:10A7400043FA00260446002CDFD140F21B620023AE
:10A7500028460BF0B7FA044694E76FF015049DE71E
:10A76000749F020010B5036961B920493F23204A54
:10A7700020480AF0A0FF20480AF09DFF3F211C4816
:10A780000AF090FF486850B91C494023184A1948FC
:10A790000AF091FF1A480AF08EFF4021EFE758684F
:10A7A000F8B1884219D19C680868A142586000D16C
:10A7B0009860002008602AB15A680A609A68596057
:10A7C00002B99960002010E0814206D1086820603B
:10A7D00098688142EDD19C60EBE704460068002850
:10A7E000F2D1002AE8D16FF0150010BDB89F020029
:10A7F0007C9F0200228F0200C19F0200D09F0200B6
:10A80000E29F020008B503685F2B4FEA531107D897
:10A810000C4A03F01F0352F82120DA40D2070BD470
:10A8200009490A4840F2CA33094A0AF044FF40F293
:10A83000CA3107480AF036FF0360064B53F821007F
:10A8400008BD00BF908B02002CA00200228F0200E6
:10A85000F99F0200848B0200F0B5406801F01F04EC
:10A86000057B87B044EA45140569002D77D0B2F521
:10A87000001F00F1100506D1214628460BF0FEFF0F
:10A88000002007B0F0BD0027B2F5800F01AE0197A0
:10A89000776033D1B3F1007F14BF052304238DF813
:10A8A00004300023CDE9046303938368CB40D907C8
:10A8B00039D4B2F1A07F36D168460094FFF7A2FFE9
:10A8C000009B203350F82330DB072CD46A46214606
:10A8D000284602F0DFFE254B98421AD0CDF808D06A
:10A8E0002146284603AA02F045FD214B984239D162
:10A8F00001222146284602F061FFC1E7B3F1C06F93
:10A9000005D0B3F1007F14BF01230223C7E703235F
:10A91000C5E76946284602F049FF154B9842DDD04D
:10A920006FF00B00ADE76A462146284602F0B2FE02
:10A930000F4B06469842D3D128469DF8001002F0EE
:10A940002DFFB042CCD00B490B4840F2E1130B4A2B
:10A950000AF0B1FE40F2E11108480AF0A3FE6FF0E0
:10A9600085008EE76FF015008BE700BF0400AD0B8C
:10A970000000AD0B7BA00200228F02004FA002005E
:10A980002DE9F043466840F20635337BD00601F0EE
:10A990001F0747EA431748BF032302EA050558BFCC
:10A9A000C2F3401387B0B5F5837F14468DF80330AA
:10A9B00043D00FD8062D42D007D8B5B1022D14D000
:10A9C0006FF0150007B0BDE8F083B5F5807FF7D1D3
:10A9D00001250AE040F20222954232D0B5F5407FCF
:10A9E00031D0B5F5007FEBD1042522032DD501230D
:10A9F00072688B405360336973BB03A80397FFF7FA
:10AA000001FF039B00EB830084F48033C3F3004316
:10AA1000C4F34044D0F8802044EA43049DF8033056
:10AA200022F4706244EA830422F00F0244EA052310
:10AA30001343C0F880300020C4E70925D5E7082576
:10AA4000D3E70625D1E70525CFE7630341BF0123FF
:10AA500072688B409360CEE71036394630460DF170
:10AA6000020202F017FE14F4403F804617D1394627
:10AA700030460BF001FF254B9845DCD130469DF860
:10AA8000021002F08BFE4045D5D021492148DE233B
:10AA9000214A0AF010FEDE211F480AF003FE4FF0A3
:10AAA000000901AB3946304603AACDE90439CDE9A6
:10AAB0000199CDF80C9002F05DFC144B98427FF4A4
:10AAC0007FAF14F4003315D09DF8033084F4803444
:10AAD000C4F300448DF80E3039464B46304603AA85
:10AAE0008DF80C508DF80D4002F02CFD074B98426C
:10AAF000C1D065E7CDE9043339460DF10303304693
:10AB000003AA039302F036FCF0E700BF0000AD0B90
:10AB10007BA00200228F02004FA002004209022AFD
:10AB2000034670B503D0012A1FD002B370BD154E85
:10AB3000326951680029F9D0012503F01F030C6820
:10AB40009D400029F2D08A682A4014D04B6883B90E
:10AB50000D4964230D4A0E480AF0ADFD0D480AF078
:10AB6000AAFD642109480AF09DFD0B4EE0E70B4E5B
:10AB7000DEE7304698471CB1236821461C46E0E7D3
:10AB80002346FAE7F87A02005DB002007C9F0200DB
:10AB9000228F0200E29F0200D87A0200B87A0200F7
:10ABA00038B545682B69E3B11035284602F0E8FD59
:10ABB0000446B0B90146284602F09CFD0B4B984272
:10ABC00011D1224628460A4902F056FD22460121AB
:10ABD000DB20FDF7F7FA2246012140F20D10FDF7C8
:10ABE000F1FA002038BD6FF00400FBE70000AD0B68
:10ABF0001DAB010008B503685F2B4FEA531107D85E
:10AC00000C4A03F01F0352F82120DA40D2070BD47C
:10AC100009490A4840F2CA33094A0AF04CFD40F299
:10AC2000CA3107480AF03EFD0360064B53F8210085
:10AC300008BD00BFF08B02002CA00200228F020092
:10AC4000F99F0200E48B02002DE9F04F1546824681
:10AC500040F2FF19DFF868B185B000EB8108D045FC
:10AC600003D1002005B0BDE8F08FDAF80020C2F370
:10AC7000C3210829C2F3080400F29D804F4B4C45C4
:10AC800008BF4FF0FF34B2F1D05F5F5C4FEA126152
:10AC900010D2192910D8DFE801F01219205B2329FE
:10ACA0005B0F0F0F0F0F0F0F0F0F0F0F0F0F0F0F68
:10ACB0005E72757838296BD06FF08500D2E7C5F8E1
:10ACC0000446631C51D10AF1040AC8E7C5F80C46D2
:10ACD000621CF8D00026314616E0C5F81046F0E7B1
:10ACE000661CC5F80046EED0002604E0601CC5F8DE
:10ACF0000446E8D0012603A80394FFF77BFF012157
:10AD0000039A01FA02F28260DAF80020039402F456
:10AD10000040002818BF002103A818BF0126019297
:10AD20000091FFF767FF039C019A00EB8400D0F8C5
:10AD30008040C2F3412C00993A0242EA8C020A4355
:10AD400004EA0B04224342EA4602C0F88020BAE734
:10AD5000C5F80846BCE7C5F86045611CDAF8002074
:10AD6000B1D0C2F30042002AC4D0012603A8039444
:10AD7000FFF740FF039A06FA02F24260ABE7C5F81C
:10AD80006445EAE7C5F86845E7E7C5F86C45E4E7D8
:10AD900003A80394FFF72EFF039A631C00EB8200C5
:10ADA000D0F8802022F0E04242F08042C0F88020BB
:10ADB00089D001268FE76FF0150053E7B1A002009C
:10ADC000F0F0FCFF032908B50BD90849084840F208
:10ADD0003D33084A0AF06FFC40F23D3105480AF065
:10ADE00061FC01F5AC7150F8210008BDECA0020037
:10ADF000228F0200BAA0020008B503685F2B4FEA59
:10AE0000531107D80C4A03F01F0352F82120DA40EF
:10AE1000D2070BD409490A4840F2CA33094A0AF05A
:10AE20004AFC40F2CA3107480AF03CFC0360064B7A
:10AE300053F8210008BD00BF088C02002CA00200BE
:10AE4000228F0200F99F0200FC8B0200F7B5044636
:10AE500000220121D220FDF7B5F960682369234A59
:10AE600000F1080103F0D2F9214B98423AD166680B
:10AE70000021B56B01AA28460BF050F9002805DB2C
:10AE8000019B2A6819791868FFF7DEFE00273D4606
:10AE90003068E9B2FFF796FF00280DDB019001A8AA
:10AEA000FFF7AAFF019A0368D34013F001031CBF08
:10AEB0000123AB403B43DFB20135042DE8D1002331
:10AEC00001206268916A00FA03F23A420CBF012243
:10AED0000022D20321F813200133042BF1D10020EA
:10AEE00003B0F0BD6FF00F00FAE700BF436102004E
:10AEF0000000AD0BF7B5054600220121C620FDF785
:10AF000061F9C620FDF73CF96C680121E0680BF09F
:10AF1000D4F96B6819686369C1F82435E28BA38B97
:10AF2000A07E1343228C1343628C1343627E9BB238
:10AF30000243207E02431343C1F86C3569680B68F5
:10AF4000D3F8002242F48022C3F800220822C3F87A
:10AF500000254A6A0121C3F83C270022C3F8402794
:10AF60001965D3F830110029FBD0C3F800256B68B0
:10AF70000021D8680BF0A1F96C680021E068256811
:10AF80000BF09BF90823C5F8003594F82C3073B109
:10AF90000021E06801AA0BF0C1F8002807DB0023BC
:10AFA00040F2FF1601990879DAB290420FD8227A5E
:10AFB00052B9A36AC5F804370123C5F80837C5F8A4
:10AFC0004C21D5F84C21AB62002003B0F0BD0A68DB
:10AFD00052F82320C2F30802B24204D094F92D7033
:10AFE000B7EB521F01D10133DEE7074940F261336D
:10AFF000064A07480AF05FFB06480AF05CFB40F28D
:10B00000613102480AF04EFBE690020002A1020004
:10B01000228F020036A102002DE9F04104460D46C0
:10B0200047680BF0D5FDA0B9274B1B788BB14FF0CB
:10B030004008642663681B68D3F830318BBB01205D
:10B040000BF040FB013EF5D10021202006F028FD49
:10B05000EFE74021EFF311831A4681F31288BFF323
:10B060006F8F60680068D0F8300120B983F31188D1
:10B07000BFF36F8FEEE77B6A00201D706368796A0B
:10B080001B68C3F83C170121C3F84017C3F830010F
:10B09000D3F83001196582F31188BFF36F8FBDE8D3
:10B0A000F081EFF311831A4688F31288BFF36F8F94
:10B0B00061680968D1F830110029DCD183F3118867
:10B0C000BFF36F8FC0E700BFE026002008B503681C
:10B0D0005F2B4FEA531107D80C4A03F01F0352F8B5
:10B0E0002120DA40D2070BD409490A4840F2CA337A
:10B0F000094A0AF0E0FA40F2CA3107480AF0D2FAE7
:10B100000360064B53F8210008BD00BFCC8C020041
:10B110002CA00200228F0200F99F0200C08C0200C6
:10B12000012310B503FA01F1436804691B68194251
:10B130000ED10E4940F28D630D4A0E480AF0BBFA5B
:10B140000D480AF0B8FA40F28D6109480AF0AAFAEF
:10B150002368194218BF82F0010222B18368DB68BC
:10B16000BDE81040184783681B69F9E79091020019
:10B17000948E0200228F0200CE9102002DE9F84346
:10B180004468066905460021E06B0BF0BDF8002815
:10B1900022DB216C481C16D10127636B9847B468E9
:10B1A0000834D6E9023203EBC203A4F10802934249
:10B1B00014D830460BF0EAF86B680021D86B0BF01E
:10B1C000A3F8002008E004F1440000F053FA10F165
:10B1D000130F01D0411DDFD1BDE8F88354F8080CEE
:10B1E0000BF054FC002858D054F8080C14F8041C38
:10B1F00034F8023C03F03002302AD0F81080D0E955
:10B2000001C90ED1264940F2E233264A26480AF007
:10B2100052FA26480AF04FFA40F2E23121480AF089
:10B2200041FA03F00602042A09D1214940F2E93328
:10B230001C4A1D480AF03FFA40F2E931EEE7DCF81B
:10B2400000C0DA0707FA01FE54BF43F4B01383F4D9
:10B25000D0131EEA0C0F23F480120CD115494FF4C1
:10B260007F73104A10480AF026FA13480AF023FAAE
:10B270004FF47F71D2E7D8F800C0DB074CBF4EEA2D
:10B280000C032CEA0E03C8F80030D9F800309847B8
:10B29000002804F1080484DA9EE76FF012009BE7AF
:10B2A000638F0200948E0200228F02009C8F0200A6
:10B2B0006F90020090910200CE9102002DE9FF41B3
:10B2C00005690646AA6DD0F804802B6E002A35D198
:10B2D000002B53D0B8F83840686D9C4228BF1C46FC
:10B2E000EF6DEB6D53B12A6E42B107F06042B2F1DF
:10B2F000005F03D0082C28BF08246F6F6A6DAC660E
:10B300001AB1AA6D002A18BF224601921BB12B6EFA
:10B31000002B18BF23460090002269464046039345
:10B32000029704F0AFF8184B984229D06FF004014F
:10B33000304604B0BDE8F0410BF04AB8696DEF6DDE
:10B340000846B8F83840ABB1934228BF13469C4238
:10B3500028BF1C460029C4D001F06043B3F1005F50
:10B36000BFD0082C28BF0824286F22460BF07CFF92
:10B37000286FB6E7944228BF1446EBE71946D7E793
:10B3800004B0BDE8F08100BF0000AD0B2DE9F04F27
:10B3900091B001934368074602938B88046998042F
:10B3A000884691462DD44FF0FF324FF0FF3304F121
:10B3B000100004F0E3FFC4F80480D7F804B0D7F815
:10B3C00010A0DBF8083003939AF86D3023B1DAF857
:10B3D0000030984500F08180B8F804C01CF4006F7C
:10B3E00016D06FF0850523689B8813F4005304D1B1
:10B3F000636004F1100004F03DFF284611B0BDE881
:10B40000F08FA369002BCED163689942CBD1D4E7EA
:10B410001CF0090F02D06FF01505E4E7CCF34513DB
:10B42000082BF8D1D8F800E07A4B9E45F3D906AD49
:10B430000BF10C060FCE0FC50FCE0FC5039B96E880
:10B440000300734594BF0B93CDF82CE01CF0020F62
:10B4500085E803000CF004032FD0002B14BF032356
:10B4600002238DF83030CCF300138DF83130DBF847
:10B470000030D3F80036591C0AD01CF0020F059397
:10B4800005A81ED1FFF722FE0123059A9340836091
:10B490009AF86D302BB1584603F098FF00238AF8D4
:10B4A0006D303B4658465C4A06A903F049FF5B4BAA
:10B4B00098420DD06FF0040595E7003B18BF0123BB
:10B4C000CFE7FFF703FE0123059A93404360DFE7D0
:10B4D0000123CAF800808AF86D30012384F86C30AB
:10B4E000029B196C4A1C03D003F1440000F0F2F8EF
:10B4F000B9F1000F68D1C4F844900023A36404F1AB
:10B50000580204F1480104F144000AF0EAFE019BEC
:10B510006065002B60D1E3640023236504F16002C1
:10B5200004F1500104F14C000AF0DBFE002501217A
:10B530002A46E065256420460AF007FF3846FFF7F3
:10B54000BDFE2A462B46A06C83424DD100231946EE
:10B55000256DA9424FD19A4238BF1A4626464FF46C
:10B56000FA534FF0000803FB02F556F8283B47F664
:10B57000122C1B684146B5FBF3F540F2E730C835A5
:10B580004FF47A720023E5FB0C01F7F70DFF02463A
:10B590000B46304604F0F2FE024618B9256C15F150
:10B5A000740F2FD10298C4F8688003F00FFF6FF07A
:10B5B0007301384684F86D800AF00AFF304604F0C3
:10B5C00057FF6FF073050EE7D9F800306364002B66
:10B5D00093D0D9F8043091E7019B1B68E364002BFA
:10B5E0009AD0019B5B6898E7616C01EBC3014968E5
:10B5F00001330A44A8E7E06C00EBC1004068013168
:10B600000344A6E7002D3FF4EEAE014638690AF088
:10B610009CFEE8E647E80100F36302000000AD0B82
:10B6200008B503685F2B4FEA531107D80C4A03F0A3
:10B630001F0352F82120DA40D2070BD409490A48E7
:10B6400040F2CA33094A0AF036F840F2CA310748D4
:10B650000AF028F80360064B53F8210008BD00BF2C
:10B660005C8D02002CA00200228F0200F99F0200D4
:10B67000508D02000123F0B587B08DF8023002230F
:10B6800000248DF804306B4403930F4601AB0DF199
:10B690000301049305460291059402F087F80C4BD0
:10B6A000064698420FD13946284603AA01F062FEA9
:10B6B000B0420BD028469DF8031002F06FF86FF0EF
:10B6C000040007B0F0BD6FF01200FAE72046F8E77B
:10B6D0000000AD0BF7B50C4605460BF0D1F8002283
:10B6E00021460646284602F069F801A80194FFF7B2
:10B6F00097FF019B00EB8302D2F88010154B0B40A3
:10B7000043F00C03C2F8803000F08AF807462B683B
:10B710009B59B3B10026214628460BF0AFF801A88B
:10B720000194FFF77DFF019B00EB8300D0F88020A0
:10B73000084B134043F00403C0F88030304603B098
:10B74000F0BD00F06DF8C01BC728E0D96FF073069C
:10B75000E1E700BFF0F0FCFF70B514461D460AF0AB
:10B76000A1FEA042A94113D30A4AD2E90061A41B59
:10B7700024F01F0365EB01009B1941EB0001C2E9B6
:10B780000031640944EAC060BDE8704006F0B0BE14
:10B7900070BD00BFF814002010B500220121E42084
:10B7A000FCF710FD174A0020D2F8183723F4403375
:10B7B000C2F8183702F0C4F9134B0446984208D176
:10B7C0000120124902F070FAA04205D0104B9842B5
:10B7D00014D04FF0FF3010BD0AF064FE67220D4B0D
:10B7E00020F01F00C3E900010B4BC3E900010B4B24
:10B7F00002201A60FEF792FD0020ECE76FF00B00CC
:10B80000E9E700BF00200E500000AD0B50040020FF
:10B810000200AD0BF8140020F0140020941D00204D
:10B8200038B5EFF31185402383F31288BFF36F8F90
:10B83000174806F0A5FC68B98823164A1649174828
:10B8400009F039FF1249164809F035FF88211148DF
:10B8500009F028FF0E4806F0B7FC0AF023FE044664
:10B860000B4806F09BFC68B940F23113094A0D49B8
:10B870000A4809F020FF06490B4809F01CFF40F276
:10B880003111E4E785F31188BFF36F8F204638BD8F
:10B89000981D0020C29502001B960200228F020014
:10B8A00030960200EF9502000696020008B50AF0F5
:10B8B000F9FD054AD2E90032C01A61EB02014009E4
:10B8C00040EAC16008BD00BFF814002037B5431C32
:10B8D0000CBF6FF0004420EAE0740AF0E3FD0D4B6A
:10B8E000D3E90025801A61EB05032021C4FB010385
:10B8F000402873F100042CBF20F01F0100235218D0
:10B900004FF0010145EB03030091034802F060FA98
:10B9100003B030BDF81400204804002002460B4656
:10B92000014804F091B900BF38070020014804F035
:10B930005BBA00BF3807002004460D46094E08B523
:10B94000324640F23B130849084809F0B4FE21464C
:10B9500007482A4609F0AFFE40F23B11304609F095
:10B96000A1FE00BF27A30200E6900200228F020082
:10B9700060A3020070B5064686B00D461848194906
:10B9800004F0DCFF01A8F1F719FB17480BF07EF873
:10B9900000B3164B68460093F1F736FBE8B94FF059
:10B9A000FF304FF0FF31FFF7B9FF044638B91049B7
:10B9B0001048F1F7C1FA044620B1FFF7B7FF20465F
:10B9C00006B070BDFFF7B2FF33690B481D60FDF78D
:10B9D00013FBF4E76FF01204F1E76FF01504EEE7E4
:10B9E000A01D00202F650200587B0200FDB9010058
:10B9F0000015002089BB01005DBB010003460A461B
:10BA000010B5114881680C6864B910495B23104A6D
:10BA1000104809F050FE104809F04DFE5B210C481B
:10BA200009F040FE1946A04768B10C4940F2B52321
:10BA30000B4A084809F03FFE0A4809F03CFE40F274
:10BA4000B5210748ECE710BD587B0200BCA30200FB
:10BA500088A30200228F0200DCA30200039E0200E2
:10BA600027A3020002A4020030B52A4885B0F1F7EE
:10BA7000D9F90446002845D1F1F7B2FA0546002865
:10BA800045D1022101AA8DF80440F1F705FA041E00
:10BA900038DB08230721284601AAADF80430F1F766
:10BAA000FBF9041E2EDB4FF01B13019340F203231E
:10BAB0000321284601AAADF80830F1F7EDF9041E7C
:10BAC00020DB01230421284601AA8DF80430F1F778
:10BAD000E3F9041E16DB1F230621284601AAADF850
:10BAE0000430F1F7D9F9041E0CDB40F262239C42CA
:10BAF0000BDD85F31188BFF36F8F0423184602DF37
:10BB00006FF00B04204605B030BD2C46FAE76FF00D
:10BB10008504F7E739B9010008B50A490A480BF06E
:10BB200047F800280CDA09492F23094A094809F087
:10BB3000C2FD094809F0BFFD2F21054809F0B2FDFB
:10BB400008BD00BFA01D002068170020E69002007D
:10BB50003CA40200228F020065A40200094B93F866
:10BB60004730042B02D1810709D47047022B02D140
:10BB7000020704D47047082B03D1830601D5FFF7D1
:10BB8000CBBF70475026002070B53B4C94F847302F
:10BB9000E3B194F84730042B41D120783E2827D0D8
:10BBA000FF282BD0002563780233472B5AD8002278
:10BBB00000232946FDF72CFA064620BBBDB1002321
:10BBC00084F84730BDE87040FFF7A6BF4FF0FF3064
:10BBD0004FF0FF31FFF7A2FE48B9204604F14701BC
:10BBE00000F0C0FA0546FFF7A1FE002DD1D070BDD0
:10BBF000A578022D14BF00250125D4E7A57805F00E
:10BC0000FD05802DF6E762781B4902320C3009F001
:10BC1000BEFE3146194B1B6819489847CFE7022BE7
:10BC200014D1002200230820FDF79AF905460028C8
:10BC3000DDD062880432472A14D80F4905F10C0080
:10BC400009F0A5FE0D4B29461B68E5E7082BB6D188
:10BC5000002200232020FDF783F962880546002892
:10BC6000E8D1C4E7002383F31188BFF36F8F042367
:10BC7000184602DFA3E700BF502600209C1D0020CD
:10BC8000987B0200F7B5C74D06462B78002B40F095
:10BC9000628204238DF80730C34B04881F68B7B154
:10BCA0000DF106030DF10702691CB84701280ED0FB
:10BCB0009DF80630002B40F028819DF807300E22B9
:10BCC000AB7001236A70EB70AC80A87126E1A30A07
:10BCD000082B6BD009D8032B0ED0042B1FD00120CA
:10BCE00040F206439C427DD10FE13F2B00F073816F
:10BCF000012001280AD0E0E740F60142B6F9003001
:10BD0000934205D040F60342934205D00120FCE067
:10BD1000F01CF7F7D9FCECE7F1F740FAE9E73388D4
:10BD2000A3F58053013B082BF0D801A252F823F071
:10BD300055BD010067BD01007BBD01000DBD0100C7
:10BD40000DBD01000DBD01000DBD01000DBD0100C7
:10BD50009BBD01009DF80730944808338DF80730EB
:10BD6000F7F73CFDC5E79DF80730904840338DF864
:10BD700007300AF0DEFB00209FE700229DF8073025
:10BD800008338DF80730894B1A605A60EB7A23F03C
:10BD9000600343F06003EB72EDE79DF807308348E2
:10BDA00006338DF80730F7F71BFDA2E7304642F265
:10BDB0001C0130F8033B1AB28A4259DCB2F5005F2D
:10BDC00042F2640214DC9442A0D000F2C28142F23A
:10BDD00019039C4200F2BB8142F20C039C424FF0DB
:10BDE000010067D840F21D439C4200F08E8080E73E
:10BDF000A3F50053013B1B2BE5D801A151F823F01B
:10BE00008BBE0100C3BE0100D5BE0100C7BD01004D
:10BE100027BF01002DBF010033BF010045BF010056
:10BE20004BBF010051BF0100C7BD0100C7BD0100EC
:10BE3000C7BD0100C7BD01005DBF01006FBF0100AC
:10BE400075BF01007BBF0100C7BD0100C7BD010078
:10BE5000C7BD0100C7BD010081BF010093BF010044
:10BE6000C7BD0100C7BD0100C7BD0100B1BF0100D2
:10BE700042F24B039A4200F0A58042F27C039A42C0
:10BE800069D042F264039C429EE7F7F7ABFC42F2B2
:10BE900064039C4239D042F264039C4200F2038165
:10BEA00042F219039C4200F2468142F20C039C428A
:10BEB0007FF616AFA4F500530D3B41F241229BB231
:10BEC00032E19DF80730394803338DF80730F7F732
:10BED0008EFCDCE79DF80730344808338DF80730D6
:10BEE0000AF04AFB42F264039C420DD000F2DA8071
:10BEF00042F219039C4200F21D8142F20C039C4263
:10BF000040F20B810020D5E700200F236B70042343
:10BF1000AB700123E8702B71A5F8054001230020C8
:10BF20002B7003B0F0BDF7F764FCB0E7F7F763FCE4
:10BF3000ADE79DF807301D4801338DF80730F7F75E
:10BF40005CFCA4E7F7F75BFCA1E7F7F75AFC9EE778
:10BF5000F7F759FC9BE7F7F76AFC98E79DF807307D
:10BF6000124801338DF80730F7F74FFC8FE7F7F7EA
:10BF70004EFC8CE7F7F74DFC89E7F7F74CFC86E7BA
:10BF80009DF80730094910338DF80730F7F745FC65
:10BF90007DE79DF80730054808338DF80730F7F73F
:10BFA0003EFC74E798260020B01D00209F2600204C
:10BFB0009DF8073008338DF807300323EB71002319
:10BFC000EB728FE79DF80730644802338DF8073035
:10BFD000F7F72BFC5BE730464FF60C5230F8033B8B
:10BFE000934236D84FF60152934206D803F2FF32FD
:10BFF00092B20A2A20D901203AE0A3F57D43023B00
:10C000000A2BF8D801A252F823F000BFF9C00100B2
:10C01000FFC0010005C101000BC10100F7BF010015
:10C02000F7BF0100F7BF0100F7BF0100F7BF010034
:10C03000F7BF010011C10100A3F57C43013B0A2BAE
:10C0400069D8DFE803F00D1B6868684D68683B44F9
:10C0500050004FF61D529342CDD1F7F7BDFB07E0DC
:10C060009DF807303D480C338DF80730F7F731FB6A
:10C070004FF6025224F008039342B6E600229DF8E0
:10C08000073040338DF80730344B1A80EB7923F0BA
:10C09000230343F02303EB712B7A23F0070343F0D0
:10C0A00007032B72002042F285039C42E0D842F243
:10C0B00067039C4233D842F2660395E69DF8073049
:10C0C000264817338DF80730F7F721FBD0E79DF8A6
:10C0D0000730224820338DF80730F7F73CFBC7E7DD
:10C0E000F7F713FBC4E79DF807301C4801338DF8C0
:10C0F0000730F7F74DFBBBE7F7F760FBB8E7F7F75B
:10C100005FFBB5E7F7F75EFBB2E7F7F761FBAFE779
:10C11000F7F760FBACE70120BDE6002062E6A4F57E
:10C120000153283B0E4A9BB222FA03F3DB077FF54B
:10C13000E0ADEAE6002042F232039C423FF4E5AE75
:10C14000A4F50153033B012B7FF6DFAED1E50120BF
:10C15000F1E70120A7E74FF0FF30E2E69F2600203D
:10C160002F80402038B5094C0D4623781BB9BDE817
:10C170003840F7F799BAA278611C02320BF074F8D4
:10C180000020042320702B7038BD00BF98260020AB
:10C1900070B506460C460F4D28460AF077FCA8B14C
:10C1A000A2B2AB681B6863B90B495B230B4A0C480E
:10C1B00009F081FA0B4809F07EFA5B21074809F083
:10C1C00071FA31462846BDE8704018476FF01200FA
:10C1D00070BD00BF587B0200BCA3020088A3020010
:10C1E000228F0200DCA3020004460D46094E08B56A
:10C1F000324640F233130849084809F05CFA2146F8
:10C2000007482A4609F057FA40F23311304609F040
:10C2100049FA00BF93A40200E6900200228F0200B8
:10C22000C0A40200322337B50125ADF80430002345
:10C230001C216846134A8DF80630ADF800508DF881
:10C240000230F6F75DF90446C8B909F04EFC80B239
:10C25000F4F7D2FE29460C48F8F73CFE044670B9C4
:10C2600001462A468520FBF7ADFF2A462146E520F8
:10C27000FBF7A8FF2A4621468A20FBF7A3FF2046AA
:10C2800003B030BDE9C10100B81D002008B54FF072
:10C29000FF304FF0FF31FFF741FB48B10749084835
:10C2A000D123084A09F007FAD121064809F0FAF922
:10C2B000F8F77CFFBDE80840FFF738BBD7A40200C1
:10C2C000228F020093A40200024608B50A480B46DA
:10C2D0000A4904F039FC00280CDA09494723094AC5
:10C2E000094809F0E8F9094809F0E5F94721054846
:10C2F00009F0D8F908BD00BF68170020E802002047
:10C30000E69002003CA40200228F0200E4A4020096
:10C3100008B50A490A480AF04BFC00280CDA09491A
:10C320002F23094A094809F0C6F9094809F0C3F959
:10C330002F21054809F0B6F908BD00BFE81D00200F
:10C3400068170020E69002003CA40200228F020041
:10C3500065A402000122014B1A63704700E01050EF
:10C360000122014B5A63704700E0105028B10228A7
:10C3700006D10420034B1B681847024B1B68FBE7E0
:10C38000704700BFF81D002010B538B101280BD14F
:10C39000BDE8104000200B49F4F72EBD0A4B0220E7
:10C3A000BDE810401B68184708493823084A094867
:10C3B00009F081F9084809F07EF93821044809F0AC
:10C3C00071F900BF6DC30100F81D0020E690020066
:10C3D00014A50200228F020051A5020008B598B1F1
:10C3E000012804D1BDE808400020F4F72DBD07491D
:10C3F0004B23074A074809F05EF9074809F05BF943
:10C400004B21034809F04EF908BD00BFE690020039
:10C4100014A50200228F020051A50200014B1860F2
:10C4200001487047F81D00200000AD0B38B5304CB6
:10C430000D46237E834209D02E495F232E4A2F4882
:10C4400009F039F95F212C4809F02CF904F1400377
:10C45000D3E8AF3F2BBB09293DD8DFE801F0053C0D
:10C460003C3C3C24241F3C22236AD3E90020904713
:10C47000012808D0224B984203D00223E06384F8BD
:10C48000343020480EE047F230532363032384F80E
:10C4900034301D4B84F82900A363F2E7144803F0FD
:10C4A000E9FE002038BD002384F82930174B207E98
:10C4B00015492363F8F74FFD04460028F1D05723B0
:10C4C0000D4A13490D4809F0F6F82146114809F0C4
:10C4D000F2F85721B7E79223074A0F49074809F0B6
:10C4E000EAF829460D4809F0E6F89221ABE700BFCB
:10C4F000FC1D00209BA5020061A50200228F020006
:10C500001F646602301E0020201E0020FF3F420FE5
:10C51000BDA50200C6A50200E6900200E9A5020042
:10C520000122002101480AF021BB00BFFC1D0020B0
:10C53000014BD861704700BFFC1D0020F8B54FF0DB
:10C54000FF3106464FF0FF30FFF7E8F9054648B1E6
:10C550004349BE23434A444809F0ADF8BE2141484F
:10C5600009F0A0F841494248F4F790FD0446FFF76E
:10C57000DDF9002C70DB40F201133E4C2385E369AA
:10C5800026626433E36247F2305323636FF0730330
:10C5900084F82450E36304F14006D6E8EF3FC6E890
:10C5A000E25F002AF9D1A36837463BB13249D42370
:10C5B0002C4A2D4809F07FF8D421D0E74FF0FF3006
:10C5C0004FF0FF31FFF7AAF938B12549D723254AA3
:10C5D000254809F070F8D721C1E7207E04F1240135
:10C5E000F8F7B9FC054658B1D9231E4A23491E481D
:10C5F00009F061F82946224809F05DF8D921AEE733
:10C60000FFF794F9002320461E4A03F0B7FE0028E6
:10C6100006DA0123D7E8EF2FC7E8E13F0029F9D177
:10C620004FF0FF304FF0FF31FFF778F938B10C4988
:10C63000E4230C4A0C4809F03EF8E4218FE7207E01
:10C64000F8F76BFCFFF772F9D6E8AF3F13B1094872
:10C6500003F00EFFE06BF8BD6FF00B00FBE700BFCF
:10C66000D7A4020061A50200228F0200141E002040
:10C670002DC40100FC1D002001A60200BDA5020082
:10C68000C6A502000E720B00F0B585B06E4681683B
:10C690000546103921F00F0409F0D8F832460A4B4C
:10C6A00003F1100C374618685968083303C763450F
:10C6B0003E46F7D110232146284609F096F8003867
:10C6C00018BF012005B0F0BD848E02002DE9F043B3
:10C6D0001D4685B006460F46904609F0B0F86C1E20
:10C6E000044440420440102C06D94FF4B471104B5E
:10C6F000104A114807F096FA304609F0A7F881462B
:10C700002A46414668460AF0AFFD4946621B0DEBDA
:10C7100005000AF0B6FD23466A463946304609F060
:10C7200064F8003818BF012005B0BDE8F08300BFF1
:10C73000E6900200B7A602002DA6020030B50D4615
:10C74000816887B0102302AA1039044609F038F82E
:10C75000002802DA012007B030BD1022204602A9CD
:10C7600009F065FF00283AD110221E4902A80AF0FC
:10C770006BFD00280CBF012302232B70204609F01B
:10C7800050FF012301460DF10702204609F018F879
:10C790000028DFDB9DF80730204603F00F021B095D
:10C7A0006A702B7101220DF1070109F040FF10B9E9
:10C7B0006B78042B03D901236B7000232B71A268C3
:10C7C0002046203A22F00F02103AA91C09F042FF3D
:10C7D0000028BFD12046E91C09F069FFBBE703230D
:10C7E000CBE700BF848E02000E2A13B5044606D99B
:10C7F0000C4B4FF4CF710C4A0C4807F013FA0E297A
:10C8000001D90B4BF5E741EA02118DF8071009F049
:10C8100008FF012301460DF107022046FFF756FFEE
:10C8200002B010BD70A60200A2A602002DA6020052
:10C8300082A60200F7B50D1E69460CBF17462F46AB
:10C840000446FFF77BFF78B99DF80060022E22D0E6
:10C85000032E0BD0012E26D135B19DF80330032BCA
:10C8600002D1204609F01CFF03B0F0BD002DFBD122
:10C870002046FFF709FF0028F6D157B1204609F0FE
:10C880000FFF0028F0D1002231462046FFF7ACFF11
:10C89000EAE70226F7E76DB90146A268204608F0EC
:10C8A000B9FF0320E0E740F24F21034B034A04485D
:10C8B00007F0B8F90420D7E7E690020094A602003A
:10C8C0002DA6020013B50C4B0C4603EBC00001A9CA
:10C8D0000079FBF797F9014660B9221E18BF0122C3
:10C8E0000198FFF7A7FF0446019808F068FF20466B
:10C8F00002B010BD0124FAE7748D0200064BD3F894
:10C9000040231C2A05D1D3F84403431E5842584102
:10C9100070470020704700BF00C0FF0003689A07FF
:10C920000CD50368DB070DD50922074BC3F80C258E
:10C930000F22C3F8042501221A60FEE7034B0360AF
:10C94000EF3B0360704700BF00801050F000FA50CA
:10C9500008B50123434A4448C2F80038434AD2F894
:10C9600040231C2A04BF424AC2F80C34FFF7D6FF0A
:10C970000830FFF7D3FF0830FFF7D0FF0830FFF78C
:10C98000CDFF00F5F470FFF7C9FF3A4AD2F88C30BA
:10C9900043F44063C2F88C300022D30003F57F03D8
:10C9A00003F54043D3F8001401310AD0D3F8001442
:10C9B00039B1D3F800140132D3F80434402A0B60A3
:10C9C000EBD1284BD3F84024002A47D0FFF796FF3D
:10C9D00048B1264BD3F83423274B9A429EBF214BB4
:10C9E000264AC3F84026FFF789FF18B1244B254A91
:10C9F000C3F8AC27FFF782FF48B13422194BC3F8C4
:10CA00002426D3F83C2622F40022C3F83C26174BF8
:10CA1000D3F840331C2B08D11B4BD3F80026D20788
:10CA200044BF6FF00102C3F8002603231749C1F881
:10CA30001835104BD3F88C2042F44062C3F88C2098
:10CA4000D3F8882042F47002C3F88820BFF34F8FD8
:10CA5000BFF36F8F0023C1F8A03508BDC822C3F80B
:10CA60004024B3E70000125000C50D5000C0FF0085
:10CA70000030055000ED00E0001D0A1840E0A91E3E
:10CA800000A0085078000A0400E0105000B00450E4
:10CA900030B50468ACB1B4FA84F30122C3F11F03CA
:10CAA000DBB29A4024EA0202D0E8EF5FA54204D14B
:10CAB000C0E8EC2FBCF1000FF6D1EAD102480B70B0
:10CAC00030BD0248FCE700BF0000AD0B0200AD0B1B
:10CAD00010B50368CB40DB0710D401238B400268FC
:10CAE00043EA0201D0E8EF4F944204D1C0E8EC1FC2
:10CAF000BCF1000FF6D1F2D1014810BD0148FCE7AE
:10CB00000000AD0B0400AD0B1022054911F8013DEA
:10CB1000013A01330B701B0A01D0002AF6D170478D
:10CB200090180020254B90B004931123244A2549E6
:10CB3000CDE9062308AB059340F61102224BCDE95F
:10CB40000A12089320330C9321230CAA09921F4A3E
:10CB50000090CDE90E230123CDE901320D9320236E
:10CB60001B4A0393D2F8003443F00103C2F80034A7
:10CB70004FF0A34304AA1A600322C3F810D05A63EB
:10CB8000BFF35F8F9A639A6A12F0240F12D1D86BA9
:10CB900010F02300F7D14FF0A34310225A63002274
:10CBA0005A630B4AD2F8003423F00103C2F8003470
:10CBB00010B070474FF0FF30EDE700BF7C8D0200F2
:10CBC0000400002020000020601800201000002039
:10CBD000008004502DE9F04104464FF000088CB06D
:10CBE0006F4608EB0700FFF78FFFFFF79BFF3D46FF
:10CBF000064608BB08F11008B8F1300FF0D11CB19F
:10CC000004F13002944210D10FCD0D4C0FC495E8C1
:10CC10000F0084E80F0010340CAB13E90F0084E818
:10CC20000F0030460CB0BDE8F081396854F8043B81
:10CC30004B4047F8043BE5E74FF0FF36F1E700BF14
:10CC400060180020F0B500204FF480744FF4007598
:10CC50002C4A2D4ED2F800348DB043F00203C2F8B6
:10CC600000342A4B00211C60186458645D631E6008
:10CC70001A6B12F00E0FC2F34207F9D0052FF1D054
:10CC800071B95A68032AF3D9D3F880201A61D3F80E
:10CC900080205A61D3F880209A61D3F88020DA612D
:10CCA0005A68012192002F2AE2D9D3F880206B46DE
:10CCB00030211846154C1D1D03F8012B9D424FEAEB
:10CCC000122201F1FF3115D00029F5D10123104CBA
:10CCD0000C4A84F83930D2F8003423F00203C2F849
:10CCE0000034FFF777FF50B901220023C4E90C2379
:10CCF0000DB0F0BD0029E9D0D4F88020DBE74FF07B
:10CD0000FF30F5E70080045001000400001080515E
:10CD10006018002010B50B4C94F83830012B0CD063
:10CD20004022002120460AF0ACFAFFF78BFF30B911
:10CD30000123054884F8383010BD0448FCE7044856
:10CD4000FAE700BF601800200000AD0B0C00AD0B2F
:10CD50000100AD0BF0B5234D064695F838300C4672
:10CD600085B05BB92049214840F2F713204A08F00A
:10CD7000A2FC40F2F7111E4808F094FC19B170B300
:10CD8000B1F5803F2BD86B6BB3F5803F17D3FFF71E
:10CD900059FFA0B1174805B0F0BD102C68462746D2
:10CDA00028BF1027FFF7B0FEFFF7BCFE0028F1D127
:10CDB00030463A4669460AF057FAE41B3E44002CD6
:10CDC000EBD12046FFF706FF0028E3D1D5E90C326E
:10CDD000013342F10002C5E90C320748DBE707489E
:10CDE000D9E700BF6018002008A70200228F0200C8
:10CDF000CAA602000100AD0B0000AD0B0400AD0B94
:10CE00005F2898BF074B4FEA50129FBF53F822305C
:10CE100000F01F0023FA00F000F0010088BF00209E
:10CE2000704700BF8C8D0200034A4309D35C00F0B9
:10CE30001F001844C0B270472BA8020070B5054609
:10CE40000846FFF7F1FF3C212A791E4B01FB020245
:10CE5000083233F81200C10527D578240026C0F324
:10CE6000432120F4F85023F812002A7904FB0234FD
:10CE70000E3434F8020F10F4807F03D0C0F3432047
:10CE8000814212D00136232EF3D10020C2EB0212D0
:10CE90000A4443F8320078202A7900FB02306030DF
:10CEA000FFF716FE084B984200D170BD07490848AD
:10CEB00040F2EB13074A08F0FEFB40F2EB11054885
:10CEC00008F0F0FB401E00200000AD0B7BA002002C
:10CED000228F020078A7020010B5016804460846B8
:10CEE000FFF78EFF58B9104940F2CA330F4A104875
:10CEF00008F0E1FB40F2CA310C4808F0D3FB01F026
:10CF00001F035F2923604FEA511209D9094940F2F2
:10CF1000D333064A064808F0CEFB40F2D331EBE7A4
:10CF2000054B53F8220010BD2CA00200F99F02000F
:10CF3000228F0200E6900200808D0200072808B5CB
:10CF40000BD90849084840F2D133084A08F0B3FB2E
:10CF500040F2D131054808F0A5FB800000F5807053
:10CF600008BD00BF6EA70200228F020039A7020091
:10CF7000F0B50646002487B0114F019117F8012B38
:10CF800006AB03EBD20313F8143C02F00702D340C4
:10CF900013F0010306D10134032CEFD1002318460E
:10CFA00007B0F0BD074A03AD07CA85E8070055F88A
:10CFB00024100A6A46F824200A62002AEBD0EEE721
:10CFC0003BA802009085020010B504460846FFF712
:10CFD0002BFF3C2303FB0400024B083033F8100006
:10CFE000400B10BD401E002010B504460846FFF758
:10CFF0001BFF3C2303FB0400034B083033F81000F5
:10D00000C0F3400010BD00BF401E002010B5044614
:10D010000846FFF709FF3C2303FB0400044B0830DC
:10D0200033F8100010F01C0018BF012010BD00BF25
:10D03000401E002010B504460846FFF7F5FE3C23CD
:10D0400003FB0400034B083033F81000C0F340101A
:10D0500010BD00BF401E002010B504460846FFF773
:10D06000CFFE58B91B4940F21E231B4A1B4808F04B
:10D0700022FB40F21E21184808F014FB24792046B8
:10D08000FFF7B2FF48B1164940F21F23124A134876
:10D0900008F011FB40F21F21EDE72046FFF7B6FF35
:10D0A00048B910494FF408730B4A0C4808F003FBC9
:10D0B0004FF40871DFE72046FFF7BCFF30B1204690
:10D0C000FFF782FFBDE81040FFF738BF4FF4A270B2
:10D0D00010BD00BFB6A7020078A70200228F020091
:10D0E000D7A70200F5A7020010B504460846FFF7CF
:10D0F0009BFE3C2303FB0400034B083033F8100075
:10D1000000F0010010BD00BF401E002078232DE973
:10D11000F04F6F4C0E460C1BB4FBF3F4D0F8141315
:10D12000DFF8B8B1C9B28BB041F400315BF83420FC
:10D13000009009F050FB8103054638D50023E70035
:10D140000BEBC404CDE907330993636807A81946BC
:10D150000193FFF70DFF3B1D03934FF0000A5D4B5A
:10D160000DF11C090293029A12F8013B0292039AF4
:10D1700002EBD3021BF8022003F0070322FA03F3A9
:10D18000DA071AD40AF1010ABAF1030F09F1040906
:10D19000E9D14FF400310022009809F01CFB0199FD
:10D1A00007A8FFF7E5FE0028D7D125F400350124B4
:10D1B000002D76D10BB0BDE8F08F474B534404935C
:10D1C000D9F800100029DDD091FAA1F1B1FA81F16E
:10D1D000049B1C7841EA44142046FFF725FE0830E2
:10D1E00036F81080C8084FEA98030593012319F810
:10D1F000002001F0070103FA01F122EA010209F817
:10D20000002006A80694FFF767FE069A059B2032C9
:10D2100050F82220C8F382075B07B846C2F30142E8
:10D2200023D521463046D7B2424609F04DFA06A82A
:10D230000694FFF751FE069B203350F82330C3F3CA
:10D2400001439F4207D10021204609F0A9FA39463F
:10D25000204609F0A5FA06A80694FFF73DFE012234
:10D26000069B02FA03F30362AAE7022A0DD1032107
:10D27000204609F095FA07F00503012BEBD1424651
:10D280002146304609F020FAE5E7022120460592C2
:10D2900009F086FA032FF2D0059A032ADBD1022F78
:10D2A000ECE795FAA5F3B3FA83F3009904FA03F2D5
:10D2B00025EA020503F5A27251F8222006EB43038A
:10D2C0003046B3F86410C2F3014209F0FDF96FE78C
:10D2D000401E00203BA802003BA80200988D0200DF
:10D2E000F7B5044600790D46FFF7FEFE002836D05C
:10D2F000204609F09CFA277929463846FFF79AFE1E
:10D3000058B13846FFF760FE0022266800B206EBEF
:10D310008003C3F81025C3F8102529462046FFF7DF
:10D320008DFD2846FFF780FD3C222379019502FB05
:10D33000030000220B4B083023F8102001A8FFF750
:10D34000CBFD019B00EB8300D0F88020064B1340FF
:10D3500043F00203C0F88030044803B0F0BD044835
:10D36000FBE700BF401E0020F0F0FCFF0000AD0B0B
:10D370000400AD0B2DE9F04F9046044685B00846F9
:10D38000FFF752FDD8F800900D4607462679B9F10F
:10D39000000F1ED0204609F012FA50BB4B46CDE9D3
:10D3A00000008DF80E008DF80F000DF10F020DF149
:10D3B0000E01284609F0A7F93C2303FB06735E49DA
:10D3C000083331F8132022F0020242F0010221F862
:10D3D0001320D8F80430002B3FD02946207993F849
:10D3E0000090D3F804A0FFF7FFFD20B1BAF1000FC1
:10D3F00026D0524835E03C227243DFF83CE102EB94
:10D40000070C0CF1080C3EF81C3023F02003DB0461
:10D41000DB0C2EF81C30BAF1000F11D0B9F1030F5C
:10D42000E7D8D8F804102068496891F800A000EB0C
:10D430008A00B9F1000F17D1C0F81095C0F8109507
:10D440003C2303FB06763C4A083632F8163023F0BC
:10D450001C0343EA890322F81630D8F8083063BB6E
:10D46000374805B0BDE8F08FD0F810B552442BF026
:10D47000030BC0F810B5206843EA4A3300EB8A0179
:10D48000D1F810050EEB420220F4473020F47C70F6
:10D49000C1F8100541F6F070D1F810B500EA05109A
:10D4A00040EA094040EA0B0043F02003C1F81005B0
:10D4B000A2F864502EF81C30C2E72946D3E9008652
:10D4C0002046FFF7BBFCB8F1000FC9D078232079C4
:10D4D000194D4343EA18EB58984504D153689E42CE
:10D4E00001D100220CE0782303FB00500DF10F0165
:10D4F0006030FFF7CDFA124B9842B2D19DF80F2061
:10D500003C212379C3EB0313134445F8338023797B
:10D51000C3EB0313134405EBC3035E60237901FBE4
:10D520000373083335F8131041EA422242F4807243
:10D5300025F8132094E700BF401E00200400AD0B27
:10D540000000AD0B2DE9F043054685B00846904636
:10D550001F46FFF769FC0E460446B8F1000F2DD0B8
:10D5600095F804904846FFF73FFD18B94846FFF785
:10D5700061FD50BB31464846FFF748FD18B198F8A9
:10D580000130012B21D001238DF80F30002308F149
:10D590000102CDE900830DF10F0108F102033046CD
:10D5A00009F0B1F83C222B792F4902FB03430833E1
:10D5B00031F8132042F0030221F81320002F50D03D
:10D5C00031462879FFF710FD18B9284805B0BDE8A5
:10D5D000F08300214FF03C0E38782B68820003EB7B
:10D5E0008003C3F81015C3F810152B791E490EFBE4
:10D5F0000343083331F813C02CF4604C2CF0200C9A
:10D6000021F813C097F801C0BCF1000F29D02B6896
:10D61000BF781A44D2F81085154B4FEA0C4C08EA33
:10D620000303C2F8103541F6F0730CF4403C03EAF2
:10D6300006133F05D2F8108543EA0C0307F4801760
:10D640003B4343EA0803C2F810352B790EFB034431
:10D65000083431F8143043EA403343F0200321F812
:10D6600014300448B2E700BF401E00200400AD0B98
:10D670000FE0ECFF0000AD0B30B578250479044BCA
:10D6800005FB0434A160017905FB0133DA6030BD8C
:10D69000401E002070B514465AB91049104840F297
:10D6A0004D33104A08F007F840F24D310D4807F0AD
:10D6B000F9FF06793046FFF7BDFC68B10846FFF771
:10D6C000B3FB3C2303FB0600074B083033F8103054
:10D6D00006485B0B237070BD0548FCE716A80200E6
:10D6E000228F020078A70200401E00200000AD0B30
:10D6F0000400AD0B2DE9F8438046077978201C4ED5
:10D7000000FB076393F8744084BB1846A146462289
:10D710002146103009F0B5FD98F80420154BD8F8D3
:10D72000005053F83280A04513D10023C5F30830D0
:10D73000C5F844310130D5F84431FAF721FD78239A
:10D7400003FB076601230C4886F874303366BDE896
:10D75000F883E0B2FFF7F2FBA0F580739B08112B72
:10D7600004BF45F800902B580134DCE70348EEE78E
:10D77000401E0020988D02000000AD0B0C00AD0B88
:10D7800078210279044B01FB023393F874000038CE
:10D7900018BF0120704700BF401E00200079024BD7
:10D7A00003EB8000FFF794B9580400200079024B86
:10D7B00003EB8000FFF76CB9580400202DE9F74314
:10D7C00090F80490044648460D461646FFF71EFCA6
:10D7D00058B9354940F25343344A354807F06BFF96
:10D7E00040F25341314807F05DFF4846FFF722FC05
:10D7F000276800B34846FFF7F7FB8046D8B948468C
:10D80000FFF7E2FB0546FFF799FB47F800803B581E
:10D8100023682AB203EB8203D3F8102542F00102F9
:10D82000C3F8102526B101232268AB40C2F8143397
:10D8300003B0BDE8F083D7F814339B035CBF4FF40B
:10D840000033C7F814334EB91A4940F26D43174AF2
:10D85000174807F030FF40F26D41C3E72846FFF755
:10D86000E3FA3C22237902FB0300134B083033F820
:10D870001030C3F38203042B11D0052B11D001A863
:10D880000195FFF729FB019BC168D94001F0010117
:10D890000231284603B0BDE8F04308F081BF032100
:10D8A000F7E70221F5E700BFF5A7020078A702001D
:10D8B000228F020020A80200401E002001490248D9
:10D8C000FFF724BC401E002000A00D500149024873
:10D8D000FFF71CBCB81E002000C0105008B5154B47
:10D8E000027AD3F8101521F001010A43C3F810257C
:10D8F0000268B2F5803F0BD30F4940F2A4730F4A80
:10D900000F4807F0D8FE40F2A4710C4807F0CAFE99
:10D91000C3F8A4264268FF2A09D90A4940F2AF7326
:10D92000064A074807F0C7FE40F2AF71EDE7C3F8BB
:10D93000AC2608BD00200E5071A802003EA80200CF
:10D94000228F020099A802000B2808B50BD90A49BA
:10D950000A4840F243730A4A07F0ADFE40F24371B1
:10D96000074807F09FFE0023000100F1A04000F5EA
:10D970006220C0F82C3508BDBFA80200228F02002B
:10D980003EA8020070B5044648B910491048CD239E
:10D99000104A07F090FECD210E4807F083FE0E4E90
:10D9A000007A331893F85450FFF7CEFF0C2303FB93
:10D9B00005632268DA6062681A610122217A1975AA
:10D9C000B3688A401343B36070BD00BF0FA9020063
:10D9D000228F0200D3A80200180300200B2808B5EC
:10D9E0000BD90B490B4840F2EB430B4A07F063FE9F
:10D9F00040F2EB41084807F055FE000100F1A0405D
:10DA000000F56220D0F82415D0F8200508BD00BF2D
:10DA1000BFA80200228F02003EA802000B2808B512
:10DA20000BD9114940F2DB43104A114807F043FE7D
:10DA300040F2DB410D4807F035FEB3F5801F09D3F6
:10DA40000C4940F2E143094A094807F034FE40F22C
:10DA5000E141EFE7000100F1A04000F56220C0F8CD
:10DA60002025C0F8243508BDBFA802003EA802004A
:10DA7000228F02001BA90200012303FA00F010F01C
:10DA8000670F0AD0064B5B68DB4303F06703034272
:10DA9000044B054818BF184670470448704700BF3C
:10DAA000180300200000AD0B0400AD0B0800AD0B07
:10DAB0002DE9F0481B4B1B78012B0BD01A494FF472
:10DAC0008B731A4A1A4807F0F6FD4FF48B7117480A
:10DAD00007F0E8FD48B9174940F21713134A1448F4
:10DAE00007F0E9FD40F21711F1E7EFF31181402350
:10DAF00083F31288BFF36F8F4FF0FF356FF0404410
:10DB00000D4ED6E900BC5D4574EB0C07F9D3CCF3A0
:10DB10001303C0E900B381F31188BFF36F8F074887
:10DB2000BDE8F0881803002038A90200D3A802003D
:10DB3000228F020061A9020040270E500000AD0BA9
:10DB4000F0B54F4D85B02C78002C40F095804D4AB3
:10DB500001AB07CA83E807004B491846D1F81025E6
:10DB600022F00202C1F81025FFF7B8FE0723672252
:10DB700002F001012144013BCCB24FEA5202F7D13D
:10DB8000052C7BD119464FF0010C3D4E0024672037
:10DB9000CFB204E00CFA02F220EA0200013490FA5B
:10DBA000A0F25FFA84FEBE45B2FA82F2F2D30131EE
:10DBB000327505292A4482F8547006F10C06E5D125
:10DBC0000121002431489A0801FA02F212F0670F8D
:10DBD00018BF1C500433302BF5D1E420FAF7D0FAEB
:10DBE000294B0124D3F810255D2022F00202C3F84E
:10DBF000102540F6FF72C3F828230022C3F88021C5
:10DC0000C3F88020C3F88421C3F88420C3F8882196
:10DC1000C3F88820C3F88C21C3F88C20C3F8902166
:10DC2000C3F89020C3F89421C3F89420C3F8982136
:10DC3000C3F89820C3F89C21C3F89C20C3F8A02106
:10DC4000C3F8A020C3F8A421C3F8A420C3F8A821D6
:10DC5000C3F8A820C3F8AC21C3F8AC201C660C4B59
:10DC60000C4A1B68B3FBF2F358430B4B2343984712
:10DC70000A482C7005B0F0BD0948FBE70948F9E7F0
:10DC8000180300209C85020000200E5000210E5039
:10DC90005404002040420F00008902000000AD0B38
:10DCA0000C00AD0B0100AD0BF7B53D4C06462378DB
:10DCB0000D46012B0BD03B4940F213233A4A3B4817
:10DCC00007F0F9FC40F21321374807F0EBFC49B9A3
:10DCD00037494FF40573344A344807F0ECFC4FF4ED
:10DCE0000571F1E7277D4FB1324940F215232E4AE5
:10DCF0002E4807F0E0FC40F21521E5E7636804F1E7
:10DD0000140103F0010301A80193FEF7C1FE2A4BA1
:10DD100098423CD12F70636823F001036360A368CD
:10DD200043F00103A360254BD3F81025950732D4A7
:10DD3000D3F8102542F00202C3F81025C6B1D3F87B
:10DD4000482712F0010202BFD3F8481741F0010141
:10DD5000C3F84817194BD3F84017D3F844174C00B1
:10DD6000F9D42AB9D3F8482722F00102C3F848278A
:10DD7000134B144A1B68B3FBF2F3104A03EB431333
:10DD80005BB1D2F84017D2F84417490001D403B070
:10DD9000F0BD013BF4E70C48F9E70C48F7E700BF9A
:10DDA0001803002038A90200D3A80200228F020025
:10DDB0006BA902007DA902000000AD0B00200E50EF
:10DDC0005404002040420F000C00AD0B0700AD0BC7
:10DDD0002DE9F0472A4D1F462B78044690469DF8C2
:10DDE00020905BB9274940F2F623274A274807F0DD
:10DDF00062FC40F2F621244807F054FC48B924495B
:10DE000040F2F723204A214807F055FC40F2F72161
:10DE1000F1E7007AFFF730FE1E4B064698422CD100
:10DE20002046FFF7AFFDEFF3118A402383F31288FA
:10DE3000BFF36F8F227A184B9200134400221A60AE
:10DE4000207A42463B46FFF7E9FD8AF31188BFF38B
:10DE50006F8FB9F1000F10D00123227A883503FAB1
:10DE600002F2D5E8EF1F1143C5E8E01F0028F8D102
:10DE7000227A9340094AC2F824333046BDE8F0873D
:10DE8000180300209FA90200D3A80200228F0200DD
:10DE90000FA902000000AD0B00210E5000200E5013
:10DEA0002DE9F7432C4B2D4FD3F82C6307F188094C
:10DEB00016B903B0BDE8F08396FAA6F80123B8FAC4
:10DEC00088F803FA08F3D94326EA030607EB0803A8
:10DED00093F854500C2303FB0573187D40450BD079
:10DEE0001F49204840F2B7331F4A07F0E4FB40F2D5
:10DEF000B7311D4807F0D6FB1C4CDB684FEA88029F
:10DF000014441BB3D9E8EF3F03EA0102C9E8EC2F40
:10DF1000BCF1000FF6D123FA08F3DB0711D5FFF7A8
:10DF20005DFD02460B4621680029C1D00021216019
:10DF30000C2101FB0575296940460091E968884775
:10DF4000B6E707EBC503D3E91823ECE72268002AFC
:10DF5000AED02360ACE700BF00200E5018030020B5
:10DF6000CAA90200228F0200D3A8020000210E508D
:10DF700010B55AB92D4940F251332D4A2D4807F0BA
:10DF80009AFB40F251312A4807F08CFB13684BB9D9
:10DF9000294940F25E33264A264807F08CFB40F2BE
:10DFA0005E31F0E7242404FB0104C4F804379388AD
:10DFB0004BB9224940F26B331D4A1E4807F07BFBE8
:10DFC00040F26B31DFE75B00B3F5004F09D31C492A
:10DFD00040F26D33164A174807F06DFB40F26D3181
:10DFE000D1E7C4F808379368B3F1807F09D31549A6
:10DFF00040F27A330E4A0F4807F05DFB40F27A3167
:10E00000C1E700EB4110C0F82835D368B3F1807F39
:10E0100009D30D4940F28333054A064807F04BFB0C
:10E0200040F28331AFE7C0F82C3510BDEEA90200F5
:10E03000BAA00200228F020003AA02001BAA02005B
:10E0400027AA020058AA020079AA020008B50368AC
:10E050005F2B4FEA531107D80C4A03F01F0352F805
:10E060002120DA40D2070BD409490A4840F2CA33CA
:10E07000094A07F020FB40F2CA31074807F012FBBB
:10E080000360064B53F8210008BD00BFB48D0200A9
:10E090002CA00200228F0200F99F0200A88D02002E
:10E0A000142370B505790A4C6B43E618E35833B96D
:10E0B0000221006808F0F7FB08B101233372142332
:10E0C00003FB0544207A023818BF012070BD00BF51
:10E0D000301F00202DE9F74F0B7F06460C461BB37F
:10E0E000677F218B94F815C0A57D94F81AE0E07E37
:10E0F00033685FB9D4E90198E7682268C3F86025FE
:10E10000C3F86495C3F86885C3F86C750A0440D5F4
:10E110003A493B4840F246333A4A07F0CCFA40F2DB
:10E120004631384807F0BEFA4FF00108DFF8D8A0B2
:10E130000D1F01F1100701F10C0955F804BFBBF1E7
:10E14000FF3F1AD03B78CDF804B001A8D3B1FFF758
:10E150007DFF019B08FA03F3436001A8CDF804B0EA
:10E16000FFF774FF019B00EB8300D0F8803003EAD7
:10E170000A0343F00303C0F88030A94507F1010703
:10E18000DBD1ADE7FFF762FF019B08FA03F3836081
:10E19000E3E7C3F80CC5C3F8045500254EEA002296
:10E1A000C3F80815C3F8102530680F34C0F81051B3
:10E1B000D0F81021C0F80851D0F80821C0F80C514F
:10E1C000D0F80C21C0F30830F9F7DAFF012014F879
:10E1D000011F336800FA05F251B1D3F818150A434C
:10E1E0000135042DC3F81825F1D103B0BDE8F08F37
:10E1F000D3F8181521EA0202F2E700BF9CAA020038
:10E20000228F0200BAA00200F0F0FCFF2DE9F041DD
:10E21000142690F804800D4C06FB08F6A71997F811
:10E2200008C0BCF1000F0ED1A2517B6019B10B7F69
:10E230003B74FFF74FFF142303FB084401230448FA
:10E240002372BDE8F0810348FBE700BF301F0020C8
:10E250000000AD0B0C00AD0B2DE9F041154614226A
:10E260001F46037904462B4803EB830600EB860622
:10E2700002FB0300037A88465BB9274940F2671323
:10E28000264A274807F017FA40F26711234807F09B
:10E2900009FA4DB923494FF4B473204A204807F0D6
:10E2A0000AFA4FF4B471F1E70B6803F06043B3F17D
:10E2B000005F09D01C4940F26913184A184807F05A
:10E2C000FAF940F26911E1E70A4620680021FFF7F8
:10E2D0004FFE424601212068FFF74AFE226805F002
:10E2E000010303EB5505C2F81455FA0710D417F0D3
:10E2F000020203D0002B14BF08220422216820460A
:10E30000C1F800223A463146BDE8F04108F0F5BABE
:10E310001022F3E7301F002001AB0200BDAA02006B
:10E32000228F02002DAB020040AB0200142370B517
:10E33000164D0679044603FB06531B7A5BB9144954
:10E34000144840F2BF13144A07F0B5F940F2BF1168
:10E35000114807F0A7F900220368C3F80022012240
:10E3600003685A6069B12046FFF79AFE0028FAD088
:10E3700000222368C3F80025142303FB065501235C
:10E380002B722046BDE87040FFF78ABE301F002088
:10E3900001AB0200228F0200BDAA0200142108B5C1
:10E3A0000A4B027901FB02331B7A5BB90849094821
:10E3B00040F2DD13084A07F07EF940F2DD1106480D
:10E3C00007F070F9BDE80840FFF76ABE301F002073
:10E3D00069AB0200228F0200BDAA0200B22110B573
:10E3E0001A4808F060FAC106044608D5184BDA68E6
:10E3F000520704D51A6812B1012059689047A00647
:10E4000008D5134BDA68110704D51A6812B1022037
:10E4100059689047220608D50D4BD86810F01000B7
:10E4200003D11A680AB159689047A3070DD5002295
:10E43000064BC3F800250122054B1A721A6822B157
:10E44000BDE8104003205968104710BD00200D5052
:10E45000301F0020064C08B50649074840F2A923A2
:10E46000224607F028F940F2A921204607F01AF9C0
:10E47000ADAB0200E1AB0200228F0200202908B5FB
:10E4800001D9FFF7E7FF054B40EA0120C3F800057B
:10E49000D3F80024D207FBD508BD00BF00B004505C
:10E4A000054B93F86000431E012B03D9043818BFB5
:10E4B0000120704700207047441F0020002010B545
:10E4C000154A1649C2F8000591F86140D2F80433A4
:10E4D00081F860400C6823F033030CB143F0230350
:10E4E000C2F81C01D2F81C41C2F81801D2F8184138
:10E4F000C2F80801D2F8082191F86520D00791F8F8
:10E50000662048BF43F08003D207034A48BF43F068
:10E510004003C2F8003310BD00500D50441F0020CE
:10E5200070B5002301264FF0FF340D4A92F86210B7
:10E5300018B90BB182F8621070BD90FAA0F3B3FA6B
:10E5400083F306FA03F5043342F8334002EBC303C6
:10E550005C6020EA0500012321EA0501E8E700BF2D
:10E56000441F002038B548B914498123144A15487E
:10E5700007F0A1F88121124807F094F8FF2807D985
:10E58000114982230E4A0F4807F095F88221F2E7DD
:10E590000E4B082493F8625001220023104203D04E
:10E5A000154208D00133DBB2013C4FEA4202F5D1FB
:10E5B00007480B7038BD0748FCE700BF44AC0200B9
:10E5C00007AC0200228F020058AC0200441F00205A
:10E5D0000000AD0B0400AD0B73B50023044601AA87
:10E5E0000E464FF48071019308F0B1F94FF48A712F
:10E5F000204608F0ACF94FF482710546204608F039
:10E60000A6F920B11EB115B1144BD3F8343601AAC6
:10E610004FF48471204608F09AF94FF48671204631
:10E6200008F095F94FF48871204608F090F90C4BEA
:10E63000234083B14FF48E75294601AA204608F085
:10E6400086F9291F0835204689B2ADB208F07FF956
:10E65000B5F5AE7FF0D1019802B070BD00500D50FD
:10E66000C0FF3F0010B58368013309D12A492B4808
:10E6700098232B4A07F01FF89821294807F012F831
:10E680004288017CB2F5A07F0AD3264940F24C5360
:10E69000254A224807F00FF840F24C512248EDE796
:10E6A0008379072B09D9214940F24F531E4A1B4851
:10E6B00007F001F840F24F51F0E71B0743EA02432D
:10E6C0004278120302F4805213430278120202F4D9
:10E6D000E06213434279D20202F4006213430279EA
:10E6E000D20392B213430A0102F1502202F55022E2
:10E6F000C2F8183584680E4B0A1D43F83240C068D2
:10E7000003EBC2025060012202FA01F193F8622089
:10E710000A4383F8622010BD7BAC0200228F020006
:10E7200007AC0200E7AC0200B3AC020005AD02008A
:10E73000441F0020F0B50025314C059E84F865503B
:10E7400084F86650A5602561266084F86300A5837F
:10E750002C4CC4F8F015C4F8F42516B32322C4F8E1
:10E76000002300254FF0010C254F264E0CFA05F230
:10E77000024005F1510417D1210106EB0414725037
:10E78000626006EB0514D4F81815013521F4006118
:10E7900041EAC222082DC4F8182507F10807E5D17F
:10E7A000F0BDC4F80063DCE7D7E90821B2F1FF3F10
:10E7B00023D05FEA123E05BF4FEA521E02F01F024D
:10E7C000A2F5805242EA0E2214BF42F0004242F00B
:10E7D00080424FEA041E46F80E204A1C0FBF00215B
:10E7E0004A0901F01F0141EA022118BF41F08041AE
:10E7F00006EB04141A466160C3E70022E9E700BF94
:10E80000441F002000500D5070B51F4D95F860401A
:10E81000002C37D10126FF2085F86060FFF780FECD
:10E820001A4B1B49C3F80041D3F80021C3F8044137
:10E83000D3F80421C3F81041D3F81021C3F81441D0
:10E84000D3F814311C239A0806FA02F212F0330F9F
:10E850001FBFA3F1AF22A2F57202146012681A1F43
:10E86000920806FA02F212F0330F1CBF5C505A589D
:10E8700008335C2BE7D1D520F9F782FC002305484B
:10E880002B6070BD0448FCE7441F002000500D5071
:10E89000FC500D500000AD0B0C00AD0B08B5134B38
:10E8A000024693F860305BB911494FF4B373114AD3
:10E8B000114806F000FF4FF4B3710E4806F0F2FE67
:10E8C00048B90E4940F267130A4A0B4806F0F3FEB6
:10E8D00040F26711F1E7FFF7E3FD20B91046FFF7BB
:10E8E000C1FE074808BD0748FCE700BF441F0020E1
:10E8F00022AD020007AC0200228F020016A802001F
:10E900000000AD0B0B00AD0B08B5094B93F8602070
:10E910005AB90849084840F27513084A06F0CBFE78
:10E9200040F27511054806F0BDFE93F8620008BD7F
:10E93000441F002022AD0200228F020007AC02001B
:10E940002DE9F0431B4F994697F8603005468846FD
:10E95000164685B05BB91849184840F28D13184A1D
:10E9600006F0A9FE40F28D11154806F09BFEFFF758
:10E9700097FDE8B928460DF10F01FFF7F3FD114BA4
:10E980000446984210D1331E18BF01233246414637
:10E990002846CDF80090FFF7CDFE9DF80F3087F8A0
:10E9A0006430022387F86030204605B0BDE8F0836C
:10E9B000054CF9E7441F002022AD0200228F02001F
:10E9C00007AC02000000AD0B0B00AD0B2DE9FF47BB
:10E9D000374E994696F8603080468A4615465BB9B0
:10E9E000344940F2B713344A344806F064FE40F22A
:10E9F000B711314806F056FE4AB931494FF4DC737D
:10EA00002D4A2E4806F057FE4FF4DC71F1E7FFF770
:10EA100047FD0746002847D140460DF10F01FFF79B
:10EA2000A1FD284B044698423AD16B8833B19DF83A
:10EA30000F30012B3AD8B9F1000F37D02A786B7814
:10EA40002AB123B99DF80F1001292FD8012751466B
:10EA50004046CDF80090FFF76DFE6B881A4A8BB1E7
:10EA6000A3F10801B1F5FF6F0AD31849134840F22A
:10EA70002553174A06F01FFE40F225511448B9E706
:10EA800043F48053C2F8F8359DF80F3086F86430AF
:10EA90002B7986F8687086F86730042386F8603032
:10EAA000204604B0BDE8F0870A4CF9E70A4CF7E7C6
:10EAB000441F002022AD020007AC0200228F02009A
:10EAC000F8AA02000000AD0B00500D5076AD020018
:10EAD000B3AC02000B00AD0B0300AD0B38B5224BFD
:10EAE00093F860205AB9214921484FF4FA73214A1A
:10EAF00006F0E1FD4FF4FA711E4806F0D3FD1C69E3
:10EB000064BB00F06044B4F1005F29D193F8644025
:10EB1000B1FBF4F504FB151525BB0DB2002D21DD6D
:10EB2000052A05D8032A0BD8022A0ED0124838BD70
:10EB3000062AFBD1114A4C00C2F82C06C2F8304616
:10EB40009A6842B1C3E9040103E08C420AD1C3E9E7
:10EB500002040B48EBE7C3E90201FAE70948E6E7DC
:10EB60000948E4E70948E2E7441F002022AD02001B
:10EB7000228F020007AC02000500AD0B00500D50C3
:10EB80000000AD0B0C00AD0B0A00AD0B0600AD0B89
:10EB90002DE9F341614C94F860205AB9604940F284
:10EBA0002D23604A604806F086FD40F22D215D4825
:10EBB00006F078FD012A09D15C4940F22E23594A1A
:10EBC000594806F078FD40F22E21F0E7A368002BAB
:10EBD00000F0A180022A05D0042A36D0544802B0A1
:10EBE000BDE8F0810120534AC2F80005E1682568BC
:10EBF00081404DB1032584F86050C2F82C36C2F82C
:10EC0000301610604C48EAE7C2F82C36C2F83016CD
:10EC1000106000210120FFF7DFFC0028F9D001235C
:10EC2000444C464D636029460220FFF7D5FC00287E
:10EC3000F9D00023C4F80831D4F80821C4F80C3105
:10EC4000D4F80C21C4F80035DCE70120394AC2F8B9
:10EC50000005216839B1052184F86010E168C2F827
:10EC60002C368140CBE794F86410A58B019103EB1F
:10EC7000450349000093C2F82C36C2F830161060E4
:10EC800000210120FFF7A8FC0028F9D094F8683093
:10EC90005BBB0123274D6B6069460220FFF79CFC9C
:10ECA0000028F9D00022C5F80821D5F80831C5F8A8
:10ECB0000C21D5F80C31A18B94F864300B44E16839
:10ECC0009BB28B42A38321BF1C4BA283D3E90201D9
:10ECD00022614FF0000228BFC3E90001154B2CBF91
:10ECE00015481748C3F8002579E74FF001080026BA
:10ECF000104FD7F8F455EDB208FA05F5013DB542CD
:10ED0000C7D9C7F8048000210420FFF765FC00285C
:10ED1000F9D00136F3E70B4861E700BF441F00203C
:10ED200022AD020007AC0200228F02009DAD02005E
:10ED30000500AD0B00500D500000AD0B4C1F002026
:10ED40000B00AD0B0200AD0B70B5344E024696F8C9
:10ED5000601059B93249334840F2D123324A06F0A3
:10ED6000AAFC40F2D121304806F09CFCFFF798FB4A
:10ED7000002851D1072386F8603001232B4C86F8F8
:10ED800061107260C4F80035D4F80453C4F800036D
:10ED9000E3603AB125F0C00545F033052448C4F8D6
:10EDA000005370BD00211020FFF716FC0028F9D099
:10EDB0000023C4F80431D4F804311E4BC4F82C36B7
:10EDC0000423C4F830360123236000210120FFF71B
:10EDD00003FC0028F9D00123144CA360002120205B
:10EDE000FFF7FAFB0028F9D00023C4F80431D4F867
:10EDF0000421C4F80831D4F80821C4F8003596F885
:10EE0000612086F86020C4F81C31D4F81C21C4F8B5
:10EE10001831D4F81831C1E70748C2E7441F002071
:10EE200022AD0200228F020007AC020000500D50FC
:10EE30000000AD0B5C1F00200B00AD0B7FB5332035
:10EE40006349FFF7C9FB10F0100F0546604E0BD069
:10EE50001022604BC3F80823B218C3F82C260422F2
:10EE6000C3F8302601221A605B4CAA0694F8603081
:10EE700010D5072B07D0574BD3F83436C3F34E03C6
:10EE8000E36000232361534BD3F80433DB0601D541
:10EE9000FFF714FBA80718D50022A16894F860308A
:10EEA0000291E168062B8DF80420ADF80C1018D003
:10EEB000072B35D0032B08D1464BC3F8002502237E
:10EEC00084F86030236801A89847E90750D594F882
:10EED0006030033B042B4BD8DFE803F05B4A294248
:10EEE0005F0094F8673023B1236913B10122394BD5
:10EEF0001A60236801A89847384B93E80300002361
:10EF000086E803002361A368002BDED1314AC2F8F2
:10EF10000035042384F8603005238DF80430D1E7F0
:10EF2000FFF7CCFA02238DF804306368CBE70423A3
:10EF300001A88DF8043023689847264BD3F8F825AC
:10EF4000D20444BF01225A600623216984F860304C
:10EF500031B163691F4A5B00C2F82C16C2F8303623
:10EF600023692BB9032301A88DF80430236898473F
:10EF700094F86030072B0AD0164B1948D3F80433A5
:10EF800000211840FFF728FB012685094DB904B080
:10EF900070BD01220F4B5A60EAE701220D4B9A60C7
:10EFA000E6E795FAA5F3B3FA83F306FA03F225EA46
:10EFB00002055A08DB4303F001038DF809308DF890
:10EFC000046023688DF8082001A89847DEE700BF99
:10EFD0004C1F002000500D50441F0020541F0020E3
:10EFE000C0FF3F0008B503685F2B4FEA531107D8F5
:10EFF0000C4A03F01F0352F82120DA40D2070BD449
:10F0000009490A4840F2CA33094A06F054FB40F263
:10F01000CA31074806F046FB0360064B53F821004F
:10F0200008BD00BFCC8D02002CA00200228F020080
:10F03000F99F0200C08D020073B51446421C0646BB
:10F040000D4618D0012902D1BBB107F003FD01A87C
:10F050000196FFF7C7FF019B094A00EB8300D0F838
:10F060008010A30043EA45032B430A40134343F4B3
:10F07000A063C0F8803002B070BD07F0F7FCE6E78F
:10F08000F0F0FCFF03460E4A10B50E480E4CA342AA
:10F0900018BF1046B0FBF1F201FB120082420DD9FD
:10F0A00012F001000AD17E2A07D8A34214BF02231E
:10F0B00004239A4234BF0020012010BD0020FCE749
:10F0C0000024F4000020A10700A004502DE9F74F10
:10F0D00091F8213006460C4690F804A0002B00F071
:10F0E000A4804FF0010891F8229032687E487F4D4D
:10F0F0007F496369824208BF0D46B5FBF3F57D4B3E
:10F100007D4FD3F840331C2B14D1022D40F2918057
:10F11000237E13F0FD0F40F08C806B080133DBB2CF
:10F12000994538BF9946242303FB0A739A7F42F01E
:10F1300008029A77242202FB0A7394F82300997F2D
:10F1400060F3000199773379217C02FB03739A7F86
:10F1500061F341029A7794F823B0BBF1000F23D1F9
:10F16000237E5A46012B94BF0023012301212068EE
:10F17000FFF762FF5B465A4601216068FFF75CFFBC
:10F180005B465946A27EA068FFF756FF237C5A468D
:10F190000121E06883F00103FFF74EFF01235A4687
:10F1A0001946E069FFF748FF2423B8F1000F47D064
:10F1B0004FF0FF3203FB0A731A62637EA07C217E4C
:10F1C000D4F80CC094F81080019394F824E094F8DB
:10F1D00020A03368BEF1000F12D1D4E900B2D4F8F8
:10F1E00008E0E469C3F800B6C3F80426C3F808E6EB
:10F1F000C3F80C46C3F810C6C3F8B885C3F8B09579
:10F20000C3F8C005384883420CBF04200220854261
:10F2100029D23A494FF49C63394A3A4806F04BFAEE
:10F220004FF49C61364806F03DFA98464FF00209CB
:10F230005BE7242303FB0A739A7F6FF3C30278E72B
:10F2400003FB0A7AE2689AF81E30CAF82020227C72
:10F250004FF0FF3C62F341038AF81E30637EA07CCE
:10F26000217E0193B1E77E2D09D9274940F2E14380
:10F27000234A244806F01FFA40F2E141D2E7EA07A8
:10F2800009D5224940F2E2431D4A1E4806F013FA0E
:10F2900040F2E241C6E7019AC3F82C55003A18BF84
:10F2A0000122022916D0032917D0012901D142F0E9
:10F2B0000202C3F854252422C3F8ACA53379534382
:10F2C000FB586BB13068C0F3083003B0BDE8F04FB5
:10F2D000F8F756BF42F00402EBE742F00602E8E717
:10F2E00003B0BDE8F08F00BF00A004500024F4007C
:10F2F0000020A10700C0FF00B01F0020F9AD0200F0
:10F30000C6AD0200228F020045AE020093AE02009D
:10F31000431C07B50ED0019001A8FFF763FE019BC7
:10F3200000EB8300D0F88020044B134043F002032D
:10F33000C0F8803003B05DF804FB00BFF0F0FCFFC4
:10F340002DE9F84F0446914698460D4659B918499B
:10F3500018484FF41673184A06F0ADF94FF41671B9
:10F36000154806F09FF924230779DFF85CB05F4366
:10F370000BEB070696F81CA0BAF1000F13D14969F0
:10F380000068FFF77FFE80B1204629464BF80790C2
:10F39000C6F80480FFF79AFE0123084886F81DA0EE
:10F3A0003377BDE8F88F0648FBE70648F9E700BF6A
:10F3B000F8AA0200228F0200ACAE02000000AD0BE2
:10F3C0000C00AD0B0400AD0BB01F00202DE9F8437D
:10F3D00024270679264D7743EB191B7F04465BB93A
:10F3E0002449254840F2B923244A06F064F940F242
:10F3F000B921224806F056F90068C0F30830F8F742
:10F40000CDFEEB5953B123681D4A06EBC601C3F884
:10F410000823206805EB810107F003FB242707FB85
:10F4200006572368D3F80006D3F80486D3F8089665
:10F43000BB7FDB0714D4FFF76BFF4846FFF768FF7D
:10F440004046FFF765FF386AFFF762FF2368D3F88D
:10F450000C06D3F81046FFF75BFF2046FFF758FF76
:10F46000242303FB065500232B77BDE8F88300BF58
:10F47000B01F002001AB0200228F0200ACAE0200E0
:10F480000700F81F2DE9FF4724230679974F82468E
:10F4900003FB06731B7F0D4690465BB9944940F20F
:10F4A000AD33944A944806F006F940F2AD319148E4
:10F4B00006F0F8F80B685BB94B684BB18F4940F226
:10F4C000AE338C4A8C4806F0F6F840F2AE31EEE7E7
:10F4D000D5E9022352B95BB1894940F2AF33854A7D
:10F4E000854806F0E8F840F2AF31E0E71B0C01D1A7
:10F4F000EB884BB183494FF46C737E4A7E4806F02B
:10F50000DAF84FF46C71D2E718F008090FD0242311
:10F5100003FB06731B6A013309D07B4940F2B33306
:10F52000744A754806F0C7F840F2B331BFE72423A8
:10F530007343FA18517F002940F0C080FB5823B173
:10F5400018F0140F04BF01235377242495E80F000B
:10F5500004FB067404F10C0C8CE80F00206A421CBA
:10F5600004D0A37F9B071AD507F074FA2B68DAF84A
:10F57000004023B103F06043B3F1005F06D1AB68F4
:10F5800083B103F06043B3F1005F0BD0242300226A
:10F5900003FB06735D485A7704B0BDE8F08707F0B7
:10F5A00065FAE3E718F0010318BF0123C4F84C37EC
:10F5B00018F0020318BF0123EC46C4F8143795E88D
:10F5C0000F00C4F83C078CE80F000020039BC4F830
:10F5D0004017C4F80427C4F80837C4F80801D4F861
:10F5E000083107234A49C4F80035D1F840331C2BB1
:10F5F00040D124237343FA18957F2D073AD58225ED
:10F60000FB58C4F8845C002B5AD0C4F80001D4F82D
:10F6100000310123C4F80433B9F1000F45D10123AF
:10F62000236024237343FA18FB58002B3DD138493B
:10F63000D1F840131C2904D1927F120748BFC4F8A7
:10F64000843C242303FB0673186A431C07D024233D
:10F6500003FB06739B7F9D0724D507F007FAB9F1DA
:10F66000000F1DD106EBC606204607EB860107F00A
:10F67000D8F915E0B9F1000FD3D124237343FB5817
:10F68000002BCCD101232360D4F80831002BFBD010
:10F6900062460421204607F086F9C2E707F0DAF94E
:10F6A0001C4879E707F0D6F9D9E7042318F0040FCE
:10F6B00014BFC4F80833C4F80433F1E716486BE705
:10F6C000B9F1000FDED0D1F84013106A1C2907D021
:10F6D000411CE5D0937F9A07E0D507F0C7F9DFE733
:10F6E000C4F8843C431CB2D1DAE700BFB01F00204D
:10F6F00001AB0200ACAE0200228F0200E8AE0200B5
:10F700002FAF020076AF020025B002000A00AD0B59
:10F7100000C0FF000000AD0B0B00AD0B70B5264B19
:10F72000D3F840331C2B15D1244B9B7F180711D5E0
:10F73000234BD3F80423D1070CD5D3F800214AB1C9
:10F740000022C3F80021D3F80011C3F8842C012251
:10F75000C3F808231B4D04212A46194807F023F952
:10F7600048B355F80C3CA5F10C045BB91649174891
:10F7700040F21943164A05F09EFF40F21941144821
:10F7800005F090FF206A421C04D0A37F9B070FD591
:10F7900007F06CF9637F1BB10849094807F041F98C
:10F7A000002323720B48D4E90031BDE870401847AC
:10F7B00007F050F9EEE770BD00C0FF00B01F002059
:10F7C00000A00450BC1F00205BB00200228F02008A
:10F7D000ACAE0200B81F002008B50A4A0A4B93429B
:10F7E0000ED90A4919230A4A0A4805F064FF0A4853
:10F7F00005F061FF1921064805F054FF2033EEE7BC
:10F80000FCD308BD587C0200987A02008CB002003C
:10F8100069B00200228F0200A4B0020070B5044655
:10F82000EFF31186402383F31288BFF36F8F0E4BE3
:10F830009D6807F03EF9042C0CD10C4987230C4A33
:10F840000C4805F038FF0C4805F035FF87210848C3
:10F8500005F028FF86F31188BFF36F8F2846BDE8B7
:10F860007040F8F719BC00BFD41F0020E5B00200BB
:10F87000C3B00200228F020002B1020038B50A4B69
:10F8800053F82040013053F82050A54200D838BD2D
:10F89000606830B1037FDB0701D407F00DF908344D
:10F8A000F3E723689847FAE7D88D0200012270B584
:10F8B000374B032086B01A70FFF7E0FFF8F7C8F95E
:10F8C0000420FFF7DBFF334C334DAC42264628D9EA
:10F8D00032494223324A334805F0EDFE324805F002
:10F8E000EAFE42212E4805F0DDFE54F80C3C05935B
:10F8F00054F8103C049354F8143C039354F8183C07
:10F90000029354F81C3C019354F8203C009354E9B2
:10F910000A2354E90C0101F09BF954F8303C5E6570
:10F92000D3E7AE4204F13004DFD301F099FE194C65
:10F930001E4EAC421FD919496623194A194805F0D1
:10F94000BAFE194805F0B7FE6621CBE7D4E90A23D1
:10F95000B3F1FF3F08BFB2F1FF3F05D052EA030108
:10F96000206803D102F0E4F83034E2E73146183081
:10F9700002F07CFCF8E7E9D301F0E0FEF7F748FC81
:10F980000B4A137B23F00103137306B070BD00BF55
:10F99000E0260020D0840200D084020058B102008A
:10F9A00037B10200228F0200A4B00200436C0200B3
:10F9B0007819002008B50348034A0021121A07F0FD
:10F9C00092F808BD40080020E4260020D82370B536
:10F9D000134E012203FB0066002386B0CDE9042309
:10F9E0000F220193CDE9023218234FF4A0720D4D7E
:10F9F0000D4903FB0055044602FB00110B4B30463A
:10FA0000009501F025F9737B2C7423F004037373C4
:10FA1000074B013403EBC423EE606B6006B070BD8E
:10FA2000A0180020D41F0020E832002001FC0100B3
:10FA3000E82A0020BFB50020FFF720FF2A4B03F57E
:10FA4000006282F3088883F30A88E023274C0025AC
:10FA500084F822302023E37725766576A57684F82E
:10FA60002050636A224F43F4E023636284F82350FA
:10FA7000F8F790FAF8F77CFC4FF0FF33A362E362EB
:10FA8000F8F738FEF8F79CFC1A4801F07FF9FFF709
:10FA9000A3FE0120FFF7F2FE0220174CFFF7EEFE57
:10FAA00001F0DCFE154B16499C61164B4FF4705269
:10FAB000059301232046CDE90353CDE901553B468B
:10FAC000009501F0C5F80646627B204622F004024C
:10FAD000627301F0D7FA2846FFF778FF3A463146BD
:10FAE0002046F8F71DFC00BFE82A002000ED00E0EA
:10FAF000ADF80100481B002078190020D41F002019
:10FB00002834002085B1020038B50D4C0D4DAC42B3
:10FB100013D90D491A230D4A0D4805F0CCFD0D48A7
:10FB200005F0C9FD1A21094805F0BCFD2046D4E9BD
:10FB3000011206F0DCFF1834E9E7F7D3002038BDE6
:10FB40008006002098060020F2B102008AB102006F
:10FB5000228F0200A4B00200F8B505460E4600F15F
:10FB60001404EFF31187402383F31288BFF36F8FE0
:10FB7000204602F005FB68B988231B4A1B491C4834
:10FB800005F099FD21461B4805F095FD8821164892
:10FB900005F088FD204602F017FB28463146F7F7AE
:10FBA000F9FB05F10C0007F05AF828B13946204658
:10FBB000BDE8F84001F0FABC204602F0EFFA68B95F
:10FBC00040F23113084A0C49094805F074FD2146FA
:10FBD0000A4805F070FD40F23111D8E787F311882B
:10FBE000BFF36F8FF8BD00BFC29502001B960200E5
:10FBF000228F020030960200EF9502000696020066
:10FC000008B50D4B9B6893F90E30002B09DB40249F
:10FC1000EFF3118384F31288BFF36F8F05F03DFE7D
:10FC2000F6E7064906481C23064A05F044FD1C2158
:10FC3000044805F037FD00BFD41F00202CB202009D
:10FC4000228F02000BB202002DE9F3410446174651
:10FC50001E46EFF3058565B158496F23584A594848
:10FC600005F029FD584805F026FD6F21544805F0A0
:10FC700019FDEFF31188402383F31288BFF36F8FD0
:10FC8000524802F07DFA60B98823514A51494D48E3
:10FC900005F011FD4D49504805F00DFD88214C48F7
:10FCA000E5E74A4802F090FAE3684C4A9BB1A06845
:10FCB0009168884229D057EA06032ED1434802F0C2
:10FCC0006DFAA0B188F31188BFF36F8F6FF00F004A
:10FCD00002B0BDE8F081916891F90E100133E36044
:10FCE00093683A482161A36002F058FA78B940F26B
:10FCF0003113374A3A49334805F0DDFC3349394876
:10FD000005F0D9FC40F23111C9E72169E6E788F333
:10FD10001188BFF36F8F0020DAE791F90E1090F988
:10FD20000E306FF07E029942A8BF19469142B8BFCB
:10FD300011468B4202DD06F0E5FE054622464146AD
:10FD4000CDE90076214801F087FA0028E3D0EFF3EF
:10FD50001186402383F31288BFF36F8F1B4802F094
:10FD60000FFA002890D0194802F02EFAA068C0B10E
:10FD7000236821699C420AD04BB193F90E30994215
:10FD8000A8BF19466FF07E039942B8BF194606F026
:10FD9000B9FE30B131460D4801F008FC6FF00A00A1
:10FDA00096E7002DF6D1094802F0F8F900289ED018
:10FDB00086F31188BFF36F8FF0E700BF76B20200C1
:10FDC00054B20200228F020088B20200F81F002005
:10FDD000C29502001B96020030960200D41F00203C
:10FDE000EF95020006960200F8B50546EFF305838D
:10FDF00063B15549D723554A554805F05CFC554831
:10FE000005F059FCD721514805F04CFC8368002BC4
:10FE100000F09380504A9268934240F09180C3680A
:10FE20003BB94E49EF23494A494805F044FCEF21CC
:10FE3000E9E7012B03D0013BC3600020F8BDEFF3DD
:10FE40001187402484F31288BFF36F8F444802F077
:10FE500097F960B98823434A43493D4805F02BFC94
:10FE60003F49424805F027FC88213E48CCE73C4802
:10FE700002F0AAF92969A86806F044FEEFF311839D
:10FE800084F31288BFF36F8F83F31188BFF36F8FF2
:10FE90005BB93749B023374A2D4805F00CFC36488A
:10FEA00005F009FCB0213348AEE72C68A54215D116
:10FEB00000232B48C5E9023302F070F9002837D13E
:10FEC00040F23113274A2D49214805F0F4FB24491B
:10FED0002B4805F0F0FB40F23111C6E7002CE7D0CB
:10FEE000A3683BB927499923224A194805F0E3FB47
:10FEF0009921D8E70026D4E9003213605A60637B69
:10FF0000C4E9006623F002036373A66004F11800DD
:10FF100002F090FAAC6094F90E3020462B61C4F8E0
:10FF20008C6001F0AFF839460D4801F03FFB84E7E3
:10FF300087F31188BFF36F8F7FE76FF015007DE7C0
:10FF40004FF0FF307AE700BF76B2020054B20200F1
:10FF5000228F020088B20200D41F0020ADB202003E
:10FF6000F81F0020C29502001B9602003096020086
:10FF7000EFB20200C4B20200009C0200EF95020042
:10FF80000696020007B3020008B583684BB90B4917
:10FF90000B4899230B4A05F08EFB9921094805F07F
:10FFA00081FBD0E9003213605A600023427BC0E934
:10FFB000003322F002024273836008BD07B30200DF
:10FFC000228F0200C4B202002DE9F04704460F461A
:10FFD00091469A469DF8208000F10805EFF31186BE
:10FFE000402383F31288BFF36F8F284602F0C8F8CE
:10FFF00060B98823504A5149514805F05CFB2946B5
:020000040002F8
:10000000504805F058FB88214B481DE0284602F077
:10001000DBF8B8F1000F00D06768EFF311834022DE
:1000200082F31288BFF36F8F83F31188BFF36F8F52
:1000300063B94549B023454A414805F03CFB444873
:1000400005F039FBB021414805F02CFB234653F85D
:100050000C8F984519D0B8F1000F16D04046FFF725
:1000600093FF08F1180002F0E5F900234046C8F8B4
:100070008C30C8F8109001F005F83146284601F0A0
:1000800095FA00242046BDE8F087BAF1000F14D09D
:10009000082002F09BFD002846D00122C0F8049001
:1000A0000260016801F003015FB922680A4302603F
:1000B000626820606AB960600BE04846C9F800A039
:1000C000EFE73A68032A24D801606168D9B9C4E926
:1000D000000004F11400042102F024FC044600286E
:1000E000CBD1284602F05AF808BB40F23113124A2D
:1000F0001849134805F0DFFA2946174805F0DBFADE
:1001000040F2311180E70A6802F0030202430A60FC
:10011000D1E722F003020A4302603A6802F00302C8
:1001200040EA02033B60D4E76FF00B04D9E786F3A3
:100130001188BFF36F8FA5E7C29502001B960200DE
:10014000228F020030960200EFB20200C4B2020019
:10015000009C0200EF950200069602002DE9F7438D
:10016000064690461F4600F10805EFF3118940232B
:1001700083F31288BFF36F8F284602F001F868B945
:100180008823254A2549264805F095FA2946254819
:1001900005F091FA8821204805F084FA284602F0FB
:1001A00013F83468FCB12368726823F003039442A7
:1001B00020464FF00101336008BF736006F0B1FCC8
:1001C0000446284601F0EAFFE8B940F23113124A2A
:1001D0001549134805F06FFA2946144805F06BFAE3
:1001E00040F23111D7E758EA0703EAD049462846DA
:1001F000CDE9008706F10C0201F02EF838B90C4B5E
:100200009B681C6903E089F31188BFF36F8F204658
:1002100003B0BDE8F08300BFC29502001B96020048
:10022000228F020030960200EF950200069602002F
:10023000D41F002008B583684BB90B490B4899239C
:100240000B4A05F038FA9921094805F02BFAD0E954
:10025000003213605A600023427BC0E9003322F071
:1002600002024273836008BD07B30200228F0200BE
:10027000C4B2020070B50446EFF31186402585F341
:100280001288BFF36F8F334801F07AFF60B988237B
:10029000314A3249324805F00EFA2E49314805F00C
:1002A0000AFA88212C4818E02A4801F08DFFEFF364
:1002B000118385F31288BFF36F8F83F31188BFF327
:1002C0006F8F63B92849B023284A254805F0F3F910
:1002D000274805F0F0F9B021244805F0E3F9256836
:1002E000AC4213D095B12846FFF7A4FF05F11800E2
:1002F00002F0A0F800232846C5F88C3000F0C2FEBA
:100300003146BDE87040134801F050B9D4E90232DB
:100310009A4218BF01330221A36004F1100002F0D9
:1003200001FB0028ECD10B4801F038FF68B940F21E
:100330003113094A0F490A4805F0BDF905490E482D
:1003400005F0B9F940F23111ACE786F31188BFF33B
:100350006F8F70BDFC1F0020C29502001B9602002B
:10036000228F020030960200EFB20200C4B20200F7
:10037000009C0200EF95020006960200F7B50446C5
:1003800016461D46EFF305837BB152EA05030CD0F8
:100390002D4988232D4A2E4805F08DF92D4805F06A
:1003A0008AF98821294805F07DF9EFF31187402368
:1003B00083F31288BFF36F8F274801F0E1FE60B925
:1003C0008823264A2649224805F075F922492548FE
:1003D00005F071F988212148E5E71F4801F0F4FE96
:1003E000A368D3B1013B1C48A36001F0D7FE68B9F4
:1003F00040F23113194A1C49154805F05CF91649B9
:100400001A4805F058F940F23111E4E787F31188F2
:10041000BFF36F8F002003B0F0BD56EA05030BD188
:100420000D4801F0BBFE0028E2D087F31188BFF32E
:100430006F8F6FF00F00EEE722463946CDE9006579
:10044000054800F009FFE6E73EB302001EB30200D4
:10045000228F0200009C0200FC1F0020C2950200B7
:100460001B96020030960200EF95020006960200ED
:100470002DE9F0470446EFF31188402787F31288EF
:10048000BFF36F8F354801F07BFE064660B98823C5
:10049000334A3449344805F00EF93049334805F001
:1004A0000AF988212E481CE02C4801F08DFE4FF0FF
:1004B00000096FF00A0AEFF3118387F31288BFF384
:1004C0006F8F83F31188BFF36F8F63B92849B0230F
:1004D000284A254805F0EFF8274805F0ECF8B02148
:1004E000244805F0DFF82568AC420ED06DB12846EF
:1004F000FFF7A0FE05F1180001F09CFF2846C5F8A3
:100500008CA000F0BFFDB146D5E700230221A36017
:1005100004F1100002F006FAA0B9B9F1000F11D1F0
:100520000E4801F03BFE98B940F231130C4A1349D2
:100530000D4805F0C0F80949114805F0BCF840F233
:100540003111AFE74146BDE8F047044801F02EB84D
:1005500088F31188BFF36F8FBDE8F087FC1F002080
:10056000C29502001B960200228F02003096020004
:10057000EFB20200C4B20200009C0200EF9502003C
:100580000696020007B5074B4FF400620093064938
:100590004FF0FF33054800F067FA002003B05DF824
:1005A00004FB00BFF08D020028700020501A0020CC
:1005B0002DE9F0430446764E764F85B0EFF311886F
:1005C000402383F31288BFF36F8F304601F0D8FDCC
:1005D00068B98823704A7149714805F06CF86C4914
:1005E000704805F068F888216B4805F05BF83046E4
:1005F00001F0EAFDD4F8DC50F5B9022104F1F40071
:1006000006F0C4FA002840D004F1EC0500220121D4
:10061000284601F013FC0028F8D100234FF0FF32E8
:1006200002934FF0FF334146CDE90023304604F1F9
:10063000E40201F061FCC1E7D4F8E0202B689542A8
:1006400008BFC4F8E030C4F8DC30D4F8F4303046E9
:1006500043F00203C4F8F430EB68D5F8049023F0BB
:10066000040343F00103EB6001F098FDF8B940F298
:100670003113494A4C494A4805F01DF844494B4852
:1006800005F019F840F23111AEE7D4F8F430DD0688
:10069000C3D5C4F8F4003E4801F080FD0028E6D040
:1006A00088F31188BFF36F8F05B0BDE8F08388F33E
:1006B0001188BFF36F8FB9F1000F0AD13C49384858
:1006C00040F2AB233B4A04F0F6FF40F2AB2139483D
:1006D0008BE72846C847EFF31188402383F312883D
:1006E000BFF36F8F304601F04BFD00283FF471AF30
:1006F000304601F069FDEB68D90623F0010231D4E0
:10070000EA60EB689A0716D5386823F00203EB60BD
:1007100088B10021036870B14268954230D1036806
:1007200041BB7A683B60824200D17B60002340F885
:10073000083BFFF79FFDD4F8F430304623F0020366
:10074000C4F8F430C3F3002501F028FD00288ED052
:1007500088F31188BFF36F8F002D7FF42FAF01F066
:1007600085F82BE723F01103EB6005F11000FFF78C
:1007700081FDC6E70B607B68834208BF7960D5E7DF
:1007800023B11A68014618461346C4E71A46F9E72A
:100790000820002000200020C29502001B960200C5
:1007A000228F020030960200EF95020006960200AA
:1007B000D7B3020095B30200F8B5C36804469A07A0
:1007C0000F46C3F340063BD45B0727D40B680BB935
:1007D00083680B60E368DD0723D5A3685BB929490B
:1007E00029484FF4AA73294A04F065FF4FF4AA710F
:1007F000264804F057FF02263B603D68002D3ED09E
:10080000234B9A68D5F8D8309A420CD0D5F8F430FA
:10081000D807C3F3800216D46FF0120600233B60A2
:1008200027E00126E9E706F0D3F9D5F8F4300028EF
:10083000EED1D907C3F3C002EED552B15B0708D49D
:100840006FF00F06EAE7002AFAD1C3F3C003002BCA
:10085000F6D100232360D5F8E03063B9C5E9374409
:10086000284606F09EF9E36843F00403E3603B6822
:10087000A3603046F8BD1C60C5F8E040F0E76FF0BB
:100880001506CBE7B6B30200228F020095B3020033
:10089000D41F002073B50446EFF31185402383F382
:1008A0001288BFF36F8F1E4801F06AFC68B9882375
:1008B0001C4A1D491D4804F0FEFE19491C4804F05D
:1008C000FAFE8821174804F0EDFE154801F07CFC83
:1008D00000230321201F0193A4F1100606F056F90E
:1008E00028B1A369304601A90193FFF765FF0C48C1
:1008F00001F054FC68B940F231130A4A0D490B4823
:1009000004F0D9FE06490C4804F0D5FE40F231113E
:10091000D8E785F31188BFF36F8F02B070BD00BFB9
:1009200008200020C29502001B960200228F0200C0
:1009300030960200EF9502000696020038B50D468B
:10094000044648B90C4999230C4A0D4804F0B3FEFB
:1009500099210A4804F0A6FE39B90A499A23074AA0
:10096000074804F0A8FE9A21F3E71022002106F0C0
:1009700088FC656038BD00BF2FB4020095B302004B
:10098000228F0200D7B3020037B50C46019059B947
:1009900028494FF4BD73284A284804F08CFE4FF4D0
:1009A000BD71254804F07EFE4B684BB9244940F2E6
:1009B0007B13214A214804F07EFE40F27B11F0E7D0
:1009C000EFF31185402383F31288BFF36F8F1D4827
:1009D00001F0D6FB60B988231B4A1C49174804F074
:1009E0006AFE18491A4804F066FE88211648D9E7BD
:1009F000144801F0E9FB204601A9FFF7DDFE04469B
:100A0000104801F0CBFB68B940F231130E4A11498E
:100A10000A4804F050FE0B490F4804F04CFE40F227
:100A20003111E3E785F31188BFF36F8F204603B0E0
:100A300030BD00BF2FB4020095B30200228F020028
:100A4000D1B3020008200020C29502001B960200CC
:100A500030960200EF95020006960200014601481A
:100A600006F0A6B8501A0020F0B589B004460E9DD5
:100A700058B92F4940F2F1232E4A2F4804F01BFEAB
:100A800040F2F1212B4804F00DFE49B92B4940F208
:100A9000F223284A284804F00EFE40F2F221F1E742
:100AA000D0F8F40010F0010009D0254940F2F323FA
:100AB000204A214804F0FFFD40F2F321E2E7C4E9B7
:100AC000370004F1E400C4E9390004F1EC00C4E9A2
:100AD0003B0055B32879002840F2011008BF0120DF
:100AE000C4F8F40000204FF0FF364FF0FF37CDE997
:100AF0000330CDE90100CDE906672046114B009493
:100B000000F0FEF855B1296811B1204606F066F8EC
:100B10006B791BB1237B43F001032373204601F063
:100B200007F8C4F8D84009B0F0BD0120D8E700BFED
:100B300022B4020095B30200228F020028B4020002
:100B4000EEB30200B1050200F7B50C4616461D468D
:100B5000019058B9334940F20D43334A334804F009
:100B6000AAFD40F20D41304804F09CFD49B93049DE
:100B700040F20E432C4A2D4804F09DFD40F20E41F8
:100B8000F1E7EFF31187402383F31288BFF36F8FF0
:100B9000284801F0F5FA60B98823274A27492348F5
:100BA00004F089FD2349264804F085FD8821224868
:100BB000DAE7204801F008FBE36813F01E0F27D1A5
:100BC00055EA060216D1204601A9FFF7F5FD0446B5
:100BD000184801F0E3FAE8B940F23113164A19490E
:100BE000124804F068FD1349174804F064FD40F210
:100BF0003111DCE743F00803E360019B04F11000CE
:100C0000A36232462B46114901F030FB0124DFE795
:100C10000024DDE787F31188BFF36F8F204603B010
:100C2000F0BD00BFBCB3020095B30200228F0200EA
:100C30002EB4020008200020C29502001B9602007C
:100C400030960200EF950200069602009508020019
:100C50007FB50B9E04460F2E2FD12348834230D1FF
:100C600004F15800C4E916000C98002520730420F4
:100C7000073222F00702C4E91E12A6738E180A9AE0
:100C80006073C4E90655A560E573C4F8805002920C
:100C9000099A20460192089A00923246F7F7FCFA28
:100CA000124B65659B6884F870500BB1D3F88430A3
:100CB0003046C4F8843004B070BD06F110001E2820
:100CC000CED940F205230A4A0A490B4804F0F3FC46
:100CD00031460A486FF00F030E2204F0ECFC40F29C
:100CE0000521034804F0DEFC01FC0100D41F0020B4
:100CF00043B4020066B40200228F0200E6B4020090
:100D0000F0B587B00446DDE91276EFF3058575B1DD
:100D1000194940F29223194A194804F0CCFC1948A9
:100D200004F0C9FC40F29221144804F0BBFC059584
:100D3000109D04950F9D03950E9D02950D9D0195A7
:100D40000C9D0095FFF784FFB6F1FF3F08BFB7F198
:100D5000FF3F05D056EA070305D1204600F0E8FE24
:100D6000204607B0F0BD3A46334604F11800064964
:100D700001F07CFAF4E700BF76B2020043B402004F
:100D8000228F020017B50200436C020040F20113EB
:100D90008381002310B50446C0E91E3301F010FF23
:100DA000014B9C6010BD00BFD41F00206FF00A01F2
:100DB000094A9368C3F88C100849C3F888004B6847
:100DC00043F080534B60002383F31188BFF36F8F90
:100DD0009368D3F88C007047D41F002000ED00E02A
:100DE00038B590F90D200146002A437B11DA03F053
:100DF0007F0343731B4B984209D11B491B48562361
:100E00001B4A04F058FC5621194804F04BFC05F02D
:100E1000E8FE184D2A4652F81C4FAB68944200D0A9
:100E200004B9EC688B4214D05BB91349D523134A3B
:100E30000E4804F040FC124804F03DFCD5210F4858
:100E4000E3E75A7BD20604D1DA897F2A01D9A26965
:100E50002AB1A34202D0204601F006F92346AB6135
:100E600038BD00BFA01800205EB50200228F02002E
:100E70003CB50200D41F0020ABB502007FB50200D4
:100E8000009C020008B583684BB9094909489923B9
:100E9000094A04F010FC9921074804F003FC05F00E
:100EA000A0FE437B23F0020343730023836008BD4D
:100EB00007B30200228F0200C4B2020070B590F99D
:100EC0000D20437B002A50DBD9064ED163F07F030F
:100ED0004373274B984209D1264927484F23274A75
:100EE00004F0E9FB4F21254804F0DCFB244C2246AA
:100EF00052F81C3F216A934207D1C0E900210860E3
:100F0000206211E09942F8D01B68002BF5D090F9CF
:100F10000E5093F90E60B542F4D0AE42F2DD59683E
:100F2000C0E9003108605860E569954200D005B914
:100F3000E568A3685BB91349D523134A0E4804F04A
:100F4000BAFB124804F0B7FBD5210F48CCE75A7B17
:100F5000D20604D1DA897F2A01D9AA6932B1AB421B
:100F600002D0284601F080F8A56170BDA361FCE7BE
:100F7000A01800205EB50200228F02003CB50200DE
:100F8000D41F0020ABB502007FB50200009C020018
:100F900070B590F90D200146002A437B314C10DAE0
:100FA00003F07F03A042437309D12F4956232F4AF0
:100FB0002F4804F080FB56212C4804F073FB05F009
:100FC00010FE4B7BA14263F07F034B7307D1264990
:100FD0004F23264A264804F06EFB4F21ECE7254CB0
:100FE000224652F81C3F206A934207D1C1E90020F3
:100FF0000160216211E09842F8D01B68002BF5D007
:1010000091F90E5093F90E60B542F4D0AE42F2DD84
:101010005868C1E9003001605960E569A3689542EC
:1010200000D005B9E5688B4214D05BB91249D523CD
:10103000124A0F4804F03FFB114804F03CFBD52155
:101040000E48BAE75A7BD20604D1DA897F2A01D941
:10105000AA692AB1AB4202D0284601F005F82B4616
:10106000A36170BDA01800205EB502003CB502006F
:10107000228F0200D41F0020ABB502007FB5020012
:10108000009C020038B50446EFF31185402383F33A
:101090001288BFF36F8F174801F072F868B9882380
:1010A000154A1649164804F006FB1249154804F083
:1010B00002FB8821104804F0F5FA0E4801F084F88C
:1010C0002046FFF7FBFE0B4801F068F868B940F2D4
:1010D0003113094A0C490A4804F0EDFA05490B4856
:1010E00004F0E9FA40F23111E4E785F31188BFF327
:1010F0006F8F38BD0C200020C29502001B960200A5
:10110000228F020030960200EF9502000696020040
:1011100038B50446EFF31185402383F31288BFF3FB
:101120006F8F184801F02CF868B98823164A1749C0
:10113000174804F0C0FA1349164804F0BCFA882195
:10114000114804F0AFFA0F4801F03EF8A36813B15C
:101150002046FFF797FE0B4801F020F868B940F2EF
:101160003113094A0C490A4804F0A5FA05490B480D
:1011700004F0A1FA40F23111E2E785F31188BFF3E0
:101180006F8F38BD0C200020C29502001B96020014
:10119000228F020030960200EF95020006960200B0
:1011A00070B504460D46EFF31186402383F3128891
:1011B000BFF36F8F214800F0E3FF68B98823204A0E
:1011C0002049214804F077FA1C49204804F073FABA
:1011D00088211B4804F066FA184800F0F5FF002348
:1011E00094F87010627B84F8703091B18DB113481F
:1011F00000F0D4FFE8B940F23113114A1449124803
:1012000004F059FA0D49134804F055FA40F231112F
:10121000DFE712F0280FEAD1A36813B12046FFF7E9
:1012200031FE637B204623F004036373FFF746FE21
:10123000DDE786F31188BFF36F8F70BD0C200020AF
:10124000C29502001B960200228F02003096020017
:10125000EF950200069602002DE9F047DFF800A1A5
:10126000344D1746DDE90898DAF80820324BA842D9
:1012700004460E461A600BD13049314840F27223C1
:10128000304A04F018FA40F272212E4804F00AFAAB
:10129000EFF31183402383F31288BFF36F8F284647
:1012A00000F06EFF60B98823274A2849244804F0DB
:1012B00002FA2946264804F0FEF988212248E5E78B
:1012C000284600F081FFDAF808503946284605F034
:1012D00090FCB8F1FF3F08BFB9F1FF3F06D04A4686
:1012E00043461C4905F1180000F0C0FF204600F0FD
:1012F00055FF68B9184940F26B13134A104804F0BF
:10130000DAF92146154804F0D6F940F26B11D5E719
:10131000084800F043FF40B90F4940F26B130A4AF6
:10132000074804F0C8F90349ECE73046BDE8F04748
:10133000FFF73CBD0C20002010200020D2B5020099
:10134000228F02003CB50200C29502001B960200EB
:1013500030960200436C0200EF95020006960200F0
:10136000D41F002070B50546EFF31186402383F3A8
:101370001288BFF36F8F1B4800F002FF68B9882303
:10138000194A1A491A4804F096F91649194804F0FE
:1013900092F98821144804F085F9124800F014FFEE
:1013A0002C68A54215D014B12046FFF76BFD0D48FF
:1013B00000F0F4FE78B940F231130B4A0E490C48A4
:1013C00004F079F907490D4804F075F940F231113C
:1013D000E0E70024EBE786F31188BFF36F8F204628
:1013E00070BD00BF0C200020C29502001B960200B9
:1013F000228F020030960200EF950200069602004E
:101400002DE9F04104460D46EFF31187402383F3A5
:101410001288BFF36F8F584800F0B2FE60B988237E
:10142000564A5749574804F046F95349564804F07C
:1014300042F98821514818E04F4800F0C5FE637B0F
:1014400003F01F02002A0CBF012600265DD103F025
:101450007F0363734D4B9C4209D14D494948562344
:101460004C4A04F028F956214A4804F01BF9DFF8E9
:101470003881204605F0B5FB4246637B6DB263F0D0
:101480007F03A573637352F81C3F93423AD1D8F897
:101490002010C4E900210C60C8F820400FE09942F8
:1014A000F7D01B68002BF4D093F90E008542F6D0DC
:1014B000A842F4DD5968C4E900310C605C60D8F8DA
:1014C0001C40944200D00CB9D8F80C40D8F8083031
:1014D0009C4202D0204600F0C7FDC8F818402648BC
:1014E00000F05CFE00283FD140F23113234A2A4924
:1014F000244804F0E0F82049284804F0DCF840F2E1
:10150000311197E7D8F82010CCE79B072AD5A168BE
:1015100041B923491B489923224A04F0CCF8992168
:101520002048A2E720466DB205F05BFBA5730B686F
:10153000994209D14B68C4E900131C604C60CEE7A6
:101540004A689342F6D01B68002BF3D093F90E2023
:101550009542F5D0AA42F3DD5A68C4E9003214601E
:101560005C60BCE7A573BAE787F31188BFF36F8FA0
:101570003046BDE8F08100BF0C200020C29502007B
:101580001B960200228F020030960200A018002055
:101590005EB502003CB50200EF950200069602001F
:1015A00007B30200C4B20200D41F002070B5044685
:1015B0000D46F9B9EFF30586E6B91A4B9A699B68AF
:1015C0009A4217D000F0EAFD78B940F26B13164A40
:1015D0001649174804F06FF82146164804F06BF8D6
:1015E00040F26B11104804F05DF83046BDE87040E1
:1015F000FFF7DCBB204600F0D1FD68B940F23113A3
:10160000094A0A490A4804F056F82146094804F0F4
:1016100052F840F23111E5E785F31188BFF36F8F7F
:1016200070BD00BFD41F0020C2950200EF950200DC
:10163000228F020006960200034648B9EFF30582A6
:1016400032B9064A91699268914201D0FFF7AEBB68
:1016500083F31188BFF36F8F704700BFD41F002042
:1016600010B5EFF31184402383F31288BFF36F8F1B
:10167000264800F085FD60B98823254A254926487B
:1016800004F019F82149254804F015F8882120486C
:1016900010E01E4800F098FDEFF3058363B1204988
:1016A0008F23204A1C4804F006F81F4804F003F872
:1016B0008F211C4803F0F6FF1C4B9A68D37B012B4B
:1016C0000AD11B499023174A134803F0F4FF164828
:1016D00003F0F1FF9021ECE7013BD3730B4800F0DE
:1016E0005DFD68B940F23113094A12490A4803F016
:1016F000E2FF0649104803F0DEFF40F23111C6E771
:1017000084F31188BFF36F8F10BD00BF0C20002041
:10171000C29502001B960200228F02003096020042
:1017200076B20200C4B20200009C0200D41F002066
:101730000BB60200EF9502000696020070B5EFF3BB
:101740001186402383F31288BFF36F8F374800F070
:1017500017FD60B98823364A3649374803F0ABFF96
:101760003249364803F0A7FF8821314813E0344D51
:101770002E4800F029FDAB68DA7B72B9314940F29E
:101780000D33314A2C4803F096FF304803F093FFA5
:1017900040F20D312C4803F085FFEFF3058161B174
:1017A0002B4940F20E33284A234803F084FF274890
:1017B00003F081FF40F20E31ECE70132DA732A4682
:1017C00052F81C4F944200D004B9EC685A7BD20600
:1017D00004D1DA897F2A01D9A2692AB1A34202D0B1
:1017E000204600F041FC23461048AB6100F0D6FCD7
:1017F00068B940F231130E4A16490F4803F05BFFF7
:101800000A49154803F057FF40F23111ADE786F35E
:101810001188BFF36F8FEFF31180402383F3128899
:10182000BFF36F8FBDE87040FFF706BF0C200020AC
:10183000C29502001B960200228F02003096020021
:10184000D41F00203CB602003CB50200009C020000
:1018500076B20200EF95020006960200024B03F1F9
:101860001C02C3E907227047D41F002070B5EFF3B4
:10187000058373B1394940F22443394A394803F0AA
:101880001AFF394803F017FF40F22441344803F0AF
:1018900009FFEFF31186402383F31288BFF36F8FA4
:1018A000324800F06DFC60B98823314A31492D4837
:1018B00003F001FF2D49304803F0FDFE88212C483C
:1018C000E5E72E4C294800F07FFCA168206A0B68F0
:1018D000814214BF1A46002249680B605960A36810
:1018E000216A2AB9264AC3E900210B6023620CE071
:1018F00093F90E0092F90E50A84225D0854223DDBF
:101900005168C3E900210B605360E5691C4B9D429F
:1019100000D005B9E568A3689D4202D0284600F0D2
:10192000A3FB1248A56100F039FC88B940F26B13A3
:101930000F4A14490B4803F0BEFE0C49124803F04D
:10194000BAFE40F26B11BAE78A42CBD01268C8E700
:101950003046BDE87040FFF729BA00BF76B20200FA
:101960003CB50200228F0200009C02000C200020E7
:10197000C29502001B96020030960200D41F002080
:10198000F01F0020EF950200069602002DE9F041BD
:1019900006460C46EFF3058777B1344940F23C43E5
:1019A000334A344803F087FE334803F084FE40F2A4
:1019B0003C412F4803F076FE50EA010304D1FFF7C3
:1019C00055FF0020BDE8F081EFF31188402383F339
:1019D0001288BFF36F8F294800F0D2FB60B98823CB
:1019E000274A2849234803F066FE2449264803F085
:1019F00062FE88212248DDE7244D204800F0E4FB08
:101A0000A868234B1860FFF7EBF9A8682346324615
:101A10002049183000F02AFCAA680446537B174876
:101A200043F00403537300F0B9FB68B940F26B1341
:101A3000134A19490F4803F03EFE1049174803F0B6
:101A40003AFE40F26B11D5E74046FFF7AFF9AB68BD
:101A5000D3E90A23B3F1004F08BFBA42B1D105F070
:101A600028F9201A20EAE070ACE700BF76B2020045
:101A70003CB50200228F0200009C02000C200020D6
:101A8000C29502001B96020030960200D41F00206F
:101A900010200020436C0200EF9502000696020021
:101AA00070B504460E46EFF3058575B11B4940F24B
:101AB00066431B4A1B4803F0FEFD1B4803F0FBFD79
:101AC00040F26641164803F0EDFDFFF75FFFB6F107
:101AD000FF3F08BFB4F1FF3F0346204617D04FF445
:101AE0007A7247F611202946C3FB020147F61223FA
:101AF000984271F100030BD30C4B834243F6085319
:101B00008B4107D347F612220023F1F74DFC70BD3D
:101B10002846FCE76FF00040F9E700BF76B202000C
:101B20003CB50200228F0200009C0200ED85FFFF01
:101B300038B50446EFF31185402383F31288BFF3D1
:101B40006F8F204800F01CFB68B988231E4A1F498C
:101B50001F4803F0B0FD1B491E4803F0ACFD88216F
:101B6000194803F09FFD174800F02EFB637B5B07CD
:101B700010D504F1180000F05DFC637B204623F0D3
:101B800004036373FFF79AF92946BDE838400D480E
:101B9000FFF70CBD0B4800F001FB68B940F23113B0
:101BA000094A0D490A4803F086FD06490B4803F02F
:101BB00082FD40F23111D3E785F31188BFF36F8FB7
:101BC00038BD00BF0C200020C29502001B96020009
:101BD000228F020030960200EF9502000696020066
:101BE000014B9868704700BFD41F00202DE9F843CF
:101BF0000446077BEFF31185402383F31288BFF37C
:101C00006F8F7D4800F0BCFA68B988237B4A7C4915
:101C10007C4803F050FD78497B4803F04CFD882157
:101C2000764803F03FFD744800F0CEFA637B190755
:101C300017D5714800F0B2FA68B940F231136F4A13
:101C40007249704803F037FD6B49714803F033FD6A
:101C500040F23111E4E785F31188BFF36F8FBDE8DF
:101C6000F883D90943F0080240F083806273A368C7
:101C700013B12046FFF706F904F1180000F0DAFB73
:101C8000A66D04F15808B04511D04FF0000976B1A7
:101C90003046FFF7F7F806F1180000F0CBFB3046AE
:101CA000C6F88C90FFF70AF9A66DB045EFD1DFF8C2
:101CB0008881D8F808309C4270D1EFF30589B9F1DA
:101CC000000918BF4FF00109D8F81C60514A96422C
:101CD00000D00EB9D8F80C60B34202D0304600F004
:101CE000C3F92046C8F81860F6F7F6FAB9F1000F04
:101CF00002D04948FFF74AF8D8F808309C4260D132
:101D0000EFF30586002E5CD1237BDA071FD53A4816
:101D100000F044FA002890D085F31188BFF36F8F4C
:101D200086F31188BFF36F8F0423184602DFEFF3A9
:101D30001185402383F31288BFF36F8F2E4800F084
:101D40001FFA00283FF461AF2B4800F03DFA2A4803
:101D500000F024FA28BB40F26B13284A2B4929488B
:101D600003F0A9FC24492A4803F0A5FC40F26B11BA
:101D700056E703F07F0343F008036373274B9C424D
:101D800008D127495623274A1E4803F094FC5621C0
:101D9000244846E7204604F024FF68E74FF0000996
:101DA00092E72846FFF702F81F494FF4DD731D4AFA
:101DB000144803F080FC1D4803F07DFC4FF4DD71F6
:101DC000E6E70D4800F0EAF900283FF436AF85F366
:101DD0001188BFF36F8FFB077FF541AF40F23D5392
:101DE000104A1349074803F066FC2146114803F0E6
:101DF00062FC40F23D51CBE70C200020C29502006E
:101E00001B960200228F020030960200EF9502001E
:101E100006960200F01F0020481B0020A01800209A
:101E20005EB502003CB502006DB6020078B6020055
:101E30009AB60200A5B60200D41F00202DE9F8438F
:101E4000064688461746EFF31189402383F312882C
:101E5000BFF36F8F214800F093F9054668B98823D6
:101E60001F4A2049204803F026FC1C491F4803F064
:101E700022FC88211A4803F015FC184800F0A4F948
:101E80003468A6421FD004B32046C4F88C80276172
:101E9000FEF7F8FF04F1180000F0CCFA2046FFF737
:101EA0000DF80E4800F07AF988B940F231130C4A67
:101EB0000F490D4803F0FFFB08490E4803F0FBFBF8
:101EC00040F23111D6E70025EBE72546E9E789F333
:101ED0001188BFF36F8F2846BDE8F8830C200020DF
:101EE000C29502001B960200228F0200309602006B
:101EF000EF95020006960200D3B5DDE90667089C5F
:101F0000CDE90067FFF7A8F91CB1034B9B681B697B
:101F1000236002B0D0BD00BFD41F00202DE9F843DC
:101F200006460F469046EFF31189402383F312884B
:101F3000BFF36F8F1F4800F023F968B988231E4A4A
:101F40001E491F4803F0B7FB1A491E4803F0B3FBB4
:101F50008821194803F0A6FB164800F035F93468CB
:101F6000A6421CD10025134800F018F9D0B940F260
:101F70003113114A1449124803F09DFB0D491348CF
:101F800003F099FB40F23111E3E741462046B847A0
:101F900005460028E7D17368A342E3D02468002CEB
:101FA000F3D1DFE789F31188BFF36F8F2846BDE8CF
:101FB000F88300BF0C200020C29502001B9602008F
:101FC000228F020030960200EF9502000696020072
:101FD00008B568B10F4B98420AD303F1180290423A
:101FE00006D21822C01AB0FBF2F302FB13034BB166
:101FF00009490A4838230A4A03F05DFB382108489A
:1020000003F050FB0122074BC0105843064B1A54F3
:1020100008BD00BF201C0020EBB60200228F02008A
:10202000C3B60200ABAAAAAAE1260020C3897F2B6F
:1020300012D80A4B1B6863B1094B90F90E201B683C
:102040009A4209DB437BDB0606D1064BC31A18BF55
:10205000012303F0010070470023FAE76004002029
:1020600014200020A018002070B50E4B0E4C1E7CD2
:10207000054606EB460304EBC304204600F0DAF9FC
:1020800000220A4B28469A55FFF7D0FF48B1084B6B
:102090002046BDE870401A680649013AD31700F09F
:1020A000E5B870BDD41F0020201C0020E1260020D0
:1020B00060040020D11F020038B5EFF311854023E2
:1020C00083F31288BFF36F8F234800F059F868B983
:1020D0008823224A2249234803F0EDFA1E49224868
:1020E00003F0E9FA88211D4803F0DCFA1A4800F0F1
:1020F0006BF81E4B1E4A9C681068A04213D1FFF774
:10210000B3FF154800F04AF808BB40F23113134AF8
:102110001849144803F0CFFA0F49174803F0CBFAD7
:1021200040F23111DFE700211B7C1160134AD35CC0
:10213000002BE6D02046FFF779FF0028E1D0637B33
:10214000DB0602D12046FEF723FF2046D7E785F3C2
:102150001188BFF36F8F38BD0C200020C29502009C
:102160001B960200228F020030960200D41F00202E
:1021700010200020EF95020006960200E1260020C4
:10218000006838B1044B00F003001B7CC01A18BF74
:102190000120704701207047D41F002000230268EF
:1021A0000360EFF30581074B19B19968497BC907B3
:1021B00006D4197C98680843831A584258417047DE
:1021C00001207047D41F0020024B1A7C9B681343E8
:1021D00003607047D41F0020074808B5074A084924
:1021E000121A04F082FCBDE808400648064A074976
:1021F000121A04F07ABC00BF400000203C08002006
:1022000028BF0200400000204000002028BF02003C
:10221000024B1868984208BF0020704764040020F1
:10222000034B1B680BB9F9F741BB0020704700BF97
:102230001820002030B570B10B4B5B6898420AD073
:10224000036843B1D3E90421D0E90445121941EBF5
:102250000501C3E90421D0E9003213605A6000236C
:10226000C0E9003330BD00BF64040020B3F1FF3F7C
:1022700008BFB2F1FF3F2DE9F74F044690469B4659
:1022800015461F4600F0B880D0F80090B9F1000F55
:102290000CD05B4972235B4A5B4803F00CFA5B4845
:1022A00003F009FA7221574803F0FCF98160EFF35B
:1022B00011830193402383F31288BFF36F8F544837
:1022C000FFF75EFF824660B98823524A52494E4862
:1022D00003F0F1F94E49514803F0EDF988214D48DA
:1022E000E2E74B48FFF770FFB8F1FF3F7BF1FF33A8
:1022F0004B4A1FDBFFF794FF064601354BF1000BFD
:10230000474A2D184BEBE073D2E90017C4E9045398
:102310006D1843EB0707FFF77BFF0346DFF810E17B
:10232000DEF80490F3B9C4E900E9C9F80040CEF83A
:10233000044029E06FF00103D2E900125B1A4FF06C
:10234000FF3161EB0202B3EB080362EB0B02012BDE
:1023500072F10001BCBF01234A464FF0000AC4E9F4
:102360000432D8E7D3E9041CD4E904208A4270EB94
:102370000C0B2EDA891A5A686CEB0000C3E90410C2
:10238000C4E9003214605C60FFF742FF84420ED162
:10239000244B1B685BB9BAF1000F02D1FFF740FF75
:1023A0000646304604F06EFC0021F9F78FFA184813
:1023B000FFF7F4FEB0B940F23113164A1A49124839
:1023C00003F079F91249194803F075F940F2311117
:1023D00085E7521A60EB0C009945C4E90420A2D0AD
:1023E0001B689FE7019B83F31188BFF36F8F28461B
:1023F000394603B0BDE8F08F00252F46F7E700BF50
:10240000C0B802009CB80200228F0200009C0200AB
:102410001C200020C29502001B960200309602008C
:10242000381C002018200020EF95020006960200BC
:102430006404002070B50446EFF31186402383F353
:102440001288BFF36F8F2348FFF79AFE68B988237D
:10245000214A2249224803F02EF91E49214803F05F
:102460002AF988211C4803F01DF91A48FFF7ACFE31
:10247000236833B3FFF7CCFE05462046FFF7DAFEAC
:1024800000224FF00043A542C4E9042306D1FFF720
:10249000C7FE04F0F7FB0021F9F718FA00240D48F5
:1024A000FFF77CFE80B940F231130B4A0E490C480D
:1024B00003F001F907490D4803F0FDF840F231112E
:1024C000D0E76FF01504EAE786F31188BFF36F8F4A
:1024D000204670BD1C200020C29502001B96020001
:1024E000228F020030960200EF950200069602004D
:1024F0002DE9F04D0446EFF31186402383F3128853
:10250000BFF36F8F4348FFF73BFE68B98823424A09
:102510004249434803F0CFF83E49424803F0CBF824
:1025200088213D4803F0BEF8DFF808813948FFF7FD
:102530004BFEC8F80040FFF76BFE4FF0000A044660
:102540004FF0000B384FD8F80030D7E9001CD817EF
:1025500054B1D4E90452AB4270EB020E1EDAED1A0C
:1025600062EB0002C4E9045200245B184CEB00004B
:10257000C7E900302046C8F8004004F083FB21463C
:10258000F9F7A4F92348FFF709FEA8B186F31188EB
:10259000BFF36F8FBDE8F04DFFF78EBD69184CEBB0
:1025A000E5732046C4E904ABC7E90013FFF742FE18
:1025B0001848FFF7F3FD68B940F23113164A1B497A
:1025C000174803F078F81349194803F074F840F2FB
:1025D0003111A6E786F31188BFF36F8F2046A368F9
:1025E0009847EFF31186402383F31288BFF36F8F70
:1025F0000848FFF7C5FD002888D00648FFF7E4FD2E
:10260000D8F800305B1BC8F80030FFF701FE044625
:1026100099E700BF1C200020C29502001B96020013
:10262000228F020030960200381C0020EF95020035
:10263000069602001820002070B5EFF311864023A3
:1026400083F31288BFF36F8F1A48FFF799FD68B9BB
:102650008823194A19491A4803F02DF815491948D1
:1026600003F029F88821144803F01CF81148FFF7FB
:10267000ABFDFFF7D5FD144AD2E90045041945EB3F
:10268000E0750C48FFF78AFD68B940F231130A4A39
:102690000E490B4803F00FF806490D4803F00BF8FC
:1026A00040F23111DFE786F31188BFF36F8F2046C8
:1026B000294670BD1C200020C29502001B96020016
:1026C000228F020030960200381C0020EF95020095
:1026D00006960200F8B50446EFF31187402383F312
:1026E0001288BFF36F8F4F48FFF74AFD68B9882300
:1026F0004D4A4E494E4802F0DEFF4A494D4802F02D
:10270000DAFF8821484802F0CDFF4648FFF75CFD1C
:10271000226892B14348FFF741FD00287DD140F285
:102720003113414A4449424802F0C5FF3D494348FC
:1027300002F0C1FF40F23111E4E7D4E90A36581C37
:1027400046F10001022871F1000127D3012B76F137
:102750000001BCBF012316465D1E46F1FF3604F0A2
:10276000ACFA013041F10001401946EB01010128AA
:1027700071F100014CDB04F0A0FA013041F10001DD
:102780006FF00102401946EB01034FF0FF31121ABE
:1027900061EB030320462A49FFF768FD236B0133F1
:1027A0002363236AD3B11F48FFF7F8FC0028B6D093
:1027B00087F31188BFF36F8F2046236A9847EFF3A2
:1027C0001187402383F31288BFF36F8F1548FFF7FB
:1027D000D7FC00288BD01348FFF7F6FC54F8185F9D
:1027E000A54297D0002D95D02846FEF791FC0023F6
:1027F0000C48C5F88C30FFF7D1FC00288FD087F348
:102800001188BFF36F8F2846BDE8F840FEF73ABC49
:102810006FF001024FF0FF33BCE787F31188BFF37D
:102820006F8FF8BD20200020C29502001B96020089
:10283000228F020030960200EF95020006960200F9
:10284000D52602002DE9F843064614461D4691465A
:102850009846EFF31187402383F31288BFF36F8FFD
:102860002848FFF78DFC68B98823274A274928485C
:1028700002F021FF2349274802F01DFF882122484A
:1028800002F010FF1F48FFF79FFCB5F1FF3F08BFA4
:10289000B4F1FF3F11D11B48FFF780FC60BB40F251
:1028A0003113194A1C491A4802F005FF15491B4803
:1028B00002F001FF40F23111E1E7631C75F1FF33D3
:1028C0000ADB012C75F100032246BCBF0122002562
:1028D00012F1FF3945F1FF383046FFF7ABFDDDE976
:1028E0000823C6E90A2300234A4633633046434699
:1028F0000B49FFF7BBFCCEE787F31188BFF36F8F5F
:10290000BDE8F88320200020C29502001B9602003B
:10291000228F020030960200EF9502000696020018
:10292000D5260200F8B505460E46EFF31187402381
:1029300083F31288BFF36F8F1F48FFF721FC68B93C
:1029400088231E4A1E491F4802F0B5FE1A491E4838
:1029500002F0B1FE8821194802F0A4FE1648FFF7E4
:1029600033FC2C68A5421CD0D4E9003213605A60B5
:10297000002331462046C4E9003304F00DFA0E4826
:10298000FFF70CFC78B940F231130C4A0F490D489F
:1029900002F091FE08490E4802F08DFE40F231111E
:1029A000D9E70024EBE787F31188BFF36F8F201E70
:1029B00018BF0120F8BD00BF24200020C2950200EE
:1029C0001B960200228F020030960200EF95020053
:1029D0000696020070B504460D46EFF311864023BB
:1029E00083F31288BFF36F8F2148FFF7C9FB68B9E3
:1029F0008823204A2049214802F05DFE1C492048D6
:102A000002F059FE88211B4802F04CFE1848FFF7DF
:102A1000DBFB01212068E5608442A16011D11448EC
:102A2000FFF7BCFBE8B940F23113124A15491348CD
:102A300002F041FE0E49144802F03DFE40F2311111
:102A4000E1E7D0E9003213605A600023C0E90033A7
:102A500004F0A2F9314604460548FEF7A7FD2046DA
:102A600070BD86F31188BFF36F8F0024F7E700BFB6
:102A700024200020C29502001B960200228F020033
:102A800030960200EF950200069602002DE9F84FFD
:102A90004F1E0F4206460D469A460BD02F4917236C
:102AA0002F4A304802F007FE2F4802F004FE17219B
:102AB0002B481CE0141D4DD241F0040B00F114080A
:102AC000EFF31189402383F31288BFF36F8F4046E1
:102AD000FFF756FB68B98823244A2549214802F0AC
:102AE000EAFD4146234802F0E6FD88211F4802F036
:102AF000D9FD4046FFF768FB224659463046D0478D
:102B000004464046FFF74AFB68B940F23113174AC2
:102B10001949144802F0CFFD4146184802F0CBFD98
:102B200040F23111E2E789F31188BFF36F8F8CB166
:102B300044F8046B7DB13C420DD03423084A10495F
:102B4000084802F0B8FD21462A460E4802F0B3FDBF
:102B50003421ADE700242046BDE8F88F47BA0200D3
:102B600023BA0200228F020062BA0200C29502005C
:102B70001B96020030960200EF95020006960200B6
:102B80007FBA0200B1BA02002DE9F04105460E46B7
:102B9000174604F01DF830B9074B9B68D3F8844002
:102BA00014B9BDE8F081054C3B4632462946204623
:102BB000BDE8F041FFF76ABFD41F00208006002067
:102BC000014BC0F884307047800600200146024A5D
:102BD0000020FFF7D9BF00BFE1550200F8B50D4E48
:102BE0000D4C0E4D33680E48984767782B680C489B
:102BF000984733680B489847022F08D12478E31F81
:102C00005C425C412B68074898472046F8BD002489
:102C1000F8E700BF90040020282000208C0400204A
:102C2000240700201007002038B504460D46FFF7A2
:102C3000D5FF30B12A462146BDE83840024804F0AD
:102C400023B96FF0880038BD2C20002070B51D4ED0
:102C50001D4C33681D4898472378590744BF23F01B
:102C60000403237023789A0705D500F0C1F8237870
:102C700023F002032370164D14482B6898473368DD
:102C800014489847637813B1134804F000F90023FF
:102C900004211148637000F0CBF82B680D48984769
:102CA00033680A4898472378DB0705D504F0E8F82D
:102CB000237823F0010323702B680448BDE870409B
:102CC000184700BF90040020282000201007002093
:102CD0008C040020240700202C2000202DE9F04146
:102CE000FFF77CFF18B100242046BDE8F081364F85
:102CF00036483B689847044620B16FF08F04FFF7D1
:102D0000A5FFF1E7324D2B78D80706D404F0B6F8CA
:102D100004462B7843F001032B702E4E2B4833686A
:102D2000984710B1002CE8D0E9E7002CE7D13B68C8
:102D30002648984704460028DFD12B78990706D407
:102D400000F04EF804462B7843F002032B703368F2
:102D50001E4898470028E5D1002CD0D13B681B487D
:102D600098470028C9D13368184895F800809847DB
:102D70000028C2D13B681848984704460028BCD1B7
:102D80006B7843B918F0010F05D0144804F079F8B6
:102D9000022304466B7033680F4898470028C1D15E
:102DA000002CACD13B68094898470028A5D12B7866
:102DB00006485A075CBF43F004032B7033689847FA
:102DC000002890D099E700BF900400201007002051
:102DD000282000208C040020240700202C20002024
:102DE0000122024B002083F880257047302000200C
:102DF0002DE9F0410A4C002526464FF00108032733
:102E00002046C4F820802777013504F01AF8202DD9
:102E100004F12C04F4D1002386F88035BDE8F0815C
:102E200030200020014B1B68184700BF6C040020B5
:102E300010B50A46044619B1024B00211B68984799
:102E400010BD00BF7004002010B50C4C206800F0CD
:102E5000AFFD0B4A1368591C11604BB9094A482051
:102E6000D2F8003443F00703C2F80034F5F788F9CC
:102E70002068BDE8104000F0B5BD00BF7804002018
:102E8000B42500200080045038B5164D286800F0A5
:102E90008FFD154B1C68013C1C60ECB94820F5F710
:102EA0007DF90722114BC3F80823D3F8002422F040
:102EB0000702C3F80024C3F80041D3F80021C3F887
:102EC0000441D3F804214FF48072C3F80841D3F8C9
:102ED0000831074BC3F888212868BDE8384000F066
:102EE00081BD00BF78040020B4250020008004507C
:102EF00000E100E070B50D4D0D4E2B68B34202D1DC
:102F00000024204670BDFFF79FFF00F0F1FC00F0A9
:102F10002DFD40B103F0C9FF0446FFF7B5FF002CBB
:102F2000EFD12E60ECE700F0E1FAF5E77404002041
:102F3000117365004FF480732DE9F04796B0804619
:102F400003A80393002404F03CF84FF010091E4E30
:102F50000DF12F0525F01F0506F1200A0122102191
:102F60001A4804F00DF82B19009352461023202123
:102F70001548CDF8049000F0F7FA0746F8B9D6E9FD
:102F80000C321034013342F10002302CC6E90C320D
:102F9000E4D1B8F1000F04D022464146284603F0A0
:102FA000E2FF2E46084C0FCE0FC496E80F002035E6
:102FB00084E80F0095E80F00103484E80F003846CD
:102FC00016B0BDE8F08700BF401C0020601C002048
:102FD000F0B5184D184FAB6B8DB0BB4228D0174ED3
:102FE000306800F0E5FC402300221946284603F033
:102FF000D1FF684603F0F2FF044678B96846FFF750
:1030000099FF044690B9302302461946684603F0FA
:10301000C1FF01220023C5E90C23AF63306800F033
:10302000E1FC204603F041FF0DB0F0BD0E24F5E7B2
:103030000020F9E7401C0020B4A5B4A57C040020C2
:103040002DE9F04F99B00DF1570802F10F098246B2
:103050000E46144628F01F084FEA191922B100291C
:103060006CD0B2F5803F69D8364F374D386800F0E4
:103070009FFCD5E90C3213430BD15046FFF7A8FF54
:10308000834630B1386800F0ADFC584619B0BDE851
:10309000F08FD5E90C2319EB020243F10003B3F5DD
:1030A000803F13D302A803F099FFE8B902A8FFF705
:1030B00041FF83460028E5D130230246194602A885
:1030C00003F068FF00220023C5E90C234FF480734E
:1030D00002A8029303F075FFDFF870A03CB9204608
:1030E000FFF728FF8346CDE76FF0920BCAE7102C5D
:1030F0004FF001024FF010015046A14628BF4FF09B
:10310000100903F03DFF102352462021CDE9008332
:103110000D4800F029FA83460028B3D14A463046CC
:10312000414604F0A1F8D5E90C32013342F1000226
:10313000C5E90C32A4EB09044E44CFE76FF0860BCF
:10314000A3E700BF7C040020401C0020601C00207E
:103150000022074BC3F81021C3F80C21C3F800214B
:10316000C3F80421C3F80821C3F81421704700BF35
:103170000050045008B5FFF7EBFF01230360104B2C
:103180000A6832B9D3F80C211AB9D3F80821002AF9
:10319000F6D00B687BB90B4B99420ED0A3F5847324
:1031A000D3F80831002B0CBF4FF0FF306FF0020056
:1031B000FFF7CEFF08BD0020FAE74FF0FF30F7E73A
:1031C000005004500851045070B506460D4619B31E
:1031D0004B6913F00F040CD011495023114A1248C7
:1031E00002F069FA114802F066FA50210D4802F027
:1031F00059FA2146012003F0A7FB0D480D49C0F8FC
:103200000065C0F80455FFF7B5FF21460546204686
:1032100003F09AFB284670BD6FF00105FAE700BF86
:1032200028BB0200D9BA0200228F020051BB020063
:10323000005004500051045010B5044600210120F4
:1032400003F082FB064B0749C3F800450648FFF729
:1032500091FF00210446084603F076FB204610BD8E
:1032600000500450085104500850045038B50C4622
:1032700059B1074D0749C5F800050748FFF77AFF20
:1032800010B9D5F80835236038BD6FF00100FBE7B1
:1032900000500450105104500C5004502DE9F04FD0
:1032A00089B006460F4690461D4603F0E2FE0446EE
:1032B00078B973690090C3F3013262F305148DF895
:1032C000004014F0300408D1B168890710D06FF0C5
:1032D0008604204609B0BDE8F08F102C08D1BDF857
:1032E000023023F4F87343F4A873ADF802304EE0D3
:1032F000DBB2F82B02D06FF08504EAE700234FF031
:10330000010B9E4619461846D6F808C0DFF8CC9146
:1033100059F804AB1CEA0A0F08D00BFA00F343EA91
:103320000E0303F07F0E012341EA0A010130072852
:10333000EED12BB19DF803306EF347038DF80330C7
:103340003CEA0101D7D17388FF2B35D005D8802BFB
:1033500034D0C02BCFD1022303E0B3F5807FCAD194
:1033600004239DF8021063F306118DF8021014B9BE
:103370001CF0030FABD13379022B2BD020D8012BBB
:10338000A5D1BDF8021063F3C811ADF80210012AEF
:103390006FD0032A23D0002A99D13388B3F5105F68
:1033A000A9D1182D6DD0202D70D0102D8FD1DFF820
:1033B00030A101251F261AE00323D2E70123D0E71D
:1033C000032B01D0FF2B82D10221BDF8023061F323
:1033D000C8138AE7BDF8023043F4C07385E7412D76
:1033E0003DD104254F26DFF8FCA008F10108002498
:1033F000381903F012FE00286CD00134AC42F7D12A
:103400001F2E07D02946384603F01BFE044600282D
:103410007FF45FAF009B4FF0FF39079300239B467B
:10342000CDF818A0BDF802204344C2F3C1120592A2
:1034300001AC03F1100C224618685968083303C226
:1034400063451446F7D101A907EB0B00FFF7BCFE5B
:10345000044630B303F00DFE6FF0920439E7182DE7
:1034600019D0202D1AD0102D7FF431AFDFF874A0C1
:103470009FE7302D7FF42BAF03253F26DFF868A0B0
:10348000B5E7DFF85CA002252726B0E7DFF850A0FB
:1034900002252F26ABE7DFF84CA0F4E7DFF844A0C5
:1034A000F6E71C2101A80BF1010B03F07EFDAB45F3
:1034B00006D00AEB0B12CDE906294FEA0B13B1E750
:1034C0001F2E3FF406AFFA20FFF7B6FE00283FF4A8
:1034D00000AFC1E76FF08A04FBE600BFF88D020081
:1034E00040008151000000201084045010B590B0BD
:1034F0001C22002101A803F0C4FEF82003F08DFD7A
:1035000008B3202200200DEB0201FFF799FD0446CD
:10351000F8B901A84FF4807103F089FD0E4B0F49F3
:1035200004930F4BCDE901130E4BF8210693202392
:103530000DEB0302FFF7B2FE202104460DEB010064
:1035400003F033FD05E0F92003F067FD0028D8D132
:103550000446204610B010BD0010C0040024000135
:10356000014B4E80F800FF7F10B543F0005392B03E
:10357000109321234FF480740E9201221193149B17
:1035800001940293159B01AC41F0005106940C91FB
:10359000112440F6110143F00053CDE90323202309
:1035A000DFF864C00A90CDE908C40D9100200EA98F
:1035B0000AAC07940B910F92059300F00FF9BFF33B
:1035C0005F8F4FF0A34306AA1A60BFF35F8FBFF36C
:1035D0005F8F02AA1A61BFF35F8FBFF35F8F032271
:1035E0005A63BFF35F8FBFF35F8F9A63BFF35F8F41
:1035F00003F083FD431C0446FAD0002000F018F9C4
:10360000204612B010BD00BF04000020BFF35F8F42
:10361000094A1368BFF35F8F43F48071BFF35F8F74
:103620001160BFF35F8F23F48073BFF35F8F13606C
:10363000BFF35F8F704700BF0010805108B5FFF7E0
:10364000E5FFBFF35F8F064A1368BFF35F8F43F058
:103650000103BFF35F8F1360BFF35F8F08BD00BF2F
:103660000010805170B50026C0E9006605460C4682
:10367000FFF7EAFB01232B70FFF7C8FFBFF35F8F53
:10368000204BDB68BFF35F8F9B08013BACB3226824
:1036900042B19A4205D9FFF7F7FB6FF03F002E7059
:1036A00070BD1346D4E90115E068002908BF4FF446
:1036B0000071002808BFF1202469BFF35F8F114A11
:1036C0009360BFF35F8FBFF35F8F1564BFF35F8FAE
:1036D000BFF35F8F5064BFF35F8FBFF35F8F5163A2
:1036E000BFF35F8F44F4802444F00104BFF35F8F85
:1036F0001460BFF35F8F0020D2E74FF40071F12018
:103700002546DAE70010805170B503780D4614465F
:10371000002B53D0BFF35F8F2D4A136BBFF35F8F26
:103720005908C3F34203052B4BD011F0060F02D109
:103730004FF0FF3070BD4368D3B9BFF35F8F53685C
:10374000BFF35F8F032BF3D9224B2349BFF35F8F66
:10375000D2F88060BFF35F8FBFF35F8F43F8046BD5
:10376000BFF35F8F8B42F1D1FFF768FF0123436006
:10377000BFF35F8F164B9A68BFF35F8F0132B4EBD4
:10378000021F21D8BFF35F8F5A68BFF35F8FB4EB7E
:10379000820FCDD884B1BFF35F8FD3F88020BFF301
:1037A0005F8F291D05F8012B8D424FEA122204F18B
:1037B000FF34EFD0002CF5D10020BBE76FF02000E4
:1037C000B8E76FF05100B5E76FF03F00B2E700BF18
:1037D00000108051101080512010805110B5044607
:1037E000FFF732FB104B186800F0E2F80CB1012330
:1037F0002370BFF35F8F4FF0A3430022DA61BFF362
:103800005F8FBFF35F8F4FF0FF321A63BFF35F8F9D
:10381000BFF35F8F3422DA61BFF35F8F0122034B66
:10382000C3F8042310BD00BF8004002000800450B2
:1038300010B5044638B9FFF727FBBDE81040074B29
:10384000186800F0CFB803783BB1FFF71DFB034BBE
:10385000186800F0C7F80023237010BD8004002012
:1038600038B51C4CD4F80051C5B1BFF35F8F4FF091
:10387000A343996ABFF35F8FBFF35F8F4FF0FF32AF
:103880001A63BFF35F8F0023C4F80031D4F800310E
:10389000114B1868BDE8384003F0B1BCD4F80831CA
:1038A00053B100F081F803F059FCC4F80851D4F882
:1038B00008310121094BECE709494423094A0A4828
:1038C00001F0F9FE094801F0F6FE4421054801F037
:1038D000E9FE00BF0080045088040020840400201A
:1038E000E690020063BB0200228F0200C9BB020007
:1038F00008B5074B186803F071FC064B186803F015
:103900006DFCBDE80840002248201146F4F75ABC7F
:10391000880400208404002038B5094B1C7864B169
:10392000084B4FF0FF311D68284603F059FC4FF05B
:10393000FF310446284603F060FC204638BD00BF36
:10394000E02600208804002010B5064C236D3BB90A
:10395000214651F8503B986903F00DFC0123236583
:10396000014810BDB82500200826002038B50024E5
:103970000B4D0C4BEC662B6003F5C0436B60FFF7FF
:10398000E3FF50B16B6D2046B3F5007FCCBF4FF421
:1039900080634FF40073AB6038BD0E20FCE700BFBE
:1039A000B82500200020805100487047B82500202D
:1039B00008B54FF0FF324FF0FF33FCF745F948B13F
:1039C000054906481723064A01F075FE17210448E9
:1039D00001F068FE08BD00BFBDA50200228F0200F5
:1039E000E1BB020008B5FCF7FFF948B105490648FC
:1039F0001F23064A01F05FFE1F21044801F052FE1A
:103A000008BD00BFBDA50200228F0200E1BB02007D
:103A10002DE9F74F002782460C469346009700F1A8
:103A20000C06EFF31189402383F31288BFF36F8FE5
:103A30003046FEF7A5FB68B98823194A19491A4888
:103A400001F039FE3146194801F035FE882114484D
:103A500001F028FE3046FEF7B7FBDAF80850504672
:103A60006C4004EA0B0205EA0B08554010496A460F
:103A7000CAF808500195FEF751FA009C44B120465F
:103A8000C4F88C70A5660021646EFDF789FBF5E72C
:103A900030464946FDF78AFD404603B0BDE8F08F49
:103AA000C29502001B960200228F0200309602008F
:103AB000037202002DE9F04F85B09046DDE90E2B30
:103AC00006460C46EFF3058179B152EA0B010CD0A2
:103AD0003E49F9233E4A3F4801F0EDFD3E4801F0E2
:103AE000EAFDF9213A4801F0DDFD0392002C5BD09C
:103AF00008F001030293FEF773F806F10C05074680
:103B0000EFF3118A402181F31288BFF36F8F2846AB
:103B1000FEF736FB039A60B98823304A30492D48B6
:103B200001F0C9FD29462F4801F0C5FD88212B4829
:103B3000D9E728460392FEF747FB18F0020F1CBF97
:103B40000021B160D6F80890029B039A09EA0401AB
:103B50009BB18C4213D12846FEF720FBF0B940F20E
:103B600031131E4A20491B4801F0A5FD29461F4874
:103B700001F0A1FD40F23111D9E70029EBD152EA61
:103B80000B0115D12846FEF709FB0028E7D08AF380
:103B90001188BFF36F8F4FF0000903E08AF311889B
:103BA000BFF36F8F04EA0904204605B0BDE8F08F2B
:103BB000C7E91A485146CDE9002B28463246FDF7A1
:103BC0004BFB0028E7D1D7F86890EBE73EB3020043
:103BD00026BC0200228F0200009C0200C295020057
:103BE0001B96020030960200EF9502000696020036
:103BF00008B5EFF305834BB1074908483623084A57
:103C000001F059FD3621064801F04CFDC0E90233B0
:103C1000C0E9000008BD00BF76B20200228F02009A
:103C200026BC02001FB514461A46094B05461B6800
:103C3000D86854B9074B1C4600910749CDE90134B7
:103C40002B4600F00DF8F4F7EBFE044BF4E700BF51
:103C500094040020029C020056BC020049BC0200F1
:103C60000EB403B503AB0146054853F8042B0068B6
:103C7000019300F0B3F802B05DF804EB03B07047B5
:103C800094040020024B0146186800F04DB800BFB4
:103C90009404002038B50546002941D051F8043C71
:103CA0000C1F002BB8BFE41800F068FF1D4A136812
:103CB00033B9636014602846BDE8384000F064BF43
:103CC000A34208D9206821188B4201BF19685B689C
:103CD00009182160EDE71A465B680BB1A342FAD9D7
:103CE00011685018A0420BD120680144501811608F
:103CF0008342E0D118685B68084453601060DAE7DB
:103D000002D90C232B60D6E7206821188B4202BF12
:103D100019685B680918636008BF21605460CAE7CE
:103D200038BD00BF2C260020F8B5CD1C064625F076
:103D3000030508350C2D38BF0C25002D01DBA942E9
:103D400003D90C2333600020F8BD00F017FF214990
:103D50000A6814469CB9204F3B6823B92146304677
:103D600000F0CAFC38602946304600F0C5FC431C10
:103D700023D10C233046336000F006FFE3E72368CD
:103D80005B1B17D40B2B03D923601C44256004E074
:103D90006368A2420CBF0B605360304600F0F4FE33
:103DA00004F10B00231D20F00700C21A1CBF1B1AD0
:103DB000A350C9E722466468CCE7C41C24F003047E
:103DC000A042E3D0211A304600F096FC0130DDD14C
:103DD000CFE700BF2C260020282600202DE9F04F39
:103DE0000D469DB014469846064618B183690BB936
:103DF00000F0F0FD874B9D421BD175686B6ED907B3
:103E000005D4AB899A0502D4A86DF4F7D5FDAB892A
:103E10001B0701D52B69EBB92946304600F0E0FCC1
:103E2000C0B16B6EDC070ED54FF0FF301DB0BDE8A2
:103E3000F08F794B9D4201D1B568DFE7774B9D420A
:103E400008BFF568DAE7AB899805EDD4A86DF4F7FB
:103E5000CFFDE9E70023CDF80C804FF00109DFF832
:103E6000C081099320238DF8293030238DF82A3022
:103E700023469A4613F8012B0AB1252AF9D1BAEB49
:103E8000040B0BD05B4622462946304603F018FA55
:103E9000013000F0A680099A5A4409929AF800303D
:103EA000002B00F09E8000234FF0FF320AF1010A40
:103EB000049307938DF853301A93CDE905235446A4
:103EC0000522574814F8011B03F0EAFC049BD0B903
:103ED000D90644BF20228DF853201A0744BF2B2255
:103EE0008DF853209AF800202A2A14D0079A5446B5
:103EF00000204FF00A0C214611F8013B303B092B02
:103F00004AD970B914E0A0EB0800A24609FA00F003
:103F100018430490D3E7039A111D1268002A0391F5
:103F200001DB079204E0524243F00203079204933C
:103F300023782E2B0AD163782A2B32D1039B0234AB
:103F40001A1D1B6843EAE37303920593DFF8E0A0B0
:103F500003222178504603F0A3FC38B1A0EB0A00FD
:103F60004022049B013482401343049314F8011B44
:103F700006222C488DF8281003F092FC00283FD030
:103F8000294B1BBB039B073323F007030833039321
:103F9000099B3B4409936BE70CFB02320C46012062
:103FA000A9E7002301344FF00A0C19460593204677
:103FB00010F8012B303A092A03D9002BC6D00591FD
:103FC000C4E70CFB012104460123F0E703AB2A46BA
:103FD00004A930460093154B00F02CF80746781CD6
:103FE000D6D16B6ED90705D4AB899A0502D4A86DDA
:103FF000F4F7FEFCAB895B063FF516AF099815E7B1
:1040000003AB2A4604A930460093084B00F046FA59
:10401000E4E700BF588E0200388E0200188E0200BE
:1040200086BD020090BD020035400200C172020050
:104030008CBD02002DE9F04F8DB00C4616461F4690
:10404000DDF85880054600F043FD036818460493E8
:10405000EFF7C4F9002305900A93D8F8003094F8DC
:1040600018A00733D4F800B023F0070303F10802C7
:10407000C8F800204FF0FF32D3E9008929F000434F
:10408000CDF8188007939C4BDDE90601C4E912893D
:10409000EFF74CF970BB4FF0FF32974BDDE90601AB
:1040A000EFF726F930BB0022002340464946EFF7E0
:1040B00015F910B12D2384F84330904A904BBAF192
:1040C000470F94BF9046984603234FF000092361A1
:1040D0002BF00403236033460BAA214628460097A1
:1040E00003F0A1F9013040F096804FF0FF300DB0A1
:1040F000BDE8F08F42464B4640464946EFF716F979
:1041000040B14B467F4A002BBCBF2D2384F843307F
:104110007D4BD4E763685A1C26D1062363604BF4B9
:10412000806200232846226003930AABCDE901A3F5
:1041300009AB49EC108B00930DF12303616803F088
:10414000D1F8BAF1670F8046099915D1CB1C3BDB3A
:104150006368994238DC0A9B994255DB23682161E8
:10416000D80745D54B1C42E00AF0DF02472AD6D1DA
:10417000002BD4D10123D1E7BAF1470F07D1C81CD6
:1041800025DB63688B4222DB4FF0670AE3E7BAF175
:10419000650F1FD80139524604F15000099103F010
:1041A00009F90A9A81461318012A236102DC226860
:1041B000D20701D5013323619DF82330002B8AD02B
:1041C0002D2384F8433086E74FF0650AE2E74FF08D
:1041D000450ADFE7BAF1660FBDD1002963680BDD40
:1041E000216113B92268D00702D501330B44236142
:1041F0004FF00009A165DFE713B92268D20701D5A6
:104200000233F4E70123F2E70029D4BFC1F102022F
:1042100001221344EBE723685A0507D42369424679
:1042200031462846B84701302BD15EE7BAF1650F19
:1042300040F2DD8000220023D4E91201EFF744F8B8
:10424000002833D00123314A31462846B84701308F
:104250003FF44BAFDDE90938434502DB2368D8075B
:104260000FD531462846DDE90423B84701303FF435
:104270003CAF4FF0000908F1FF3804F11A0AC845B5
:1042800009DC23689B0700F10381E0680B9B9842DF
:10429000B8BF18462BE70123524631462846B84797
:1042A00001303FF422AF09F10109E8E7099B002B37
:1042B00039DC0123154A31462846B84701303FF41E
:1042C00014AFDDE9093959EA030302D12368D9079C
:1042D000D7D531462846DDE90423B84701303FF4FD
:1042E00004AF4FF0000A04F11A0B099B5B425345DF
:1042F0000EDC4B4693E700BFFFFFEF7F97BD020048
:104300009BBD02009FBD0200A3BD0200E69002001B
:1043100001235A4631462846B84701303FF4E5AEFE
:104320000AF1010AE1E7A36DDDF828A05345A8BF13
:104330005346002B994636DC4FF0000B29EAE97909
:1043400004F11A02A36D0693A3EB09035B4531DC6C
:10435000099B9A453ADC2368DA0737D4099BAAEB14
:104360000309069BAAEB03039945A8BF9946B9F137
:10437000000F33DC4FF0000829EAE97904F11A0B49
:10438000099BAAEB0303A3EB090343457FF779AF2E
:1043900001235A4631462846B84701303FF4A5AEBE
:1043A00008F10108ECE7424631462846B84701309B
:1043B000C2D19AE60123314628460692B847013019
:1043C0003FF493AE0BF1010B069ABBE7DDE9042342
:1043D00031462846B8470130C0D186E6069A4B469A
:1043E000314628464244B8470130C3D17DE6DDF866
:1043F00028A0BAF1010F01DCDB0736D501234246C4
:1044000031462846B84701303FF46FAE3146284662
:10441000DDE90423B84701303FF467AE00220023F2
:104420000AF1FF3AD4E91201EEF74EFFC0B9534644
:1044300008F1010231462846B84701300CD154E654
:1044400001235A4631462846B84701303FF44DAE65
:1044500008F10108D045F3DB4B4604F15002DFE6DA
:104460004FF0000804F11A0BF4E701234246E1E79C
:1044700001234A4631462846B84701303FF435AE5D
:1044800008F10108E3680B995B1A4345F0DCFCE690
:104490004FF0000804F11909F4E700BF2DE9FF47C8
:1044A0000F7E914680460C46782F9A460C9D01F16E
:1044B000430207D8622F0AD8002F00F0E080582F5F
:1044C00000F0BB8004F1420684F842703AE0A7F1A4
:1044D0006303152BF6D801A151F823F035450200EE
:1044E00049450200C5440200C5440200C54402001B
:1044F000C544020049450200C5440200C54402000B
:10450000C5440200C544020065460200D9450200C8
:104510001B460200C5440200C54402008746020053
:10452000C5440200D9450200C5440200C54402004A
:10453000234602002B6804F142061A1D1B682A60FC
:1045400084F842300123ABE0236829681F0601F19B
:104550000400286001D50D6803E05E06FBD5B1F9C3
:104560000050002D61687ADA2D200029A16084F8BE
:1045700043002DDA6D425E480A231646B5FBF3F17F
:1045800003FB1157C75D06F8017D2F460D46BB4260
:10459000F4D9082B0BD12368DF0708D5236961689C
:1045A0009942DEBF302306F8013C06F1FF36921B2C
:1045B00022614B4603AA21464046CDF800A002F0F6
:1045C00032FF013071D14FF0FF3004B0BDE8F08709
:1045D00023F004032360CDE72B682068191D2960B0
:1045E000050601D51D6802E04106FBD51D886F2F29
:1045F0003F4814BF0A230823002184F8431066684B
:10460000002EA660B9DB216821F004012160002D95
:10461000B3D1002EB1D11646BBE7236843F0200387
:1046200023607827334884F84570296823680E1D75
:104630002E601E0603D50D6804E02D48F3E75D06E5
:10464000F9D50D88D90744BF43F0200323600DB18D
:104650001023D1E7236823F020032360F8E72448E0
:104660000A23CCE72B682668181D61692860350687
:104670001B6801D5196002E07006FBD51980002384
:104680001646236195E72B6800211A1D2A601E68D3
:104690006268304603F004F908B1801B606063680B
:1046A0002361002384F8433083E723693246494677
:1046B0004046D047013086D023689B0714D4E06879
:1046C000039B9842B8BF18467FE70123324649460C
:1046D0004046D04701303FF476AF0135E368039997
:1046E0005B1AAB42F1DCEAE7002504F11906F5E7B5
:1046F000A7BD0200B8BD020038B50023054D044631
:1047000008462B60F4F714F9431C02D12B6803B15F
:10471000236038BD30260020F8B50E461446054605
:1047200018B183690BB900F055F9214B9C4210D1A7
:104730006C68A369A360A3891A0701D5236993B99B
:104740002146284600F04CF868B14FF0FF37384654
:10475000F8BD184B9C4201D1AC68EAE7164B9C426D
:1047600008BFEC68E5E72369F6B220683746C01A4F
:104770006369834205DC2146284600F0ADF8002835
:10478000E3D1A3680130013BA36023685A1C226077
:104790001E706369834204D0A389DB07D7D50A2E34
:1047A000D5D12146284600F097F80028CFD0CCE795
:1047B000588E0200388E0200188E020038B504466A
:1047C000064D0846114600222A601A4601F0ACF850
:1047D000431C02D12B6803B1236038BD3026002072
:1047E000314B70B51D6806460C4625B1AB6913B94F
:1047F000284600F0EFF82D4B9C420ED16C68B4F9BE
:104800000C301A072CD4DD0611D40922326043F093
:1048100040034FF0FF30A3813DE0254B9C4201D186
:10482000AC68ECE7234B9C4208BFEC68E7E758070D
:1048300012D5616B41B104F14403994202D0304674
:10484000FFF728FA00236363A38923F02403A381DD
:104850000023636023692360A38943F00803A381D5
:1048600023694BB9A38903F42073B3F5007F03D008
:104870002146304600F042F9B4F90C3013F0010241
:104880000AD00022A26062695242A261226942B942
:1048900013F08000BBD170BD990758BF6269A26058
:1048A000F4E70020F7E700BF94040020588E0200D0
:1048B000388E0200188E020038B50023054D0446DC
:1048C00008462B6001F034F8431C02D12B6803B179
:1048D000236038BD3026002038B50B6905460C46EC
:1048E00013B90025284638BD18B183690BB900F00B
:1048F00071F8144B9C421BD16C68B4F90C30002B3E
:10490000EFD0626ED00704D4990502D4A06DF4F7FD
:1049100053F82846214602F0D4FE636E0546DA07B6
:10492000E0D4A3899B05DDD4A06DF4F761F8D9E745
:10493000054B9C4201D1AC68DFE7044B9C4208BFA9
:10494000EC68DAE7588E0200388E0200188E0200FA
:10495000002310B504468360818119464366C281F5
:1049600008228361C0E90033C0E904335C3002F0FF
:1049700088FC054B24626362044BA362044BE36230
:10498000044B236310BD00BF0B7502002D750200A0
:104990006575020089750200014902F02BBF00BF56
:1049A000D94802000148F4F707B800BFAC06002060
:1049B0000148F4F71DB800BFAC0600200148F3F72A
:1049C000FBBF00BFC00600200148F4F711B800BFCC
:1049D000C006002010B50446FFF7F0FFA3691BB125
:1049E000BDE81040FFF7F0BFC4E91233236520464D
:1049F000124B134A1B68A262A34204BF0123A361A6
:104A000000F020F86060204600F01CF8A06020460E
:104A100000F018F800220421E0606068FFF798FFBA
:104A200001220921A068FFF793FF02221221E0680A
:104A3000FFF78EFF0123A361D2E700BF148E0200AF
:104A400099490200F8B50746FFF7ACFF1E4B1E68F8
:104A5000B36913B93046FFF7BDFF4836D6E90134D4
:104A6000013B03D533680BB33668F7E7B4F90C5054
:104A7000D5B9164B04F158006566E360F3F76CFF97
:104A8000FFF796FF0822294604F15C002560A56126
:104A9000C4E90155C4E9045502F0F3FBC4E90D551E
:104AA000C4E912552046F8BD6834D9E704213846D8
:104AB00002F08AFE044630600028D5D1FFF778FF67
:104AC0000C233B60EEE700BF148E02000100FFFFE5
:104AD00000487047E805002038B50446064D0846F2
:104AE000114600222A601A4600F025FF431C02D11D
:104AF0002B6803B1236038BD302600208B89F7B5C1
:104B00009D0706460C4607D504F147032360236141
:104B10000123636103B0F0BD01AB6A4602F089FE78
:104B2000009F054630463946FFF7FEF848B9B4F90C
:104B30000C309A05EED423F0030343F00203A38163
:104B4000E2E70D4BB362A389206043F08003A381A9
:104B5000019BC4E904075BB1B4F90E10304600F0C4
:104B60005DFB28B1A38923F0030343F00103A38174
:104B7000A3891D43A581CDE7994902000148F3F7B8
:104B80001BBF00BF980600200148F3F731BF00BFEC
:104B90009806002070B5466A04460D4676B9102086
:104BA000FFF770F80246606220B9184B662118487A
:104BB000FFF738F8C0E901660660C660666AF36808
:104BC00083B1636ADB6853F82500B8B90121204638
:104BD00001FA05F6721D920002F0DAFE60B1C0E93A
:104BE00001560EE021220421204602F0D1FE636A24
:104BF000F060DB68002BE4D1002070BD026843F850
:104C000025200023C0E90333F7E700BFD6BD02002B
:104C10007ABE020070B5466A05460C4676B9102089
:104C2000FFF730F80246686220B9094B8A2109482B
:104C3000FEF7F8FFC0E901660660C6603CB16B6A2A
:104C40006268DB6853F82210216043F8224070BD8F
:104C5000D6BD02007ABE02002DE9F04101F1140C2C
:104C600007460C461E460D690020DCF80030013076
:104C700099B2854202FB01614FEA13464FEA1143A4
:104C800089B202FB063301EB03414FEA13464CF8AD
:104C9000041BEADC0EB3A368AB4219DC616838463A
:104CA0000131FFF777FF804628B902460C4BB5214A
:104CB0000C48FEF7B7FF226904F10C010C300232F8
:104CC000920002F0D1FA214644463846FFF7A2FF8F
:104CD00004EB850301355E6125612046BDE8F08166
:104CE00061BE02007ABE020010B50C460121FFF73A
:104CF00051FF024628B9054B4FF4A0710448FEF756
:104D000091FF01234461036110BD00BF61BE020039
:104D10007ABE02002DE9F04F14460A690F4685B0AD
:104D200023699A42A2BF23460C461F46D4F810A01E
:104D3000A368D7F8109061680AEB0906B342B8BFC0
:104D40000131FFF727FF30B90246454B40F25D11B4
:104D50004448FEF767FF00F11405002205EB8608C2
:104D60002B46434521D307F1140104F1140204F149
:104D7000150702EB8A0201EB89030293131B153B13
:104D800023F003030433BA4238BF04230193029B88
:104D900003918B420CD8002E03DD58F8043D002B04
:104DA0005BD0066105B0BDE8F08F43F8042BD8E76F
:104DB000B1F800A0BAF1000F24D004F1140EA946F6
:104DC0004FF0000C5EF8047BD9F800301FFA87FB27
:104DD00072459BB20AFB0B334FEA174BD9F80070B0
:104DE00063444FEA174C0AFB0BC707EB13479BB210
:104DF0004FEA174C43EA074349F8043BE2D8019BCA
:104E000045F803C0039B0431B3F80290B9F1000FD9
:104E100021D02B6804F1140CAE464FF0000ABCF808
:104E200000B09BB2BEF8027009FB0B77574443EA0F
:104E300007434EF8043B5CF8043B4FEA134ABEF8C4
:104E40000030624509FB0A3303EB17434FEA134A6C
:104E5000E5D8019FEB51043599E7013E9BE700BF80
:104E600061BE02007ABE02002DE9F843154612F039
:104E7000030207460E4607D0013A254C002354F89A
:104E80002220FFF7E9FE0646AD103DD07C6A7CB9D2
:104E90001020FEF7F7FE0246786228B91D4B4FF44A
:104EA000D7711D48FEF7BEFEC0E901440460C4602E
:104EB000D7F82480D8F808404CB940F27121384620
:104EC000FFF712FF00230446C8F8080003604FF004
:104ED0000009EB070AD5314622463846FFF71AFF8C
:104EE0008046314638464646FFF794FE6D100BD09B
:104EF000206838B9224621463846FFF70BFF20606C
:104F0000C0F800900446E4E73046BDE8F88300BFEF
:104F1000788E0200D6BD02007ABE02002DE9F0476D
:104F20000C46074691464FEA621A2369496803EB2B
:104F30006218A36808F10106B3420BDB3846FFF79D
:104F400029FE054648B90246284B40F2D9112848A7
:104F5000FEF768FE01315B00EEE7002300F114016B
:104F600000F110021846534533DB2AEAEA7A04F1CD
:104F70001403206919F01F0901EB8A0103EB800C6F
:104F80002BD0C9F1200E8A460022186800FA09F0D9
:104F900010434AF8040B53F8042B9C4522FA0EF2F6
:104FA000F3D8ACEB040304F11500153B23F0030325
:104FB0000433844538BF0423CA500AB108F10206FD
:104FC000013E384621462E61FFF724FE2846BDE803
:104FD000F087013342F8040FC5E7043953F8042B76
:104FE0009C4541F8042FF9D8EAE700BF61BE0200F2
:104FF0007ABE02002DE9F74F89460646114614464F
:10500000484602F0AAFC051E12D129463046FFF799
:10501000C1FD024628B9414B40F232214048FEF71B
:1050200001FE0123C0E90435104603B0BDE8F08F4E
:10503000BCBF4B46A1463046B8BF0125D9F8041085
:10504000B4BF1C460025FFF7A5FD024618B9334B37
:105050004FF41071E2E7D9F8107004F1140E2669CC
:1050600000F1140BC56009F1140509F110030EEBF2
:10507000860605EB8708D9464FF0000C0193019B8B
:105080005EF8040B53F804AF764501931FFA8AF3D8
:10509000194683B24FEA1040A1EB0303C0EB1A405C
:1050A000634400EB23409BB24FEA204C43EA0043A9
:1050B00049F8043BE3D8331B1534153B23F00303B5
:1050C0000433A64238BF04231D445B442C461E46CD
:1050D00044450ED308F10301491B033D21F00301B0
:1050E000A84538BF00210B4453F8041D99B117613E
:1050F0009AE754F8041BE6461FFA81FC080C714439
:10510000F44489B200EB2C4041EA00414FEA204CC4
:1051100046F8041BDCE7013FE6E700BF61BE020082
:105120007ABE02002DE9F7430F460121164659ECDD
:10513000108BFFF72FFD044630B90246234B40F297
:105140000A312348FEF76EFDC9F30A55C9F313036C
:105150000DB143F480130193B8F1000323D06846E6
:10516000009302F0CDFBDDE90012D0B1C0F12003C5
:1051700002FA03F3C2400B4301926361019B002BCF
:10518000A3610CBF012202222261A5B1A5F2334521
:105190000544C0F135003D603060204603B0BDE8F5
:1051A000F0836161EAE701A802F0AAFB019B2030CD
:1051B00001226361E8E7A0F2324004EB8203386029
:1051C000186902F07BFBC0EB4210E5E761BE02000C
:1051D0007ABE020038B50446064D08461146002244
:1051E0002A601A4600F09CFB431C02D12B6803B1D5
:1051F000236038BD3026002038B50023064D044614
:10520000084611462B6000F09DFB431C02D12B6821
:1052100003B1236038BD00BF3026002038B500231D
:10522000054D044608462B6000F087FB431C02D165
:105230002B6803B1236038BD302600207047836897
:1052400000EBC101B3F5004F2CBF51F8220031F83B
:105250001200704700EBC1018068B0F5004F2CBF11
:1052600041F8223021F812307047012208B5FFF7CB
:10527000E6FFD04008BD836800EBC101B3F5004FE5
:1052800008D34B681AB143F001034B60704723F019
:105290000103FAE74B881AB143F001034B807047D2
:1052A00023F00103FAE753000122FFF7D3BF83681D
:1052B000B3F5004F34BF04230823C91A081AC008E5
:1052C0007047B0F5004F34BF042308230731C818D6
:1052D000C00870470A4608B50121FFF7F2FF013206
:1052E000121AB2FA82F0C0F11F0008BD2DE9F04198
:1052F000174603220E460446FFF7A1FF86420546E5
:1053000007F104080AD10122E368BA4023EA020344
:10531000E360002344F82830BDE8F08131460222E2
:105320002046FFF78CFF06462B4601460322204607
:1053300044F82850FFF78EFF334629462046BDE843
:10534000F0410222FFF786BF70B50D46866804461D
:10535000FFF78BFFB6F5004F014601D3012809D0B6
:105360003046FFF7B7FF294602462046BDE87040A9
:10537000FFF7BCBF70BD2DE9F04705468068884641
:10538000FFF7A8FF05EB800ADAF810900646B9F19E
:10539000000F1BD00327DAF8104028462146FFF7FC
:1053A00064FF404507D3324621462846FFF79EFF5B
:1053B0002046BDE8F087032221462846FFF73FFF3D
:1053C000013FCAF8100001D08145E4D14FF0FF340D
:1053D000EB680136B4401C40EAD094FAA4F2B2FA69
:1053E00082F2131D55F82340DEE72DE9F041144603
:1053F0000E460546FFF739FFA4EB0608371B0744A6
:10540000424631462846FFF74EFF3A462146284697
:10541000FFF749FF4346002221462846FFF71AFFBF
:1054200021462846FFF721FF3B4621180022284647
:10543000BDE8F041FFF70EBF2DE9F04116460446E6
:105440000F46FFF712FF314605462046FFF70DFFD6
:1054500005442A4639462046FFF725FF31462046B7
:10546000FFF703FF2B46311800222046BDE8F0412C
:10547000FFF7F0BE2DE9F0410D4686680446FFF7C0
:10548000F4FEB6F5004F014601D3012832D0304674
:10549000FFF720FF04EB80010E6996B90122E36853
:1054A00082401343E36002220D612B4629462046C9
:1054B000FFF7D0FE032229462046BDE8F041FFF762
:1054C000C9BE022231462046FFF7B9FE0746034611
:1054D00029462046FFF7BEFE0322334629462046D2
:1054E000FFF7B8FE39462B462046FFF7B3FE0222EF
:1054F0003146E1E7BDE8F081F8B50C460546FFF717
:10550000B4FE2618012231462846FFF798FEC3074D
:105510000CD431462846FFF717FF21462846FFF7EF
:10552000A4FE214622182846FFF786FF00222146C6
:105530002846FFF784FE271A012239462846FFF73E
:105540007EFE10EA020613D139462846FFF7FCFE1C
:10555000214632462846FFF772FE2246211A284687
:10556000FFF76AFF214632462846FFF768FE241AF5
:1055700021462846BDE8F840FFF77CBF70B50668B5
:1055800009B9002070BDB068B0EBD10FF9D9FFF7B1
:1055900098FE014605463046FFF7EDFE044600281A
:1055A000EFD001463046FFF760FEA84209D92544F6
:1055B000214630462A46FFF718FF29463046FFF7B6
:1055C00059FF304601222146FFF755FEB368B3F577
:1055D000004F34BF0423082303EBC4031844D1E76E
:1055E0001146FFF7CBBF002070470FB407B504A9E1
:1055F00051F8040B0191F1F7C1FF03B05DF804EB22
:1056000004B07047044608B5084611461A46A0473C
:10561000FCF7E6FAF2F740FDD0E9002130B54FF093
:105620003333A2FB0324D51843EB0405A1FB03137A
:10563000521844EB0304521944F10002891843F153
:105640000003C0E9001330BD10B50A680346002A04
:105650000FDD013A0A6044680A201A68A2FB0012B2
:1056600000FB0422100F22F07042C3E90012303018
:1056700010BD3020FCE72DE9F0410746884615466D
:105680001E461446B44205D30EB1601B08E02378D1
:10569000002BFAD0414614F8010BB8470028F1DA84
:1056A000BDE8F081002383F31188BFF36F8F0423DB
:1056B000184602DF70470FB407B504A951F8040B70
:1056C0000191F1F75BFF03B05DF804EB04B07047A4
:1056D000838B13F0070305D10368002B0CBF002058
:1056E00003207047022B05D1C08BB0FA80F040092F
:1056F00080007047012B05D10368002B0CBF0020F0
:10570000052070470020704710B50C4600B111B954
:105710006FF0150010BD081D00F02FF80028F9D11A
:10572000A368032BF6D9F3E72DE9F0410D460746B0
:105730001946281D90461E46F2F732FA044638B143
:105740003346424629463846A446BDE8F041604704
:10575000BDE8F08138B50C46054658B151B10B682B
:1057600043B14B6833B12022002101F08AFD0020B3
:105770002C6138BD6FF01500FBE7034640B142686D
:1057800002F00302022A06D0032A04D0012A05D01F
:105790006FF0150070471A68002AF9D00020986051
:1057A00070477047002908DB8068884205D9401A95
:1057B000904234BF0020012070470020704770479E
:1057C00070B516461A4605460C46FFF7EBFF48B182
:1057D0006968E8682144826814683246A446BDE8D6
:1057E000704060476FF0150070BD70B516461A46E0
:1057F00005460C46FFF7D6FF48B16968E8682144C2
:10580000826854683246A446BDE8704060476FF035
:10581000150070BD10B50B460446FFF7C3FF40B13D
:105820006168E068194483689B682BB1BDE810404B
:1058300018476FF0150010BD6FF05700FBE708B573
:10584000C0688368DB689847006808BD08B5C06811
:105850008368DB689847407908BD012801D1EFF3E0
:105860000583F9F7DBBF01460068FFF7F6BF08B50F
:10587000F2F7FCF9BDE80840F2F7FCB9002101207D
:10588000FFF7EBBF836F83F30B88704761B662B697
:1058900080F31188BFF36F8F704772B6002383F3D4
:1058A0001188BFF36F8FBFF34F8F30BF62B6BFF366
:1058B0006F8F704772B6002383F31188BFF36F8F29
:1058C000BFF34F8F20BF80F31188BFF36F8F62B695
:1058D000704740E800F313F4803FD8B208BF6FF080
:1058E0001500704730B50C684B6885B00A894D8942
:1058F0000094013B24F01F04234402F01F0242EAFB
:10590000451223F01F0369468DF808200393F2F730
:105910008DFD05B030BD002070474FF0FF3070475F
:1059200008461146F2F7D8BF08461146F2F7E8BF1D
:105930004FF0FF307047002070470228CCBF002096
:10594000012070474FF4005300204B6070477047B0
:10595000C16A8968F3F7DEB810B50C460121F3F788
:1059600023FA047010BD10B5036801211C78F3F709
:105970003BFA204610BD02688068101A7047838881
:10598000C2888168D21A03685B1AD01A704738B58A
:105990000D4614461146F3F745FA22462946BDE85E
:1059A000384001F061BC10B50C460121F3F73AFA1A
:1059B000047010BD012310B50621044600F8013B18
:1059C000F6F7E6FB18B9A37963F03F03A37110BDA6
:1059D00038B50446807AF3F74DF86169054649B158
:1059E000637ADB0704D4C36A20461B689B68984728
:1059F0000023636121462846BDE8384001F0A8B87D
:105A0000034610B5D3E8EF0F40EA0102C3E8E42FE4
:105A1000002CF7D110BDD0E8EF3F0B40C0E8E23FCB
:105A2000002AF8D1704708B500200021F3F720FCC8
:105A300018B1BDE80840F3F7D1BB08BD072208B58F
:105A400001F002FCB0FA80F0400908BD08B500F092
:105A500034FE002818BF6FF00D0008BDF8B5069F92
:105A60000469C9B2EFF31186402585F31288BFF3AC
:105A70006F8F0C2505FB0144A56C05F0070CBCF1EC
:105A8000010F0CD1A76486F31188BFF36F8FC4E9AF
:105A90001023436853F8313098470020F8BD05F0D3
:105AA000C005AF4286F31188BFF36F8F0CBF6FF054
:105AB00077004FF0FF30F1E713B580240094FFF733
:105AC000CDFF02B010BD0069CBB200EB4310002146
:105AD00010470020F6F758BC0020F6F77FBC1046B0
:105AE000FAF7C8BB8022F4F7CFBA40F256307047BD
:105AF0000020704708461146F3F700BE08B50023A2
:105B0000F4F7CEFC00EAE07008BD084608B511467F
:105B1000FDF78AF8002818BF6FF0040008BD08B52B
:105B2000FDF7DCF8002818BF6FF0040008BD70B561
:105B3000037B04460BB100F071FD0026A06800B99C
:105B400070BDB0F5007F28BF4FF4007005460246D7
:105B5000D4E90010F4F710FD63682B4463602368F8
:105B60000BB12B442360A3685B1BA360002BE5D023
:105B7000237B0136002BE1D0304600F050FD002899
:105B8000DCD00120DCE708460021F4F719BD084607
:105B900011461A4609B1F4F713BD6FF015007047AE
:105BA00043681C330B600123136070474368002077
:105BB0009B69C1E900307047FAF75CBB4FF0FF32D8
:105BC0004FF0FF33FAF7DABBF0B58FB04468D0F886
:105BD00010C00020DDE914658DF800100121CDE929
:105BE0000950CDF801008DF80500D007CDE9071662
:105BF000CDE90B1602F08007CDF818D00D9514D51D
:105C00009CF81C201BBAD107049357BFBDF8113074
:105C1000CDF80130ADF801309DF813304EBF0523AB
:105C20008DF80330042307930B9306AB0293211DD9
:105C30000AAB7FB1002D14BF02220122CDE903235C
:105C400002230593206883681C68002302AAA047EA
:105C50000FB0F0BD0122CDE9032302230593206894
:105C600083681C6804ABF1E7002373B50D1E46681A
:105C700014BF04210621CDE9003380220446FFF73A
:105C8000A3FF96F830309B0609D540B93DB90346CD
:105C9000CDE90000802298212046FFF795FF02B051
:105CA00070BD1FB5012301930DF10F030093002375
:105CB00005211A46FFF788FF08B99DF80F0005B0C7
:105CC0005DF804FB2DE9FF41064615461C460127F9
:105CD0000DF10F08002305211A463046CDE9008753
:105CE000FFF772FF40B99DF80F30DB0704D5284657
:105CF0002146FBF7D5FEEDE704B0BDE8F0812DE9C4
:105D0000F3471F4643680D1E064690469B695CDBC1
:105D1000EA199A4259D80069FFF750FF002130462E
:105D2000FFF7A2FF0446002844D181462FB9012184
:105D30003046FFF799FF044640E0B7F5807FBA464A
:105D400028BF4FF4807A2A4605EB0A03002D03F1A1
:105D5000FF334FEA1323B8BF05F1FF02B3EB222F45
:105D600008D06B42DBB25FFA85FA58BFC3F1000A74
:105D7000CAF5807A0023802206213046CDE90099B9
:105D8000FFF722FF0446A8B92B46812202213046A4
:105D9000CDE9008AFFF718FF044658B90122002315
:105DA0003046FFF78FFFA7EB0A070446D04455445F
:105DB0000028BBD001213046FFF756FF3069FFF7BE
:105DC000FBFE204602B0BDE8F0876FF01504F8E74F
:105DD000F7B51E4643680D1E044617469B6914DB43
:105DE000AA199A4211D80069FFF7E8FE2B46012252
:105DF00003212046CDE90076FFF7E6FE054620693F
:105E0000FFF7DAFE284603B0F0BD6FF01505F9E79D
:105E1000F7B54468054694F830309A0746D50769C7
:105E200000F04BFF4FF47A76A0FB060C002347F6F8
:105E3000122206FB01C1EDF7B7FABB69C31A13D4EE
:105E4000628DA68D9B1AB3420EDA47F6122740F2F6
:105E5000E7300021F61A4FF47A720023E6FB0701BF
:105E6000EDF7A2FAFBF71CFE94F8303013F00403B0
:105E70001CD18022AB212846CDE90033FFF7A4FED8
:105E8000A8B994F830309B0710D540F2E73147F6B7
:105E900012250E460146E48D4FF47A72E5FB04614B
:105EA00000233046EDF780FAFBF7FAFD002003B03F
:105EB000F0BD2DE9FF41044600694FF0FF3201219A
:105EC00000F054FE6668306800F0E0FD28B96FF01D
:105ED0001205284604B0BDE8F081F06818B100F062
:105EE000D5FD0028F3D02069FFF768FE2046FFF7B4
:105EF0008FFF002803DA2069FFF75EFEE7E7204600
:105F0000FFF7CFFE051E40F38C80E80700F1838089
:105F10002069FFF751FE2069FFF750FE4FF003089C
:105F2000002303AF1A469F212046CDF80480009736
:105F3000FFF74AFE05462069FFF73EFE002DC6D159
:105F40003846424606F1240101F07EF90746002852
:105F500040F0A48096F8283073B32069FFF72EFE36
:105F60002046FFF79EFE051E21DD96F82830802290
:105F700025EA030506213B462046CDE900778DF84A
:105F80000B50FFF721FE03460028B4D101210DF18B
:105F90000B020092204680220191FFF715FE002897
:105FA000A9D1002200232046FFF78CFE0546206978
:105FB000FFF702FE002D8AD196F827506B1EDBB248
:105FC000FD2B35D92069FFF7F9FD636893F8303070
:105FD000990774D500238022B9212046CDE90033EA
:105FE000FFF7F2FD054600286BD16368266993F838
:105FF00030309B0755D43046FFF7DEFD2069FFF7B0
:10600000DDFD2046FFF704FF05462069FFF7D4FDBC
:1060100005EAE5755DE7002200232046FFF752FE02
:1060200005462069FFF7C8FD002DBFF674AF4EE7A7
:1060300015F00B0F3FF44BAF2069FFF7BFFD15F0D4
:10604000080319D00123802201930DF10B03009363
:10605000172100238DF80B202046FFF7B5FD0346DE
:106060002069002B7FF448AF037F43F001030377DF
:106070002069FFF7A1FDA5E7AA0705D40023802228
:10608000B721CDE90033E7E7802206212046CDE99C
:106090000033FFF799FD0028F0D02CE76FF01505CD
:1060A00017E700F00AFE4FF47A75A0FB050747F6E4
:1060B0001222002305FB0171EDF776F9B06120692A
:1060C0009AE72069FFF778FD002D97DA15F1860F22
:1060D00094D0FEE6436800205B68DB680B60704785
:1060E000436802EA01005B6821EA0201586000206F
:1060F00099607047436800205B6859607047436847
:1061000000205B689960704743685A68136821EA09
:1061100003000B40506000209360704730B5436827
:106120001360057A446804EBC504A34202D36FF000
:10613000010030BD5C798C4201D00833F0E70020CB
:10614000F7E7704743680020DB6BC2E90030704717
:106150002DE9F743BDF82880032907461C46466809
:10616000056908F001085DD84FF0010CB37F0CFA07
:1061700001F0012B04BF64085208002C55D0944252
:1061800056D22B689A4211D02B7983434AD1944638
:10619000BCF5004F41D22A606B71326896F81EE060
:1061A000C2F80C35C2F804E5C2F808C54FF0010C7E
:1061B0006B7924FA03F39BB27A6888F0010E926A35
:1061C00043EACE3322F811305FFA80F9BCF1000FB8
:1061D0003AD13068C9B2F4F7F5FD00280EDBB8F10A
:1061E000000F47D0B4FA84F4640924BB019001A8DD
:1061F000F4F702FE0123019A93408360297921EA92
:106200000901297129B3AB7963BB10230122304600
:1062100006F12801F8F720F820E00133082B4FEAB7
:106220005C0CB5D16FF0150019E0A4462346C3E716
:1062300047F6FF73C0E7019001A8F4F7DDFD0123E5
:10624000019A93404360D9E72B7949EA03032B7104
:10625000D9E77868F8F76AF80123AB71002003B03A
:10626000BDE8F0830023AB713046F8F797F80028BB
:10627000FAD0CAE7003C18BF0124B6E743681B68A0
:10628000D3F83031704743681B68D3F88004C3F8F3
:106290008004704742681368D3F84C0150B1002065
:1062A000926A12780A70C3F84C01D3F84C2101228B
:1062B0009A6270474FF0FF30704713B501AA044649
:1062C000FFF72CFF002805DB019B2268197918686D
:1062D000F4F7BAFC02B010BD002201214A20F1F708
:1062E00071BF10B50B6813B91846136005E0036859
:1062F0005C681CB114600368186810BD0833036043
:106300000B68013B0B60EDE713B501AA0446FFF7EC
:1063100005FF002805DB019B226819791868F4F74E
:1063200093FC02B010BD38B50569446895F86D302E
:106330002BB12046F9F74AF8002385F86D3001218A
:10634000E06BFFF7E1FF002038BD10B5036804469D
:10635000DBB19868C8B149B1197B0122F4F7E0FEBE
:1063600023681869BDE8104000F08CBB12B99A8808
:10637000D2040AD4186900F085FB23680022BDE826
:106380001040197B9868F4F7CBBE10BD10B5012200
:1063900000210446FFF7D9FFA36933B9636004F114
:1063A0001000BDE81040F9F765BF10BD10B50069D9
:1063B00003688B4206D190F86C4034B9FFF7E6FFD2
:1063C000204610BD6FF01500FBE76FF00F00F8E7F7
:1063D00038B505690446296405F12800F9F74AFF34
:1063E000002285F86C2020691146BDE83840FFF78F
:1063F000ACBF38B502780346002A52D10C69A26EB0
:1064000032B9606E6FF07301BDE83840FFF7E0BF4E
:10641000E06D40B1216E31B1DB6823B1834202D01F
:10642000616F00F021FFA36DA56E9BB19D4211D855
:106430005B1BA3654BBB636C04F1580208336364B8
:10644000A36C04F14801013BA36404F14400FFF78D
:1064500048FF6065236E9BB19D4211D85B1B23668C
:10646000CBB9E36C04F160020833E364236D04F1FB
:106470005001013B236504F14C00FFF732FFE0655A
:10648000606EBDE83840F4F719BF636D002BE1D0B2
:106490002B446365DEE7E36D002BF1D02B44E3650D
:1064A000EEE738BD07B56846F7F702FBDDE9000106
:1064B00003B05DF804FB10B54FF0FF304FF0FF3133
:1064C000F5F72CFA044628B9E6F766FD044618B13C
:1064D000F5F72CFA204610BDF5F728FA2046F2F71A
:1064E0008BFDF7E738B50B8A0D461BB96FF0150425
:1064F000204638BD01F10C00FFF735FA0128F5D12F
:106500004FF0FF304FF0FF31F5F708FA044600284E
:10651000EED1E868F5F7B6FB0446F5F707FA002C6C
:10652000E6D1F5F7F9FA2846F2F7D6FBE0E7F5F7FA
:106530002BBB10B531220021044600F0A2FE6FF003
:106540003F0363712823A3730223E3736FF00803EF
:1065500063766FF03C03A376E3767823237780237A
:1065600084F82330012384F82430802384F82630F3
:10657000402384F82D3010BD00230360436003786E
:1065800023F01D0343F01D030370437843F04003E1
:106590004370704708B5FCF7A1FB48B1002383F3B3
:1065A0001188BFF36F8F0423184602DF6FF00400D9
:1065B00008BD684620F007018D4601B5EEF728FDBD
:1065C000BDE8014085467047684620F007018D46CA
:1065D00001B5EAF7BFFDBDE8014085467047684652
:1065E00020F007018D4601B5EAF736FFBDE801400E
:1065F0008546704708B5EEF765FA002008BD70477C
:10660000EAF722BA08B5EBF7E1FF30B1EFF3058006
:106610000338032894BF0020012008BD70470120E3
:1066200070478068203820F00F002038704738B558
:1066300015460C4661B15AB1FFF708F921462544C9
:1066400011F8013B834203D1A942F9D1012038BDA1
:106650000020FCE738B50C460123114622460546CA
:10666000FFF7AEF800280FDB012221462846FFF78E
:10667000DEFF38B92378012B14BF02230123002049
:10668000237038BD0323FAE70120FAE707B5012399
:106690008DF8042001AAF6F719F803B05DF804FBA1
:1066A00081680122203921F00F01FFF7EFBF8268D6
:1066B000203A22F00F02FFF7CDBF01460020F6F787
:1066C00001B9004700F0DEB970B504460846164629
:1066D000F6F7AAFB083034F810300D46DA0509D574
:1066E000C3F3432304EBC3023146284654F8333046
:1066F00052689847A3682BB131462846E268BDE846
:106700007040184770BD2DE9F3411746DDE9085880
:10671000019001A80C461E46F6F7DEFB019B391ED0
:1067200018BF012100EB8300231E18BF0123002E98
:1067300043EA410314BF0C210021002D43EA010369
:1067400014BF4FF470610021B8F1000F43EA010358
:1067500014BF4FF440310021D0F880200B4322EACF
:10676000030304B124780FB13F787F001C430EB1BE
:106770003678B6003C438DB1297809023443B8F12C
:10678000000F03D098F800804FEA0848214341EAFF
:106790000801C0F8801002B0BDE8F0812946EDE79D
:1067A0001FB50DF10F03019300238DF80F101A464A
:1067B00019460093FFF7A7FF05B05DF804FB10B57D
:1067C00004792046F6F710FC10B12046F6F732FCAB
:1067D00000F0010010BD2DE9F04700250446884671
:1067E00017462E464FF00109AA46BE420CD1D4F8F6
:1067F000443133B10023C4F84431D4F8443145F472
:1068000000352846BDE8F087F0B2F6F797FBA0F513
:1068100080739B0809FA03F318EA030F05D0225886
:106820001AB144F800A022581D430136DDE770B5C7
:106830000679044630460D46F6F7FCFBB0B130460B
:10684000F6F7D2FB90B93046F6F7BEFB012322687B
:106850008340C2F81833226803B202EB8303D3F8F3
:10686000102522F00302C3F8102570BD2846BDE8AC
:1068700070400021FFF794BFF6F732BDFFF7D7BF96
:10688000F6F7EABB30B50124A2F58075AD08AC403F
:106890000C4207D0815829B10021815082581A68D2
:1068A00022431A6030BD002313B50C4601934FF408
:1068B000887201ABFFF7E6FF21464FF48A72FFF7BB
:1068C000E1FF21464FF48E72FFF7DCFF21464FF4C3
:1068D0008272FFF7D7FF21464FF48472FFF7D2FF91
:1068E00021464FF48672FFF7CDFF4FF48C7221469C
:1068F000FFF7C8FF019802B010BD30B50224012592
:106900000C72CA600468C4F80055096879B112F0C5
:10691000040F0CBF82219221150748BF41F02001CE
:10692000D406046848BF21F08001C4F80013016850
:1069300012F0800008BF01224FEAC30303F11003E5
:106940000CBFCA50C81830BDC9B2F7F797BD10B513
:106950000124A1F580739B0804FA03F318400CD0BE
:1069600001F1502101F55021086830B10020086084
:106970002046096811681943116010BD70B50126E1
:10698000A2F58074A40806FA04F4054614EA01008E
:1069900008D0A85830B100213046A950AA581A682A
:1069A00022431A6070BD00232DE9F34104460D46D1
:1069B0000193904601AB4FF48072FFF7DFFF4FF475
:1069C000827229462046FFF7D9FF4FF484720746AA
:1069D00029462046FFF7D2FF064630B1B8F1000F36
:1069E0001DD017B13E46D4F80C374FF4A672294695
:1069F000204601ABFFF7C2FF30B1B8F1000F03D062
:106A000016B90FB1D4F80C374FF4B47229462046AA
:106A100001ABFFF7B3FF019802B0BDE8F081464635
:106A2000E3E770B54B7F04460D467BB10123642636
:106A30004360002202212046FFF7B5FF20B9012064
:106A4000FFF740FE013EF4D100236B770023C4F82A
:106A5000003570BD07B5019001A8F8F7C3FA01230E
:106A6000019A9340436003B05DF804FB07B50190C1
:106A700001A8F8F7B7FA0123019A9340836003B0A5
:106A80005DF804FB08B1F2F73DBA704740B1C36846
:106A9000587810F001001EBF1878B0FA80F0400955
:106AA0007047EFF31183402383F31288BFF36F8F96
:106AB000FEE708B5FFF7F5FF10B54369044633B9A3
:106AC0000020E268537843F00103537010BD9847EB
:106AD0000028F5D00028B8BF4042FF28A8BFFF20FB
:106AE000E3681870EDE700F0CCBB00F0BDBB10B45C
:106AF00000F10C04C0E90344002444615DF8044B38
:106B0000F0F796BC90F90E308B4201D0FAF778BCC2
:106B10000020704703460020C3E90033C3E90200A8
:106B2000704710B5044630B10268930703D044683B
:106B300009B100F074F9204610BD012307B5009398
:106B400000230A461946F9F73FFA03B05DF804FB43
:106B5000002307B50A4600931946F9F735FA03B042
:106B60005DF804FB00210068FFF7DBBF5AB18A42E1
:106B700009D300F11003C0E90212C0E90000C0E926
:106B80000433002070476FF015007047012302683E
:106B90008B4022EA0303036022FA01F000F00100B7
:106BA000704720B10022E4301146FBF747B9704727
:106BB00010B5F9F7E9FE041E08DDEFF3118040235C
:106BC00083F31288BFF36F8FFAF736FD204610BDAE
:106BD000EFF30580003818BF012070476FF05700B1
:106BE0007047D0E9003213605A600023C0E90033D7
:106BF000704738B504460D46FAF7F2F8637B43F068
:106C000002036373E5B1A5602B689D4209D16B68EF
:106C1000C4E900531C606C6012E06A689A42F6D0C6
:106C20001B68002BF3D094F90E2093F90E108A42C2
:106C3000F3D09142F1DD5A68C4E9003214605C601F
:106C400038BD01211838FAF7ABBA10B50446FAF787
:106C50005FFA04F11800BDE81040FBF7EBBB38B554
:106C6000054604680020AC4200D138BD002CFCD0A1
:106C70002046FFF7EAFF2046FAF704FA2C680120C5
:106C8000A542F1E708B50246FBF7C2FA70B1D0E9B8
:106C900004319B1A61EBE272B3F1004F72F1000113
:106CA00004DA002AACBF1846002008BD6FF000408F
:106CB000FBE708B5FBF7C0FC08BDFBF7BDBCB3F1B3
:106CC000FF3F08BFB2F1FF3F70B504461D461646B0
:106CD00013D01A4315D06FF001024FF0FF33921B0F
:106CE00063EB0501002904DAFBF7A6FC821941EBEE
:106CF0000501C4E90021204670BD4FF0FF32114666
:106D0000F7E70022FBE7B3F1FF3F08BFB2F1FF3F17
:106D1000F8B5074616461C4610D054EA020311D0B7
:106D2000FBF78AFCB0420A46A14103460AD2F31A95
:106D300064EB0204C7E900343846F8BD4FF0FF3376
:106D40001C46F7E70023FBE70023C0E9081200F127
:106D50001802C0E90622C0E90033036343637047A9
:106D600010B50446FBF766FBA8B9636A0BB1204671
:106D7000984704F11800FAF7F5FA60B1FAF782F9CA
:106D8000EFF31180402383F31288BFF36F8FBDE8C8
:106D90001040FAF751BC10BD2DE9F041846805465A
:106DA0000E46D4B16378012B22D114F8533C9A07D4
:106DB00011D5A4F160073846FFF747FF082E0CBF36
:106DC0006FF003030023E36214F8533CDB0602D1A7
:106DD0003846FAF757F9002323700020EB68A860C3
:106DE000C3F38632164366F39433EB60BDE8F0815B
:106DF000022BF0D12378002BEDD054F8048CB8F19D
:106E0000000FE8D004F11400FBF714FB0023A4F1F9
:106E1000140739464046E362F9F7B6FDDBE720B1D7
:106E2000011F50F8040CF8F797BE704710B50446E0
:106E3000406A10B1A16A00F02EF80020C4E90900F0
:106E400010BD38B50546FFF7F1FF2B7F0446012B37
:106E50000ED0023B012B0ED82B6A012B18BF6FF00E
:106E600096042C220021284600F00BFA204638BD5B
:106E70002B6A002BF2E76FF09604F2E7FCF73AB8C2
:106E800070470020FCF7A4B80020FCF7D9B8002018
:106E900000F0C1B8704710B5044608B1FBF7C8FF51
:106EA0002046BDE81040FBF7BDBF0A2840DCC31CEC
:106EB00022DA10F1400F47D010F13F0F2BDA10F11A
:106EC000410F44D010F1550F44D010F1490F08BFC5
:106ED0006FF0840018BF6FF08600704709282AD829
:106EE000DFE800F00529290816293829292F6FF035
:106EF0009800704700207047C31C0D2B1BD8DFE89B
:106F000003F0072F1A1C1A1A1A1A1A1A1D1A1A1D18
:106F10006FF08500704710F1210F1ED00BDB10F1D0
:106F2000200F1DD010F1100F08BF6FF09400D1E7B3
:106F300064380928D2D96FF0860070476FF094004A
:106F400070476FF08C0070476FF0840070476FF0EF
:106F5000890070476FF0930070476FF088007047AA
:106F60006FF09200704710B501380A44914200D189
:106F700010BD10F8013F11F8014B63400370F5E7B5
:106F80000144814200D1704711F8013D1A440A7052
:106F9000120AF6E710B58B4294BFC4184418A042F9
:106FA00000D110BD00F8012BF9E700231A4682B08A
:106FB00001908B4201D102B070470198C254013355
:106FC000F7E70368D90444BF43F4806303600368B0
:106FD0009A0444BF43F400630360704737B5054625
:106FE00000216846FCF73EFB044668B9302229467A
:106FF0006846FCF789FB10F1520F044607D0431C8A
:10700000F4D0684600F0A0F8204603B030BD6846D2
:1070100000F09AF8E4E70020704707B501A9FCF7F3
:1070200025F9003818BF012003B05DF804FBCA043D
:1070300048BF41F480618B0448BF41F40061816026
:10704000704730B589B0054618220C4601A80021CA
:1070500000F017F9012344EA052401A9FA20079456
:107060000593FCF7B1F8002818BF6FF0920009B043
:1070700030BDF7B5FA2001A9FCF7F8F8044610B1C5
:10708000002003B0F0BD019D2F0AEDB2AC4205D146
:10709000FA20FCF7D1F80028F2D008E0E6193046D3
:1070A000FCF7CAF830B13046FFF7B7FF10B96FF000
:1070B0009200E6E70134E9E7BFF35F8F4FF0A343A7
:1070C000DA69BFF35F8FBFF35F8F10215963BFF39E
:1070D0005F8FBFF35F8F00215963BFF35F8FBFF3F3
:1070E0005F8FD96BBFF35F8F4906F8D422B1BFF32E
:1070F0005F8FDA61BFF35F8F704708B5FCF70CFC58
:1071000030B9BFF35F8F4FF0A343986ABFF35F8F2F
:10711000BFF35F8F4FF0A342D36BBFF35F8F10F0CD
:10712000240F03F0230304D0FFF7C6FF6FF01F0006
:1071300008BD4FF0FF30002BFAD1BFF35F8F106313
:10714000BFF35F8F1846F3E710B5037804461BB111
:10715000FBF79AFE00232370002010BD38B50225EE
:10716000036804469D6000F02CF818B1236803F50D
:107170008053DD6138BDC0F30B03482B4B6028BF43
:10718000482310F4003F8B6008BF0023CB6010F44D
:10719000803308BFC1E9013300F47003B3F5700F09
:1071A00014BF00238B6800284FF0010C4FF0080239
:1071B0008B60B8BF0023C1E905C2B8BFC1E9053380
:1071C00070470369186800F400307047F8F70CBE88
:1071D0004FF0FF324FF0FF33F8F736BDFCF708BD34
:1071E00007B54FF0FF334FF0FF32CDE90023002207
:1071F00000F027F803B05DF804FB00F01EB800F0C3
:1072000018B810B5C46E826E4B68E40703EA020337
:107210000BD59A420BD1012380F870300B6843667E
:1072200008601830FBF706F901E0002BF3D10020CD
:1072300010BD4FF0FF32FCF7EBBB0A460021FCF714
:10724000E7BB5200FCF736BC0139024410B590424E
:1072500001D1002005E0037811F8014FA34201D0CD
:10726000181B10BD0130F2E70A44431E914200D1C1
:10727000704710B511F8014B914203F8014FF9D155
:1072800010BD02440346934200D1704703F8011B2E
:10729000F9E79368013B002B936010B408DA946916
:1072A000A34201DB0A2903D15DF8044BFDF734BA90
:1072B0001368581C1060084619705DF8044B70473D
:1072C000F8B506460F461446D518AC4201D1002049
:1072D00007E03A4614F8011B3046FFF7DAFF431C7B
:1072E000F3D1F8BD2DE9F04F85B00C469046194614
:1072F00057EC106B002F3B46DDE90E9BBCBF07F13E
:10730000004332462BF0200AAFBF00231F4616462B
:107310002D23BAF1460F0B7005D0BAF1450F00D1FD
:107320000134022100E0032103AB2246019302ABAA
:1073300047EC106B00934B46EFF74AF8BBF1670F31
:10734000054619D118F0010F0ED005EB04080022F4
:10735000002330463946EBF7B7FF08B1CDF80C8073
:107360003022039B434521D3039B2846109A5B1B85
:10737000136005B0BDE8F08FBBF1470FE2D0BAF162
:10738000460F00EB0408E2D10378302B0AD100222B
:10739000002330463946EBF797FF18B9C4F10104D2
:1073A000C9F80040D9F800309844D0E7591C03913F
:1073B0001A70D6E7F7B500290270BABF49422D23EB
:1073C0002B230929437028DD0DF107030A271D46E9
:1073D0001A46013BB1FBF7F607FB1614303402F8EE
:1073E000014C0C463146632CF2DC3031941E03F81C
:1073F000011C411C2346AB420AD30DF109039B1A21
:10740000AC4288BF002302330344181A03B0F0BD16
:1074100013F8016B01F8016FEDE730233031837011
:10742000031DC170F1E72DE9F047164698468A68BA
:1074300007460B690C46DDF820909342B8BF13460F
:10744000336091F843200AB1013333602368990611
:1074500042BF336802333360256815F0060506D154
:1074600004F1190AE36832689B1AAB422BDC94F8EA
:1074700043302268003B18BF0123920630D404F148
:10748000430241463846C847013023D023681A34A6
:1074900054F80A2C03F00603042B0ABF54F80E5CC0
:1074A000002533684FF0000608BFED1A54F8123C6F
:1074B00008BF25EAE5759342C4BF9B1AED18B54293
:1074C0001AD1002008E00123524641463846C847F9
:1074D000013003D14FF0FF30BDE8F0870135C1E73F
:1074E000E1185A1C30200233224481F8430094F8FA
:1074F000451082F84310C2E7012322464146384630
:10750000C8470130E6D00136D9E710B50C46B1F9CD
:107510000E10FDF75FFE0028ABBF636DA3891B183B
:1075200023F48053ACBF6365A38110BD2DE9F04106
:107530001F468B8905460C46DB05164605D50223FA
:107540000022B1F90E10FDF7C7FAA3893246B4F94B
:107550000E10284623F48053A3813B46BDE8F0413A
:10756000FDF72CB910B50C46B1F90E10FDF7B4FAC1
:10757000431CA38915BF606523F4805343F48053F3
:10758000A38118BFA38110BDB1F90E10FDF794B906
:107590000246014410B58A42134603D01C780132DA
:1075A000002CF8D1181A10BD2DE9F74F03690746D2
:1075B0000C69A342C0F28380013C00F1140501F183
:1075C0001408A30055F8242008EB8409009305EB68
:1075D0008403019358F8243001339A42B2FBF3F646
:1075E00031D34FF0000AC446AE46D3465CF8043BA4
:1075F00098B2E1454FEA134306FB00A04FEA104260
:1076000080B206FB0323DEF8002092B24FEA134A51
:10761000A2EB00029BB2DEF800005A44C3EB224307
:1076200092B203EB104342EA03424FEA234B4EF877
:10763000042BDBD2009BEB582BB9019B043B9D42F2
:107640001A4630D33C61384600F087F9002826DB23
:107650002946002058F8042BD1F800C01FFA82FEFA
:10766000C1451FFA8CF34FEA1242A3EB0E03034409
:10767000C2EB23429BB202EB1C4243EA02434FEAB5
:10768000224041F8043BE5D255F8242005EB840361
:1076900022B9043B9D421A460BD33C610136304669
:1076A00003B0BDE8F08F1268043B002ACAD1013C48
:1076B000C5E71268043B002AEFD1013CEAE700204D
:1076C000EEE7B1F90C202DE9F041170705460C460D
:1076D00056D44B68002B02DC0B6C002B3DDDE66AB8
:1076E000002E3AD0002312F480522F68216A2B60BA
:1076F00025D0626DA389580705D56368D21A636BDC
:107700000BB1236CD21A216A0023E66A2846B047DF
:10771000411C24D00023636023692360A389DA0419
:1077200000D56065616B2F60B9B104F144039942E3
:1077300002D02846FCF7AEFA002363630DE0012374
:107740002846B047461C0246D4D12B68002BD1D026
:107750001D2B01D0162B2AD12F6000202EE02A6885
:10776000B4F90C3042B11D2A01D0162A21D10023D0
:10777000636023692360D5E7626022692260CEE7F7
:107780000F69002FE9D093070E680F600CBF4B699B
:107790000023A6EB07088B60B8F1000FDDDD434640
:1077A0003A46216A2846A66AB047002808DCB4F9A0
:1077B0000C3043F040034FF0FF30A381BDE8F0816F
:1077C0000744A8EB0008E7E770B568234D1E0E4696
:1077D0005D4305F17401FCF7A7FA044640B10021AE
:1077E00005F16802C0E900160C30A060FFF749FD02
:1077F000204670BD2DE9F8430646884600F148044E
:107800000027D4E90195B9F1010905D52468002CB8
:10781000F7D13846BDE8F883AB89012B07D9B5F914
:107820000E30013303D029463046C0470743683540
:10783000E9E770B50C46B1F90E1096B0154600296F
:107840001E460CDAA389002113F0800F14BF4023D9
:107850004FF48063002031602B6016B070BD6A4623
:10786000FDF7CAFC0028EDDB019901F47041A1F598
:107870000053594259414FF48063EBE782B001B99C
:1078800001A942B14BB113780B601278101E18BFDA
:10789000012002B070471046FBE76FF00100F8E7E7
:1078A000C9B20346024410B59342184601D10020E4
:1078B00003E0047801338C42F6D110BDB0F5803F6F
:1078C000034636BF030400201020B3F1807F3CBF85
:1078D0001B020830B3F1805F3CBF1B010430B3F1E1
:1078E000804F03D3002B0ADB013070479B0001D58A
:1078F000023070475B0001D503307047202070478D
:107900000368024613F007000BD0D90721D498076B
:1079100047BF5B0801209B0802204CBF1360136027
:10792000704799B209B91B0C1020D9B209B90830B7
:107930001B0A190704BF1B090430990704BF9B08E1
:107940000230D90703D45B0800F1010003D01360B3
:107950007047002070472020704703460A6900697D
:10796000801A30B50ED11433143103EB820401EBCD
:10797000820154F8045D51F8042D954203D005D2DC
:107980004FF0FF3030BDA342F3D3FBE70120F9E70E
:1079900038B502FB01F52946FCF7C6F9044618B1D3
:1079A0002A460021FFF76DFC204638BD03460846F5
:1079B00041B1FF2A04D98A224FF0FF301A60704784
:1079C00001200A7070470000A2D9FE7F010000006C
:1079D000618E01000000000000000000987A0200A3
:1079E00009FB01000000000000000000D87A02003E
:1079F00000000000B87A020000000000F87A0200DF
:107A000025C2010000000000F56502000000000032
:107A100000000000187B020000000000587B0200FC
:107A200000000000387B020000000000787B0200AC
:107A300051A401000000000099B7010000000000FF
:107A4000298F01000000000089880100000000006B
:107A500000000000987B0200596301000000000054
:107A6000850502000000000000000000F87B020015
:107A700000000000B87B020000000000187C02003B
:107A800000000000D87B02009565020000000000A5
:107A900000000000387C02002A9F0200288B0200B0
:107AA0005C85020066060020CC1C00202DA1010090
:107AB00000000000000000008FA002009C8B02006C
:107AC0002885020072060020601D0020A1AB010085
:107AD00000000000000000009BA00200B48B020028
:107AE00028850200740600206C1D0020A1AB010057
:107AF0000000000000000000A6A00200CC8B0200E5
:107B00002885020076060020781D0020A1AB010028
:107B10000000000000000000379F0200000000008D
:107B2000E08402006806002000000000F15A020014
:107B300000000000000000004A9F0200000000005A
:107B4000F08402006A06002000000000E5A40100A5
:107B50000000000000000000469F0200000000003E
:107B6000E88402006C060020000000001F5B020099
:107B7000000000000000000075A102006C8C0200F3
:107B8000788502007A0600208C1D0020F5AE0100E9
:107B9000000000000000000088A4020000000000B7
:107BA000688D02007E0600209C1D002069BA01003D
:107BB0000000000000000000B69E0200000000006F
:107BC000D08402006406002000000000699B0100D0
:107BD00000000000000000004E9F020000000000B6
:107BE000F88402006E0600200000000025A50100B8
:107BF0000000000000000000F8A00200148C020049
:107C00004C85020078060020841D00204DAE010046
:107C1000000000000000000080A10200D88C0200DB
:107C2000548502007C060020D00300207DB10100B5
:107C30002763020000000000679F0200488B0200DB
:107C40001085020070060020401D0020B35E020077
:107C50000000000000000000000000007D5802004D
:107C6000000000007D580200000000007D58020066
:107C7000000000007D580200000000007D58020056
:107C8000000000007D580200000000007D58020046
:107C9000000000007D580200000000007D58020036
:107CA000000000007D580200000000007D58020026
:107CB000000000007D580200000000007D58020016
:107CC000000000007D580200000000007D58020006
:107CD000000000007D580200000000007D580200F6
:107CE000000000007D580200000000007D580200E6
:107CF000000000007D580200000000007D580200D6
:107D0000000000007D580200000000007D580200C5
:107D1000000000007D580200000000007D580200B5
:107D2000000000007D580200000000007D580200A5
:107D3000000000007D5802000000000011C3010097
:107D4000000000007D580200000000007D58020085
:107D5000000000007D580200000000007D58020075
:107D6000000000007D580200000000007D58020065
:107D7000000000007D580200000000007D58020055
:107D8000000000007D580200000000007D58020045
:107D9000000000007D580200000000007D58020035
:107DA000000000007D580200000000007D58020025
:107DB000000000007D580200000000007D58020015
:107DC000000000007D580200000000007D58020005
:107DD000000000007D580200000000007D580200F5
:107DE000000000007D580200000000007D580200E5
:107DF000000000007D580200000000007D580200D5
:107E0000000000007D580200000000007D580200C4
:107E1000000000007D580200000000007D580200B4
:107E2000000000007D580200000000007D580200A4
:107E3000000000007D580200000000007D58020094
:107E4000000000007D580200000000007D58020084
:107E5000000000007D580200000000007D58020074
:107E6000000000007D580200000000007D58020064
:107E7000000000007D580200000000007D58020054
:107E8000000000007D580200000000007D58020044
:107E9000000000007D580200000000006138020070
:107EA000000000007D5802001DF70100C3660200BB
:107EB000000000007D580200000000007D58020014
:107EC000000000007D580200000000007D58020004
:107ED000000000007D580200000000007D580200F4
:107EE000000000007D580200000000007D580200E4
:107EF000000000007D580200000000007D580200D4
:107F0000000000007D580200000000007D580200C3
:107F1000000000007D580200000000007D580200B3
:107F2000000000007D580200000000007D580200A3
:107F3000000000007D580200000000007D58020093
:107F4000000000007D580200000000007D58020083
:107F5000000000007D580200000000007D58020073
:107F6000000000007D580200000000007D58020063
:107F7000000000007D580200000000007D58020053
:107F8000000000007D580200000000007D58020043
:107F9000000000007D580200000000007D58020033
:107FA000000000007D580200000000007D58020023
:107FB000000000007D580200000000007D58020013
:107FC000000000007D580200000000007D58020003
:107FD000000000007D580200000000007D580200F3
:107FE000000000007D580200000000007D580200E3
:107FF000000000007D580200000000007D580200D3
:10800000000000007D580200000000007D580200C2
:10801000000000007D580200000000007D580200B2
:10802000000000007D580200000000007D580200A2
:10803000000000007D580200000000007D58020092
:10804000000000007D580200000000007D58020082
:10805000000000007D580200000000007D58020072
:10806000000000007D580200000000007D58020062
:10807000000000007D580200000000007D58020052
:10808000000000007D580200000000007D58020042
:10809000000000007D580200000000007D58020032
:1080A000000000007D580200000000007D58020022
:1080B000000000007D580200000000007D58020012
:1080C000000000007D580200000000007D58020002
:1080D000000000007D580200000000007D580200F2
:1080E000000000007D580200000000007D580200E2
:1080F000000000007D580200000000007D580200D2
:10810000000000007D580200000000007D580200C1
:10811000000000007D580200000000007D580200B1
:10812000000000007D580200000000007D580200A1
:10813000000000007D580200000000007D58020091
:10814000000000007D580200000000007D58020081
:10815000000000007D580200000000007D58020071
:10816000000000007D580200000000007D58020061
:10817000000000007D580200000000007D58020051
:10818000000000007D580200000000007D58020041
:10819000000000007D580200000000007D58020031
:1081A000000000007D580200000000007D58020021
:1081B000000000007D580200000000007D58020011
:1081C000000000007D580200000000007D58020001
:1081D000000000007D580200000000007D580200F1
:1081E000000000007D580200000000007D580200E1
:1081F000000000007D580200000000007D580200D1
:10820000000000007D580200000000007D580200C0
:10821000000000007D580200000000007D580200B0
:10822000000000007D580200000000007D580200A0
:10823000000000007D580200000000007D58020090
:10824000000000007D580200000000007D58020080
:10825000000000007D580200000000007D58020070
:10826000000000007D580200000000007D58020060
:10827000000000007D580200000000007D58020050
:10828000000000007D580200787B02007D62020041
:10829000000000007D580200000000007D58020030
:1082A000000000007D580200000000007D58020020
:1082B000000000007D580200000000007D58020010
:1082C000000000007D580200000000007D58020000
:1082D000000000007D580200000000007D580200F0
:1082E000000000007D580200DDE30100C3660200CB
:1082F000000000007D580200000000007D580200D0
:108300003DEE0100C3660200000000007D5802003F
:10831000000000007D580200000000007D580200AF
:10832000000000007D580200000000007D5802009F
:10833000BDD80100C3660200000000007D580200A5
:10834000000000007D580200000000007D5802007F
:10835000000000007D580200000000007D5802006F
:10836000000000007D580200000000007D5802005F
:10837000000000007D580200A1DE0100C36602007B
:10838000000000007D580200000000007D5802003F
:10839000000000007D580200000000007D5802002F
:1083A000000000007D580200000000007D5802001F
:1083B000000000007D580200000000007D5802000F
:1083C000000000007D580200000000007D580200FF
:1083D000000000007D580200000000007D580200EF
:1083E000000000007D580200000000007D580200DF
:1083F000000000007D580200000000007D580200CF
:10840000000000007D580200000000007D580200BE
:10841000000000007D580200000000007D580200AE
:10842000000000007D580200000000007D5802009E
:10843000000000007D580200000000007D5802008E
:10844000000000007D580200000000007D5802007E
:10845000000000007D580200000000007D5802006E
:10846000000000007D580200000000007D5802005E
:10847000000000007D580200000000007D5802004E
:1084800001660200C3660200000000007D58020081
:10849000000000007D580200000000007D5802002E
:1084A000000000007D580200000000007D5802001E
:1084B000000000007D580200000000007D5802000E
:1084C000CDD80100C3660200000000007D58020004
:1084D0003D9A0100C59F0100399E01008403000000
:1084E000F55A0200000000000B5B020000000000D3
:1084F000FD5A0200A1A401004DA501008F5B0200FE
:10850000875B02000DA50100FDA4010015A5010077
:10851000D15D0200FF5C02004DA6010045A60100EE
:10852000AD5B0200A15B020081A90100D5600200E1
:10853000E1600200F5600200FF60020009610200D4
:1085400059A8010065A70100000000005161020068
:10855000456102008DB30100AD63020089A10100F5
:10856000E55A0200B95A02000000000051A00100C3
:1085700000000000000000009562020019B0010038
:1085800087620200FFFFFFFFFFFFFFFFFFFFFFFF0C
:1085900000A0105000820D5000040550050000009E
:1085A0000400000001000000FCDE41EBA2D14224E7
:1085B00000B5F8579FAC9D9EAAC9B434F401FA00E7
:1085C000960064004B0032001E0014000A000500F3
:1085D0000200010001000100000101000001000192
:1085E000000001000100000001000B0002000A0071
:1085F000050009000A000800140007001E0006001C
:10860000320005004B0004006400030096000200E5
:10861000FA000100F4010000020301000C08021737
:108620000D010102090901010602091818030101DF
:1086300009090303050302012302022409100404AB
:1086400005050B0B040B2B1B1B151A1A1C021D1600
:10865000130501490D150508061B1B0F0202080131
:10866000010000FEFEFEFEFEFEFEFEFEFEFEFEFE23
:10867000FEFEFEFE16FEFEFEFEFEFEFEFEFEFEFE02
:108680001F1FFEFE26FEFEFEFEFEFEFEFEFEFEFEA0
:10869000FEFEFEFEFEFEFE3E3EFEFEFEFE3B3B00FE
:1086A000F401FA00960064004B0032001E00140032
:1086B0000A00050002000100A201B003BE05EE029F
:1086C0004806A209C405F40B24120E021C045A0326
:1086D000B4063006600C0000040F00200200000BFE
:1086E000680000200200000B700F00200200000C48
:1086F000720F00200200000B720F00200100000C1E
:10870000740F00200100000C0100000007000000B1
:108710000000000000000000000000000000400613
:108720000C0300000000000048A3000014A000009B
:108730000406080A0C0E10121416181C1E202224FF
:1087400026282A2C2E30323436383A3C3E404244D9
:1087500046484A4C4E021A50000000002800000013
:108760001800000000000000F023000024130000A7
:1087700000000000400600004006000000009808CD
:108780006B03000000000000F02300002413000031
:1087900000010302000000000000010101010101CD
:1087A00001010101010102020202020203030404A9
:1087B0000505060607070808090A0B0C0D0E0F1021
:1087C0001112131415161718191A1B0010010000A6
:1087D000D200000030010000D800000001000000BD
:1087E000E400000002000000EA00000002000000B7
:1087F000EC00000003000000EE0000000400000098
:10880000F000000005000000F2000000060000007B
:10881000F400000007000000F6000000080000005F
:10882000F700000009000000F80000000A00000046
:10883000F90000000B000000FA0000000A00000030
:10884000FB0000000F000000FC0000001100000011
:10885000FD00000013000000FE00000015000000F5
:10886000FF00000018000000000000001B000000D6
:10887000010000001F0000000200000023000000B3
:108880000300000028000000040000002D0000008C
:108890000500000033000000060000003900000061
:1088A000070000003F0000000800000008090A0659
:1088B00008080102060000100200FA000000FCDEB9
:1088C00041EBA2D1422400B5F8579FAC9D9EAAC9A6
:1088D000B43400004B530100575301005B530100B7
:1088E0006353010067530100000000000000000016
:1088F0000338FDD8704700000000000000000000B1
:108900000338FDD8704700000080E03779C3414349
:10891000176E05B5B5B89346F5F93FE9034F384DE5
:10892000321D30F94877825A3CBF737FDD4F157591
:10893000000000000000F03F0000000000002440A4
:1089400000000000000059400000000000408F407F
:10895000000000000088C34000000000006AF840EA
:108960000000000080842E4100000000D01263410E
:108970000000000084D797410000000065CDCD4184
:10898000000000205FA00242000000E87648374265
:10899000000000A2941A6D42000040E59C30A24203
:1089A0000000901EC4BCD64200003426F56B0C4378
:1089B0000080E03779C3414300A0D885573476431F
:1089C00000C84E676DC1AB43003D9160E458E14380
:1089D000408CB5781DAF154450EFE2D6E41A4B44F5
:1089E00092D54D06CFF08044F64AE1C7022DB5443A
:1089F000B49DD9794378EA440700000000000000E4
:108A00000000000000C00000D87B02000100000050
:108A100000C0000000080000D87B02000200000037
:108A200000C0000000001000D87B0200030000001E
:108A300000C8000000F80F00D87B0200040000000E
:108A400000C8000000F80F00D87B020005000000FD
:108A500000C0100000000700D87B020006000000E4
:108A600000C0170000100000D87B0200400000206A
:108A7000000000000600010002000000808A0200E1
:108A800000000000239A020002000000E0CF17005F
:108A9000000000202B9A020021000000E0FF0320CC
:108AA000A98A0100000000004F590200A08A0200BC
:108AB000B88A02004700000028880020A08A02002F
:108AC000C88A02002E000000088C0020A08A020044
:108AD000D88A020002010000DC8C0020A08A02007B
:108AE000E88A020047000000F88D00200000000026
:108AF00024000000250000002600000027000000E0
:108B00002B0000002C0000002D0000002E000000B3
:108B100000300000001000000020000015A001003F
:108B200005A1010000000000A1A20100C5A10100F3
:108B3000D35A0200D95A02001000000001FF0000C1
:108B40007D01000000100000187C020000127A0075
:108B500000010000F87A020005000100000000009A
:108B6000000080008000000000000100C228170003
:108B700000000100000001000200000001000000F0
:108B800000FF000000A0105000820D5000040550AE
:108B90007F000000FFFF0100FF0700001F00000032
:108BA00000A01050000000000000000000C01050A5
:108BB00001000000FFFF000000820D5000000000D7
:108BC0000100000000A00D5000000000FF070000A1
:108BD000000405500000000002000000000000003A
:108BE0000000000000A0105000820D50000405504D
:108BF0007F000000FFFF0100FF07000000A01050F1
:108C000000820D50000405507F000000FFFF0100AE
:108C1000FF07000000200D500000000000000000D1
:108C20000000000000000000000000000000000044
:108C300000040000E80302010101000034260020C6
:108C4000040000000000000000000000548C02003E
:108C50000024F40000200D50608C02000100000090
:108C6000688C0200010000002A00001600600C5011
:108C700000000000000000009C8C020000C2010007
:108C80000000D601000000000000004000000000CD
:108C90003F2600203E2600200101000000600C500D
:108CA000A88C020001000000B08C0200040000004B
:108CB000240000002600000225060001270600030C
:108CC00000A0105000820D50000405507F000000ED
:108CD000FFFF0100FF07000000A00450000000009B
:108CE0000048E80100000000000000000000000053
:108CF000FFFFFFFF0000FF00000000000000000079
:108D0000FFFFFFFF0100000101000000D962020027
:108D1000FFFF0000288D0200FFFFFFFF00000000A2
:108D2000000000000000000000A00450348D02008C
:108D3000010000003C8D020003000000410000041F
:108D40004200000544000006F87A02000500010018
:108D500000A0105000820D50000405507F0000005C
:108D6000FFFF0100FF07000075B90100B7640200B2
:108D7000E5640200020000000500000000010000A0
:108D800000A0105000820D50000405507F0000002C
:108D9000FFFF0100FF0700000800000002000000C4
:108DA000040000000100000000A0105000820D50DF
:108DB000000405507F000000FFFF0100FF070000D6
:108DC00000A0105000820D50000405507F000000EC
:108DD000FFFF0100FF070000D0790200D0790200F8
:108DE000387A0200487A0200987A0200987A0200E3
:108DF0008CB302000001000000010000000200002E
:108E000000140000002800000040000001000000E5
:108E10000200000098040020000000000000000094
:108E20000000000000000000000000000000000042
:108E30000000000000000000000000000000000032
:108E40000000000000000000000000000000000022
:108E50000000000000000000000000000000000012
:108E60000000000000000000000000000000000002
:108E700000000000000000000500000019000000D4
:108E80007D00000010002DE15D29410B8D77679C6E
:108E9000110F1F8A574553545F544F504449522F66
:108EA0007A65706879722F696E636C7564652F7A64
:108EB00065706879722F647269766572732F677056
:108EC000696F2E680028666C616773202620282849
:108ED0003155203C3C20323129207C20283155203E
:108EE0003C3C20323229207C20283155203C3C203B
:108EF000323329207C20283155203C3C2032342933
:108F0000207C20283155203C3C20323529207C20F3
:108F1000283155203C3C203236292929203D3D204E
:108F20003000415353455254494F4E204641494C1D
:108F3000205B25735D20402025733A25640A0009D3
:108F4000496E7465727275707420666C6167732007
:108F5000617265206E6F7420737570706F727465C6
:108F6000640A0028666C6167732026202828312057
:108F70003C3C203429207C202831203C3C203529D1
:108F8000292920213D20282831203C3C203429203B
:108F90007C202831203C3C20352929000950756C63
:108FA0006C20557020616E642050756C6C20446F8D
:108FB000776E2073686F756C64206E6F74206265C5
:108FC00020656E61626C65642073696D756C746197
:108FD0006E656F75736C790A00212828666C61676D
:108FE00073202620283155203C3C20313629292069
:108FF0002626202128666C6167732026202831559B
:10900000203C3C20313729292026262028666C6107
:1090100067732026202831203C3C20312929290053
:1090200009496E7075742063616E6E6F742062659D
:1090300020656E61626C656420666F7220274F70D8
:10904000656E20447261696E272C20274F70656E13
:1090500020536F7572636527206D6F646573207789
:109060006974686F7574204F75747075740A002880
:10907000666C6167732026202831203C3C20312912
:109080002920213D2030207C7C2028666C6167737C
:109090002026202831203C3C20322929203D3D201B
:1090A000300028666C6167732026202828315520FF
:1090B0003C3C20313829207C20283155203C3C2064
:1090C0003139292929203D3D2030207C7C2028660B
:1090D0006C616773202620283155203C3C203137B5
:1090E000292920213D203000094F757470757420A6
:1090F0006E6565647320746F20626520656E6162C1
:109100006C656420746F20626520696E69746961A2
:109110006C697A6564206C6F77206F72206869676C
:10912000680A0028666C616773202620282831555C
:10913000203C3C20313829207C20283155203C3CE3
:1091400020313929292920213D2028283155203C4A
:109150003C20313829207C20283155203C3C2031CE
:1091600039292900094F75747075742063616E6E1A
:109170006F7420626520696E697469616C697A65D3
:1091800064206C6F7720616E6420686967680A00EC
:10919000286366672D3E706F72745F70696E5F6DD5
:1091A00061736B202620286770696F5F706F72741F
:1091B0005F70696E735F74292831554C203C3C20E8
:1091C0002870696E29292920213D20305500095534
:1091D0006E737570706F727465642070696E0A00CA
:1091E000312E302E300056657273696F6E3A2573DA
:1091F00009427574746F6E207072657373656420B4
:1092000061742025750A004572726F723A2062758A
:1092100074746F6E206465766963652025732069B8
:1092200073206E6F742072656164790A00457272F2
:109230006F722025643A206661696C656420746FE2
:1092400020636F6E6669677572652025732070698B
:109250006E2025640A004572726F722025643A20E0
:109260006661696C656420746F20636F6E66696700
:1092700075726520696E74657272757074206F6E98
:109280002025732070696E2025640A0053657420C0
:10929000757020627574746F6E2061742025732060
:1092A00070696E2025640A004572726F7220256411
:1092B0003A204C4544206465766963652025732017
:1092C0006973206E6F742072656164793B206967F1
:1092D0006E6F72696E672069740A004572726F72F0
:1092E0002025643A206661696C656420746F206390
:1092F0006F6E666967757265204C454420646576BB
:109300006963652025732070696E2025640A005307
:109310006574207570204C454420617420257320AD
:1093200070696E2025640A0050726573732074683A
:109330006520627574746F6E0A00737461727420B4
:1093400064656C7461207570677261646520746F08
:109350002076657273696F6E202573212121206448
:1093600065766963652077696C6C20656E746572DB
:10937000206D6375626F6F742C20706C656173650E
:1093800020776169742E2E2E2E2E2E200D0A005B62
:109390006572723D25645D2D2D2D666C61736820AC
:1093A000696D6167655F6F6B20666C6167206661E0
:1093B000696C65642121210D0A00574553545F549F
:1093C0004F504449522F7A65706879722F6C6962E8
:1093D0002F686561702F686561702E630063687522
:1093E0006E6B5F7573656428682C206329000975AE
:1093F0006E6578706563746564206865617020735C
:10940000746174652028646F75626C652D66726581
:10941000653F2920666F72206D656D6F72792061DE
:10942000742025700A006C6566745F6368756E6BE6
:1094300028682C2072696768745F6368756E6B2892
:10944000682C20632929203D3D20630009636F7249
:10945000727570746564206865617020626F756EE6
:1094600064732028627566666572206F7665726621
:109470006C6F773F2920666F72206D656D6F727912
:109480002061742025700A006279746573203E2083
:10949000686561705F666F6F7465725F627974652D
:1094A0007328627974657329000968656170207397
:1094B000697A6520697320746F6F20736D616C6CBD
:1094C0000A00686561705F737A203E206368756E7C
:1094D0006B737A2873697A656F6628737472756323
:1094E00074207A5F686561702929006368756E6B06
:1094F000305F73697A65202B206D696E5F636875D4
:109500006E6B5F73697A65286829203C3D20686529
:1095100061705F737A00286E696C29005745535457
:109520005F544F504449522F7A65706879722F6C9E
:1095300069622F7574696C732F6F6E6F66662E6328
:10954000007374617465203D3D20305500217379AE
:10955000735F736C6973745F69735F656D70747941
:1095600028266D67722D3E636C69656E74732900E1
:109570007472616E73697420213D202828766F69AA
:1095800064202A293029007374617465203D3D20D0
:109590002831554C203C3C2028312929006D677228
:1095A0002D3E72656673203D3D20300073746174FA
:1095B00065203D3D202831554C203C3C2028302959
:1095C0002900574553545F544F504449522F7A65F0
:1095D000706879722F696E636C7564652F7A657037
:1095E0006879722F7370696E6C6F636B2E68007A86
:1095F0005F7370696E5F756E6C6F636B5F76616CC5
:109600006964286C2900094E6F74206D792073708D
:10961000696E6C6F636B2025700A007A5F737069E6
:109620006E5F6C6F636B5F76616C6964286C290098
:1096300009496E76616C6964207370696E6C6F6342
:109640006B2025700A00574553545F544F504449CE
:10965000522F7A65706879722F6C69622F75746900
:109660006C732F6E6F746966792E63002A2A2A2024
:10967000426F6F74696E67206E524620436F6E6E44
:109680006563742053444B2076332E312E302D36B3
:109690006336653562333234393665202A2A2A0A20
:1096A000002A2A2A205573696E67205A65706879E6
:1096B00072204F532076342E312E39392D313631E8
:1096C000323638336434303130202A2A2A0A00579F
:1096D0004553545F544F504449522F7A657068790E
:1096E000722F617263682F61726D2F636F72652FC5
:1096F000636F727465785F6D2F6661756C742E632D
:1097000000212828285343425F54797065202A2974
:1097100020282830784530303045303030554C29BD
:10972000202B20307830443030554C2920292D3ED4
:10973000434653522026202831554C203C3C2028BB
:109740003055202B20345529292900095374616391
:109750006B696E67206F722044617461204163639E
:109760006573732056696F6C6174696F6E206572E2
:10977000726F7220776974686F7574207374616397
:109780006B2067756172642C20757365722D6D6F27
:109790006465206F72206E756C6C2D706F696E74CD
:1097A000657220646574656374696F6E0A0A00658A
:1097B000736620213D202828766F6964202A29308D
:1097C00029000945534620636F756C64206E6F74E1
:1097D00020626520726574726965766564207375B0
:1097E000636365737366756C6C792E205368616C66
:1097F0006C206E65766572206F636375722E0A0049
:10980000094661756C7420657363616C6174696F7E
:109810006E20776974686F75742046535220696EA4
:10982000666F0A0009486172644661756C7420773E
:109830006974686F7574204846535220696E666F6C
:10984000205368616C6C206E65766572206F63636F
:1098500075720A00574553545F544F504449522F74
:109860007A65706879722F617263682F61726D2FEB
:10987000636F72652F636F727465785F6D2F6972A5
:10988000715F6D616E6167652E63007072696F2034
:109890003C3D20282831554C203C3C2028332929A8
:1098A000202D2031290009696E76616C6964207071
:1098B00072696F7269747920256420666F72202541
:1098C0006420697271212076616C756573206D75F5
:1098D0007374206265206C657373207468616E20F8
:1098E000256C750A0A00574553545F544F5044493C
:1098F000522F7A65706879722F617263682F617276
:109900006D2F636F72652F6D70752F61726D5F6D56
:1099100070752E630009436F6E6669677572696EB4
:109920006720257520737461746963204D5055203C
:10993000726567696F6E73206661696C65640A0A97
:1099400000094D61726B696E672025752061726533
:10995000617320666F722064796E616D6963207235
:109960006567696F6E73206661696C65640A0A00D9
:10997000095265717565737420746F20636F6E662C
:1099800069677572653A20257520726567696F6E23
:10999000732028737570706F727465643A20257532
:1099A000290A0A002128726567696F6E5B6964780D
:1099B0005D2E64745F617474722026202831554CCA
:1099C000203C3C202830292929000952414D5F4E76
:1099D0004F434143484520776974682044545F4DA4
:1099E000454D5F434143484541424C4520617474B5
:1099F0007269627574650A0A00094661696C65647A
:109A000020746F20616C6C6F63617465204D5055DC
:109A100020726567696F6E732066726F6D204454A3
:109A20000A0A00464C4153485F30005352414D5F93
:109A30003000574553545F544F504449522F7A6574
:109A4000706879722F6C69622F6C6962632F6E6522
:109A5000776C69622F6C6962632D686F6F6B732E10
:109A600063002828282873697A655F7429283235AD
:109A7000362929203C3C20313029202D2028282837
:109A800075696E747074725F74292028265F656E24
:109A9000642929202D203078323030303030303079
:109AA0002929203E3D203230343800096D656D6F24
:109AB000727920737061636520617661696C61629F
:109AC0006C6520666F72206E65776C6962206865D0
:109AD0006170206973206C657373207468616E20F7
:109AE000746865206D696E696D756D20726571753C
:109AF000697265642073697A65207370656369664D
:109B000069656420627920434F4E4649475F4E4560
:109B1000574C49425F4C4942435F4D494E5F524565
:109B20005155495245445F484541505F53495A4554
:109B30000A002A6C6F636B20213D202828766F690C
:109B400064202A29302900096E6F6E2D72656375B5
:109B50007273697665206C6F636B20616C6C6F63E8
:109B60006174696F6E206661696C65640A000972D0
:109B70006563757273697665206C6F636B20616CC9
:109B80006C6F636174696F6E206661696C65640AED
:109B90000061626F727428290A00574553545F545C
:109BA0004F504449522F7A65706879722F6C696200
:109BB0002F6E65745F6275662F6275662E63006234
:109BC00075662D3E666C616773203D3D2030550003
:109BD0006275662D3E6672616773203D3D202828C0
:109BE000766F6964202A29302900706F6F6C0072CB
:109BF00065715F73697A65203C3D2073697A650001
:109C0000090A006C69737400574553545F544F50F0
:109C10004449522F7A65706879722F6C69622F6E91
:109C200065745F6275662F6275665F73696D706CCF
:109C3000652E63006275662D3E6C656E203D3D208D
:109C40003055006275662D3E6C656E203E3D206C81
:109C5000656E006E65745F6275665F73696D706CCA
:109C6000655F68656164726F6F6D28627566292033
:109C70003E3D206C656E006E65745F6275665F7355
:109C8000696D706C655F7461696C726F6F6D28626D
:109C9000756629203E3D206C656E000000000000C6
:109CA0000000FFFFFFFFFFFF00000000000057451E
:109CB00053545F544F504449522F7A6570687972FB
:109CC0002F7375627379732F626C7565746F6F741F
:109CD000682F686F73742F6275662E6300747970D5
:109CE00065203D3D2042545F4255465F4556542015
:109CF0007C7C2074797065203D3D2042545F425544
:109D0000465F41434C5F494E207C7C2074797065EE
:109D1000203D3D2042545F4255465F49534F5F49C5
:109D20004E0009496E76616C6964206275666665ED
:109D300072207479706520726571756573746564DD
:109D40000A00574553545F544F504449522F7A6587
:109D5000706879722F696E636C7564652F7A6570AF
:109D60006879722F626C7565746F6F74682F627595
:109D7000662E6800574553545F544F504449522F44
:109D80007A65706879722F7375627379732F626C5C
:109D90007565746F6F74682F686F73742F6863696B
:109DA0005F636F72652E630062745F6863695F65ED
:109DB00076745F6765745F666C6167732868647248
:109DC0002D3E657674292026202831554C203C3CB8
:109DD0002028312929002162756600737563636547
:109DE00073730009636F6D6D616E64206F70636FD4
:109DF0006465203078253034782074696D656F751E
:109E0000740A00657272203D3D20300009436F6E78
:109E100074726F6C6C657220756E726573706F6EA4
:109E2000736976652C20636F6D6D616E64206F7051
:109E3000636F6465203078253034782074696D65EF
:109E40006F75742077697468206572722025640AC2
:109E50000091FBFBF3F4FBFBFBFBEA574553545F1C
:109E6000544F504449522F7A65706879722F64724A
:109E700069766572732F6164632F6164635F6E72CC
:109E800066785F73616164632E630028696E746530
:109E90007276616C5F7573203C3D203132385529F4
:109EA0002026262028696E74657276616C5F757352
:109EB000203E20302900616463406435303030003A
:109EC000574553545F544F504449522F7A65706838
:109ED00079722F647269766572732F636C6F636B2E
:109EE0005F636F6E74726F6C2F636C6F636B5F6315
:109EF0006F6E74726F6C5F6E72662E630074797031
:109F000065203C20434C4F434B5F434F4E54524FD0
:109F10004C5F4E52465F545950455F434F554E5427
:109F200000657272203E3D203000636C6F636B40B1
:109F300031306530303000656E74726F70795F62F9
:109F4000745F686369007073612D726E670072726E
:109F5000616D2D636F6E74726F6C6C65724035301D
:109F6000303462303030006D78323572363433350B
:109F700066403000D810200C0000000057455354B4
:109F80005F544F504449522F7A65706879722F6937
:109F90006E636C7564652F7A65706879722F647270
:109FA00069766572732F6770696F2F6770696F5F6D
:109FB0007574696C732E680063616C6C6261636BAD
:109FC00000094E6F2063616C6C6261636B210A0053
:109FD00063616C6C6261636B2D3E68616E646C657D
:109FE0007200094E6F2063616C6C6261636B206864
:109FF000616E646C6572210A00574553545F544F7B
:10A00000504449522F6D6F64756C65732F68616C95
:10A010002F6E6F726469632F6E7266782F68616C41
:10A020002F6E72665F6770696F2E68006E72665F72
:10A030006770696F5F70696E5F70726573656E746B
:10A040005F636865636B282A705F70696E290057CB
:10A050004553545F544F504449522F7A6570687984
:10A06000722F647269766572732F6770696F2F67DC
:10A0700070696F5F6E7266782E6300657272203D44
:10A080003D204E5246585F53554343455353006756
:10A0900070696F40313061303030006770696F40F7
:10A0A0006438323030006770696F4035303430309A
:10A0B0000000010405020608090F574553545F5478
:10A0C0004F504449522F6D6F64756C65732F6861F2
:10A0D0006C2F6E6F726469632F6E7266782F686181
:10A0E0006C2F6E72665F70776D2E68006368616EAC
:10A0F0006E656C203C20340070776D4064323030E7
:10A100003000574553545F544F504449522F7A659D
:10A11000706879722F647269766572732F736572D5
:10A1200069616C2F756172745F6E7266785F7561BC
:10A130007274652E6300094E52465F5359535F4552
:10A1400056454E54206E6565647320746F206265B9
:10A1500020656E61626C656420746F207573652084
:10A1600063726F737320646F6D61696E2070696EC6
:10A17000732E0A0A00756172744063363030300005
:10A1800073706940346130303000574553545F5428
:10A190004F504449522F7A65706879722F64726902
:10A1A000766572732F74696D65722F6E72665F6764
:10A1B0007274635F74696D65722E630028282828A5
:10A1C00031554C203C3C2028302929207C20283146
:10A1D000554C203C3C2028312929207C2028315511
:10A1E0004C203C3C2028322929207C202831554C09
:10A1F000203C3C2028332929207C202831554C2024
:10A200003C3C2028342929207C202831554C203CF6
:10A210003C2028352929207C202831554C203C3CE5
:10A220002028362929207C202831554C203C3C20F0
:10A2300028372929207C202831554C203C3C2028D7
:10A24000382929207C202831554C203C3C202839B5
:10A250002929207C202831554C203C3C20283130B5
:10A260002929207C202831554C203C3C20283131A4
:10A270002929292026207E282831554C203C3C20A5
:10A2800028332929207C202831554C203C3C20288B
:10A29000342929207C202831554C203C3C2028376B
:10A2A0002929207C202831554C203C3C2028382965
:10A2B00029207C202831554C203C3C202839292954
:10A2C000207C202831554C203C3C20283130292945
:10A2D000207C202831554C203C3C20283131292934
:10A2E00029292026202831554C203C3C2028636811
:10A2F000616E2929292026262028286368616E2975
:10A3000020213D2073797374656D5F636C6F636B9F
:10A310005F6368616E6E656C5F646174612E636813
:10A32000616E6E656C2900574553545F544F50441D
:10A3300049522F6E72662F7375627379732F626C38
:10A340007565746F6F74682F636F6E74726F6C6C69
:10A3500065722F6863695F6472697665722E630047
:10A3600009536F667444657669636520436F6E7444
:10A37000726F6C6C6572204153534552543A2025DC
:10A38000732C2025640A0A00574553545F544F50DC
:10A390004449522F7A65706879722F696E636C75C3
:10A3A00064652F7A65706879722F64726976657258
:10A3B000732F656E74726F70792E68006170692DED
:10A3C0003E6765745F656E74726F707920213D2001
:10A3D0002828766F6964202A293029000943616C96
:10A3E0006C6261636B20706F696E74657220736854
:10A3F0006F756C64206E6F74206265204E554C4CF6
:10A400000A000954686520656E74726F7079207354
:10A410006F757263652072657475726E6564206114
:10A420006E206572726F7220696E206120626C6F9F
:10A43000636B696E672063616C6C0A005745535407
:10A440005F544F504449522F6E72662F696E636C91
:10A450007564652F6D70736C2F6D70736C5F776FA3
:10A46000726B2E6800096B5F776F726B5F7375623A
:10A470006D69745F746F5F717565756528292066F5
:10A4800061696C65642E0A0062745F6863695F735A
:10A49000646300574553545F544F504449522F6EE4
:10A4A00072662F7375627379732F6D70736C2F6979
:10A4B0006E69742F6D70736C5F696E69742E6300C2
:10A4C000094D50534C204153534552543A20257363
:10A4D0002C2025640A0A00657272636F6465203D52
:10A4E0003D203000096B5F776F726B5F7363686547
:10A4F00064756C655F666F725F7175657565282937
:10A50000206661696C65642E0A004D50534C2057DB
:10A510006F726B00574553545F544F504449522F4C
:10A520006E72662F647269766572732F6D70736CCC
:10A530002F636C6F636B5F636F6E74726F6C2F6EE3
:10A540007266785F636C6F636B5F6D70736C2E63A4
:10A5500000094E6F7420737570706F727465640AB1
:10A5600000574553545F544F504449522F6E726602
:10A570002F647269766572732F6D70736C2F666CC1
:10A580006173685F73796E632F666C6173685F7364
:10A59000796E635F6D70736C2E630073657373699E
:10A5A0006F6E5F6964203D3D205F636F6E746578F8
:10A5B000742E73657373696F6E5F6964007265747E
:10A5C000203D3D203000096D70736C5F74696D65CE
:10A5D000736C6F745F726571756573742066616901
:10A5E0006C65643A2025640A0009756E65787065AB
:10A5F00063746564207369676E616C3A2025750A1F
:10A60000006B5F73656D5F636F756E745F67657414
:10A6100028265F636F6E746578742E74696D656F3C
:10A6200075745F73656D29203D3D2030005745539B
:10A63000545F544F504449522F626F6F746C6F6176
:10A640006465722F6D6375626F6F742F626F6F74C4
:10A650002F626F6F747574696C2F7372632F626FE2
:10A660006F747574696C5F7075626C69632E6300DA
:10A6700028696D6167655F6E756D29203C203078B3
:10A68000460028737761705F7479706529203C20DB
:10A6900030784600626F6F745F7365745F6E6578C3
:10A6A0007400626F6F745F77726974655F7377614E
:10A6B000705F696E666F00626F6F745F7772697446
:10A6C000655F747261696C657200574553545F54DD
:10A6D0004F504449522F6D6F64756C65732F6861DC
:10A6E0006C2F6E6F726469632F6E7266782F64725E
:10A6F00069766572732F7372632F6E7266785F630B
:10A70000726163656E2E63006D5F63622E696E69B0
:10A710007469616C697A656420213D204E52465807
:10A720005F4452565F53544154455F554E494E491C
:10A730005449414C495A454400574553545F544F7E
:10A74000504449522F6D6F64756C65732F68616C4E
:10A750002F6E6F726469632F6E7266782F68616CFA
:10A760002F6E72665F6770696F74652E6800696E20
:10A77000646578203C203800574553545F544F504F
:10A780004449522F6D6F64756C65732F68616C2F2F
:10A790006E6F726469632F6E7266782F6472697669
:10A7A0006572732F7372632F6E7266785F6770695C
:10A7B0006F74652E63006E7266795F6770696F5F94
:10A7C00070696E5F70726573656E745F63686563F0
:10A7D0006B2870696E290070696E5F69735F696EBE
:10A7E00070757428705F696E7374616E63652C2078
:10A7F00070696E290070696E5F6861735F74726959
:10A800006767657228705F696E7374616E63652C2B
:10A810002070696E2900705F6368616E6E656C0000
:10A82000696E745F656E61626C65000007182323B2
:10A8300023232323232323232323230001025745F8
:10A8400053545F544F504449522F6D6F64756C657B
:10A85000732F68616C2F6E6F726469632F6E7266FE
:10A86000782F68616C2F6E72665F677274632E68F2
:10A870000076616C7565203C3D202828307846467E
:10A880004646554C203C3C202830554C2929203E3A
:10A890003E202830554C29290076616C7565203C96
:10A8A0003D20282830784646554C203C3C20283016
:10A8B000554C2929203E3E202830554C292900633B
:10A8C000635F6368616E6E656C203C202831325591
:10A8D0004C2900574553545F544F504449522F6DF3
:10A8E0006F64756C65732F68616C2F6E6F7264692D
:10A8F000632F6E7266782F647269766572732F7338
:10A9000072632F6E7266785F677274632E63007075
:10A910005F6368616E5F646174610063635F682098
:10A920003C3D202830784646464646554C203C3C27
:10A93000202830554C2929006D5F63622E737461A5
:10A940007465203D3D204E5246585F4452565F5339
:10A95000544154455F494E495449414C495A454434
:10A9600000705F636F756E74657200705F6D616912
:10A970006E5F63635F6368616E6E656C006D5F63DD
:10A98000622E6368616E6E656C5F646174615B30DA
:10A990005D2E6368616E6E656C203D3D2030006DFC
:10A9A0005F63622E737461746520213D204E5246B0
:10A9B000585F4452565F53544154455F554E494E7B
:10A9C000495449414C495A4544006D5F63622E63C6
:10A9D00068616E6E656C5F646174615B695D2E6356
:10A9E00068616E6E656C203D3D2069647800705F23
:10A9F00073657120213D202828766F6964202A29FB
:10AA0000302900705F76616C75657320213D2028C8
:10AA100028766F6964202A293029006C656E677476
:10AA20006820213D2030006C656E677468202A2004
:10AA300073697A656F662875696E7431365F74293B
:10AA4000203C3D2028307837464646554C203C3C3B
:10AA5000202830554C29290072656672657368207C
:10AA60003C3D20283078464646464646554C203CDC
:10AA70003C202830554C292900656E645F64656C64
:10AA80006179203C3D20283078464646464646556A
:10AA90004C203C3C202830554C292900746F705FB5
:10AAA00076616C7565203C3D2028307837464646F7
:10AAB000554C203C3C202830554C29290057455303
:10AAC000545F544F504449522F6D6F64756C6573D9
:10AAD0002F68616C2F6E6F726469632F6E72667877
:10AAE0002F647269766572732F7372632F6E72664C
:10AAF000785F70776D2E6300705F636F6E66696755
:10AB000000705F63622D3E737461746520213D2087
:10AB10004E5246585F4452565F53544154455F5518
:10AB20004E494E495449414C495A454400706C6164
:10AB3000796261636B5F636F756E74203E203000D5
:10AB40006E7266785F69735F696E5F72616D28709F
:10AB50005F73657175656E63652D3E76616C7565B5
:10AB6000732E705F72617729006D5F63625B705F47
:10AB7000696E7374616E63652D3E696E7374616E88
:10AB800063655F69645D2E737461746520213D2087
:10AB90004E5246585F4452565F53544154455F5598
:10ABA0004E494E495449414C495A45440057455332
:10ABB000545F544F504449522F6D6F64756C6573E8
:10ABC0002F68616C2F6E6F726469632F6E72667886
:10ABD0002F68616C2F6E72665F7272616D632E6892
:10ABE00000705F636F6E6669672D3E77726974658A
:10ABF0005F627566665F73697A65203C3D20283028
:10AC0000783230554C2900574553545F544F5044C7
:10AC100049522F6D6F64756C65732F68616C2F6E70
:10AC20006F726469632F6E7266782F6472697665DD
:10AC300072732F7372632F6E7266785F73616164D3
:10AC4000632E630063685F746F5F6163746976612C
:10AC500074655F6D61736B0063685F746F5F6163E0
:10AC60007469766174655F6D61736B203C20283177
:10AC7000203C3C202838554C292900705F636861CE
:10AC80006E6E656C2D3E70696E5F7020213D2028D0
:10AC9000286E72665F73616164635F696E7075745C
:10ACA0005F74292830786666666666666666554C07
:10ACB000292900574553545F544F504449522F6D32
:10ACC0006F64756C65732F68616C2F6E6F72646949
:10ACD000632F6E7266782F68616C2F6E72665F7379
:10ACE000616164632E6800636F6E6669672D3E6103
:10ACF00063715F74696D65203C3D20283078313385
:10AD000046554C2900636F6E6669672D3E636F6E12
:10AD1000765F74696D65203C3D2028307837554C4E
:10AD200029006D5F63622E73616164635F73746198
:10AD3000746520213D204E52465F53414144435F9C
:10AD400053544154455F554E494E495449414C492D
:10AD50005A454400705F6368616E6E656C73006392
:10AD600068616E6E656C5F636F756E74203C3D202C
:10AD70002838554C2900286363203E3D2028307830
:10AD8000303038554C292920262620286363203C62
:10AD90003D20283078374646554C2929006D5F63A1
:10ADA000622E73616164635F737461746520213D19
:10ADB000204E52465F53414144435F5354415445F2
:10ADC0005F49444C4500574553545F544F504449E4
:10ADD000522F6D6F64756C65732F68616C2F6E6F89
:10ADE000726469632F6E7266782F68616C2F6E7261
:10ADF000665F7370696D2E68007072657363616C55
:10AE00006572203E3D20282028705F726567203DD6
:10AE10003D2028284E52465F5350494D5F5479706B
:10AE2000652A292030783530303441303030554C67
:10AE30002929203F20283429203A20283078303210
:10AE4000554C2929007072657363616C6572203CF2
:10AE50003D20282028705F726567203D3D2028280E
:10AE60004E52465F5350494D5F547970652A2920F0
:10AE700030783530303441303030554C2929203F3E
:10AE8000202831323629203A202830783745554C51
:10AE90002929002828287072657363616C657229FE
:10AEA0002025203229203D3D20302900574553548C
:10AEB0005F544F504449522F6D6F64756C65732F0A
:10AEC00068616C2F6E6F726469632F6E7266782F83
:10AED000647269766572732F7372632F6E7266780F
:10AEE0005F7370696D2E6300705F786665725F6472
:10AEF0006573632D3E705F74785F62756666657218
:10AF000020213D202828766F6964202A29302920B5
:10AF10007C7C20705F786665725F646573632D3E2C
:10AF200074785F6C656E677468203D3D20300070FA
:10AF30005F786665725F646573632D3E705F7278DB
:10AF40005F62756666657220213D202828766F69EC
:10AF500064202A293029207C7C20705F7866657205
:10AF60005F646573632D3E72785F6C656E677468AD
:10AF7000203D3D2030002828705F786665725F6450
:10AF80006573632D3E72785F6C656E677468203CF4
:10AF9000202831554C203C3C202865617379646D34
:10AFA000615F737570706F72745F626974735B70E8
:10AFB0005F696E7374616E63652D3E6472765F695E
:10AFC0006E73745F6964785D2929292026262028FC
:10AFD000705F786665725F646573632D3E74785F39
:10AFE0006C656E677468203C202831554C203C3CD1
:10AFF000202865617379646D615F737570706F721D
:10B00000745F626974735B705F696E7374616E63A1
:10B01000652D3E6472765F696E73745F6964785DF6
:10B0200029292929002128666C6167732026202898
:10B0300031554C203C3C20332929207C7C20287031
:10B040005F63622D3E73735F70696E203D3D2030FB
:10B050007846464646464646462900705F63622D5E
:10B060003E68616E646C657200574553545F544F7F
:10B07000504449522F7A65706879722F6B65726EF1
:10B08000656C2F6465766963652E63006465762060
:10B090003C3D205F6465766963655F6C6973745FCE
:10B0A000656E640009756E6578706563746564200B
:10B0B0006C69737420656E64206C6F636174696F72
:10B0C0006E0A00574553545F544F504449522F7AEB
:10B0D00065706879722F6B65726E656C2F6661742E
:10B0E000616C2E6300726561736F6E20213D204B91
:10B0F0005F4552525F4B45524E454C5F50414E4961
:10B10000430009417474656D7074656420746F2028
:10B110007265636F7665722066726F6D2061206B59
:10B1200065726E656C2070616E696320636F6E641A
:10B130006974696F6E0A00574553545F544F504409
:10B1400049522F7A65706879722F6B65726E656CE3
:10B150002F696E69742E63007468726561645F6440
:10B16000617461203C3D205F5F7374617469635F4B
:10B170007468726561645F646174615F6C69737443
:10B180005F656E64006D61696E00574553545F548E
:10B190004F504449522F7A65706879722F6B6572EF
:10B1A0006E656C2F6B686561702E63002161726340
:10B1B000685F69735F696E5F6973722829207C7CA0
:10B1C00020282874696D656F7574292E7469636B06
:10B1D00073203D3D202828286B5F74696D656F756D
:10B1E000745F7429207B307D29292E7469636B7309
:10B1F000290068656170203C3D205F6B5F68656178
:10B20000705F6C6973745F656E6400574553545F7B
:10B21000544F504449522F7A65706879722F6B658C
:10B22000726E656C2F69646C652E63005F6B65726E
:10B230006E656C2E637075735B305D2E6375727214
:10B24000656E742D3E626173652E7072696F203E6B
:10B250003D203000574553545F544F504449522FBE
:10B260007A65706879722F6B65726E656C2F6D757B
:10B270007465782E630021617263685F69735F692A
:10B280006E5F697372282900096D7574657865733E
:10B290002063616E6E6F7420626520757365642033
:10B2A000696E7369646520495352730A006D757441
:10B2B00065782D3E6C6F636B5F636F756E74203EB7
:10B2C00020305500574553545F544F504449522F36
:10B2D0007A65706879722F6B65726E656C2F696E16
:10B2E000636C7564652F6B73636865642E680021F9
:10B2F000617263685F6972715F756E6C6F636B65B5
:10B3000064286B657929007468726561642D3E62FA
:10B310006173652E70656E6465645F6F6E0057457E
:10B3200053545F544F504449522F7A657068797274
:10B330002F6B65726E656C2F73656D2E6300282808
:10B34000617263685F69735F696E5F6973722829F0
:10B35000203D3D203029207C7C20282874696D65A3
:10B360006F7574292E7469636B73203D3D20282806
:10B37000286B5F74696D656F75745F7429207B300D
:10B380007D29292E7469636B73292900737973777A
:10B390006F726B7100574553545F544F504449527C
:10B3A0002F7A65706879722F6B65726E656C2F7776
:10B3B0006F726B2E6300776F726B2D3E71756575C2
:10B3C0006520213D202828766F6964202A293029AC
:10B3D00000776F726B2D3E68616E646C6572202120
:10B3E0003D202828766F6964202A293029002166AB
:10B3F0006C61675F74657374282671756575652D5A
:10B400003E666C6167732C204B5F574F524B5F5108
:10B41000554555455F535441525445445F42495444
:10B420002900717565756500737461636B006477DD
:10B430006F726B20213D202828766F6964202A29AD
:10B44000302900574553545F544F504449522F7A86
:10B4500065706879722F6B65726E656C2F74687297
:10B460006561642E6300282828287072696F292975
:10B47000203D3D203135202626207A5F69735F69A3
:10B48000646C655F7468726561645F656E7472791F
:10B490002828656E747279292929207C7C20282827
:10B4A000283135202D203129203E3D2028282D31DE
:10B4B000362929292026262028287072696F2929F3
:10B4C000203E3D2028282D313629292026262028D7
:10B4D000287072696F2929203C3D20283135202DA4
:10B4E00020312929290009696E76616C6964207010
:10B4F00072696F7269747920282564293B20616C18
:10B500006C6F7765642072616E67653A20256420F0
:10B51000746F2025640A00095468726561647320A1
:10B520006D6179206E6F742062652063726561744D
:10B53000656420696E20495352730A00574553547D
:10B540005F544F504449522F7A65706879722F6B5F
:10B5500065726E656C2F73636865642E6300217A73
:10B560005F69735F69646C655F7468726561645F6D
:10B570006F626A6563742874687265616429005734
:10B580004553545F544F504449522F7A657068793F
:10B59000722F6B65726E656C2F696E636C75646576
:10B5A0002F6B7468726561642E68005F6B65726EE4
:10B5B000656C2E637075735B305D2E63757272659A
:10B5C0006E7420213D202828766F6964202A293056
:10B5D000290073697A656F66285F73636865645FC5
:10B5E0007370696E6C6F636B29203D3D2030207C49
:10B5F0007C206C6F636B20213D20265F7363686540
:10B60000645F7370696E6C6F636B005F6B65726E05
:10B61000656C2E637075735B305D2E637572726539
:10B620006E742D3E626173652E73636865645F6C32
:10B630006F636B656420213D203155005F6B65723F
:10B640006E656C2E637075735B305D2E6375727200
:10B65000656E742D3E626173652E73636865645F09
:10B660006C6F636B656420213D203055002174654B
:10B67000726D696E617465000961626F72746564F0
:10B68000205F63757272656E74206261636B206601
:10B69000726F6D20646561640A0021657373656E65
:10B6A0007469616C000961626F727465642065730E
:10B6B00073656E7469616C207468726561642025BD
:10B6C000700A00574553545F544F504449522F7AE3
:10B6D00065706879722F6B65726E656C2F74696D19
:10B6E00065736C6963696E672E6300282874696DE1
:10B6F000656F75742920262620282875696E747058
:10B7000074725F74292028736C6963655F74696D56
:10B71000656F7574732929203C3D20282875696E52
:10B72000747074725F7429202874696D656F757404
:10B73000292920262620282875696E747074725F66
:10B740007429202874696D656F75742929203C203F
:10B75000282875696E747074725F742920282628F1
:10B76000736C6963655F74696D656F757473295B6C
:10B77000282873697A655F742920282828696E74DF
:10B78000292073697A656F6628636861725B31206E
:10B790002D2032202A202128215F5F6275696C7478
:10B7A000696E5F74797065735F636F6D70617469E2
:10B7B000626C655F70285F5F747970656F665F5F4C
:10B7C00028736C6963655F74696D656F757473293F
:10B7D0002C205F5F747970656F665F5F2826287321
:10B7E0006C6963655F74696D656F757473295B302F
:10B7F0005D2929295D29202D203129202B2028731E
:10B80000697A656F6628736C6963655F74696D65D5
:10B810006F75747329202F2073697A656F662828E5
:10B82000736C6963655F74696D656F757473295BAB
:10B83000305D292929295D29292026262028282824
:10B8400075696E747074725F7429202874696D65EF
:10B850006F75742929202D20282875696E747074DD
:10B86000725F74292028736C6963655F74696D6504
:10B870006F75747329292920252073697A656F668D
:10B880002828736C6963655F74696D656F7574737F
:10B89000295B305D29203D3D203029005745535418
:10B8A0005F544F504449522F7A65706879722F6BFC
:10B8B00065726E656C2F74696D656F75742E6300AB
:10B8C000217379735F646E6F64655F69735F6C6920
:10B8D0006E6B65642826746F2D3E6E6F646529005B
:10B8E000574553545F544F504449522F7A657068FE
:10B8F00079722F6B65726E656C2F706F6C6C2E6336
:10B900000009696E76616C6964206576656E7420E5
:10B9100074797065202830782578290A0A006576C0
:10B92000656E742D3E73656D20213D202828766F4D
:10B930006964202A2930290009696E76616C69647E
:10B940002073656D6170686F72650A0A00657665BF
:10B950006E742D3E717565756520213D2028287611
:10B960006F6964202A2930290009696E76616C6943
:10B97000642071756575650A0A006576656E742DBB
:10B980003E7369676E616C20213D202828766F69BF
:10B9900064202A2930290009696E76616C69642067
:10B9A000706F6C6C207369676E616C0A0A00657653
:10B9B000656E742D3E6D73677120213D20282876B9
:10B9C0006F6964202A2930290009696E76616C69E3
:10B9D00064206D6573736167652071756575650AAF
:10B9E0000A006576656E742D3E7069706520213D94
:10B9F000202828766F6964202A2930290009696E79
:10BA000076616C696420706970650A0A0009696E64
:10BA100076616C6964206576656E742074797065F2
:10BA20000A0A00574553545F544F504449522F7AE5
:10BA300065706879722F6B65726E656C2F6D656DC0
:10BA4000706F6F6C2E630028616C69676E20262012
:10BA500028616C69676E202D20312929203D3D2009
:10BA6000300009616C69676E206D757374206265C2
:10BA7000206120706F776572206F6620320A006146
:10BA80006C69676E203D3D2030207C7C2028287525
:10BA9000696E747074725F74296D656D202620283C
:10BAA000616C69676E202D20312929203D3D2030B1
:10BAB00000096D6973616C69676E6564206D656D01
:10BAC0006F72792061742025702028616C69676E1F
:10BAD000203D20257A75290A00574553545F544F5D
:10BAE000504449522F6E72662F7375627379732FAB
:10BAF0006E72665F73656375726974792F737263B2
:10BB00002F647269766572732F63726163656E2F3D
:10BB100063726163656E7073612F7372632F6C69FA
:10BB2000625F6B6D752E63002828282875696E7416
:10BB30007074725F74296B6D755F7372632D3E64F0
:10BB400065737429202520313629203D3D20302978
:10BB5000000944455354206D6973616C69676E65D3
:10BB6000640A00574553545F544F504449522F6E56
:10BB700072662F7375627379732F6E72665F736569
:10BB80006375726974792F7372632F647269766555
:10BB900072732F63726163656E2F737873796D634F
:10BBA000727970742F7372632F706C6174666F7228
:10BBB0006D2F626172656D6574616C2F696E74655D
:10BBC0007272757074732E630009556E68616E64CD
:10BBD0006C656420696E746572727570742E200ACB
:10BBE00000574553545F544F504449522F6E72666C
:10BBF0002F7375627379732F6E72665F73656375E9
:10BC0000726974792F7372632F7574696C732F6EF8
:10BC100072665F73656375726974795F6D7574655B
:10BC20007865732E6300574553545F544F50444911
:10BC3000522F7A65706879722F6B65726E656C2F02
:10BC40006576656E74732E63002C2066756E637462
:10BC5000696F6E3A2000617373657274696F6E204C
:10BC600022257322206661696C65643A2066696CDE
:10BC70006520222573222C206C696E6520256425A1
:10BC80007325730A00002020202020202020202857
:10BC90002828282820202020202020202020202084
:10BCA00020202020202088101010101010101010BC
:10BCB00010101010101004040404040404040404FC
:10BCC000101010101010104141414141410101017B
:10BCD0000101010101010101010101010101010154
:10BCE0000110101010101042424242424202020261
:10BCF0000202020202020202020202020202020224
:10BD000002101010102000000000000000000000D1
:10BD10000000000000000000000000000000000023
:10BD20000000000000000000000000000000000013
:10BD30000000000000000000000000000000000003
:10BD400000000000000000000000000000000000F3
:10BD500000000000000000000000000000000000E3
:10BD600000000000000000000000000000000000D3
:10BD700000000000000000000000000000000000C3
:10BD8000000000000000232D302B2000686C4C00C8
:10BD900065666745464700494E4600696E66004E37
:10BDA000414E006E616E00303132333435363738F3
:10BDB0003941424344454600303132333435363719
:10BDC000383961626364656600496E66696E6974DC
:10BDD00079004E614E005245454E54206D616C6CA9
:10BDE0006F6320737563636565646564002F5F5FCF
:10BDF000772F5F74656D702F776F726B73706163EF
:10BE0000652F6275696C642F2E6275696C642F48AA
:10BE10004F53542D7838365F36342D7736342D6DA8
:10BE2000696E677733322F61726D2D7A657068792C
:10BE3000722D656162692F7372632F6E65776C690D
:10BE4000622D6E616E6F2F6E65776C69622F6C6903
:10BE500062632F7374646C69622F64746F612E6304
:10BE60000042616C6C6F6320737563636565646524
:10BE70006400504F534958002E002F5F5F772F5FAB
:10BE800074656D702F776F726B73706163652F626D
:10BE900075696C642F2E6275696C642F484F53541A
:10BEA0002D7838365F36342D7736342D6D696E67D0
:10BEB0007733322F61726D2D7A65706879722D65D6
:10BEC0006162692F7372632F6E65776C69622D6E84
:10BED000616E6F2F6E65776C69622F6C6962632F7C
:10BEE0007374646C69622F6D707265632E63006495
:10BEF0007261676F6F6E2F6C6962732F7363686511
:10BF000064756C696E672F7372632F72656D5F68FD
:10BF1000616C5F6576656E745F74696D65725F678D
:10BF20007274632E63000000FFFFFFFFFF1F00001D
:10BF30001F000000000000005D4000000000000045
:10BF4000FFFFFFFF1FFF0000BAABBABA10101010BE
:10BF50000100000000000000005008500000000038
:10BF6000000000000C00000000FF7F000000000047
:10BF70000000000000000000CDDF00000000000015
:10BF800095430100000000000000000000000000D8
:10BF900000000000B0000020F34A0100F94A01004F
:10BFA000FB4A0100214B0100FF4A01002F4B010019
:10BFB000054B01003B4B01000B4B0100414B0100C5
:10BFC000174B01001B4B01000D4B0100134B0100EF
:10BFD0002B4B0100354B0100000000000000000069
:10BFE0000000000000000000000000000000000051
:10BFF0000000000000000000000000000000000041
:10C000000000000000000000000000000000000030
:10C010000000000000000000000000000000000020
:10C020000000000000000000000000000000000010
:10C030000000000000000000000000000000000000
:10C0400000000000000000000000000000000000F0
:10C0500000000000000000000000000000000000E0
:10C0600000000000000000000000000000000000D0
:10C0700000000000000000000000000000000000C0
:10C0800000000000000000000000000000000000B0
:10C0900000000000000000000000000000000000A0
:10C0A000D996010000000000000000000000000020
:10C0B0000000000000000000000000000000000080
:10C0C0000000000000000000000000000000000070
:10C0D0000000000000000000000000000000000060
:10C0E0000000000000000000000000000000000050
:10C0F0000000000000000000000000000000000040
:10C10000000000000000000000000000000000002F
:10C11000987B0200000000000000000034020020B4
:10C120003402002000000000010000004402002052
:10C13000440200204C0200204C02002000000000BD
:10C14000010000005C0200205C02002000000000F2
:10C1500000000000000000000000000000000000DF
:10C1600000000000000000000000000000000000CF
:10C1700000000000000000000000000000000000BF
:10C1800000000000000000000000000000000000AF
:10C19000000000000000000000000000000000009F
:10C1A000000000000000000000000000000000008F
:10C1B000000000000000000000000000000000007F
:10C1C000000000000000000000000000000000006F
:10C1D00000000000296301000000000000010000D1
:10C1E000000000000000000000000000000000004F
:10C1F000000000000000000000000000000000003F
:10C2000000000000670000000000000000000000C7
:10C21000000000000000000000000000000000001E
:10C22000000000000000000000000000000000000E
:10C2300000000000000000000000000000000000FE
:10C2400000000000000000000000000000000000EE
:10C2500000000000000000000000000000000000DE
:10C2600000000000000000000000000000000000CE
:10C2700000000000000000000000000000000000BE
:10C2800000000000000000000000000000000000AE
:10C29000F87A020009000000E7550200FC8902005C
:10C2A000175902001B59020000000000275A020023
:10C2B000000000000000000000000000000000007E
:10C2C000488D020001000000E0030020E003002090
:10C2D0000000000001000000F0030020F003002037
:10C2E000F8030020F8030020000000000100000017
:10C2F00008040020080400200000000000000000E6
:10C30000000000000000000000000000000000002D
:10C31000000000000000000000000000187C020087
:10C3200000000000000000004826002040260020F9
:10C3300059B7010000000000FF0000000090D0038A
:10C34000FF0000000F0000007102000064040020E4
:10C3500064040020956E020083720200677420005E
:10C36000D4060020FC060020E80600205C07002020
:10C370004C070020CD710200D1710200980400200A
:10C3800000000000588E0200388E0200188E020055
:10C39000000000000000000000000000000000009D
:10C3A000000000000000000000000000000000008D
:10C3B000000000000000000000000000000000007D
:10C3C000000000000000000000000000000000006D
:10C3D000000000000000000000000000000000005D
:10C3E000430000000000000000000000000000000A
:10C3F000000000000000000000000000000000003D
:10C4000043000000000000000000000000000000E9
:10C41000000000000000000000000000000000001C
:10C4200043000000000000000000000000000000C9
:10C4300000000000000000000000000000000000FC
:10C4400043000000000000000000000000000000A9
:10C4500000000000000000000000000000000000DC
:10C460004300000000000000000000000000000089
:10C4700000000000000000000000000000000000BC
:10C480004300000000000000000000000000000069
:10C49000000000000000000000000000000000009C
:10C4A0004300000000000000000000000000000049
:10C4B000000000000000000000000000000000007C
:10C4C000AD7902007D7802000000000085BC02000A
:10C4D00078BE0200029C0200029C0200029C020044
:10C4E000029C0200029C0200029C0200029C0200CC
:10C4F000029C0200029C0200FFFFFFFFFFFFFFFF04
:10C50000FFFFFFFFFFFF00000100415343494900C7
:10C51000000000000000000000000000000000001B
:10C5200000000000000000000000415343494900A2
:10C5300000000000000000000000000000000000FB
:10C5400000000000000000000000000000000000EB
:10C5500000000000000000000000000000000000DB
:10C56000000000000000000000000000287800200B
:10C5700000100000000000000000000000000000AB
:10C58000980600209806002000000000000000002F
:10C590000E000000AC060020AC06002000000000E9
:10C5A000000000000E000000C0060020C0060020B1
:10C5B00000000000000000000E000000D406002073
:10C5C000D406002000000000000000000E00000063
:10C5D000E8060020E806002000000000000000003F
:10C5E0000E000000FC060020FC06002000000000F9
:10C5F000000000000E0000001007002010070020BF
:10C6000000000000000000000E00000024070020D1
:10C610002407002000000000000000000E000000C1
:10C62000380700203807002000000000000000004C
:10C630000E0000004C0700204C0700200000000006
:10C64000000000005C0700205C07002000000000E4
:10C6500000000000000000000000000000000000DA
:10C66000780700207807002080070020800700203E
:10C6700000000000030003000000000000000000B4
:10C68000BC8A0200948C0020000000000000000022
:10C6900000000000AC070020AC070020B407002019
:10C6A000B4070020000000000100010000000000AD
:10C6B00000000000DC8A0200408E00200000000024
:10C6C0000000000000000000E0070020E00700205C
:10C6D000E8070020E8070020000000000A000A0028
:10C6E00004000000418F0100AC8A0200F08A0020A3
:10C6F00000000000000000000000000014080020FE
:10C70000140800201C0800201C0800200000000065
:10C71000010001000000000000000000CC8A0200BF
:10C72000E08D002015E015E00769D50012004000FB
:10C73000FF40BD2EE8E6701ACA057F10EE637EB397
:10C74000056D4B1C627078EFB3D3FD0A05F493C4FA
:10C75000DD66E72F542C4A7C7E3BC06B793766043C
:10C760000494CB64CE47D4AF11145E2D1D19835CA5
:10C77000250001000101004000E3E129B49F1218E7
:10C78000E18E4614ACB2523389C75852EBB98B4D87
:10C790002C6171A2FC65706BA3D1DDF85F52E714C8
:10C7A00050C3E572E624695FAFD41CE4D9354D6C03
:10C7B0002B19F7D6001A6AE8B024004000EA98F86E
:10C7C000279CE2AC5F76565C509C2EEBE84F7CCB0E
:10C7D000F85AB9BCD37D1E072B220085BF18EE3353
:10C7E000674B5954C10DB7E9C674C77A1477ABB318
:0DC7F000ABA3FBAE689F54F1BA2B93530727
:00000001FF
